machine_id,timestamp_start,timestamp_end,state,stop_cause,shift,recipe,speed_target,speed_actual,duration_seconds,good_count,reject_count,planned
M01,2026-06-23 00:00:00,2026-06-23 00:08:37,Stopped,Starvation,C,Lampone Zero 560ml,2200,0,517,0,0,False
M01,2026-06-23 00:08:37,2026-06-23 01:02:38,Running,,C,Lampone Zero 560ml,2200,2017,3241,1816,7,False
M01,2026-06-23 01:02:38,2026-06-23 01:36:41,Running,,C,Lampone Zero 560ml,2200,2043,2043,1159,4,False
M01,2026-06-23 01:36:41,2026-06-23 01:58:42,Running,,C,Lampone Zero 560ml,2200,2086,1321,765,3,False
M01,2026-06-23 01:58:42,2026-06-23 02:04:50,Stopped,Fault,C,Lampone Zero 560ml,2200,0,368,0,0,False
M01,2026-06-23 02:04:50,2026-06-23 02:07:32,Stopped,Supplies,C,Lampone Zero 560ml,2200,0,162,0,0,False
M01,2026-06-23 02:07:32,2026-06-23 03:02:07,Running,,C,Lampone Zero 560ml,2200,2030,3275,1847,5,False
M01,2026-06-23 03:02:07,2026-06-23 04:00:24,Running,,C,Lampone Zero 560ml,2200,2071,3497,2012,6,False
M01,2026-06-23 04:00:24,2026-06-23 04:33:17,Running,,C,Lampone Zero 560ml,2200,2044,1973,1120,3,False
M01,2026-06-23 04:33:17,2026-06-23 04:53:49,Running,,C,Lampone Zero 560ml,2200,2063,1232,706,2,False
M01,2026-06-23 04:53:49,2026-06-23 05:41:37,Running,,C,Lampone Zero 560ml,2200,2060,2868,1641,6,False
M01,2026-06-23 05:41:37,2026-06-23 06:00:00,Running,,C,Lampone Zero 560ml,2200,2069,1103,634,2,False
M01,2026-06-23 06:00:00,2026-06-23 06:48:24,Running,,A,Lampone Zero 560ml,2200,2038,2904,1644,5,False
M01,2026-06-23 06:48:24,2026-06-23 07:33:36,Running,,A,Lampone Zero 560ml,2200,2064,2712,1555,5,False
M01,2026-06-23 07:33:36,2026-06-23 08:22:49,Running,,A,Lampone Zero 560ml,2200,2037,2953,1671,6,False
M01,2026-06-23 08:22:49,2026-06-23 09:00:38,Running,,A,Lampone Zero 560ml,2200,2071,2269,1305,4,False
M01,2026-06-23 09:00:38,2026-06-23 09:14:02,Stopped,Buildup,A,Lampone Zero 560ml,2200,0,804,0,0,False
M01,2026-06-23 09:14:02,2026-06-23 09:40:42,Running,,A,Lampone Zero 560ml,2200,2065,1600,918,3,False
M01,2026-06-23 09:40:42,2026-06-23 10:09:17,Running,,A,Lampone Zero 560ml,2200,2056,1715,979,4,False
M01,2026-06-23 10:09:17,2026-06-23 10:48:13,Running,,A,Lampone Zero 560ml,2200,2060,2336,1337,5,False
M01,2026-06-23 10:48:13,2026-06-23 10:54:32,Stopped,External,A,Lampone Zero 560ml,2200,0,379,0,0,False
M01,2026-06-23 10:54:32,2026-06-23 10:56:44,Stopped,Supplies,A,Lampone Zero 560ml,2200,0,132,0,0,False
M01,2026-06-23 10:56:44,2026-06-23 11:56:02,Running,,A,Lampone Zero 560ml,2200,2032,3558,2008,7,False
M01,2026-06-23 11:56:02,2026-06-23 12:23:13,Running,,A,Lampone Zero 560ml,2200,2060,1631,933,3,False
M01,2026-06-23 12:23:13,2026-06-23 13:17:23,Running,,A,Lampone Zero 560ml,2200,2020,3250,1824,8,False
M01,2026-06-23 13:17:23,2026-06-23 13:30:21,Stopped,Starvation,A,Lampone Zero 560ml,2200,0,778,0,0,False
M01,2026-06-23 13:30:21,2026-06-23 13:36:52,Idle,,A,Lampone Zero 560ml,2200,0,391,0,0,False
M01,2026-06-23 13:36:52,2026-06-23 13:57:10,Running,,A,Lampone Zero 560ml,2200,2032,1218,687,3,False
M01,2026-06-23 13:57:10,2026-06-23 14:00:00,Idle,,A,Lampone Zero 560ml,2200,0,170,0,0,False
M01,2026-06-23 14:00:00,2026-06-23 14:26:30,Stopped,Changeover,B,Arancia Rossa 500ml,2400,0,1590,0,0,True
M01,2026-06-23 14:26:30,2026-06-23 15:02:50,Running,,B,Arancia Rossa 500ml,2400,2191,2180,1327,5,False
M01,2026-06-23 15:02:50,2026-06-23 15:36:59,Running,,B,Arancia Rossa 500ml,2400,2218,2049,1262,4,False
M01,2026-06-23 15:36:59,2026-06-23 16:01:15,Running,,B,Arancia Rossa 500ml,2400,2225,1456,900,3,False
M01,2026-06-23 16:01:15,2026-06-23 16:33:32,Running,,B,Arancia Rossa 500ml,2400,2204,1937,1186,4,False
M01,2026-06-23 16:33:32,2026-06-23 17:06:08,Running,,B,Arancia Rossa 500ml,2400,2235,1956,1214,5,False
M01,2026-06-23 17:06:08,2026-06-23 17:08:58,Stopped,Starvation,B,Arancia Rossa 500ml,2400,0,170,0,0,False
M01,2026-06-23 17:08:58,2026-06-23 17:38:56,Running,,B,Arancia Rossa 500ml,2400,2199,1798,1098,4,False
M01,2026-06-23 17:38:56,2026-06-23 18:23:31,Running,,B,Arancia Rossa 500ml,2400,2233,2675,1659,5,False
M01,2026-06-23 18:23:31,2026-06-23 19:00:42,Running,,B,Arancia Rossa 500ml,2400,2275,2231,1410,4,False
M01,2026-06-23 19:00:42,2026-06-23 19:25:40,Running,,B,Arancia Rossa 500ml,2400,2224,1498,925,4,False
M01,2026-06-23 19:25:40,2026-06-23 19:31:35,Stopped,Buildup,B,Arancia Rossa 500ml,2400,0,355,0,0,False
M01,2026-06-23 19:31:35,2026-06-23 20:14:27,Running,,B,Arancia Rossa 500ml,2400,2255,2572,1611,5,False
M01,2026-06-23 20:14:27,2026-06-23 21:10:32,Running,,B,Arancia Rossa 500ml,2400,2213,3365,2069,8,False
M01,2026-06-23 21:10:32,2026-06-23 21:34:08,Running,,B,Arancia Rossa 500ml,2400,2252,1416,886,3,False
M01,2026-06-23 21:34:08,2026-06-23 21:37:53,Stopped,Starvation,B,Arancia Rossa 500ml,2400,0,225,0,0,False
M01,2026-06-23 21:37:53,2026-06-23 21:59:45,Running,,B,Arancia Rossa 500ml,2400,2269,1312,827,3,False
M01,2026-06-23 21:59:45,2026-06-23 22:00:00,Idle,,B,Arancia Rossa 500ml,2400,0,15,0,0,False
M01,2026-06-23 22:00:00,2026-06-23 22:53:21,Running,,C,Arancia Rossa 500ml,2400,2216,3201,1970,6,False
M01,2026-06-23 22:53:21,2026-06-23 23:19:00,Running,,C,Arancia Rossa 500ml,2400,2197,1539,939,3,False
M01,2026-06-23 23:19:00,2026-06-23 23:29:42,Stopped,External,C,Arancia Rossa 500ml,2400,0,642,0,0,False
M01,2026-06-23 23:29:42,2026-06-23 23:40:49,Stopped,External,C,Arancia Rossa 500ml,2400,0,667,0,0,False
M01,2026-06-23 23:40:49,2026-06-24 00:00:00,Running,,C,Arancia Rossa 500ml,2400,2261,1151,723,3,False
M01,2026-06-24 00:00:00,2026-06-24 00:56:27,Running,,C,Arancia Rossa 500ml,2400,2203,3387,2073,8,False
M01,2026-06-24 00:56:27,2026-06-24 01:50:43,Running,,C,Arancia Rossa 500ml,2400,2218,3256,2006,6,False
M01,2026-06-24 01:50:43,2026-06-24 02:32:57,Running,,C,Arancia Rossa 500ml,2400,2241,2534,1577,6,False
M01,2026-06-24 02:32:57,2026-06-24 03:22:36,Running,,C,Arancia Rossa 500ml,2400,2210,2979,1829,5,False
M01,2026-06-24 03:22:36,2026-06-24 04:05:28,Running,,C,Arancia Rossa 500ml,2400,2220,2572,1586,7,False
M01,2026-06-24 04:05:28,2026-06-24 04:10:59,Stopped,External,C,Arancia Rossa 500ml,2400,0,331,0,0,False
M01,2026-06-24 04:10:59,2026-06-24 04:32:29,Running,,C,Arancia Rossa 500ml,2400,2222,1290,796,3,False
M01,2026-06-24 04:32:29,2026-06-24 04:44:38,Stopped,Starvation,C,Arancia Rossa 500ml,2400,0,729,0,0,False
M01,2026-06-24 04:44:38,2026-06-24 05:09:17,Running,,C,Arancia Rossa 500ml,2400,2284,1479,938,4,False
M01,2026-06-24 05:09:17,2026-06-24 05:46:24,Running,,C,Arancia Rossa 500ml,2400,2245,2227,1389,6,False
M01,2026-06-24 05:46:24,2026-06-24 06:00:00,Running,,C,Arancia Rossa 500ml,2400,2225,816,504,1,False
M01,2026-06-24 06:00:00,2026-06-24 06:14:06,Stopped,Starvation,A,Arancia Rossa 500ml,2400,0,846,0,0,False
M01,2026-06-24 06:14:06,2026-06-24 06:51:45,Running,,A,Arancia Rossa 500ml,2400,2239,2259,1405,6,False
M01,2026-06-24 06:51:45,2026-06-24 07:01:43,Stopped,Buildup,A,Arancia Rossa 500ml,2400,0,598,0,0,False
M01,2026-06-24 07:01:43,2026-06-24 07:42:23,Running,,A,Arancia Rossa 500ml,2400,2261,2440,1532,6,False
M01,2026-06-24 07:42:23,2026-06-24 07:54:50,Stopped,External,A,Arancia Rossa 500ml,2400,0,747,0,0,False
M01,2026-06-24 07:54:50,2026-06-24 08:31:44,Running,,A,Arancia Rossa 500ml,2400,2222,2214,1367,4,False
M01,2026-06-24 08:31:44,2026-06-24 08:34:26,Stopped,Starvation,A,Arancia Rossa 500ml,2400,0,162,0,0,False
M01,2026-06-24 08:34:26,2026-06-24 09:19:56,Running,,A,Arancia Rossa 500ml,2400,2254,2730,1709,6,False
M01,2026-06-24 09:19:56,2026-06-24 09:51:17,Running,,A,Arancia Rossa 500ml,2400,2267,1881,1185,4,False
M01,2026-06-24 09:51:17,2026-06-24 10:36:58,Running,,A,Arancia Rossa 500ml,2400,2275,2741,1732,6,False
M01,2026-06-24 10:36:58,2026-06-24 10:51:03,Stopped,Fault,A,Arancia Rossa 500ml,2400,0,845,0,0,False
M01,2026-06-24 10:51:03,2026-06-24 11:11:05,Running,,A,Arancia Rossa 500ml,2400,2267,1202,757,3,False
M01,2026-06-24 11:11:05,2026-06-24 11:41:05,Running,,A,Arancia Rossa 500ml,2400,2267,1800,1134,3,False
M01,2026-06-24 11:41:05,2026-06-24 11:52:04,Stopped,Operator,A,Arancia Rossa 500ml,2400,0,659,0,0,False
M01,2026-06-24 11:52:04,2026-06-24 12:05:15,Stopped,Fault,A,Arancia Rossa 500ml,2400,0,791,0,0,False
M01,2026-06-24 12:05:15,2026-06-24 12:41:48,Running,,A,Arancia Rossa 500ml,2400,2224,2193,1355,4,False
M01,2026-06-24 12:41:48,2026-06-24 13:10:27,Running,,A,Arancia Rossa 500ml,2400,2254,1719,1076,4,False
M01,2026-06-24 13:10:27,2026-06-24 13:14:17,Stopped,Buildup,A,Arancia Rossa 500ml,2400,0,230,0,0,False
M01,2026-06-24 13:14:17,2026-06-24 13:40:32,Running,,A,Arancia Rossa 500ml,2400,2256,1575,987,4,False
M01,2026-06-24 13:40:32,2026-06-24 14:00:00,Running,,A,Arancia Rossa 500ml,2400,2217,1168,719,3,False
M01,2026-06-24 14:00:00,2026-06-24 14:18:44,Stopped,Changeover,B,Lampone Zero 560ml,2200,0,1124,0,0,True
M01,2026-06-24 14:18:44,2026-06-24 14:39:54,Running,,B,Lampone Zero 560ml,2200,2097,1270,740,3,False
M01,2026-06-24 14:39:54,2026-06-24 14:54:19,Stopped,Starvation,B,Lampone Zero 560ml,2200,0,865,0,0,False
M01,2026-06-24 14:54:19,2026-06-24 15:15:13,Running,,B,Lampone Zero 560ml,2200,2097,1254,730,3,False
M01,2026-06-24 15:15:13,2026-06-24 16:03:04,Running,,B,Lampone Zero 560ml,2200,2048,2871,1633,6,False
M01,2026-06-24 16:03:04,2026-06-24 16:40:28,Running,,B,Lampone Zero 560ml,2200,2067,2244,1288,5,False
M01,2026-06-24 16:40:28,2026-06-24 17:29:47,Running,,B,Lampone Zero 560ml,2200,2022,2959,1662,5,False
M01,2026-06-24 17:29:47,2026-06-24 18:14:51,Running,,B,Lampone Zero 560ml,2200,2018,2704,1516,4,False
M01,2026-06-24 18:14:51,2026-06-24 18:49:16,Running,,B,Lampone Zero 560ml,2200,2047,2065,1174,4,False
M01,2026-06-24 18:49:16,2026-06-24 19:16:34,Running,,B,Lampone Zero 560ml,2200,2067,1638,940,4,False
M01,2026-06-24 19:16:34,2026-06-24 19:19:36,Stopped,Starvation,B,Lampone Zero 560ml,2200,0,182,0,0,False
M01,2026-06-24 19:19:36,2026-06-24 19:49:19,Running,,B,Lampone Zero 560ml,2200,2073,1783,1027,3,False
M01,2026-06-24 19:49:19,2026-06-24 20:22:45,Running,,B,Lampone Zero 560ml,2200,2029,2006,1131,4,False
M01,2026-06-24 20:22:45,2026-06-24 20:37:06,Idle,,B,Lampone Zero 560ml,2200,0,861,0,0,False
M01,2026-06-24 20:37:06,2026-06-24 21:30:39,Running,,B,Lampone Zero 560ml,2200,2076,3213,1853,7,False
M01,2026-06-24 21:30:39,2026-06-24 21:55:32,Running,,B,Lampone Zero 560ml,2200,2092,1493,868,3,False
M01,2026-06-24 21:55:32,2026-06-24 22:00:00,Idle,,B,Lampone Zero 560ml,2200,0,268,0,0,False
M01,2026-06-24 22:00:00,2026-06-24 22:49:57,Running,,C,Lampone Zero 560ml,2200,2050,2997,1707,7,False
M01,2026-06-24 22:49:57,2026-06-24 23:15:46,Running,,C,Lampone Zero 560ml,2200,2069,1549,890,4,False
M01,2026-06-24 23:15:46,2026-06-24 23:38:53,Running,,C,Lampone Zero 560ml,2200,2037,1387,785,2,False
M01,2026-06-24 23:38:53,2026-06-24 23:59:01,Running,,C,Lampone Zero 560ml,2200,2084,1208,699,2,False
M01,2026-06-24 23:59:01,2026-06-25 00:00:00,Idle,,C,Lampone Zero 560ml,2200,0,59,0,0,False
M01,2026-06-25 00:00:00,2026-06-25 00:44:29,Running,,C,Lampone Zero 560ml,2200,2035,2669,1509,5,False
M01,2026-06-25 00:44:29,2026-06-25 01:36:24,Running,,C,Lampone Zero 560ml,2200,2042,3115,1767,6,False
M01,2026-06-25 01:36:24,2026-06-25 02:30:26,Running,,C,Lampone Zero 560ml,2200,2066,3242,1861,7,False
M01,2026-06-25 02:30:26,2026-06-25 02:47:55,Idle,,C,Lampone Zero 560ml,2200,0,1049,0,0,False
M01,2026-06-25 02:47:55,2026-06-25 02:55:15,Stopped,External,C,Lampone Zero 560ml,2200,0,440,0,0,False
M01,2026-06-25 02:55:15,2026-06-25 03:04:54,Stopped,Starvation,C,Lampone Zero 560ml,2200,0,579,0,0,False
M01,2026-06-25 03:04:54,2026-06-25 03:27:27,Running,,C,Lampone Zero 560ml,2200,2076,1353,780,2,False
M01,2026-06-25 03:27:27,2026-06-25 04:01:25,Running,,C,Lampone Zero 560ml,2200,2062,2038,1167,4,False
M01,2026-06-25 04:01:25,2026-06-25 04:31:42,Running,,C,Lampone Zero 560ml,2200,2085,1817,1052,3,False
M01,2026-06-25 04:31:42,2026-06-25 04:47:40,Idle,,C,Lampone Zero 560ml,2200,0,958,0,0,False
M01,2026-06-25 04:47:40,2026-06-25 04:50:33,Stopped,Starvation,C,Lampone Zero 560ml,2200,0,173,0,0,False
M01,2026-06-25 04:50:33,2026-06-25 04:57:32,Idle,,C,Lampone Zero 560ml,2200,0,419,0,0,False
M01,2026-06-25 04:57:32,2026-06-25 05:12:34,Idle,,C,Lampone Zero 560ml,2200,0,902,0,0,False
M01,2026-06-25 05:12:34,2026-06-25 05:45:31,Running,,C,Lampone Zero 560ml,2200,2065,1977,1134,4,False
M01,2026-06-25 05:45:31,2026-06-25 05:49:26,Stopped,External,C,Lampone Zero 560ml,2200,0,235,0,0,False
M01,2026-06-25 05:49:26,2026-06-25 06:00:00,Running,,C,Lampone Zero 560ml,2200,2040,634,359,1,False
M01,2026-06-25 06:00:00,2026-06-25 06:02:51,Stopped,Starvation,A,Lampone Zero 560ml,2200,0,171,0,0,False
M01,2026-06-25 06:02:51,2026-06-25 07:02:43,Running,,A,Lampone Zero 560ml,2200,2071,3592,2066,6,False
M01,2026-06-25 07:02:43,2026-06-25 07:38:39,Running,,A,Lampone Zero 560ml,2200,2038,2156,1221,5,False
M01,2026-06-25 07:38:39,2026-06-25 08:15:35,Running,,A,Lampone Zero 560ml,2200,2070,2216,1274,5,False
M01,2026-06-25 08:15:35,2026-06-25 08:44:51,Running,,A,Lampone Zero 560ml,2200,2103,1756,1026,4,False
M01,2026-06-25 08:44:51,2026-06-25 09:38:47,Running,,A,Lampone Zero 560ml,2200,2037,3236,1831,5,False
M01,2026-06-25 09:38:47,2026-06-25 09:46:36,Stopped,Supplies,A,Lampone Zero 560ml,2200,0,469,0,0,False
M01,2026-06-25 09:46:36,2026-06-25 10:28:21,Running,,A,Lampone Zero 560ml,2200,2107,2505,1466,6,False
M01,2026-06-25 10:28:21,2026-06-25 10:54:28,Running,,A,Lampone Zero 560ml,2200,2092,1567,911,4,False
M01,2026-06-25 10:54:28,2026-06-25 11:52:55,Running,,A,Lampone Zero 560ml,2200,2071,3507,2017,8,False
M01,2026-06-25 11:52:55,2026-06-25 12:45:46,Running,,A,Lampone Zero 560ml,2200,2042,3171,1799,6,False
M01,2026-06-25 12:45:46,2026-06-25 13:41:43,Running,,A,Lampone Zero 560ml,2200,2067,3357,1927,6,False
M01,2026-06-25 13:41:43,2026-06-25 14:00:00,Running,,A,Lampone Zero 560ml,2200,2089,1097,637,3,False
M01,2026-06-25 14:00:00,2026-06-25 14:17:24,Stopped,Changeover,B,Arancia Rossa 500ml,2400,0,1044,0,0,True
M01,2026-06-25 14:17:24,2026-06-25 14:33:34,Idle,,B,Arancia Rossa 500ml,2400,0,970,0,0,False
M01,2026-06-25 14:33:34,2026-06-25 14:38:58,Stopped,Starvation,B,Arancia Rossa 500ml,2400,0,324,0,0,False
M01,2026-06-25 14:38:58,2026-06-25 15:33:09,Running,,B,Arancia Rossa 500ml,2400,2262,3251,2043,8,False
M01,2026-06-25 15:33:09,2026-06-25 16:23:15,Running,,B,Arancia Rossa 500ml,2400,2296,3006,1917,6,False
M01,2026-06-25 16:23:15,2026-06-25 17:06:30,Running,,B,Arancia Rossa 500ml,2400,2275,2595,1640,6,False
M01,2026-06-25 17:06:30,2026-06-25 17:27:07,Running,,B,Arancia Rossa 500ml,2400,2294,1237,788,3,False
M01,2026-06-25 17:27:07,2026-06-25 18:21:48,Running,,B,Arancia Rossa 500ml,2400,2292,3281,2089,8,False
M01,2026-06-25 18:21:48,2026-06-25 18:47:19,Running,,B,Arancia Rossa 500ml,2400,2213,1531,941,4,False
M01,2026-06-25 18:47:19,2026-06-25 19:01:04,Stopped,Operator,B,Arancia Rossa 500ml,2400,0,825,0,0,False
M01,2026-06-25 19:01:04,2026-06-25 19:21:13,Running,,B,Arancia Rossa 500ml,2400,2294,1209,770,3,False
M01,2026-06-25 19:21:13,2026-06-25 20:20:49,Running,,B,Arancia Rossa 500ml,2400,2251,3576,2236,9,False
M01,2026-06-25 20:20:49,2026-06-25 20:33:57,Stopped,External,B,Arancia Rossa 500ml,2400,0,788,0,0,False
M01,2026-06-25 20:33:57,2026-06-25 21:08:42,Running,,B,Arancia Rossa 500ml,2400,2241,2085,1298,4,False
M01,2026-06-25 21:08:42,2026-06-25 21:31:37,Running,,B,Arancia Rossa 500ml,2400,2264,1375,865,3,False
M01,2026-06-25 21:31:37,2026-06-25 21:59:59,Running,,B,Arancia Rossa 500ml,2400,2290,1702,1083,5,False
M01,2026-06-25 21:59:59,2026-06-25 22:00:00,Idle,,B,Arancia Rossa 500ml,2400,0,1,0,0,False
M01,2026-06-25 22:00:00,2026-06-25 22:27:46,Running,,C,Arancia Rossa 500ml,2400,2279,1666,1055,4,False
M01,2026-06-25 22:27:46,2026-06-25 23:16:54,Running,,C,Arancia Rossa 500ml,2400,2238,2948,1833,6,False
M01,2026-06-25 23:16:54,2026-06-25 23:51:23,Running,,C,Arancia Rossa 500ml,2400,2215,2069,1273,4,False
M01,2026-06-25 23:51:23,2026-06-26 00:00:00,Running,,C,Arancia Rossa 500ml,2400,2250,517,323,1,False
M01,2026-06-26 00:00:00,2026-06-26 00:19:54,Idle,,C,Arancia Rossa 500ml,2400,0,1194,0,0,False
M01,2026-06-26 00:19:54,2026-06-26 01:14:32,Running,,C,Arancia Rossa 500ml,2400,2305,3278,2099,6,False
M01,2026-06-26 01:14:32,2026-06-26 01:30:09,Idle,,C,Arancia Rossa 500ml,2400,0,937,0,0,False
M01,2026-06-26 01:30:09,2026-06-26 01:43:48,Stopped,Fault,C,Arancia Rossa 500ml,2400,0,819,0,0,False
M01,2026-06-26 01:43:48,2026-06-26 01:49:10,Stopped,Operator,C,Arancia Rossa 500ml,2400,0,322,0,0,False
M01,2026-06-26 01:49:10,2026-06-26 02:38:27,Running,,C,Arancia Rossa 500ml,2400,2249,2957,1847,6,False
M01,2026-06-26 02:38:27,2026-06-26 03:22:31,Running,,C,Arancia Rossa 500ml,2400,2296,2644,1686,5,False
M01,2026-06-26 03:22:31,2026-06-26 03:29:29,Stopped,Starvation,C,Arancia Rossa 500ml,2400,0,418,0,0,False
M01,2026-06-26 03:29:29,2026-06-26 04:18:47,Running,,C,Arancia Rossa 500ml,2400,2221,2958,1825,8,False
M01,2026-06-26 04:18:47,2026-06-26 04:55:38,Running,,C,Arancia Rossa 500ml,2400,2237,2211,1374,5,False
M01,2026-06-26 04:55:38,2026-06-26 05:22:57,Running,,C,Arancia Rossa 500ml,2400,2224,1639,1013,4,False
M01,2026-06-26 05:22:57,2026-06-26 05:25:28,Stopped,Starvation,C,Arancia Rossa 500ml,2400,0,151,0,0,False
M01,2026-06-26 05:25:28,2026-06-26 05:45:50,Running,,C,Arancia Rossa 500ml,2400,2260,1222,767,3,False
M01,2026-06-26 05:45:50,2026-06-26 06:00:00,Running,,C,Arancia Rossa 500ml,2400,2226,850,526,2,False
M01,2026-06-26 06:00:00,2026-06-26 06:51:27,Running,,A,Arancia Rossa 500ml,2400,2299,3087,1971,8,False
M01,2026-06-26 06:51:27,2026-06-26 07:26:22,Running,,A,Arancia Rossa 500ml,2400,2285,2095,1330,4,False
M01,2026-06-26 07:26:22,2026-06-26 07:33:22,Stopped,Supplies,A,Arancia Rossa 500ml,2400,0,420,0,0,False
M01,2026-06-26 07:33:22,2026-06-26 07:55:22,Running,,A,Arancia Rossa 500ml,2400,2302,1320,844,3,False
M01,2026-06-26 07:55:22,2026-06-26 08:43:46,Running,,A,Arancia Rossa 500ml,2400,2221,2904,1792,7,False
M01,2026-06-26 08:43:46,2026-06-26 09:08:26,Running,,A,Arancia Rossa 500ml,2400,2294,1480,943,4,False
M01,2026-06-26 09:08:26,2026-06-26 09:11:45,Stopped,Fault,A,Arancia Rossa 500ml,2400,0,199,0,0,False
M01,2026-06-26 09:11:45,2026-06-26 09:57:26,Running,,A,Arancia Rossa 500ml,2400,2244,2741,1709,7,False
M01,2026-06-26 09:57:26,2026-06-26 10:03:08,Stopped,Starvation,A,Arancia Rossa 500ml,2400,0,342,0,0,False
M01,2026-06-26 10:03:08,2026-06-26 10:55:51,Running,,A,Arancia Rossa 500ml,2400,2263,3163,1988,6,False
M01,2026-06-26 10:55:51,2026-06-26 11:06:19,Stopped,Starvation,A,Arancia Rossa 500ml,2400,0,628,0,0,False
M01,2026-06-26 11:06:19,2026-06-26 11:15:37,Idle,,A,Arancia Rossa 500ml,2400,0,558,0,0,False
M01,2026-06-26 11:15:37,2026-06-26 12:10:14,Running,,A,Arancia Rossa 500ml,2400,2229,3277,2029,6,False
M01,2026-06-26 12:10:14,2026-06-26 12:56:46,Running,,A,Arancia Rossa 500ml,2400,2261,2792,1754,6,False
M01,2026-06-26 12:56:46,2026-06-26 13:39:27,Running,,A,Arancia Rossa 500ml,2400,2290,2561,1629,7,False
M01,2026-06-26 13:39:27,2026-06-26 13:59:32,Running,,A,Arancia Rossa 500ml,2400,2279,1205,763,3,False
M01,2026-06-26 13:59:32,2026-06-26 14:00:00,Idle,,A,Arancia Rossa 500ml,2400,0,28,0,0,False
M01,2026-06-26 14:00:00,2026-06-26 14:18:58,Stopped,Changeover,B,Lampone Zero 560ml,2200,0,1138,0,0,True
M01,2026-06-26 14:18:58,2026-06-26 15:18:24,Running,,B,Lampone Zero 560ml,2200,2079,3566,2059,8,False
M01,2026-06-26 15:18:24,2026-06-26 16:02:39,Running,,B,Lampone Zero 560ml,2200,2112,2655,1558,5,False
M01,2026-06-26 16:02:39,2026-06-26 16:59:20,Running,,B,Lampone Zero 560ml,2200,2106,3401,1990,8,False
M01,2026-06-26 16:59:20,2026-06-26 17:41:24,Running,,B,Lampone Zero 560ml,2200,2053,2524,1439,5,False
M01,2026-06-26 17:41:24,2026-06-26 18:20:24,Running,,B,Lampone Zero 560ml,2200,2100,2340,1365,5,False
M01,2026-06-26 18:20:24,2026-06-26 18:33:34,Stopped,Starvation,B,Lampone Zero 560ml,2200,0,790,0,0,False
M01,2026-06-26 18:33:34,2026-06-26 19:10:53,Running,,B,Lampone Zero 560ml,2200,2042,2239,1270,5,False
M01,2026-06-26 19:10:53,2026-06-26 20:05:18,Running,,B,Lampone Zero 560ml,2200,2081,3265,1887,6,False
M01,2026-06-26 20:05:18,2026-06-26 20:30:11,Running,,B,Lampone Zero 560ml,2200,2063,1493,856,3,False
M01,2026-06-26 20:30:11,2026-06-26 20:45:14,Stopped,Starvation,B,Lampone Zero 560ml,2200,0,903,0,0,False
M01,2026-06-26 20:45:14,2026-06-26 21:32:02,Running,,B,Lampone Zero 560ml,2200,2111,2808,1647,5,False
M01,2026-06-26 21:32:02,2026-06-26 21:59:47,Running,,B,Lampone Zero 560ml,2200,2092,1665,968,3,False
M01,2026-06-26 21:59:47,2026-06-26 22:00:00,Idle,,B,Lampone Zero 560ml,2200,0,13,0,0,False
M01,2026-06-26 22:00:00,2026-06-26 22:53:42,Running,,C,Lampone Zero 560ml,2200,2096,3222,1876,8,False
M01,2026-06-26 22:53:42,2026-06-26 23:35:44,Running,,C,Lampone Zero 560ml,2200,2097,2522,1469,5,False
M01,2026-06-26 23:35:44,2026-06-26 23:58:08,Running,,C,Lampone Zero 560ml,2200,2093,1344,781,3,False
M01,2026-06-26 23:58:08,2026-06-27 00:00:00,Idle,,C,Lampone Zero 560ml,2200,0,112,0,0,False
M01,2026-06-27 00:00:00,2026-06-27 00:17:21,Idle,,C,Lampone Zero 560ml,2200,0,1041,0,0,False
M01,2026-06-27 00:17:21,2026-06-27 00:23:43,Stopped,External,C,Lampone Zero 560ml,2200,0,382,0,0,False
M01,2026-06-27 00:23:43,2026-06-27 00:41:22,Idle,,C,Lampone Zero 560ml,2200,0,1059,0,0,False
M01,2026-06-27 00:41:22,2026-06-27 00:53:32,Stopped,Starvation,C,Lampone Zero 560ml,2200,0,730,0,0,False
M01,2026-06-27 00:53:32,2026-06-27 01:39:40,Running,,C,Lampone Zero 560ml,2200,2049,2768,1575,6,False
M01,2026-06-27 01:39:40,2026-06-27 02:22:12,Running,,C,Lampone Zero 560ml,2200,2067,2552,1465,5,False
M01,2026-06-27 02:22:12,2026-06-27 02:55:08,Running,,C,Lampone Zero 560ml,2200,2109,1976,1158,5,False
M01,2026-06-27 02:55:08,2026-06-27 03:20:19,Running,,C,Lampone Zero 560ml,2200,2116,1511,888,3,False
M01,2026-06-27 03:20:19,2026-06-27 03:53:11,Running,,C,Lampone Zero 560ml,2200,2118,1972,1160,4,False
M01,2026-06-27 03:53:11,2026-06-27 04:44:39,Running,,C,Lampone Zero 560ml,2200,2052,3088,1760,6,False
M01,2026-06-27 04:44:39,2026-06-27 05:14:44,Running,,C,Lampone Zero 560ml,2200,2060,1805,1033,4,False
M01,2026-06-27 05:14:44,2026-06-27 05:21:42,Stopped,Buildup,C,Lampone Zero 560ml,2200,0,418,0,0,False
M01,2026-06-27 05:21:42,2026-06-27 05:26:47,Stopped,Operator,C,Lampone Zero 560ml,2200,0,305,0,0,False
M01,2026-06-27 05:26:47,2026-06-27 05:32:58,Idle,,C,Lampone Zero 560ml,2200,0,371,0,0,False
M01,2026-06-27 05:32:58,2026-06-27 05:58:09,Running,,C,Lampone Zero 560ml,2200,2057,1511,863,3,False
M01,2026-06-27 05:58:09,2026-06-27 06:00:00,Idle,,C,Lampone Zero 560ml,2200,0,111,0,0,False
M01,2026-06-27 06:00:00,2026-06-27 06:56:51,Running,,A,Lampone Zero 560ml,2200,2116,3411,2005,8,False
M01,2026-06-27 06:56:51,2026-06-27 07:18:12,Running,,A,Lampone Zero 560ml,2200,2111,1281,751,3,False
M01,2026-06-27 07:18:12,2026-06-27 08:04:51,Running,,A,Lampone Zero 560ml,2200,2056,2799,1599,6,False
M01,2026-06-27 08:04:51,2026-06-27 08:09:06,Stopped,Starvation,A,Lampone Zero 560ml,2200,0,255,0,0,False
M01,2026-06-27 08:09:06,2026-06-27 08:44:03,Running,,A,Lampone Zero 560ml,2200,2073,2097,1208,5,False
M01,2026-06-27 08:44:03,2026-06-27 08:51:52,Stopped,External,A,Lampone Zero 560ml,2200,0,469,0,0,False
M01,2026-06-27 08:51:52,2026-06-27 09:42:05,Running,,A,Lampone Zero 560ml,2200,2064,3013,1727,5,False
M01,2026-06-27 09:42:05,2026-06-27 09:47:02,Stopped,Fault,A,Lampone Zero 560ml,2200,0,297,0,0,False
M01,2026-06-27 09:47:02,2026-06-27 10:11:24,Running,,A,Lampone Zero 560ml,2200,2072,1462,841,3,False
M01,2026-06-27 10:11:24,2026-06-27 11:00:26,Running,,A,Lampone Zero 560ml,2200,2060,2942,1683,7,False
M01,2026-06-27 11:00:26,2026-06-27 11:13:08,Stopped,Starvation,A,Lampone Zero 560ml,2200,0,762,0,0,False
M01,2026-06-27 11:13:08,2026-06-27 11:28:14,Stopped,External,A,Lampone Zero 560ml,2200,0,906,0,0,False
M01,2026-06-27 11:28:14,2026-06-27 12:22:01,Running,,A,Lampone Zero 560ml,2200,2049,3227,1837,7,False
M01,2026-06-27 12:22:01,2026-06-27 12:56:50,Running,,A,Lampone Zero 560ml,2200,2109,2089,1224,4,False
M01,2026-06-27 12:56:50,2026-06-27 13:12:05,Idle,,A,Lampone Zero 560ml,2200,0,915,0,0,False
M01,2026-06-27 13:12:05,2026-06-27 13:18:24,Stopped,Buildup,A,Lampone Zero 560ml,2200,0,379,0,0,False
M01,2026-06-27 13:18:24,2026-06-27 13:38:51,Running,,A,Lampone Zero 560ml,2200,2061,1227,702,3,False
M01,2026-06-27 13:38:51,2026-06-27 13:41:06,Stopped,Fault,A,Lampone Zero 560ml,2200,0,135,0,0,False
M01,2026-06-27 13:41:06,2026-06-27 14:00:00,Running,,A,Lampone Zero 560ml,2200,2045,1134,644,2,False
M01,2026-06-27 14:00:00,2026-06-27 14:19:31,Stopped,Changeover,B,Arancia Rossa 500ml,2400,0,1171,0,0,True
M01,2026-06-27 14:19:31,2026-06-27 15:09:31,Running,,B,Arancia Rossa 500ml,2400,2305,3000,1921,7,False
M01,2026-06-27 15:09:31,2026-06-27 16:08:23,Running,,B,Arancia Rossa 500ml,2400,2249,3532,2207,7,False
M01,2026-06-27 16:08:23,2026-06-27 16:27:40,Idle,,B,Arancia Rossa 500ml,2400,0,1157,0,0,False
M01,2026-06-27 16:27:40,2026-06-27 17:22:11,Running,,B,Arancia Rossa 500ml,2400,2300,3271,2090,6,False
M01,2026-06-27 17:22:11,2026-06-27 18:02:13,Running,,B,Arancia Rossa 500ml,2400,2261,2402,1509,6,False
M01,2026-06-27 18:02:13,2026-06-27 18:48:53,Running,,B,Arancia Rossa 500ml,2400,2283,2800,1776,7,False
M01,2026-06-27 18:48:53,2026-06-27 19:10:04,Running,,B,Arancia Rossa 500ml,2400,2304,1271,813,3,False
M01,2026-06-27 19:10:04,2026-06-27 19:54:42,Running,,B,Arancia Rossa 500ml,2400,2234,2678,1662,6,False
M01,2026-06-27 19:54:42,2026-06-27 20:06:24,Stopped,Starvation,B,Arancia Rossa 500ml,2400,0,702,0,0,False
M01,2026-06-27 20:06:24,2026-06-27 20:34:26,Running,,B,Arancia Rossa 500ml,2400,2280,1682,1065,4,False
M01,2026-06-27 20:34:26,2026-06-27 20:57:37,Running,,B,Arancia Rossa 500ml,2400,2313,1391,894,3,False
M01,2026-06-27 20:57:37,2026-06-27 21:03:32,Stopped,Fault,B,Arancia Rossa 500ml,2400,0,355,0,0,False
M01,2026-06-27 21:03:32,2026-06-27 21:14:15,Stopped,Starvation,B,Arancia Rossa 500ml,2400,0,643,0,0,False
M01,2026-06-27 21:14:15,2026-06-27 21:36:56,Running,,B,Arancia Rossa 500ml,2400,2250,1361,851,4,False
M01,2026-06-27 21:36:56,2026-06-27 21:59:33,Running,,B,Arancia Rossa 500ml,2400,2282,1357,860,3,False
M01,2026-06-27 21:59:33,2026-06-27 22:00:00,Idle,,B,Arancia Rossa 500ml,2400,0,27,0,0,False
M01,2026-06-27 22:00:00,2026-06-27 22:28:09,Stopped,Changeover,C,Lampone Zero 560ml,2200,0,1689,0,0,True
M01,2026-06-27 22:28:09,2026-06-27 22:37:47,Stopped,Fault,C,Lampone Zero 560ml,2200,0,578,0,0,False
M01,2026-06-27 22:37:47,2026-06-27 23:02:57,Running,,C,Lampone Zero 560ml,2200,2076,1510,871,3,False
M01,2026-06-27 23:02:57,2026-06-27 23:09:41,Idle,,C,Lampone Zero 560ml,2200,0,404,0,0,False
M01,2026-06-27 23:09:41,2026-06-27 23:58:21,Running,,C,Lampone Zero 560ml,2200,2097,2920,1701,6,False
M01,2026-06-27 23:58:21,2026-06-28 00:00:00,Idle,,C,Lampone Zero 560ml,2200,0,99,0,0,False
M01,2026-06-28 00:00:00,2026-06-28 00:52:59,Running,,C,Lampone Zero 560ml,2200,2120,3179,1872,6,False
M01,2026-06-28 00:52:59,2026-06-28 01:16:47,Running,,C,Lampone Zero 560ml,2200,2066,1428,820,3,False
M01,2026-06-28 01:16:47,2026-06-28 01:45:57,Running,,C,Lampone Zero 560ml,2200,2084,1750,1013,3,False
M01,2026-06-28 01:45:57,2026-06-28 01:48:58,Stopped,External,C,Lampone Zero 560ml,2200,0,181,0,0,False
M01,2026-06-28 01:48:58,2026-06-28 02:42:56,Running,,C,Lampone Zero 560ml,2200,2112,3238,1900,6,False
M01,2026-06-28 02:42:56,2026-06-28 02:50:19,Stopped,Starvation,C,Lampone Zero 560ml,2200,0,443,0,0,False
M01,2026-06-28 02:50:19,2026-06-28 03:30:17,Running,,C,Lampone Zero 560ml,2200,2074,2398,1382,5,False
M01,2026-06-28 03:30:17,2026-06-28 04:29:18,Running,,C,Lampone Zero 560ml,2200,2055,3541,2021,7,False
M01,2026-06-28 04:29:18,2026-06-28 04:56:25,Running,,C,Lampone Zero 560ml,2200,2126,1627,961,3,False
M01,2026-06-28 04:56:25,2026-06-28 05:31:02,Running,,C,Lampone Zero 560ml,2200,2067,2077,1193,4,False
M01,2026-06-28 05:31:02,2026-06-28 05:58:30,Running,,C,Lampone Zero 560ml,2200,2048,1648,938,3,False
M01,2026-06-28 05:58:30,2026-06-28 06:00:00,Idle,,C,Lampone Zero 560ml,2200,0,90,0,0,False
M01,2026-06-28 06:00:00,2026-06-28 06:17:44,Stopped,Changeover,A,Arancia Rossa 500ml,2400,0,1064,0,0,True
M01,2026-06-28 06:17:44,2026-06-28 06:58:08,Running,,A,Arancia Rossa 500ml,2400,2266,2424,1526,6,False
M01,2026-06-28 06:58:08,2026-06-28 07:36:49,Running,,A,Arancia Rossa 500ml,2400,2295,2321,1480,6,False
M01,2026-06-28 07:36:49,2026-06-28 07:51:55,Stopped,Starvation,A,Arancia Rossa 500ml,2400,0,906,0,0,False
M01,2026-06-28 07:51:55,2026-06-28 07:57:31,Stopped,Starvation,A,Arancia Rossa 500ml,2400,0,336,0,0,False
M01,2026-06-28 07:57:31,2026-06-28 08:40:19,Running,,A,Arancia Rossa 500ml,2400,2267,2568,1617,6,False
M01,2026-06-28 08:40:19,2026-06-28 09:15:44,Running,,A,Arancia Rossa 500ml,2400,2303,2125,1359,5,False
M01,2026-06-28 09:15:44,2026-06-28 10:14:11,Running,,A,Arancia Rossa 500ml,2400,2268,3507,2209,8,False
M01,2026-06-28 10:14:11,2026-06-28 11:09:51,Running,,A,Arancia Rossa 500ml,2400,2271,3340,2107,8,False
M01,2026-06-28 11:09:51,2026-06-28 11:23:34,Idle,,A,Arancia Rossa 500ml,2400,0,823,0,0,False
M01,2026-06-28 11:23:34,2026-06-28 11:56:14,Running,,A,Arancia Rossa 500ml,2400,2245,1960,1222,4,False
M01,2026-06-28 11:56:14,2026-06-28 12:07:21,Stopped,Starvation,A,Arancia Rossa 500ml,2400,0,667,0,0,False
M01,2026-06-28 12:07:21,2026-06-28 12:53:06,Running,,A,Arancia Rossa 500ml,2400,2307,2745,1759,7,False
M01,2026-06-28 12:53:06,2026-06-28 13:31:59,Running,,A,Arancia Rossa 500ml,2400,2280,2333,1478,6,False
M01,2026-06-28 13:31:59,2026-06-28 13:43:12,Stopped,Starvation,A,Arancia Rossa 500ml,2400,0,673,0,0,False
M01,2026-06-28 13:43:12,2026-06-28 13:52:34,Stopped,Starvation,A,Arancia Rossa 500ml,2400,0,562,0,0,False
M01,2026-06-28 13:52:34,2026-06-28 14:00:00,Running,,A,Arancia Rossa 500ml,2400,2250,446,279,1,False
M01,2026-06-28 14:00:00,2026-06-28 14:27:59,Stopped,Changeover,B,Lampone Zero 560ml,2200,0,1679,0,0,True
M01,2026-06-28 14:27:59,2026-06-28 15:08:04,Running,,B,Lampone Zero 560ml,2200,2068,2405,1382,4,False
M01,2026-06-28 15:08:04,2026-06-28 15:14:32,Stopped,External,B,Lampone Zero 560ml,2200,0,388,0,0,False
M01,2026-06-28 15:14:32,2026-06-28 15:34:56,Running,,B,Lampone Zero 560ml,2200,2100,1224,714,2,False
M01,2026-06-28 15:34:56,2026-06-28 15:57:23,Running,,B,Lampone Zero 560ml,2200,2077,1347,777,3,False
M01,2026-06-28 15:57:23,2026-06-28 16:56:20,Running,,B,Lampone Zero 560ml,2200,2059,3537,2023,7,False
M01,2026-06-28 16:56:20,2026-06-28 17:18:59,Running,,B,Lampone Zero 560ml,2200,2046,1359,772,3,False
M01,2026-06-28 17:18:59,2026-06-28 17:45:38,Running,,B,Lampone Zero 560ml,2200,2051,1599,911,3,False
M01,2026-06-28 17:45:38,2026-06-28 18:10:40,Running,,B,Lampone Zero 560ml,2200,2046,1502,854,3,False
M01,2026-06-28 18:10:40,2026-06-28 18:13:51,Stopped,Starvation,B,Lampone Zero 560ml,2200,0,191,0,0,False
M01,2026-06-28 18:13:51,2026-06-28 18:28:23,Stopped,Fault,B,Lampone Zero 560ml,2200,0,872,0,0,False
M01,2026-06-28 18:28:23,2026-06-28 19:00:00,Running,,B,Lampone Zero 560ml,2200,2104,1897,1109,3,False
M01,2026-06-28 19:00:00,2026-06-28 19:06:58,Stopped,Starvation,B,Lampone Zero 560ml,2200,0,418,0,0,False
M01,2026-06-28 19:06:58,2026-06-28 20:04:59,Running,,B,Lampone Zero 560ml,2200,2063,3481,1995,8,False
M01,2026-06-28 20:04:59,2026-06-28 20:30:44,Running,,B,Lampone Zero 560ml,2200,2078,1545,892,4,False
M01,2026-06-28 20:30:44,2026-06-28 21:13:51,Running,,B,Lampone Zero 560ml,2200,2103,2587,1511,5,False
M01,2026-06-28 21:13:51,2026-06-28 21:16:44,Stopped,Starvation,B,Lampone Zero 560ml,2200,0,173,0,0,False
M01,2026-06-28 21:16:44,2026-06-28 21:51:22,Running,,B,Lampone Zero 560ml,2200,2076,2078,1198,4,False
M01,2026-06-28 21:51:22,2026-06-28 21:57:24,Stopped,External,B,Lampone Zero 560ml,2200,0,362,0,0,False
M01,2026-06-28 21:57:24,2026-06-28 22:00:00,Idle,,B,Lampone Zero 560ml,2200,0,156,0,0,False
M01,2026-06-28 22:00:00,2026-06-28 22:05:43,Idle,,C,Lampone Zero 560ml,2200,0,343,0,0,False
M01,2026-06-28 22:05:43,2026-06-28 22:55:15,Running,,C,Lampone Zero 560ml,2200,2073,2972,1711,6,False
M01,2026-06-28 22:55:15,2026-06-28 23:24:41,Running,,C,Lampone Zero 560ml,2200,2095,1766,1028,3,False
M01,2026-06-28 23:24:41,2026-06-28 23:53:15,Running,,C,Lampone Zero 560ml,2200,2106,1714,1003,3,False
M01,2026-06-28 23:53:15,2026-06-29 00:00:00,Running,,C,Lampone Zero 560ml,2200,2067,405,233,1,False
M01,2026-06-29 00:00:00,2026-06-29 00:10:15,Stopped,External,C,Lampone Zero 560ml,2200,0,615,0,0,False
M01,2026-06-29 00:10:15,2026-06-29 00:35:00,Running,,C,Lampone Zero 560ml,2200,2062,1485,851,3,False
M01,2026-06-29 00:35:00,2026-06-29 01:24:35,Running,,C,Lampone Zero 560ml,2200,2118,2975,1750,7,False
M01,2026-06-29 01:24:35,2026-06-29 01:44:37,Running,,C,Lampone Zero 560ml,2200,2047,1202,683,2,False
M01,2026-06-29 01:44:37,2026-06-29 02:31:25,Running,,C,Lampone Zero 560ml,2200,2119,2808,1653,6,False
M01,2026-06-29 02:31:25,2026-06-29 03:28:36,Running,,C,Lampone Zero 560ml,2200,2088,3431,1990,8,False
M01,2026-06-29 03:28:36,2026-06-29 04:02:49,Running,,C,Lampone Zero 560ml,2200,2067,2053,1179,4,False
M01,2026-06-29 04:02:49,2026-06-29 04:15:54,Idle,,C,Lampone Zero 560ml,2200,0,785,0,0,False
M01,2026-06-29 04:15:54,2026-06-29 04:38:40,Running,,C,Lampone Zero 560ml,2200,2089,1366,793,3,False
M01,2026-06-29 04:38:40,2026-06-29 04:53:31,Idle,,C,Lampone Zero 560ml,2200,0,891,0,0,False
M01,2026-06-29 04:53:31,2026-06-29 05:21:40,Running,,C,Lampone Zero 560ml,2200,2113,1689,991,4,False
M01,2026-06-29 05:21:40,2026-06-29 05:49:41,Running,,C,Lampone Zero 560ml,2200,2072,1681,968,3,False
M01,2026-06-29 05:49:41,2026-06-29 06:00:00,Running,,C,Lampone Zero 560ml,2200,2116,619,364,1,False
M01,2026-06-29 06:00:00,2026-06-29 06:21:58,Running,,A,Lampone Zero 560ml,2200,2074,1318,759,3,False
M01,2026-06-29 06:21:58,2026-06-29 06:35:29,Stopped,Starvation,A,Lampone Zero 560ml,2200,0,811,0,0,False
M01,2026-06-29 06:35:29,2026-06-29 06:43:17,Stopped,External,A,Lampone Zero 560ml,2200,0,468,0,0,False
M01,2026-06-29 06:43:17,2026-06-29 06:57:39,Stopped,Fault,A,Lampone Zero 560ml,2200,0,862,0,0,False
M01,2026-06-29 06:57:39,2026-06-29 07:23:07,Running,,A,Lampone Zero 560ml,2200,2113,1528,897,3,False
M01,2026-06-29 07:23:07,2026-06-29 08:21:32,Running,,A,Lampone Zero 560ml,2200,2061,3505,2007,7,False
M01,2026-06-29 08:21:32,2026-06-29 09:15:37,Running,,A,Lampone Zero 560ml,2200,2096,3245,1889,7,False
M01,2026-06-29 09:15:37,2026-06-29 09:33:23,Idle,,A,Lampone Zero 560ml,2200,0,1066,0,0,False
M01,2026-06-29 09:33:23,2026-06-29 10:02:16,Running,,A,Lampone Zero 560ml,2200,2086,1733,1004,4,False
M01,2026-06-29 10:02:16,2026-06-29 10:56:27,Running,,A,Lampone Zero 560ml,2200,2113,3251,1908,6,False
M01,2026-06-29 10:56:27,2026-06-29 11:07:26,Idle,,A,Lampone Zero 560ml,2200,0,659,0,0,False
M01,2026-06-29 11:07:26,2026-06-29 11:40:46,Running,,A,Lampone Zero 560ml,2200,2061,2000,1145,4,False
M01,2026-06-29 11:40:46,2026-06-29 11:46:00,Idle,,A,Lampone Zero 560ml,2200,0,314,0,0,False
M01,2026-06-29 11:46:00,2026-06-29 11:49:58,Stopped,Starvation,A,Lampone Zero 560ml,2200,0,238,0,0,False
M01,2026-06-29 11:49:58,2026-06-29 12:26:58,Running,,A,Lampone Zero 560ml,2200,2101,2220,1296,5,False
M01,2026-06-29 12:26:58,2026-06-29 13:08:46,Running,,A,Lampone Zero 560ml,2200,2067,2508,1440,5,False
M01,2026-06-29 13:08:46,2026-06-29 13:53:23,Running,,A,Lampone Zero 560ml,2200,2121,2677,1577,5,False
M01,2026-06-29 13:53:23,2026-06-29 14:00:00,Running,,A,Lampone Zero 560ml,2200,2072,397,228,1,False
M01,2026-06-29 14:00:00,2026-06-29 14:30:33,Stopped,Changeover,B,Arancia Rossa 500ml,2400,0,1833,0,0,True
M01,2026-06-29 14:30:33,2026-06-29 15:30:17,Running,,B,Arancia Rossa 500ml,2400,2263,3584,2253,9,False
M01,2026-06-29 15:30:17,2026-06-29 16:10:38,Running,,B,Arancia Rossa 500ml,2400,2277,2421,1531,6,False
M01,2026-06-29 16:10:38,2026-06-29 16:33:22,Running,,B,Arancia Rossa 500ml,2400,2296,1364,870,4,False
M01,2026-06-29 16:33:22,2026-06-29 16:44:29,Stopped,Buildup,B,Arancia Rossa 500ml,2400,0,667,0,0,False
M01,2026-06-29 16:44:29,2026-06-29 16:59:41,Stopped,Fault,B,Arancia Rossa 500ml,2400,0,912,0,0,False
M01,2026-06-29 16:59:41,2026-06-29 17:46:00,Running,,B,Arancia Rossa 500ml,2400,2258,2779,1743,7,False
M01,2026-06-29 17:46:00,2026-06-29 18:00:19,Stopped,Starvation,B,Arancia Rossa 500ml,2400,0,859,0,0,False
M01,2026-06-29 18:00:19,2026-06-29 18:40:11,Running,,B,Arancia Rossa 500ml,2400,2321,2392,1542,5,False
M01,2026-06-29 18:40:11,2026-06-29 19:32:48,Running,,B,Arancia Rossa 500ml,2400,2292,3157,2010,8,False
M01,2026-06-29 19:32:48,2026-06-29 19:38:06,Stopped,Starvation,B,Arancia Rossa 500ml,2400,0,318,0,0,False
M01,2026-06-29 19:38:06,2026-06-29 20:06:47,Running,,B,Arancia Rossa 500ml,2400,2305,1721,1102,4,False
M01,2026-06-29 20:06:47,2026-06-29 20:13:24,Idle,,B,Arancia Rossa 500ml,2400,0,397,0,0,False
M01,2026-06-29 20:13:24,2026-06-29 21:04:22,Running,,B,Arancia Rossa 500ml,2400,2235,3058,1899,8,False
M01,2026-06-29 21:04:22,2026-06-29 21:49:36,Running,,B,Arancia Rossa 500ml,2400,2306,2714,1738,6,False
M01,2026-06-29 21:49:36,2026-06-29 21:56:54,Stopped,Starvation,B,Arancia Rossa 500ml,2400,0,438,0,0,False
M01,2026-06-29 21:56:54,2026-06-29 22:00:00,Idle,,B,Arancia Rossa 500ml,2400,0,186,0,0,False
M01,2026-06-29 22:00:00,2026-06-29 22:51:06,Running,,C,Arancia Rossa 500ml,2400,2292,3066,1952,7,False
M01,2026-06-29 22:51:06,2026-06-29 22:57:00,Stopped,Buildup,C,Arancia Rossa 500ml,2400,0,354,0,0,False
M01,2026-06-29 22:57:00,2026-06-29 23:53:19,Running,,C,Arancia Rossa 500ml,2400,2319,3379,2177,7,False
M01,2026-06-29 23:53:19,2026-06-30 00:00:00,Running,,C,Arancia Rossa 500ml,2400,2287,401,255,1,False
M01,2026-06-30 00:00:00,2026-06-30 00:35:21,Running,,C,Arancia Rossa 500ml,2400,2251,2121,1326,4,False
M01,2026-06-30 00:35:21,2026-06-30 01:12:55,Running,,C,Arancia Rossa 500ml,2400,2306,2254,1444,5,False
M01,2026-06-30 01:12:55,2026-06-30 01:58:30,Running,,C,Arancia Rossa 500ml,2400,2235,2735,1698,7,False
M01,2026-06-30 01:58:30,2026-06-30 02:34:39,Running,,C,Arancia Rossa 500ml,2400,2298,2169,1385,5,False
M01,2026-06-30 02:34:39,2026-06-30 02:57:05,Running,,C,Arancia Rossa 500ml,2400,2306,1346,862,3,False
M01,2026-06-30 02:57:05,2026-06-30 03:10:47,Idle,,C,Arancia Rossa 500ml,2400,0,822,0,0,False
M01,2026-06-30 03:10:47,2026-06-30 04:03:25,Running,,C,Arancia Rossa 500ml,2400,2231,3158,1957,8,False
M01,2026-06-30 04:03:25,2026-06-30 04:17:14,Stopped,Starvation,C,Arancia Rossa 500ml,2400,0,829,0,0,False
M01,2026-06-30 04:17:14,2026-06-30 05:13:32,Running,,C,Arancia Rossa 500ml,2400,2303,3378,2161,8,False
M01,2026-06-30 05:13:32,2026-06-30 05:26:43,Stopped,External,C,Arancia Rossa 500ml,2400,0,791,0,0,False
M01,2026-06-30 05:26:43,2026-06-30 05:58:04,Running,,C,Arancia Rossa 500ml,2400,2296,1881,1200,5,False
M01,2026-06-30 05:58:04,2026-06-30 06:00:00,Idle,,C,Arancia Rossa 500ml,2400,0,116,0,0,False
M01,2026-06-30 06:00:00,2026-06-30 06:38:22,Running,,A,Arancia Rossa 500ml,2400,2301,2302,1471,5,False
M01,2026-06-30 06:38:22,2026-06-30 07:30:09,Running,,A,Arancia Rossa 500ml,2400,2267,3107,1957,7,False
M01,2026-06-30 07:30:09,2026-06-30 07:37:52,Stopped,External,A,Arancia Rossa 500ml,2400,0,463,0,0,False
M01,2026-06-30 07:37:52,2026-06-30 07:58:15,Running,,A,Arancia Rossa 500ml,2400,2285,1223,776,3,False
M01,2026-06-30 07:58:15,2026-06-30 08:07:00,Stopped,Starvation,A,Arancia Rossa 500ml,2400,0,525,0,0,False
M01,2026-06-30 08:07:00,2026-06-30 08:34:59,Running,,A,Arancia Rossa 500ml,2400,2313,1679,1079,4,False
M01,2026-06-30 08:34:59,2026-06-30 08:49:07,Stopped,Fault,A,Arancia Rossa 500ml,2400,0,848,0,0,False
M01,2026-06-30 08:49:07,2026-06-30 09:19:09,Running,,A,Arancia Rossa 500ml,2400,2257,1802,1130,4,False
M01,2026-06-30 09:19:09,2026-06-30 09:48:29,Running,,A,Arancia Rossa 500ml,2400,2259,1760,1104,4,False
M01,2026-06-30 09:48:29,2026-06-30 10:32:14,Running,,A,Arancia Rossa 500ml,2400,2244,2625,1636,6,False
M01,2026-06-30 10:32:14,2026-06-30 11:16:21,Running,,A,Arancia Rossa 500ml,2400,2280,2647,1676,7,False
M01,2026-06-30 11:16:21,2026-06-30 11:26:28,Stopped,Starvation,A,Arancia Rossa 500ml,2400,0,607,0,0,False
M01,2026-06-30 11:26:28,2026-06-30 11:35:41,Stopped,Operator,A,Arancia Rossa 500ml,2400,0,553,0,0,False
M01,2026-06-30 11:35:41,2026-06-30 12:33:54,Running,,A,Arancia Rossa 500ml,2400,2256,3493,2189,9,False
M01,2026-06-30 12:33:54,2026-06-30 12:48:46,Idle,,A,Arancia Rossa 500ml,2400,0,892,0,0,False
M01,2026-06-30 12:48:46,2026-06-30 12:58:20,Stopped,Starvation,A,Arancia Rossa 500ml,2400,0,574,0,0,False
M01,2026-06-30 12:58:20,2026-06-30 13:21:21,Running,,A,Arancia Rossa 500ml,2400,2237,1381,858,4,False
M01,2026-06-30 13:21:21,2026-06-30 13:50:57,Running,,A,Arancia Rossa 500ml,2400,2319,1776,1144,4,False
M01,2026-06-30 13:50:57,2026-06-30 13:59:48,Stopped,Starvation,A,Arancia Rossa 500ml,2400,0,531,0,0,False
M01,2026-06-30 13:59:48,2026-06-30 14:00:00,Idle,,A,Arancia Rossa 500ml,2400,0,12,0,0,False
M01,2026-06-30 14:00:00,2026-06-30 14:38:23,Stopped,Changeover,B,Lampone Zero 560ml,2200,0,2303,0,0,True
M01,2026-06-30 14:38:23,2026-06-30 15:10:41,Running,,B,Lampone Zero 560ml,2200,2053,1938,1105,4,False
M01,2026-06-30 15:10:41,2026-06-30 15:20:56,Stopped,Starvation,B,Lampone Zero 560ml,2200,0,615,0,0,False
M01,2026-06-30 15:20:56,2026-06-30 16:11:34,Running,,B,Lampone Zero 560ml,2200,2082,3038,1757,7,False
M01,2026-06-30 16:11:34,2026-06-30 16:49:30,Running,,B,Lampone Zero 560ml,2200,2073,2276,1311,5,False
M01,2026-06-30 16:49:30,2026-06-30 17:29:56,Running,,B,Lampone Zero 560ml,2200,2085,2426,1405,5,False
M01,2026-06-30 17:29:56,2026-06-30 18:22:04,Running,,B,Lampone Zero 560ml,2200,2100,3128,1825,8,False
M01,2026-06-30 18:22:04,2026-06-30 18:34:23,Stopped,External,B,Lampone Zero 560ml,2200,0,739,0,0,False
M01,2026-06-30 18:34:23,2026-06-30 19:30:07,Running,,B,Lampone Zero 560ml,2200,2121,3344,1970,7,False
M01,2026-06-30 19:30:07,2026-06-30 20:10:41,Running,,B,Lampone Zero 560ml,2200,2091,2434,1414,4,False
M01,2026-06-30 20:10:41,2026-06-30 21:06:21,Running,,B,Lampone Zero 560ml,2200,2061,3340,1912,7,False
M01,2026-06-30 21:06:21,2026-06-30 21:29:35,Running,,B,Lampone Zero 560ml,2200,2057,1394,797,3,False
M01,2026-06-30 21:29:35,2026-06-30 21:56:38,Running,,B,Lampone Zero 560ml,2200,2098,1623,946,3,False
M01,2026-06-30 21:56:38,2026-06-30 22:00:00,Idle,,B,Lampone Zero 560ml,2200,0,202,0,0,False
M01,2026-06-30 22:00:00,2026-06-30 22:08:52,Idle,,C,Lampone Zero 560ml,2200,0,532,0,0,False
M01,2026-06-30 22:08:52,2026-06-30 22:50:37,Running,,C,Lampone Zero 560ml,2200,2126,2505,1479,6,False
M01,2026-06-30 22:50:37,2026-06-30 22:54:43,Stopped,Starvation,C,Lampone Zero 560ml,2200,0,246,0,0,False
M01,2026-06-30 22:54:43,2026-06-30 23:36:59,Running,,C,Lampone Zero 560ml,2200,2062,2536,1453,6,False
M01,2026-06-30 23:36:59,2026-06-30 23:53:17,Idle,,C,Lampone Zero 560ml,2200,0,978,0,0,False
M01,2026-06-30 23:53:17,2026-07-01 00:00:00,Running,,C,Lampone Zero 560ml,2200,2046,403,229,1,False
M01,2026-07-01 00:00:00,2026-07-01 00:14:44,Stopped,Fault,C,Lampone Zero 560ml,2200,0,884,0,0,False
M01,2026-07-01 00:14:44,2026-07-01 00:28:50,Idle,,C,Lampone Zero 560ml,2200,0,846,0,0,False
M01,2026-07-01 00:28:50,2026-07-01 01:11:05,Running,,C,Lampone Zero 560ml,2200,2114,2535,1489,6,False
M01,2026-07-01 01:11:05,2026-07-01 01:33:09,Running,,C,Lampone Zero 560ml,2200,2088,1324,768,2,False
M01,2026-07-01 01:33:09,2026-07-01 02:19:04,Running,,C,Lampone Zero 560ml,2200,2063,2755,1579,6,False
M01,2026-07-01 02:19:04,2026-07-01 02:21:44,Stopped,External,C,Lampone Zero 560ml,2200,0,160,0,0,False
M01,2026-07-01 02:21:44,2026-07-01 02:28:35,Stopped,Starvation,C,Lampone Zero 560ml,2200,0,411,0,0,False
M01,2026-07-01 02:28:35,2026-07-01 03:17:42,Running,,C,Lampone Zero 560ml,2200,2052,2947,1680,6,False
M01,2026-07-01 03:17:42,2026-07-01 04:14:43,Running,,C,Lampone Zero 560ml,2200,2062,3421,1959,8,False
M01,2026-07-01 04:14:43,2026-07-01 04:59:16,Running,,C,Lampone Zero 560ml,2200,2072,2673,1538,7,False
M01,2026-07-01 04:59:16,2026-07-01 05:12:04,Stopped,Starvation,C,Lampone Zero 560ml,2200,0,768,0,0,False
M01,2026-07-01 05:12:04,2026-07-01 05:45:43,Running,,C,Lampone Zero 560ml,2200,2051,2019,1150,5,False
M01,2026-07-01 05:45:43,2026-07-01 05:55:50,Stopped,Supplies,C,Lampone Zero 560ml,2200,0,607,0,0,False
M01,2026-07-01 05:55:50,2026-07-01 06:00:00,Idle,,C,Lampone Zero 560ml,2200,0,250,0,0,False
M01,2026-07-01 06:00:00,2026-07-01 06:11:46,Stopped,Starvation,A,Lampone Zero 560ml,2200,0,706,0,0,False
M01,2026-07-01 06:11:46,2026-07-01 06:15:16,Stopped,Fault,A,Lampone Zero 560ml,2200,0,210,0,0,False
M01,2026-07-01 06:15:16,2026-07-01 06:30:54,Stopped,Starvation,A,Lampone Zero 560ml,2200,0,938,0,0,False
M01,2026-07-01 06:30:54,2026-07-01 07:22:28,Running,,A,Lampone Zero 560ml,2200,2080,3094,1788,7,False
M01,2026-07-01 07:22:28,2026-07-01 07:52:54,Running,,A,Lampone Zero 560ml,2200,2098,1826,1064,5,False
M01,2026-07-01 07:52:54,2026-07-01 08:12:58,Running,,A,Lampone Zero 560ml,2200,2098,1204,702,3,False
M01,2026-07-01 08:12:58,2026-07-01 08:19:25,Stopped,External,A,Lampone Zero 560ml,2200,0,387,0,0,False
M01,2026-07-01 08:19:25,2026-07-01 08:48:57,Running,,A,Lampone Zero 560ml,2200,2118,1772,1043,3,False
M01,2026-07-01 08:48:57,2026-07-01 09:08:04,Idle,,A,Lampone Zero 560ml,2200,0,1147,0,0,False
M01,2026-07-01 09:08:04,2026-07-01 10:02:02,Running,,A,Lampone Zero 560ml,2200,2102,3238,1891,8,False
M01,2026-07-01 10:02:02,2026-07-01 10:04:48,Stopped,External,A,Lampone Zero 560ml,2200,0,166,0,0,False
M01,2026-07-01 10:04:48,2026-07-01 10:36:10,Running,,A,Lampone Zero 560ml,2200,2043,1882,1068,5,False
M01,2026-07-01 10:36:10,2026-07-01 11:05:24,Running,,A,Lampone Zero 560ml,2200,2055,1754,1001,4,False
M01,2026-07-01 11:05:24,2026-07-01 11:09:38,Stopped,Buildup,A,Lampone Zero 560ml,2200,0,254,0,0,False
M01,2026-07-01 11:09:38,2026-07-01 12:03:42,Running,,A,Lampone Zero 560ml,2200,2099,3244,1891,6,False
M01,2026-07-01 12:03:42,2026-07-01 12:16:54,Idle,,A,Lampone Zero 560ml,2200,0,792,0,0,False
M01,2026-07-01 12:16:54,2026-07-01 13:02:52,Running,,A,Lampone Zero 560ml,2200,2102,2758,1610,5,False
M01,2026-07-01 13:02:52,2026-07-01 13:44:53,Running,,A,Lampone Zero 560ml,2200,2120,2521,1485,6,False
M01,2026-07-01 13:44:53,2026-07-01 14:00:00,Running,,A,Lampone Zero 560ml,2200,2040,907,514,2,False
M01,2026-07-01 14:00:00,2026-07-01 14:34:36,Stopped,Changeover,B,Arancia Rossa 500ml,2400,0,2076,0,0,True
M01,2026-07-01 14:34:36,2026-07-01 14:59:18,Running,,B,Arancia Rossa 500ml,2400,2279,1482,938,4,False
M01,2026-07-01 14:59:18,2026-07-01 15:23:24,Running,,B,Arancia Rossa 500ml,2400,2239,1446,899,3,False
M01,2026-07-01 15:23:24,2026-07-01 16:18:51,Running,,B,Arancia Rossa 500ml,2400,2254,3327,2083,9,False
M01,2026-07-01 16:18:51,2026-07-01 16:28:02,Stopped,Starvation,B,Arancia Rossa 500ml,2400,0,551,0,0,False
M01,2026-07-01 16:28:02,2026-07-01 16:59:06,Running,,B,Arancia Rossa 500ml,2400,2266,1864,1173,5,False
M01,2026-07-01 16:59:06,2026-07-01 17:18:05,Idle,,B,Arancia Rossa 500ml,2400,0,1139,0,0,False
M01,2026-07-01 17:18:05,2026-07-01 17:42:43,Running,,B,Arancia Rossa 500ml,2400,2242,1478,920,4,False
M01,2026-07-01 17:42:43,2026-07-01 17:58:22,Stopped,Starvation,B,Arancia Rossa 500ml,2400,0,939,0,0,False
M01,2026-07-01 17:58:22,2026-07-01 18:34:25,Running,,B,Arancia Rossa 500ml,2400,2291,2163,1377,4,False
M01,2026-07-01 18:34:25,2026-07-01 18:50:20,Idle,,B,Arancia Rossa 500ml,2400,0,955,0,0,False
M01,2026-07-01 18:50:20,2026-07-01 18:55:29,Stopped,Supplies,B,Arancia Rossa 500ml,2400,0,309,0,0,False
M01,2026-07-01 18:55:29,2026-07-01 19:09:44,Stopped,Buildup,B,Arancia Rossa 500ml,2400,0,855,0,0,False
M01,2026-07-01 19:09:44,2026-07-01 19:45:03,Running,,B,Arancia Rossa 500ml,2400,2231,2119,1313,5,False
M01,2026-07-01 19:45:03,2026-07-01 20:24:09,Running,,B,Arancia Rossa 500ml,2400,2289,2346,1492,6,False
M01,2026-07-01 20:24:09,2026-07-01 20:34:36,Stopped,Starvation,B,Arancia Rossa 500ml,2400,0,627,0,0,False
M01,2026-07-01 20:34:36,2026-07-01 20:37:54,Stopped,Operator,B,Arancia Rossa 500ml,2400,0,198,0,0,False
M01,2026-07-01 20:37:54,2026-07-01 21:04:20,Running,,B,Arancia Rossa 500ml,2400,2269,1586,1000,4,False
M01,2026-07-01 21:04:20,2026-07-01 21:30:44,Running,,B,Arancia Rossa 500ml,2400,2307,1584,1015,4,False
M01,2026-07-01 21:30:44,2026-07-01 21:51:54,Running,,B,Arancia Rossa 500ml,2400,2275,1270,803,3,False
M01,2026-07-01 21:51:54,2026-07-01 22:00:00,Running,,B,Arancia Rossa 500ml,2400,2308,486,312,1,False
M01,2026-07-01 22:00:00,2026-07-01 22:09:31,Stopped,Buildup,C,Arancia Rossa 500ml,2400,0,571,0,0,False
M01,2026-07-01 22:09:31,2026-07-01 22:16:24,Stopped,Starvation,C,Arancia Rossa 500ml,2400,0,413,0,0,False
M01,2026-07-01 22:16:24,2026-07-01 22:44:14,Running,,C,Arancia Rossa 500ml,2400,2252,1670,1045,4,False
M01,2026-07-01 22:44:14,2026-07-01 23:20:57,Running,,C,Arancia Rossa 500ml,2400,2267,2203,1387,5,False
M01,2026-07-01 23:20:57,2026-07-01 23:50:04,Running,,C,Arancia Rossa 500ml,2400,2314,1747,1123,5,False
M01,2026-07-01 23:50:04,2026-07-02 00:00:00,Running,,C,Arancia Rossa 500ml,2400,2294,596,380,1,False
M01,2026-07-02 00:00:00,2026-07-02 00:09:43,Idle,,C,Arancia Rossa 500ml,2400,0,583,0,0,False
M01,2026-07-02 00:09:43,2026-07-02 00:24:02,Stopped,Fault,C,Arancia Rossa 500ml,2400,0,859,0,0,False
M01,2026-07-02 00:24:02,2026-07-02 00:59:43,Running,,C,Arancia Rossa 500ml,2400,2306,2141,1371,6,False
M01,2026-07-02 00:59:43,2026-07-02 01:10:45,Idle,,C,Arancia Rossa 500ml,2400,0,662,0,0,False
M01,2026-07-02 01:10:45,2026-07-02 01:17:47,Idle,,C,Arancia Rossa 500ml,2400,0,422,0,0,False
M01,2026-07-02 01:17:47,2026-07-02 02:13:51,Running,,C,Arancia Rossa 500ml,2400,2227,3364,2081,7,False
M01,2026-07-02 02:13:51,2026-07-02 02:22:47,Stopped,External,C,Arancia Rossa 500ml,2400,0,536,0,0,False
M01,2026-07-02 02:22:47,2026-07-02 02:36:10,Stopped,Supplies,C,Arancia Rossa 500ml,2400,0,803,0,0,False
M01,2026-07-02 02:36:10,2026-07-02 02:47:16,Stopped,Starvation,C,Arancia Rossa 500ml,2400,0,666,0,0,False
M01,2026-07-02 02:47:16,2026-07-02 03:33:42,Running,,C,Arancia Rossa 500ml,2400,2265,2786,1753,7,False
M01,2026-07-02 03:33:42,2026-07-02 04:18:21,Running,,C,Arancia Rossa 500ml,2400,2253,2679,1677,6,False
M01,2026-07-02 04:18:21,2026-07-02 04:27:31,Stopped,Operator,C,Arancia Rossa 500ml,2400,0,550,0,0,False
M01,2026-07-02 04:27:31,2026-07-02 05:11:18,Running,,C,Arancia Rossa 500ml,2400,2249,2627,1641,6,False
M01,2026-07-02 05:11:18,2026-07-02 05:35:25,Running,,C,Arancia Rossa 500ml,2400,2224,1447,894,3,False
M01,2026-07-02 05:35:25,2026-07-02 05:56:24,Running,,C,Arancia Rossa 500ml,2400,2250,1259,787,3,False
M01,2026-07-02 05:56:24,2026-07-02 06:00:00,Idle,,C,Arancia Rossa 500ml,2400,0,216,0,0,False
M01,2026-07-02 06:00:00,2026-07-02 06:41:13,Running,,A,Arancia Rossa 500ml,2400,2290,2473,1573,5,False
M01,2026-07-02 06:41:13,2026-07-02 07:04:50,Running,,A,Arancia Rossa 500ml,2400,2269,1417,893,3,False
M01,2026-07-02 07:04:50,2026-07-02 07:54:29,Running,,A,Arancia Rossa 500ml,2400,2302,2979,1905,7,False
M01,2026-07-02 07:54:29,2026-07-02 08:03:22,Idle,,A,Arancia Rossa 500ml,2400,0,533,0,0,False
M01,2026-07-02 08:03:22,2026-07-02 08:28:00,Running,,A,Arancia Rossa 500ml,2400,2269,1478,932,4,False
M01,2026-07-02 08:28:00,2026-07-02 09:09:29,Running,,A,Arancia Rossa 500ml,2400,2305,2489,1594,6,False
M01,2026-07-02 09:09:29,2026-07-02 09:40:24,Running,,A,Arancia Rossa 500ml,2400,2258,1855,1163,5,False
M01,2026-07-02 09:40:24,2026-07-02 10:38:09,Running,,A,Arancia Rossa 500ml,2400,2233,3465,2149,9,False
M01,2026-07-02 10:38:09,2026-07-02 11:09:22,Running,,A,Arancia Rossa 500ml,2400,2302,1873,1198,5,False
M01,2026-07-02 11:09:22,2026-07-02 11:34:01,Running,,A,Arancia Rossa 500ml,2400,2286,1479,939,4,False
M01,2026-07-02 11:34:01,2026-07-02 12:00:35,Running,,A,Arancia Rossa 500ml,2400,2297,1594,1017,4,False
M01,2026-07-02 12:00:35,2026-07-02 12:03:53,Stopped,Starvation,A,Arancia Rossa 500ml,2400,0,198,0,0,False
M01,2026-07-02 12:03:53,2026-07-02 12:09:30,Stopped,Buildup,A,Arancia Rossa 500ml,2400,0,337,0,0,False
M01,2026-07-02 12:09:30,2026-07-02 12:56:19,Running,,A,Arancia Rossa 500ml,2400,2226,2809,1737,6,False
M01,2026-07-02 12:56:19,2026-07-02 13:22:23,Running,,A,Arancia Rossa 500ml,2400,2225,1564,967,3,False
M01,2026-07-02 13:22:23,2026-07-02 13:44:52,Running,,A,Arancia Rossa 500ml,2400,2275,1349,852,4,False
M01,2026-07-02 13:44:52,2026-07-02 14:00:00,Running,,A,Arancia Rossa 500ml,2400,2305,908,581,2,False
M01,2026-07-02 14:00:00,2026-07-02 14:30:35,Stopped,Changeover,B,Lampone Zero 560ml,2200,0,1835,0,0,True
M01,2026-07-02 14:30:35,2026-07-02 15:01:40,Running,,B,Lampone Zero 560ml,2200,2068,1865,1071,4,False
M01,2026-07-02 15:01:40,2026-07-02 15:36:20,Running,,B,Lampone Zero 560ml,2200,2111,2080,1220,5,False
M01,2026-07-02 15:36:20,2026-07-02 16:15:13,Running,,B,Lampone Zero 560ml,2200,2111,2333,1368,5,False
M01,2026-07-02 16:15:13,2026-07-02 17:07:29,Running,,B,Lampone Zero 560ml,2200,2104,3136,1833,6,False
M01,2026-07-02 17:07:29,2026-07-02 17:21:21,Stopped,Starvation,B,Lampone Zero 560ml,2200,0,832,0,0,False
M01,2026-07-02 17:21:21,2026-07-02 17:50:35,Running,,B,Lampone Zero 560ml,2200,2090,1754,1018,3,False
M01,2026-07-02 17:50:35,2026-07-02 18:48:39,Running,,B,Lampone Zero 560ml,2200,2053,3484,1987,9,False
M01,2026-07-02 18:48:39,2026-07-02 19:35:17,Running,,B,Lampone Zero 560ml,2200,2079,2798,1616,7,False
M01,2026-07-02 19:35:17,2026-07-02 20:09:55,Running,,B,Lampone Zero 560ml,2200,2061,2078,1190,5,False
M01,2026-07-02 20:09:55,2026-07-02 20:46:14,Running,,B,Lampone Zero 560ml,2200,2106,2179,1275,5,False
M01,2026-07-02 20:46:14,2026-07-02 21:45:23,Running,,B,Lampone Zero 560ml,2200,2083,3549,2053,8,False
M01,2026-07-02 21:45:23,2026-07-02 22:00:00,Running,,B,Lampone Zero 560ml,2200,2084,877,508,2,False
M01,2026-07-02 22:00:00,2026-07-02 22:04:21,Stopped,Buildup,C,Lampone Zero 560ml,2200,0,261,0,0,False
M01,2026-07-02 22:04:21,2026-07-02 23:03:00,Running,,C,Lampone Zero 560ml,2200,2098,3519,2051,9,False
M01,2026-07-02 23:03:00,2026-07-02 23:40:46,Running,,C,Lampone Zero 560ml,2200,2082,2266,1311,5,False
M01,2026-07-02 23:40:46,2026-07-03 00:00:00,Running,,C,Lampone Zero 560ml,2200,2093,1154,671,3,False
M01,2026-07-03 00:00:00,2026-07-03 00:09:50,Stopped,Starvation,C,Lampone Zero 560ml,2200,0,590,0,0,False
M01,2026-07-03 00:09:50,2026-07-03 00:19:06,Stopped,Buildup,C,Lampone Zero 560ml,2200,0,556,0,0,False
M01,2026-07-03 00:19:06,2026-07-03 00:43:39,Running,,C,Lampone Zero 560ml,2200,2092,1473,856,4,False
M01,2026-07-03 00:43:39,2026-07-03 01:42:46,Running,,C,Lampone Zero 560ml,2200,2055,3547,2025,7,False
M01,2026-07-03 01:42:46,2026-07-03 01:55:28,Stopped,Buildup,C,Lampone Zero 560ml,2200,0,762,0,0,False
M01,2026-07-03 01:55:28,2026-07-03 02:28:12,Running,,C,Lampone Zero 560ml,2200,2043,1964,1115,4,False
M01,2026-07-03 02:28:12,2026-07-03 02:38:08,Stopped,Starvation,C,Lampone Zero 560ml,2200,0,596,0,0,False
M01,2026-07-03 02:38:08,2026-07-03 02:46:50,Stopped,Buildup,C,Lampone Zero 560ml,2200,0,522,0,0,False
M01,2026-07-03 02:46:50,2026-07-03 03:07:02,Running,,C,Lampone Zero 560ml,2200,2022,1212,681,2,False
M01,2026-07-03 03:07:02,2026-07-03 03:50:04,Running,,C,Lampone Zero 560ml,2200,2040,2582,1463,5,False
M01,2026-07-03 03:50:04,2026-07-03 04:26:06,Running,,C,Lampone Zero 560ml,2200,2103,2162,1263,5,False
M01,2026-07-03 04:26:06,2026-07-03 04:50:23,Running,,C,Lampone Zero 560ml,2200,2023,1457,819,3,False
M01,2026-07-03 04:50:23,2026-07-03 05:02:12,Stopped,Starvation,C,Lampone Zero 560ml,2200,0,709,0,0,False
M01,2026-07-03 05:02:12,2026-07-03 05:47:21,Running,,C,Lampone Zero 560ml,2200,2103,2709,1583,5,False
M01,2026-07-03 05:47:21,2026-07-03 06:00:00,Running,,C,Lampone Zero 560ml,2200,2032,759,428,2,False
M01,2026-07-03 06:00:00,2026-07-03 06:41:19,Running,,A,Lampone Zero 560ml,2200,2049,2479,1411,5,False
M01,2026-07-03 06:41:19,2026-07-03 06:44:53,Stopped,Starvation,A,Lampone Zero 560ml,2200,0,214,0,0,False
M01,2026-07-03 06:44:53,2026-07-03 07:11:16,Running,,A,Lampone Zero 560ml,2200,2071,1583,911,4,False
M01,2026-07-03 07:11:16,2026-07-03 07:36:29,Running,,A,Lampone Zero 560ml,2200,2087,1513,877,3,False
M01,2026-07-03 07:36:29,2026-07-03 08:08:57,Running,,A,Lampone Zero 560ml,2200,2079,1948,1125,4,False
M01,2026-07-03 08:08:57,2026-07-03 08:29:21,Running,,A,Lampone Zero 560ml,2200,2041,1224,694,2,False
M01,2026-07-03 08:29:21,2026-07-03 08:38:39,Stopped,Operator,A,Lampone Zero 560ml,2200,0,558,0,0,False
M01,2026-07-03 08:38:39,2026-07-03 09:03:28,Running,,A,Lampone Zero 560ml,2200,2082,1489,861,3,False
M01,2026-07-03 09:03:28,2026-07-03 09:06:24,Stopped,Operator,A,Lampone Zero 560ml,2200,0,176,0,0,False
M01,2026-07-03 09:06:24,2026-07-03 10:00:49,Running,,A,Lampone Zero 560ml,2200,2102,3265,1906,7,False
M01,2026-07-03 10:00:49,2026-07-03 10:28:51,Running,,A,Lampone Zero 560ml,2200,2023,1682,945,3,False
M01,2026-07-03 10:28:51,2026-07-03 11:03:10,Running,,A,Lampone Zero 560ml,2200,2041,2059,1167,4,False
M01,2026-07-03 11:03:10,2026-07-03 11:39:35,Running,,A,Lampone Zero 560ml,2200,2098,2185,1273,4,False
M01,2026-07-03 11:39:35,2026-07-03 12:07:36,Running,,A,Lampone Zero 560ml,2200,2043,1681,954,3,False
M01,2026-07-03 12:07:36,2026-07-03 12:32:19,Running,,A,Lampone Zero 560ml,2200,2027,1483,835,4,False
M01,2026-07-03 12:32:19,2026-07-03 13:29:36,Running,,A,Lampone Zero 560ml,2200,2092,3437,1997,8,False
M01,2026-07-03 13:29:36,2026-07-03 13:38:48,Stopped,Supplies,A,Lampone Zero 560ml,2200,0,552,0,0,False
M01,2026-07-03 13:38:48,2026-07-03 13:48:29,Stopped,External,A,Lampone Zero 560ml,2200,0,581,0,0,False
M01,2026-07-03 13:48:29,2026-07-03 13:57:03,Stopped,Buildup,A,Lampone Zero 560ml,2200,0,514,0,0,False
M01,2026-07-03 13:57:03,2026-07-03 14:00:00,Idle,,A,Lampone Zero 560ml,2200,0,177,0,0,False
M01,2026-07-03 14:00:00,2026-07-03 14:33:04,Stopped,Changeover,B,Arancia Rossa 500ml,2400,0,1984,0,0,True
M01,2026-07-03 14:33:04,2026-07-03 15:08:39,Running,,B,Arancia Rossa 500ml,2400,2217,2135,1315,5,False
M01,2026-07-03 15:08:39,2026-07-03 15:19:54,Stopped,Starvation,B,Arancia Rossa 500ml,2400,0,675,0,0,False
M01,2026-07-03 15:19:54,2026-07-03 15:47:03,Running,,B,Arancia Rossa 500ml,2400,2238,1629,1013,5,False
M01,2026-07-03 15:47:03,2026-07-03 16:30:55,Running,,B,Arancia Rossa 500ml,2400,2287,2632,1672,6,False
M01,2026-07-03 16:30:55,2026-07-03 17:19:53,Running,,B,Arancia Rossa 500ml,2400,2225,2938,1816,6,False
M01,2026-07-03 17:19:53,2026-07-03 18:07:49,Running,,B,Arancia Rossa 500ml,2400,2217,2876,1771,7,False
M01,2026-07-03 18:07:49,2026-07-03 18:56:33,Running,,B,Arancia Rossa 500ml,2400,2246,2924,1824,7,False
M01,2026-07-03 18:56:33,2026-07-03 19:17:33,Running,,B,Arancia Rossa 500ml,2400,2287,1260,800,3,False
M01,2026-07-03 19:17:33,2026-07-03 20:04:54,Running,,B,Arancia Rossa 500ml,2400,2229,2841,1759,6,False
M01,2026-07-03 20:04:54,2026-07-03 20:11:24,Stopped,Fault,B,Arancia Rossa 500ml,2400,0,390,0,0,False
M01,2026-07-03 20:11:24,2026-07-03 20:58:12,Running,,B,Arancia Rossa 500ml,2400,2225,2808,1736,8,False
M01,2026-07-03 20:58:12,2026-07-03 21:46:12,Running,,B,Arancia Rossa 500ml,2400,2212,2880,1770,6,False
M01,2026-07-03 21:46:12,2026-07-03 21:58:32,Idle,,B,Arancia Rossa 500ml,2400,0,740,0,0,False
M01,2026-07-03 21:58:32,2026-07-03 22:00:00,Idle,,B,Arancia Rossa 500ml,2400,0,88,0,0,False
M01,2026-07-03 22:00:00,2026-07-03 22:06:29,Stopped,Starvation,C,Arancia Rossa 500ml,2400,0,389,0,0,False
M01,2026-07-03 22:06:29,2026-07-03 22:32:00,Running,,C,Arancia Rossa 500ml,2400,2229,1531,948,4,False
M01,2026-07-03 22:32:00,2026-07-03 23:25:17,Running,,C,Arancia Rossa 500ml,2400,2253,3197,2001,9,False
M01,2026-07-03 23:25:17,2026-07-03 23:58:18,Running,,C,Arancia Rossa 500ml,2400,2273,1981,1251,6,False
M01,2026-07-03 23:58:18,2026-07-04 00:00:00,Idle,,C,Arancia Rossa 500ml,2400,0,102,0,0,False
M01,2026-07-04 00:00:00,2026-07-04 00:03:34,Stopped,Supplies,C,Arancia Rossa 500ml,2400,0,214,0,0,False
M01,2026-07-04 00:03:34,2026-07-04 00:53:25,Running,,C,Arancia Rossa 500ml,2400,2272,2991,1888,6,False
M01,2026-07-04 00:53:25,2026-07-04 01:33:52,Running,,C,Arancia Rossa 500ml,2400,2264,2427,1526,5,False
M01,2026-07-04 01:33:52,2026-07-04 02:17:24,Running,,C,Arancia Rossa 500ml,2400,2230,2612,1618,6,False
M01,2026-07-04 02:17:24,2026-07-04 02:45:56,Running,,C,Arancia Rossa 500ml,2400,2258,1712,1074,5,False
M01,2026-07-04 02:45:56,2026-07-04 02:58:28,Stopped,Starvation,C,Arancia Rossa 500ml,2400,0,752,0,0,False
M01,2026-07-04 02:58:28,2026-07-04 03:29:20,Running,,C,Arancia Rossa 500ml,2400,2262,1852,1164,4,False
M01,2026-07-04 03:29:20,2026-07-04 03:37:44,Stopped,External,C,Arancia Rossa 500ml,2400,0,504,0,0,False
M01,2026-07-04 03:37:44,2026-07-04 04:14:02,Running,,C,Arancia Rossa 500ml,2400,2257,2178,1365,6,False
M01,2026-07-04 04:14:02,2026-07-04 04:27:16,Idle,,C,Arancia Rossa 500ml,2400,0,794,0,0,False
M01,2026-07-04 04:27:16,2026-07-04 05:06:12,Running,,C,Arancia Rossa 500ml,2400,2196,2336,1425,5,False
M01,2026-07-04 05:06:12,2026-07-04 05:46:01,Running,,C,Arancia Rossa 500ml,2400,2264,2389,1502,6,False
M01,2026-07-04 05:46:01,2026-07-04 06:00:00,Running,,C,Arancia Rossa 500ml,2400,2213,839,516,2,False
M01,2026-07-04 06:00:00,2026-07-04 06:48:51,Running,,A,Arancia Rossa 500ml,2400,2201,2931,1792,8,False
M01,2026-07-04 06:48:51,2026-07-04 06:56:18,Idle,,A,Arancia Rossa 500ml,2400,0,447,0,0,False
M01,2026-07-04 06:56:18,2026-07-04 07:21:51,Running,,A,Arancia Rossa 500ml,2400,2212,1533,942,3,False
M01,2026-07-04 07:21:51,2026-07-04 07:51:15,Running,,A,Arancia Rossa 500ml,2400,2273,1764,1114,4,False
M01,2026-07-04 07:51:15,2026-07-04 08:38:26,Running,,A,Arancia Rossa 500ml,2400,2207,2831,1736,7,False
M01,2026-07-04 08:38:26,2026-07-04 09:28:39,Running,,A,Arancia Rossa 500ml,2400,2222,3013,1860,7,False
M01,2026-07-04 09:28:39,2026-07-04 09:54:32,Running,,A,Arancia Rossa 500ml,2400,2250,1553,971,3,False
M01,2026-07-04 09:54:32,2026-07-04 10:09:03,Idle,,A,Arancia Rossa 500ml,2400,0,871,0,0,False
M01,2026-07-04 10:09:03,2026-07-04 10:37:37,Running,,A,Arancia Rossa 500ml,2400,2259,1714,1076,4,False
M01,2026-07-04 10:37:37,2026-07-04 11:25:34,Running,,A,Arancia Rossa 500ml,2400,2206,2877,1763,7,False
M01,2026-07-04 11:25:34,2026-07-04 12:21:10,Running,,A,Arancia Rossa 500ml,2400,2238,3336,2074,9,False
M01,2026-07-04 12:21:10,2026-07-04 13:08:27,Running,,A,Arancia Rossa 500ml,2400,2255,2837,1777,8,False
M01,2026-07-04 13:08:27,2026-07-04 13:52:39,Running,,A,Arancia Rossa 500ml,2400,2215,2652,1632,7,False
M01,2026-07-04 13:52:39,2026-07-04 14:00:00,Running,,A,Arancia Rossa 500ml,2400,2226,441,273,1,False
M01,2026-07-04 14:00:00,2026-07-04 14:22:33,Stopped,Changeover,B,Lampone Zero 560ml,2200,0,1353,0,0,True
M01,2026-07-04 14:22:33,2026-07-04 14:43:23,Running,,B,Lampone Zero 560ml,2200,2049,1250,711,3,False
M01,2026-07-04 14:43:23,2026-07-04 14:53:28,Stopped,Operator,B,Lampone Zero 560ml,2200,0,605,0,0,False
M01,2026-07-04 14:53:28,2026-07-04 15:03:25,Stopped,Fault,B,Lampone Zero 560ml,2200,0,597,0,0,False
M01,2026-07-04 15:03:25,2026-07-04 15:36:20,Running,,B,Lampone Zero 560ml,2200,2091,1975,1147,5,False
M01,2026-07-04 15:36:20,2026-07-04 15:57:44,Running,,B,Lampone Zero 560ml,2200,2018,1284,720,3,False
M01,2026-07-04 15:57:44,2026-07-04 16:50:47,Running,,B,Lampone Zero 560ml,2200,2029,3183,1794,8,False
M01,2026-07-04 16:50:47,2026-07-04 17:37:43,Running,,B,Lampone Zero 560ml,2200,2047,2816,1601,5,False
M01,2026-07-04 17:37:43,2026-07-04 18:01:26,Running,,B,Lampone Zero 560ml,2200,2019,1423,798,3,False
M01,2026-07-04 18:01:26,2026-07-04 18:54:13,Running,,B,Lampone Zero 560ml,2200,2084,3167,1833,6,False
M01,2026-07-04 18:54:13,2026-07-04 19:46:08,Running,,B,Lampone Zero 560ml,2200,2076,3115,1796,7,False
M01,2026-07-04 19:46:08,2026-07-04 20:01:10,Stopped,Buildup,B,Lampone Zero 560ml,2200,0,902,0,0,False
M01,2026-07-04 20:01:10,2026-07-04 20:24:56,Running,,B,Lampone Zero 560ml,2200,2077,1426,823,3,False
M01,2026-07-04 20:24:56,2026-07-04 20:44:57,Running,,B,Lampone Zero 560ml,2200,2078,1201,693,3,False
M01,2026-07-04 20:44:57,2026-07-04 21:23:17,Running,,B,Lampone Zero 560ml,2200,2032,2300,1298,4,False
M01,2026-07-04 21:23:17,2026-07-04 21:51:54,Running,,B,Lampone Zero 560ml,2200,2022,1717,964,4,False
M01,2026-07-04 21:51:54,2026-07-04 21:57:22,Stopped,Starvation,B,Lampone Zero 560ml,2200,0,328,0,0,False
M01,2026-07-04 21:57:22,2026-07-04 22:00:00,Idle,,B,Lampone Zero 560ml,2200,0,158,0,0,False
M01,2026-07-04 22:00:00,2026-07-04 22:07:27,Stopped,Starvation,C,Lampone Zero 560ml,2200,0,447,0,0,False
M01,2026-07-04 22:07:27,2026-07-04 22:50:42,Running,,C,Lampone Zero 560ml,2200,2058,2595,1483,6,False
M01,2026-07-04 22:50:42,2026-07-04 23:38:28,Running,,C,Lampone Zero 560ml,2200,2082,2866,1658,6,False
M01,2026-07-04 23:38:28,2026-07-04 23:58:42,Running,,C,Lampone Zero 560ml,2200,2051,1214,692,3,False
M01,2026-07-04 23:58:42,2026-07-05 00:00:00,Idle,,C,Lampone Zero 560ml,2200,0,78,0,0,False
M01,2026-07-05 00:00:00,2026-07-05 00:07:49,Stopped,Starvation,C,Lampone Zero 560ml,2200,0,469,0,0,False
M01,2026-07-05 00:07:49,2026-07-05 00:44:59,Running,,C,Lampone Zero 560ml,2200,2061,2230,1277,5,False
M01,2026-07-05 00:44:59,2026-07-05 01:38:27,Running,,C,Lampone Zero 560ml,2200,2019,3208,1799,6,False
M01,2026-07-05 01:38:27,2026-07-05 01:48:59,Stopped,Starvation,C,Lampone Zero 560ml,2200,0,632,0,0,False
M01,2026-07-05 01:48:59,2026-07-05 02:17:39,Running,,C,Lampone Zero 560ml,2200,2072,1720,990,4,False
M01,2026-07-05 02:17:39,2026-07-05 02:42:49,Running,,C,Lampone Zero 560ml,2200,2029,1510,851,4,False
M01,2026-07-05 02:42:49,2026-07-05 02:50:19,Stopped,Supplies,C,Lampone Zero 560ml,2200,0,450,0,0,False
M01,2026-07-05 02:50:19,2026-07-05 02:59:06,Stopped,Buildup,C,Lampone Zero 560ml,2200,0,527,0,0,False
M01,2026-07-05 02:59:06,2026-07-05 03:53:09,Running,,C,Lampone Zero 560ml,2200,2056,3243,1852,6,False
M01,2026-07-05 03:53:09,2026-07-05 04:00:15,Stopped,Fault,C,Lampone Zero 560ml,2200,0,426,0,0,False
M01,2026-07-05 04:00:15,2026-07-05 04:26:57,Running,,C,Lampone Zero 560ml,2200,1997,1602,889,4,False
M01,2026-07-05 04:26:57,2026-07-05 05:21:13,Running,,C,Lampone Zero 560ml,2200,2007,3256,1815,7,False
M01,2026-07-05 05:21:13,2026-07-05 05:47:02,Running,,C,Lampone Zero 560ml,2200,2047,1549,881,3,False
M01,2026-07-05 05:47:02,2026-07-05 06:00:00,Running,,C,Lampone Zero 560ml,2200,2057,778,445,2,False
M01,2026-07-05 06:00:00,2026-07-05 06:33:38,Running,,A,Lampone Zero 560ml,2200,2037,2018,1142,4,False
M01,2026-07-05 06:33:38,2026-07-05 06:40:15,Stopped,Supplies,A,Lampone Zero 560ml,2200,0,397,0,0,False
M01,2026-07-05 06:40:15,2026-07-05 07:31:07,Running,,A,Lampone Zero 560ml,2200,2020,3052,1713,6,False
M01,2026-07-05 07:31:07,2026-07-05 07:52:30,Running,,A,Lampone Zero 560ml,2200,2004,1283,714,3,False
M01,2026-07-05 07:52:30,2026-07-05 08:44:51,Running,,A,Lampone Zero 560ml,2200,2004,3141,1748,8,False
M01,2026-07-05 08:44:51,2026-07-05 09:40:01,Running,,A,Lampone Zero 560ml,2200,1996,3310,1835,8,False
M01,2026-07-05 09:40:01,2026-07-05 10:26:11,Running,,A,Lampone Zero 560ml,2200,2001,2770,1540,5,False
M01,2026-07-05 10:26:11,2026-07-05 11:25:59,Running,,A,Lampone Zero 560ml,2200,1999,3588,1992,8,False
M01,2026-07-05 11:25:59,2026-07-05 11:32:04,Idle,,A,Lampone Zero 560ml,2200,0,365,0,0,False
M01,2026-07-05 11:32:04,2026-07-05 11:54:34,Running,,A,Lampone Zero 560ml,2200,2036,1350,764,3,False
M01,2026-07-05 11:54:34,2026-07-05 12:48:43,Running,,A,Lampone Zero 560ml,2200,2035,3249,1837,6,False
M01,2026-07-05 12:48:43,2026-07-05 12:51:33,Stopped,Fault,A,Lampone Zero 560ml,2200,0,170,0,0,False
M01,2026-07-05 12:51:33,2026-07-05 13:01:34,Stopped,Starvation,A,Lampone Zero 560ml,2200,0,601,0,0,False
M01,2026-07-05 13:01:34,2026-07-05 13:52:02,Running,,A,Lampone Zero 560ml,2200,2058,3028,1731,7,False
M01,2026-07-05 13:52:02,2026-07-05 13:57:46,Stopped,Operator,A,Lampone Zero 560ml,2200,0,344,0,0,False
M01,2026-07-05 13:57:46,2026-07-05 14:00:00,Idle,,A,Lampone Zero 560ml,2200,0,134,0,0,False
M01,2026-07-05 14:00:00,2026-07-05 14:20:55,Stopped,Changeover,B,Arancia Rossa 500ml,2400,0,1255,0,0,True
M01,2026-07-05 14:20:55,2026-07-05 14:53:44,Running,,B,Arancia Rossa 500ml,2400,2261,1969,1237,4,False
M01,2026-07-05 14:53:44,2026-07-05 15:24:28,Running,,B,Arancia Rossa 500ml,2400,2202,1844,1128,5,False
M01,2026-07-05 15:24:28,2026-07-05 16:13:21,Running,,B,Arancia Rossa 500ml,2400,2189,2933,1783,7,False
M01,2026-07-05 16:13:21,2026-07-05 16:33:51,Running,,B,Arancia Rossa 500ml,2400,2261,1230,773,3,False
M01,2026-07-05 16:33:51,2026-07-05 16:49:24,Idle,,B,Arancia Rossa 500ml,2400,0,933,0,0,False
M01,2026-07-05 16:49:24,2026-07-05 17:38:35,Running,,B,Arancia Rossa 500ml,2400,2237,2951,1834,8,False
M01,2026-07-05 17:38:35,2026-07-05 18:16:15,Running,,B,Arancia Rossa 500ml,2400,2195,2260,1378,5,False
M01,2026-07-05 18:16:15,2026-07-05 18:53:38,Running,,B,Arancia Rossa 500ml,2400,2177,2243,1356,5,False
M01,2026-07-05 18:53:38,2026-07-05 19:41:17,Running,,B,Arancia Rossa 500ml,2400,2176,2859,1728,7,False
M01,2026-07-05 19:41:17,2026-07-05 19:45:58,Stopped,External,B,Arancia Rossa 500ml,2400,0,281,0,0,False
M01,2026-07-05 19:45:58,2026-07-05 20:19:00,Running,,B,Arancia Rossa 500ml,2400,2244,1982,1235,4,False
M01,2026-07-05 20:19:00,2026-07-05 20:34:06,Stopped,Starvation,B,Arancia Rossa 500ml,2400,0,906,0,0,False
M01,2026-07-05 20:34:06,2026-07-05 21:26:14,Running,,B,Arancia Rossa 500ml,2400,2232,3128,1939,9,False
M01,2026-07-05 21:26:14,2026-07-05 21:35:16,Stopped,Starvation,B,Arancia Rossa 500ml,2400,0,542,0,0,False
M01,2026-07-05 21:35:16,2026-07-05 21:56:02,Running,,B,Arancia Rossa 500ml,2400,2207,1246,764,3,False
M01,2026-07-05 21:56:02,2026-07-05 22:00:00,Idle,,B,Arancia Rossa 500ml,2400,0,238,0,0,False
M01,2026-07-05 22:00:00,2026-07-05 22:10:44,Stopped,Starvation,C,Arancia Rossa 500ml,2400,0,644,0,0,False
M01,2026-07-05 22:10:44,2026-07-05 23:00:58,Running,,C,Arancia Rossa 500ml,2400,2252,3014,1885,8,False
M01,2026-07-05 23:00:58,2026-07-05 23:25:41,Running,,C,Arancia Rossa 500ml,2400,2256,1483,929,4,False
M01,2026-07-05 23:25:41,2026-07-05 23:51:10,Running,,C,Arancia Rossa 500ml,2400,2248,1529,955,3,False
M01,2026-07-05 23:51:10,2026-07-06 00:00:00,Running,,C,Arancia Rossa 500ml,2400,2234,530,329,1,False
M01,2026-07-06 00:00:00,2026-07-06 00:20:00,Running,,C,Arancia Rossa 500ml,2400,2203,1200,734,3,False
M01,2026-07-06 00:20:00,2026-07-06 01:19:14,Running,,C,Arancia Rossa 500ml,2400,2184,3554,2156,10,False
M01,2026-07-06 01:19:14,2026-07-06 01:54:32,Running,,C,Arancia Rossa 500ml,2400,2217,2118,1304,5,False
M01,2026-07-06 01:54:32,2026-07-06 02:52:29,Running,,C,Arancia Rossa 500ml,2400,2190,3477,2115,8,False
M01,2026-07-06 02:52:29,2026-07-06 02:57:30,Stopped,Starvation,C,Arancia Rossa 500ml,2400,0,301,0,0,False
M01,2026-07-06 02:57:30,2026-07-06 03:37:55,Running,,C,Arancia Rossa 500ml,2400,2202,2425,1483,5,False
M01,2026-07-06 03:37:55,2026-07-06 03:50:04,Stopped,Starvation,C,Arancia Rossa 500ml,2400,0,729,0,0,False
M01,2026-07-06 03:50:04,2026-07-06 04:29:10,Running,,C,Arancia Rossa 500ml,2400,2206,2346,1438,6,False
M01,2026-07-06 04:29:10,2026-07-06 04:38:12,Idle,,C,Arancia Rossa 500ml,2400,0,542,0,0,False
M01,2026-07-06 04:38:12,2026-07-06 04:50:08,Stopped,External,C,Arancia Rossa 500ml,2400,0,716,0,0,False
M01,2026-07-06 04:50:08,2026-07-06 05:37:18,Running,,C,Arancia Rossa 500ml,2400,2182,2830,1715,6,False
M01,2026-07-06 05:37:18,2026-07-06 05:41:33,Stopped,Buildup,C,Arancia Rossa 500ml,2400,0,255,0,0,False
M01,2026-07-06 05:41:33,2026-07-06 06:00:00,Running,,C,Arancia Rossa 500ml,2400,2230,1107,686,3,False
M01,2026-07-06 06:00:00,2026-07-06 06:02:11,Stopped,Starvation,A,Arancia Rossa 500ml,2400,0,131,0,0,False
M01,2026-07-06 06:02:11,2026-07-06 06:42:43,Running,,A,Arancia Rossa 500ml,2400,2237,2432,1511,6,False
M01,2026-07-06 06:42:43,2026-07-06 06:46:17,Stopped,External,A,Arancia Rossa 500ml,2400,0,214,0,0,False
M01,2026-07-06 06:46:17,2026-07-06 06:54:42,Stopped,Starvation,A,Arancia Rossa 500ml,2400,0,505,0,0,False
M01,2026-07-06 06:54:42,2026-07-06 07:03:56,Stopped,Operator,A,Arancia Rossa 500ml,2400,0,554,0,0,False
M01,2026-07-06 07:03:56,2026-07-06 08:01:49,Running,,A,Arancia Rossa 500ml,2400,2158,3473,2082,9,False
M01,2026-07-06 08:01:49,2026-07-06 08:19:11,Idle,,A,Arancia Rossa 500ml,2400,0,1042,0,0,False
M01,2026-07-06 08:19:11,2026-07-06 08:26:38,Stopped,Starvation,A,Arancia Rossa 500ml,2400,0,447,0,0,False
M01,2026-07-06 08:26:38,2026-07-06 08:35:58,Stopped,Starvation,A,Arancia Rossa 500ml,2400,0,560,0,0,False
M01,2026-07-06 08:35:58,2026-07-06 09:08:33,Running,,A,Arancia Rossa 500ml,2400,2214,1955,1202,5,False
M01,2026-07-06 09:08:33,2026-07-06 09:10:34,Stopped,Starvation,A,Arancia Rossa 500ml,2400,0,121,0,0,False
M01,2026-07-06 09:10:34,2026-07-06 09:29:27,Idle,,A,Arancia Rossa 500ml,2400,0,1133,0,0,False
M01,2026-07-06 09:29:27,2026-07-06 10:01:07,Running,,A,Arancia Rossa 500ml,2400,2237,1900,1181,4,False
M01,2026-07-06 10:01:07,2026-07-06 10:39:23,Running,,A,Arancia Rossa 500ml,2400,2207,2296,1408,5,False
M01,2026-07-06 10:39:23,2026-07-06 10:50:40,Stopped,Starvation,A,Arancia Rossa 500ml,2400,0,677,0,0,False
M01,2026-07-06 10:50:40,2026-07-06 11:32:11,Running,,A,Arancia Rossa 500ml,2400,2242,2491,1551,5,False
M01,2026-07-06 11:32:11,2026-07-06 12:00:34,Running,,A,Arancia Rossa 500ml,2400,2201,1703,1041,4,False
M01,2026-07-06 12:00:34,2026-07-06 12:35:42,Running,,A,Arancia Rossa 500ml,2400,2237,2108,1310,6,False
M01,2026-07-06 12:35:42,2026-07-06 13:22:08,Running,,A,Arancia Rossa 500ml,2400,2223,2786,1720,6,False
M01,2026-07-06 13:22:08,2026-07-06 13:34:32,Stopped,Buildup,A,Arancia Rossa 500ml,2400,0,744,0,0,False
M01,2026-07-06 13:34:32,2026-07-06 13:58:17,Running,,A,Arancia Rossa 500ml,2400,2225,1425,881,4,False
M01,2026-07-06 13:58:17,2026-07-06 14:00:00,Idle,,A,Arancia Rossa 500ml,2400,0,103,0,0,False
M01,2026-07-06 14:00:00,2026-07-06 14:36:33,Stopped,Changeover,B,Lampone Zero 560ml,2200,0,2193,0,0,True
M01,2026-07-06 14:36:33,2026-07-06 15:12:57,Running,,B,Lampone Zero 560ml,2200,2023,2184,1227,4,False
M01,2026-07-06 15:12:57,2026-07-06 15:42:59,Running,,B,Lampone Zero 560ml,2200,2048,1802,1025,3,False
M01,2026-07-06 15:42:59,2026-07-06 16:23:18,Running,,B,Lampone Zero 560ml,2200,1980,2419,1330,5,False
M01,2026-07-06 16:23:18,2026-07-06 17:08:58,Running,,B,Lampone Zero 560ml,2200,1986,2740,1512,5,False
M01,2026-07-06 17:08:58,2026-07-06 17:46:55,Running,,B,Lampone Zero 560ml,2200,1992,2277,1260,4,False
M01,2026-07-06 17:46:55,2026-07-06 18:44:30,Running,,B,Lampone Zero 560ml,2200,2024,3455,1942,7,False
M01,2026-07-06 18:44:30,2026-07-06 18:50:24,Idle,,B,Lampone Zero 560ml,2200,0,354,0,0,False
M01,2026-07-06 18:50:24,2026-07-06 18:56:32,Stopped,Starvation,B,Lampone Zero 560ml,2200,0,368,0,0,False
M01,2026-07-06 18:56:32,2026-07-06 19:02:03,Stopped,Operator,B,Lampone Zero 560ml,2200,0,331,0,0,False
M01,2026-07-06 19:02:03,2026-07-06 19:09:07,Stopped,Fault,B,Lampone Zero 560ml,2200,0,424,0,0,False
M01,2026-07-06 19:09:07,2026-07-06 19:17:48,Stopped,External,B,Lampone Zero 560ml,2200,0,521,0,0,False
M01,2026-07-06 19:17:48,2026-07-06 19:56:50,Running,,B,Lampone Zero 560ml,2200,2030,2342,1321,4,False
M01,2026-07-06 19:56:50,2026-07-06 20:05:05,Stopped,Starvation,B,Lampone Zero 560ml,2200,0,495,0,0,False
M01,2026-07-06 20:05:05,2026-07-06 20:43:37,Running,,B,Lampone Zero 560ml,2200,2020,2312,1297,5,False
M01,2026-07-06 20:43:37,2026-07-06 21:21:07,Running,,B,Lampone Zero 560ml,2200,1987,2250,1242,4,False
M01,2026-07-06 21:21:07,2026-07-06 21:25:57,Stopped,External,B,Lampone Zero 560ml,2200,0,290,0,0,False
M01,2026-07-06 21:25:57,2026-07-06 21:54:27,Running,,B,Lampone Zero 560ml,2200,2000,1710,950,4,False
M01,2026-07-06 21:54:27,2026-07-06 22:00:00,Running,,B,Lampone Zero 560ml,2200,1982,333,183,1,False
M01,2026-07-06 22:00:00,2026-07-06 22:22:12,Stopped,Changeover,C,Arancia Rossa 500ml,2400,0,1332,0,0,True
M01,2026-07-06 22:22:12,2026-07-06 22:59:53,Running,,C,Arancia Rossa 500ml,2400,2232,2261,1402,5,False
M01,2026-07-06 22:59:53,2026-07-06 23:06:40,Stopped,Buildup,C,Arancia Rossa 500ml,2400,0,407,0,0,False
M01,2026-07-06 23:06:40,2026-07-06 23:50:45,Running,,C,Arancia Rossa 500ml,2400,2194,2645,1612,7,False
M01,2026-07-06 23:50:45,2026-07-07 00:00:00,Running,,C,Arancia Rossa 500ml,2400,2186,555,337,1,False
M01,2026-07-07 00:00:00,2026-07-07 00:05:33,Stopped,Buildup,C,Arancia Rossa 500ml,2400,0,333,0,0,False
M01,2026-07-07 00:05:33,2026-07-07 00:11:10,Stopped,External,C,Arancia Rossa 500ml,2400,0,337,0,0,False
M01,2026-07-07 00:11:10,2026-07-07 00:16:25,Stopped,External,C,Arancia Rossa 500ml,2400,0,315,0,0,False
M01,2026-07-07 00:16:25,2026-07-07 01:13:24,Running,,C,Arancia Rossa 500ml,2400,2224,3419,2112,8,False
M01,2026-07-07 01:13:24,2026-07-07 01:28:01,Stopped,Starvation,C,Arancia Rossa 500ml,2400,0,877,0,0,False
M01,2026-07-07 01:28:01,2026-07-07 01:41:55,Stopped,Starvation,C,Arancia Rossa 500ml,2400,0,834,0,0,False
M01,2026-07-07 01:41:55,2026-07-07 02:22:35,Running,,C,Arancia Rossa 500ml,2400,2197,2440,1489,5,False
M01,2026-07-07 02:22:35,2026-07-07 03:19:19,Running,,C,Arancia Rossa 500ml,2400,2146,3404,2029,10,False
M01,2026-07-07 03:19:19,2026-07-07 03:25:49,Stopped,Fault,C,Arancia Rossa 500ml,2400,0,390,0,0,False
M01,2026-07-07 03:25:49,2026-07-07 03:31:35,Stopped,Operator,C,Arancia Rossa 500ml,2400,0,346,0,0,False
M01,2026-07-07 03:31:35,2026-07-07 04:30:46,Running,,C,Arancia Rossa 500ml,2400,2160,3551,2131,10,False
M01,2026-07-07 04:30:46,2026-07-07 05:16:45,Running,,C,Arancia Rossa 500ml,2400,2174,2759,1666,5,False
M01,2026-07-07 05:16:45,2026-07-07 05:54:11,Running,,C,Arancia Rossa 500ml,2400,2183,2246,1362,4,False
M01,2026-07-07 05:54:11,2026-07-07 05:59:25,Idle,,C,Arancia Rossa 500ml,2400,0,314,0,0,False
M01,2026-07-07 05:59:25,2026-07-07 06:00:00,Idle,,C,Arancia Rossa 500ml,2400,0,35,0,0,False
M01,2026-07-07 06:00:00,2026-07-07 06:37:36,Stopped,Changeover,A,Lampone Zero 560ml,2200,0,2256,0,0,True
M01,2026-07-07 06:37:36,2026-07-07 07:20:15,Running,,A,Lampone Zero 560ml,2200,2021,2559,1437,5,False
M01,2026-07-07 07:20:15,2026-07-07 07:59:29,Running,,A,Lampone Zero 560ml,2200,2040,2354,1334,6,False
M01,2026-07-07 07:59:29,2026-07-07 08:02:09,Stopped,Buildup,A,Lampone Zero 560ml,2200,0,160,0,0,False
M01,2026-07-07 08:02:09,2026-07-07 09:01:35,Running,,A,Lampone Zero 560ml,2200,2015,3566,1996,7,False
M01,2026-07-07 09:01:35,2026-07-07 09:31:09,Running,,A,Lampone Zero 560ml,2200,2030,1774,1000,4,False
M01,2026-07-07 09:31:09,2026-07-07 10:14:29,Running,,A,Lampone Zero 560ml,2200,1991,2600,1438,5,False
M01,2026-07-07 10:14:29,2026-07-07 10:22:02,Stopped,Fault,A,Lampone Zero 560ml,2200,0,453,0,0,False
M01,2026-07-07 10:22:02,2026-07-07 10:25:56,Stopped,Starvation,A,Lampone Zero 560ml,2200,0,234,0,0,False
M01,2026-07-07 10:25:56,2026-07-07 11:19:50,Running,,A,Lampone Zero 560ml,2200,1979,3234,1778,7,False
M01,2026-07-07 11:19:50,2026-07-07 11:28:21,Stopped,Operator,A,Lampone Zero 560ml,2200,0,511,0,0,False
M01,2026-07-07 11:28:21,2026-07-07 11:58:18,Running,,A,Lampone Zero 560ml,2200,2030,1797,1013,4,False
M01,2026-07-07 11:58:18,2026-07-07 12:05:19,Stopped,Starvation,A,Lampone Zero 560ml,2200,0,421,0,0,False
M01,2026-07-07 12:05:19,2026-07-07 12:44:30,Running,,A,Lampone Zero 560ml,2200,2003,2351,1308,5,False
M01,2026-07-07 12:44:30,2026-07-07 13:28:14,Running,,A,Lampone Zero 560ml,2200,1991,2624,1451,7,False
M01,2026-07-07 13:28:14,2026-07-07 13:59:48,Running,,A,Lampone Zero 560ml,2200,2002,1894,1053,4,False
M01,2026-07-07 13:59:48,2026-07-07 14:00:00,Idle,,A,Lampone Zero 560ml,2200,0,12,0,0,False
M01,2026-07-07 14:00:00,2026-07-07 14:22:57,Stopped,Changeover,B,Arancia Rossa 500ml,2400,0,1377,0,0,True
M01,2026-07-07 14:22:57,2026-07-07 14:29:43,Stopped,Starvation,B,Arancia Rossa 500ml,2400,0,406,0,0,False
M01,2026-07-07 14:29:43,2026-07-07 15:09:54,Running,,B,Arancia Rossa 500ml,2400,2220,2411,1487,6,False
M01,2026-07-07 15:09:54,2026-07-07 15:17:45,Stopped,Starvation,B,Arancia Rossa 500ml,2400,0,471,0,0,False
M01,2026-07-07 15:17:45,2026-07-07 16:10:34,Running,,B,Arancia Rossa 500ml,2400,2141,3169,1885,9,False
M01,2026-07-07 16:10:34,2026-07-07 16:15:55,Stopped,Starvation,B,Arancia Rossa 500ml,2400,0,321,0,0,False
M01,2026-07-07 16:15:55,2026-07-07 16:28:05,Idle,,B,Arancia Rossa 500ml,2400,0,730,0,0,False
M01,2026-07-07 16:28:05,2026-07-07 17:24:59,Running,,B,Arancia Rossa 500ml,2400,2155,3414,2044,7,False
M01,2026-07-07 17:24:59,2026-07-07 18:00:33,Running,,B,Arancia Rossa 500ml,2400,2210,2134,1310,5,False
M01,2026-07-07 18:00:33,2026-07-07 18:37:01,Running,,B,Arancia Rossa 500ml,2400,2192,2188,1332,6,False
M01,2026-07-07 18:37:01,2026-07-07 19:20:53,Running,,B,Arancia Rossa 500ml,2400,2181,2632,1595,7,False
M01,2026-07-07 19:20:53,2026-07-07 19:44:59,Running,,B,Arancia Rossa 500ml,2400,2175,1446,874,4,False
M01,2026-07-07 19:44:59,2026-07-07 20:14:31,Running,,B,Arancia Rossa 500ml,2400,2224,1772,1095,4,False
M01,2026-07-07 20:14:31,2026-07-07 21:08:14,Running,,B,Arancia Rossa 500ml,2400,2149,3223,1924,6,False
M01,2026-07-07 21:08:14,2026-07-07 21:38:57,Running,,B,Arancia Rossa 500ml,2400,2155,1843,1103,5,False
M01,2026-07-07 21:38:57,2026-07-07 21:59:11,Running,,B,Arancia Rossa 500ml,2400,2165,1214,730,3,False
M01,2026-07-07 21:59:11,2026-07-07 22:00:00,Idle,,B,Arancia Rossa 500ml,2400,0,49,0,0,False
M01,2026-07-07 22:00:00,2026-07-07 22:41:57,Running,,C,Arancia Rossa 500ml,2400,2185,2517,1528,7,False
M01,2026-07-07 22:41:57,2026-07-07 23:01:59,Running,,C,Arancia Rossa 500ml,2400,2216,1202,740,3,False
M01,2026-07-07 23:01:59,2026-07-07 23:06:07,Stopped,Starvation,C,Arancia Rossa 500ml,2400,0,248,0,0,False
M01,2026-07-07 23:06:07,2026-07-07 23:28:19,Running,,C,Arancia Rossa 500ml,2400,2165,1332,801,4,False
M01,2026-07-07 23:28:19,2026-07-07 23:56:01,Running,,C,Arancia Rossa 500ml,2400,2183,1662,1008,4,False
M01,2026-07-07 23:56:01,2026-07-08 00:00:00,Idle,,C,Arancia Rossa 500ml,2400,0,239,0,0,False
M01,2026-07-08 00:00:00,2026-07-08 00:11:59,Stopped,Buildup,C,Arancia Rossa 500ml,2400,0,719,0,0,False
M01,2026-07-08 00:11:59,2026-07-08 00:58:50,Running,,C,Arancia Rossa 500ml,2400,2162,2811,1688,8,False
M01,2026-07-08 00:58:50,2026-07-08 01:19:22,Running,,C,Arancia Rossa 500ml,2400,2143,1232,733,3,False
M01,2026-07-08 01:19:22,2026-07-08 02:01:06,Running,,C,Arancia Rossa 500ml,2400,2201,2504,1531,5,False
M01,2026-07-08 02:01:06,2026-07-08 02:28:20,Running,,C,Arancia Rossa 500ml,2400,2124,1634,964,4,False
M01,2026-07-08 02:28:20,2026-07-08 03:10:35,Running,,C,Arancia Rossa 500ml,2400,2121,2535,1494,7,False
M01,2026-07-08 03:10:35,2026-07-08 03:39:29,Running,,C,Arancia Rossa 500ml,2400,2183,1734,1051,4,False
M01,2026-07-08 03:39:29,2026-07-08 04:37:31,Running,,C,Arancia Rossa 500ml,2400,2171,3482,2100,8,False
M01,2026-07-08 04:37:31,2026-07-08 04:52:18,Stopped,Starvation,C,Arancia Rossa 500ml,2400,0,887,0,0,False
M01,2026-07-08 04:52:18,2026-07-08 05:50:42,Running,,C,Arancia Rossa 500ml,2400,2188,3504,2130,8,False
M01,2026-07-08 05:50:42,2026-07-08 05:58:15,Stopped,External,C,Arancia Rossa 500ml,2400,0,453,0,0,False
M01,2026-07-08 05:58:15,2026-07-08 06:00:00,Idle,,C,Arancia Rossa 500ml,2400,0,105,0,0,False
M01,2026-07-08 06:00:00,2026-07-08 06:28:05,Running,,A,Arancia Rossa 500ml,2400,2205,1685,1032,5,False
M01,2026-07-08 06:28:05,2026-07-08 07:22:45,Running,,A,Arancia Rossa 500ml,2400,2171,3280,1978,8,False
M01,2026-07-08 07:22:45,2026-07-08 08:01:24,Running,,A,Arancia Rossa 500ml,2400,2189,2319,1410,6,False
M01,2026-07-08 08:01:24,2026-07-08 08:16:09,Stopped,Operator,A,Arancia Rossa 500ml,2400,0,885,0,0,False
M01,2026-07-08 08:16:09,2026-07-08 08:51:32,Running,,A,Arancia Rossa 500ml,2400,2182,2123,1287,6,False
M01,2026-07-08 08:51:32,2026-07-08 09:27:00,Running,,A,Arancia Rossa 500ml,2400,2181,2128,1289,6,False
M01,2026-07-08 09:27:00,2026-07-08 10:23:31,Running,,A,Arancia Rossa 500ml,2400,2204,3391,2076,9,False
M01,2026-07-08 10:23:31,2026-07-08 10:34:22,Stopped,Operator,A,Arancia Rossa 500ml,2400,0,651,0,0,False
M01,2026-07-08 10:34:22,2026-07-08 11:34:09,Running,,A,Arancia Rossa 500ml,2400,2173,3587,2165,9,False
M01,2026-07-08 11:34:09,2026-07-08 12:14:53,Running,,A,Arancia Rossa 500ml,2400,2160,2444,1466,5,False
M01,2026-07-08 12:14:53,2026-07-08 12:35:50,Running,,A,Arancia Rossa 500ml,2400,2138,1257,747,3,False
M01,2026-07-08 12:35:50,2026-07-08 13:06:58,Running,,A,Arancia Rossa 500ml,2400,2153,1868,1117,4,False
M01,2026-07-08 13:06:58,2026-07-08 13:43:29,Running,,A,Arancia Rossa 500ml,2400,2193,2191,1335,6,False
M01,2026-07-08 13:43:29,2026-07-08 14:00:00,Running,,A,Arancia Rossa 500ml,2400,2129,991,586,2,False
M01,2026-07-08 14:00:00,2026-07-08 14:36:02,Stopped,Changeover,B,Lampone Zero 560ml,2200,0,2162,0,0,True
M01,2026-07-08 14:36:02,2026-07-08 14:41:52,Stopped,Fault,B,Lampone Zero 560ml,2200,0,350,0,0,False
M01,2026-07-08 14:41:52,2026-07-08 15:38:05,Running,,B,Lampone Zero 560ml,2200,1978,3373,1853,7,False
M01,2026-07-08 15:38:05,2026-07-08 16:14:48,Running,,B,Lampone Zero 560ml,2200,2013,2203,1232,6,False
M01,2026-07-08 16:14:48,2026-07-08 16:45:31,Running,,B,Lampone Zero 560ml,2200,1995,1843,1021,4,False
M01,2026-07-08 16:45:31,2026-07-08 17:21:00,Running,,B,Lampone Zero 560ml,2200,2002,2129,1184,6,False
M01,2026-07-08 17:21:00,2026-07-08 18:10:20,Running,,B,Lampone Zero 560ml,2200,1964,2960,1615,7,False
M01,2026-07-08 18:10:20,2026-07-08 18:54:39,Running,,B,Lampone Zero 560ml,2200,1977,2659,1460,6,False
M01,2026-07-08 18:54:39,2026-07-08 19:27:27,Running,,B,Lampone Zero 560ml,2200,1979,1968,1082,3,False
M01,2026-07-08 19:27:27,2026-07-08 19:50:04,Running,,B,Lampone Zero 560ml,2200,1966,1357,741,3,False
M01,2026-07-08 19:50:04,2026-07-08 20:46:16,Running,,B,Lampone Zero 560ml,2200,1963,3372,1839,9,False
M01,2026-07-08 20:46:16,2026-07-08 21:43:59,Running,,B,Lampone Zero 560ml,2200,2007,3463,1931,7,False
M01,2026-07-08 21:43:59,2026-07-08 21:46:49,Stopped,Starvation,B,Lampone Zero 560ml,2200,0,170,0,0,False
M01,2026-07-08 21:46:49,2026-07-08 22:00:00,Running,,B,Lampone Zero 560ml,2200,2002,791,440,2,False
M01,2026-07-08 22:00:00,2026-07-08 22:29:23,Stopped,Changeover,C,Arancia Rossa 500ml,2400,0,1763,0,0,True
M01,2026-07-08 22:29:23,2026-07-08 23:20:27,Running,,C,Arancia Rossa 500ml,2400,2147,3064,1827,6,False
M01,2026-07-08 23:20:27,2026-07-08 23:43:23,Running,,C,Arancia Rossa 500ml,2400,2131,1376,815,3,False
M01,2026-07-08 23:43:23,2026-07-09 00:00:00,Running,,C,Arancia Rossa 500ml,2400,2130,997,590,2,False
M01,2026-07-09 00:00:00,2026-07-09 00:12:36,Stopped,External,C,Arancia Rossa 500ml,2400,0,756,0,0,False
M01,2026-07-09 00:12:36,2026-07-09 00:31:38,Idle,,C,Arancia Rossa 500ml,2400,0,1142,0,0,False
M01,2026-07-09 00:31:38,2026-07-09 01:19:23,Running,,C,Arancia Rossa 500ml,2400,2179,2865,1734,7,False
M01,2026-07-09 01:19:23,2026-07-09 01:52:33,Running,,C,Arancia Rossa 500ml,2400,2101,1990,1161,6,False
M01,2026-07-09 01:52:33,2026-07-09 02:19:36,Running,,C,Arancia Rossa 500ml,2400,2135,1623,963,4,False
M01,2026-07-09 02:19:36,2026-07-09 03:07:43,Running,,C,Arancia Rossa 500ml,2400,2165,2887,1736,7,False
M01,2026-07-09 03:07:43,2026-07-09 03:17:00,Stopped,Fault,C,Arancia Rossa 500ml,2400,0,557,0,0,False
M01,2026-07-09 03:17:00,2026-07-09 03:50:27,Running,,C,Arancia Rossa 500ml,2400,2179,2007,1215,4,False
M01,2026-07-09 03:50:27,2026-07-09 04:44:17,Running,,C,Arancia Rossa 500ml,2400,2120,3230,1902,8,False
M01,2026-07-09 04:44:17,2026-07-09 05:38:28,Running,,C,Arancia Rossa 500ml,2400,2144,3251,1936,7,False
M01,2026-07-09 05:38:28,2026-07-09 05:59:31,Running,,C,Arancia Rossa 500ml,2400,2169,1263,761,4,False
M01,2026-07-09 05:59:31,2026-07-09 06:00:00,Idle,,C,Arancia Rossa 500ml,2400,0,29,0,0,False
M01,2026-07-09 06:00:00,2026-07-09 06:15:32,Stopped,Changeover,A,Lampone Zero 560ml,2200,0,932,0,0,True
M01,2026-07-09 06:15:32,2026-07-09 07:12:28,Running,,A,Lampone Zero 560ml,2200,1942,3416,1843,8,False
M01,2026-07-09 07:12:28,2026-07-09 07:37:47,Running,,A,Lampone Zero 560ml,2200,1967,1519,830,4,False
M01,2026-07-09 07:37:47,2026-07-09 07:42:58,Idle,,A,Lampone Zero 560ml,2200,0,311,0,0,False
M01,2026-07-09 07:42:58,2026-07-09 07:57:55,Stopped,Fault,A,Lampone Zero 560ml,2200,0,897,0,0,False
M01,2026-07-09 07:57:55,2026-07-09 08:39:15,Running,,A,Lampone Zero 560ml,2200,2002,2480,1379,6,False
M01,2026-07-09 08:39:15,2026-07-09 09:28:23,Running,,A,Lampone Zero 560ml,2200,1972,2948,1615,5,False
M01,2026-07-09 09:28:23,2026-07-09 09:31:48,Stopped,Operator,A,Lampone Zero 560ml,2200,0,205,0,0,False
M01,2026-07-09 09:31:48,2026-07-09 10:07:30,Running,,A,Lampone Zero 560ml,2200,2001,2142,1191,5,False
M01,2026-07-09 10:07:30,2026-07-09 10:29:33,Running,,A,Lampone Zero 560ml,2200,1988,1323,731,3,False
M01,2026-07-09 10:29:33,2026-07-09 10:33:50,Stopped,Starvation,A,Lampone Zero 560ml,2200,0,257,0,0,False
M01,2026-07-09 10:33:50,2026-07-09 11:10:50,Running,,A,Lampone Zero 560ml,2200,1929,2220,1190,4,False
M01,2026-07-09 11:10:50,2026-07-09 11:17:17,Stopped,Starvation,A,Lampone Zero 560ml,2200,0,387,0,0,False
M01,2026-07-09 11:17:17,2026-07-09 11:27:03,Stopped,Starvation,A,Lampone Zero 560ml,2200,0,586,0,0,False
M01,2026-07-09 11:27:03,2026-07-09 12:14:38,Running,,A,Lampone Zero 560ml,2200,1933,2855,1533,6,False
M01,2026-07-09 12:14:38,2026-07-09 12:30:08,Idle,,A,Lampone Zero 560ml,2200,0,930,0,0,False
M01,2026-07-09 12:30:08,2026-07-09 12:39:51,Idle,,A,Lampone Zero 560ml,2200,0,583,0,0,False
M01,2026-07-09 12:39:51,2026-07-09 12:48:15,Stopped,Starvation,A,Lampone Zero 560ml,2200,0,504,0,0,False
M01,2026-07-09 12:48:15,2026-07-09 13:40:30,Running,,A,Lampone Zero 560ml,2200,1972,3135,1717,7,False
M01,2026-07-09 13:40:30,2026-07-09 14:00:00,Running,,A,Lampone Zero 560ml,2200,1991,1170,647,2,False
M01,2026-07-09 14:00:00,2026-07-09 14:39:43,Stopped,Changeover,B,Arancia Rossa 500ml,2400,0,2383,0,0,True
M01,2026-07-09 14:39:43,2026-07-09 14:55:12,Stopped,Starvation,B,Arancia Rossa 500ml,2400,0,929,0,0,False
M01,2026-07-09 14:55:12,2026-07-09 15:09:50,Stopped,Fault,B,Arancia Rossa 500ml,2400,0,878,0,0,False
M01,2026-07-09 15:09:50,2026-07-09 15:34:17,Running,,B,Arancia Rossa 500ml,2400,2132,1467,869,4,False
M01,2026-07-09 15:34:17,2026-07-09 15:45:38,Stopped,External,B,Arancia Rossa 500ml,2400,0,681,0,0,False
M01,2026-07-09 15:45:38,2026-07-09 15:55:45,Idle,,B,Arancia Rossa 500ml,2400,0,607,0,0,False
M01,2026-07-09 15:55:45,2026-07-09 16:09:21,Stopped,Fault,B,Arancia Rossa 500ml,2400,0,816,0,0,False
M01,2026-07-09 16:09:21,2026-07-09 16:46:16,Running,,B,Arancia Rossa 500ml,2400,2154,2215,1325,4,False
M01,2026-07-09 16:46:16,2026-07-09 17:17:05,Running,,B,Arancia Rossa 500ml,2400,2183,1849,1121,4,False
M01,2026-07-09 17:17:05,2026-07-09 17:24:48,Stopped,External,B,Arancia Rossa 500ml,2400,0,463,0,0,False
M01,2026-07-09 17:24:48,2026-07-09 18:23:32,Running,,B,Arancia Rossa 500ml,2400,2145,3524,2100,8,False
M01,2026-07-09 18:23:32,2026-07-09 18:59:11,Running,,B,Arancia Rossa 500ml,2400,2155,2139,1280,5,False
M01,2026-07-09 18:59:11,2026-07-09 19:47:14,Running,,B,Arancia Rossa 500ml,2400,2115,2883,1694,8,False
M01,2026-07-09 19:47:14,2026-07-09 20:42:46,Running,,B,Arancia Rossa 500ml,2400,2179,3332,2017,8,False
M01,2026-07-09 20:42:46,2026-07-09 21:17:28,Running,,B,Arancia Rossa 500ml,2400,2171,2082,1256,5,False
M01,2026-07-09 21:17:28,2026-07-09 21:56:47,Running,,B,Arancia Rossa 500ml,2400,2153,2359,1411,5,False
M01,2026-07-09 21:56:47,2026-07-09 22:00:00,Idle,,B,Arancia Rossa 500ml,2400,0,193,0,0,False
M01,2026-07-09 22:00:00,2026-07-09 22:29:24,Running,,C,Arancia Rossa 500ml,2400,2108,1764,1033,5,False
M01,2026-07-09 22:29:24,2026-07-09 22:36:02,Stopped,Starvation,C,Arancia Rossa 500ml,2400,0,398,0,0,False
M01,2026-07-09 22:36:02,2026-07-09 22:39:40,Stopped,External,C,Arancia Rossa 500ml,2400,0,218,0,0,False
M01,2026-07-09 22:39:40,2026-07-09 22:45:05,Idle,,C,Arancia Rossa 500ml,2400,0,325,0,0,False
M01,2026-07-09 22:45:05,2026-07-09 23:33:03,Running,,C,Arancia Rossa 500ml,2400,2142,2878,1712,7,False
M01,2026-07-09 23:33:03,2026-07-09 23:46:20,Stopped,Starvation,C,Arancia Rossa 500ml,2400,0,797,0,0,False
M01,2026-07-09 23:46:20,2026-07-10 00:00:00,Running,,C,Arancia Rossa 500ml,2400,2172,820,495,2,False
M01,2026-07-10 00:00:00,2026-07-10 00:30:44,Running,,C,Arancia Rossa 500ml,2400,2137,1844,1095,4,False
M01,2026-07-10 00:30:44,2026-07-10 00:40:56,Stopped,External,C,Arancia Rossa 500ml,2400,0,612,0,0,False
M01,2026-07-10 00:40:56,2026-07-10 01:17:40,Running,,C,Arancia Rossa 500ml,2400,2110,2204,1292,6,False
M01,2026-07-10 01:17:40,2026-07-10 01:23:27,Stopped,Starvation,C,Arancia Rossa 500ml,2400,0,347,0,0,False
M01,2026-07-10 01:23:27,2026-07-10 02:17:35,Running,,C,Arancia Rossa 500ml,2400,2143,3248,1933,7,False
M01,2026-07-10 02:17:35,2026-07-10 02:51:38,Running,,C,Arancia Rossa 500ml,2400,2094,2043,1188,6,False
M01,2026-07-10 02:51:38,2026-07-10 03:16:24,Running,,C,Arancia Rossa 500ml,2400,2133,1486,880,4,False
M01,2026-07-10 03:16:24,2026-07-10 03:29:32,Idle,,C,Arancia Rossa 500ml,2400,0,788,0,0,False
M01,2026-07-10 03:29:32,2026-07-10 04:14:22,Running,,C,Arancia Rossa 500ml,2400,2110,2690,1577,7,False
M01,2026-07-10 04:14:22,2026-07-10 04:52:07,Running,,C,Arancia Rossa 500ml,2400,2138,2265,1345,6,False
M01,2026-07-10 04:52:07,2026-07-10 05:08:06,Stopped,External,C,Arancia Rossa 500ml,2400,0,959,0,0,False
M01,2026-07-10 05:08:06,2026-07-10 05:31:40,Running,,C,Arancia Rossa 500ml,2400,2147,1414,843,4,False
M01,2026-07-10 05:31:40,2026-07-10 05:59:18,Running,,C,Arancia Rossa 500ml,2400,2098,1658,966,4,False
M01,2026-07-10 05:59:18,2026-07-10 06:00:00,Idle,,C,Arancia Rossa 500ml,2400,0,42,0,0,False
M01,2026-07-10 06:00:00,2026-07-10 06:09:08,Stopped,External,A,Arancia Rossa 500ml,2400,0,548,0,0,False
M01,2026-07-10 06:09:08,2026-07-10 06:27:18,Idle,,A,Arancia Rossa 500ml,2400,0,1090,0,0,False
M01,2026-07-10 06:27:18,2026-07-10 07:08:52,Running,,A,Arancia Rossa 500ml,2400,2127,2494,1474,5,False
M01,2026-07-10 07:08:52,2026-07-10 07:32:38,Running,,A,Arancia Rossa 500ml,2400,2120,1426,840,4,False
M01,2026-07-10 07:32:38,2026-07-10 07:42:09,Stopped,Buildup,A,Arancia Rossa 500ml,2400,0,571,0,0,False
M01,2026-07-10 07:42:09,2026-07-10 08:13:55,Running,,A,Arancia Rossa 500ml,2400,2136,1906,1131,4,False
M01,2026-07-10 08:13:55,2026-07-10 08:51:43,Running,,A,Arancia Rossa 500ml,2400,2158,2268,1360,6,False
M01,2026-07-10 08:51:43,2026-07-10 08:58:08,Stopped,Operator,A,Arancia Rossa 500ml,2400,0,385,0,0,False
M01,2026-07-10 08:58:08,2026-07-10 09:21:49,Running,,A,Arancia Rossa 500ml,2400,2087,1421,824,4,False
M01,2026-07-10 09:21:49,2026-07-10 09:36:50,Stopped,Buildup,A,Arancia Rossa 500ml,2400,0,901,0,0,False
M01,2026-07-10 09:36:50,2026-07-10 10:16:22,Running,,A,Arancia Rossa 500ml,2400,2141,2372,1411,5,False
M01,2026-07-10 10:16:22,2026-07-10 10:29:21,Stopped,Starvation,A,Arancia Rossa 500ml,2400,0,779,0,0,False
M01,2026-07-10 10:29:21,2026-07-10 10:57:11,Running,,A,Arancia Rossa 500ml,2400,2119,1670,983,5,False
M01,2026-07-10 10:57:11,2026-07-10 11:42:19,Running,,A,Arancia Rossa 500ml,2400,2136,2708,1607,6,False
M01,2026-07-10 11:42:19,2026-07-10 12:16:44,Running,,A,Arancia Rossa 500ml,2400,2140,2065,1228,5,False
M01,2026-07-10 12:16:44,2026-07-10 12:33:51,Idle,,A,Arancia Rossa 500ml,2400,0,1027,0,0,False
M01,2026-07-10 12:33:51,2026-07-10 12:54:50,Running,,A,Arancia Rossa 500ml,2400,2116,1259,740,3,False
M01,2026-07-10 12:54:50,2026-07-10 13:40:30,Running,,A,Arancia Rossa 500ml,2400,2160,2740,1644,7,False
M01,2026-07-10 13:40:30,2026-07-10 14:00:00,Running,,A,Arancia Rossa 500ml,2400,2089,1170,679,3,False
M01,2026-07-10 14:00:00,2026-07-10 14:28:39,Stopped,Changeover,B,Lampone Zero 560ml,2200,0,1719,0,0,True
M01,2026-07-10 14:28:39,2026-07-10 14:55:13,Running,,B,Lampone Zero 560ml,2200,1923,1594,851,3,False
M01,2026-07-10 14:55:13,2026-07-10 15:00:49,Stopped,Fault,B,Lampone Zero 560ml,2200,0,336,0,0,False
M01,2026-07-10 15:00:49,2026-07-10 15:30:20,Running,,B,Lampone Zero 560ml,2200,1982,1771,975,4,False
M01,2026-07-10 15:30:20,2026-07-10 15:43:43,Stopped,Fault,B,Lampone Zero 560ml,2200,0,803,0,0,False
M01,2026-07-10 15:43:43,2026-07-10 16:05:33,Running,,B,Lampone Zero 560ml,2200,1925,1310,700,3,False
M01,2026-07-10 16:05:33,2026-07-10 16:32:19,Running,,B,Lampone Zero 560ml,2200,1966,1606,877,3,False
M01,2026-07-10 16:32:19,2026-07-10 16:35:02,Stopped,Starvation,B,Lampone Zero 560ml,2200,0,163,0,0,False
M01,2026-07-10 16:35:02,2026-07-10 17:07:29,Running,,B,Lampone Zero 560ml,2200,1926,1947,1042,5,False
M01,2026-07-10 17:07:29,2026-07-10 17:43:57,Running,,B,Lampone Zero 560ml,2200,1932,2188,1174,5,False
M01,2026-07-10 17:43:57,2026-07-10 18:15:05,Running,,B,Lampone Zero 560ml,2200,1973,1868,1024,5,False
M01,2026-07-10 18:15:05,2026-07-10 19:11:15,Running,,B,Lampone Zero 560ml,2200,1928,3370,1805,7,False
M01,2026-07-10 19:11:15,2026-07-10 19:26:05,Stopped,Buildup,B,Lampone Zero 560ml,2200,0,890,0,0,False
M01,2026-07-10 19:26:05,2026-07-10 20:19:47,Running,,B,Lampone Zero 560ml,2200,1920,3222,1718,6,False
M01,2026-07-10 20:19:47,2026-07-10 20:27:32,Stopped,Fault,B,Lampone Zero 560ml,2200,0,465,0,0,False
M01,2026-07-10 20:27:32,2026-07-10 20:37:47,Stopped,Starvation,B,Lampone Zero 560ml,2200,0,615,0,0,False
M01,2026-07-10 20:37:47,2026-07-10 20:45:17,Stopped,Starvation,B,Lampone Zero 560ml,2200,0,450,0,0,False
M01,2026-07-10 20:45:17,2026-07-10 21:33:48,Running,,B,Lampone Zero 560ml,2200,1950,2911,1577,6,False
M01,2026-07-10 21:33:48,2026-07-10 21:44:40,Stopped,Buildup,B,Lampone Zero 560ml,2200,0,652,0,0,False
M01,2026-07-10 21:44:40,2026-07-10 21:50:32,Stopped,External,B,Lampone Zero 560ml,2200,0,352,0,0,False
M01,2026-07-10 21:50:32,2026-07-10 22:00:00,Running,,B,Lampone Zero 560ml,2200,1945,568,307,1,False
M01,2026-07-10 22:00:00,2026-07-10 22:05:50,Stopped,External,C,Lampone Zero 560ml,2200,0,350,0,0,False
M01,2026-07-10 22:05:50,2026-07-10 22:20:25,Stopped,Fault,C,Lampone Zero 560ml,2200,0,875,0,0,False
M01,2026-07-10 22:20:25,2026-07-10 23:02:01,Running,,C,Lampone Zero 560ml,2200,1950,2496,1352,5,False
M01,2026-07-10 23:02:01,2026-07-10 23:45:32,Running,,C,Lampone Zero 560ml,2200,1952,2611,1416,6,False
M01,2026-07-10 23:45:32,2026-07-10 23:57:01,Stopped,Starvation,C,Lampone Zero 560ml,2200,0,689,0,0,False
M01,2026-07-10 23:57:01,2026-07-11 00:00:00,Idle,,C,Lampone Zero 560ml,2200,0,179,0,0,False
M01,2026-07-11 00:00:00,2026-07-11 00:29:55,Running,,C,Lampone Zero 560ml,2200,1946,1795,970,5,False
M01,2026-07-11 00:29:55,2026-07-11 00:57:56,Running,,C,Lampone Zero 560ml,2200,1952,1681,911,4,False
M01,2026-07-11 00:57:56,2026-07-11 01:22:42,Running,,C,Lampone Zero 560ml,2200,1945,1486,803,3,False
M01,2026-07-11 01:22:42,2026-07-11 02:19:44,Running,,C,Lampone Zero 560ml,2200,1928,3422,1833,8,False
M01,2026-07-11 02:19:44,2026-07-11 02:33:28,Stopped,External,C,Lampone Zero 560ml,2200,0,824,0,0,False
M01,2026-07-11 02:33:28,2026-07-11 02:48:06,Stopped,Starvation,C,Lampone Zero 560ml,2200,0,878,0,0,False
M01,2026-07-11 02:48:06,2026-07-11 03:11:12,Running,,C,Lampone Zero 560ml,2200,1926,1386,742,3,False
M01,2026-07-11 03:11:12,2026-07-11 04:08:38,Running,,C,Lampone Zero 560ml,2200,1953,3446,1869,9,False
M01,2026-07-11 04:08:38,2026-07-11 04:25:22,Idle,,C,Lampone Zero 560ml,2200,0,1004,0,0,False
M01,2026-07-11 04:25:22,2026-07-11 05:24:57,Running,,C,Lampone Zero 560ml,2200,1956,3575,1942,8,False
M01,2026-07-11 05:24:57,2026-07-11 05:55:08,Running,,C,Lampone Zero 560ml,2200,1940,1811,976,4,False
M01,2026-07-11 05:55:08,2026-07-11 06:00:00,Idle,,C,Lampone Zero 560ml,2200,0,292,0,0,False
M01,2026-07-11 06:00:00,2026-07-11 06:39:07,Running,,A,Lampone Zero 560ml,2200,1924,2347,1254,4,False
M01,2026-07-11 06:39:07,2026-07-11 07:14:45,Running,,A,Lampone Zero 560ml,2200,1937,2138,1150,5,False
M01,2026-07-11 07:14:45,2026-07-11 07:52:49,Running,,A,Lampone Zero 560ml,2200,1904,2284,1208,4,False
M01,2026-07-11 07:52:49,2026-07-11 08:09:19,Stopped,Starvation,A,Lampone Zero 560ml,2200,0,990,0,0,False
M01,2026-07-11 08:09:19,2026-07-11 08:15:23,Stopped,External,A,Lampone Zero 560ml,2200,0,364,0,0,False
M01,2026-07-11 08:15:23,2026-07-11 08:43:42,Running,,A,Lampone Zero 560ml,2200,1899,1699,896,4,False
M01,2026-07-11 08:43:42,2026-07-11 09:30:47,Running,,A,Lampone Zero 560ml,2200,1956,2825,1535,5,False
M01,2026-07-11 09:30:47,2026-07-11 10:06:31,Running,,A,Lampone Zero 560ml,2200,1897,2144,1130,5,False
M01,2026-07-11 10:06:31,2026-07-11 10:25:13,Idle,,A,Lampone Zero 560ml,2200,0,1122,0,0,False
M01,2026-07-11 10:25:13,2026-07-11 11:08:35,Running,,A,Lampone Zero 560ml,2200,1965,2602,1420,6,False
M01,2026-07-11 11:08:35,2026-07-11 11:34:19,Running,,A,Lampone Zero 560ml,2200,1946,1544,835,4,False
M01,2026-07-11 11:34:19,2026-07-11 11:48:37,Stopped,Fault,A,Lampone Zero 560ml,2200,0,858,0,0,False
M01,2026-07-11 11:48:37,2026-07-11 12:43:37,Running,,A,Lampone Zero 560ml,2200,1921,3300,1761,6,False
M01,2026-07-11 12:43:37,2026-07-11 13:40:34,Running,,A,Lampone Zero 560ml,2200,1948,3417,1849,8,False
M01,2026-07-11 13:40:34,2026-07-11 13:58:01,Idle,,A,Lampone Zero 560ml,2200,0,1047,0,0,False
M01,2026-07-11 13:58:01,2026-07-11 14:00:00,Idle,,A,Lampone Zero 560ml,2200,0,119,0,0,False
M01,2026-07-11 14:00:00,2026-07-11 14:38:59,Stopped,Changeover,B,Arancia Rossa 500ml,2400,0,2339,0,0,True
M01,2026-07-11 14:38:59,2026-07-11 14:43:40,Stopped,Buildup,B,Arancia Rossa 500ml,2400,0,281,0,0,False
M01,2026-07-11 14:43:40,2026-07-11 15:14:14,Running,,B,Arancia Rossa 500ml,2400,2067,1834,1053,4,False
M01,2026-07-11 15:14:14,2026-07-11 16:11:32,Running,,B,Arancia Rossa 500ml,2400,2071,3438,1978,9,False
M01,2026-07-11 16:11:32,2026-07-11 16:49:51,Running,,B,Arancia Rossa 500ml,2400,2139,2299,1366,5,False
M01,2026-07-11 16:49:51,2026-07-11 17:11:57,Running,,B,Arancia Rossa 500ml,2400,2142,1326,789,3,False
M01,2026-07-11 17:11:57,2026-07-11 17:40:51,Running,,B,Arancia Rossa 500ml,2400,2067,1734,996,4,False
M01,2026-07-11 17:40:51,2026-07-11 18:35:48,Running,,B,Arancia Rossa 500ml,2400,2067,3297,1893,8,False
M01,2026-07-11 18:35:48,2026-07-11 18:50:53,Stopped,Starvation,B,Arancia Rossa 500ml,2400,0,905,0,0,False
M01,2026-07-11 18:50:53,2026-07-11 19:30:34,Running,,B,Arancia Rossa 500ml,2400,2140,2381,1415,5,False
M01,2026-07-11 19:30:34,2026-07-11 20:17:55,Running,,B,Arancia Rossa 500ml,2400,2142,2841,1690,6,False
M01,2026-07-11 20:17:55,2026-07-11 20:43:58,Running,,B,Arancia Rossa 500ml,2400,2112,1563,917,3,False
M01,2026-07-11 20:43:58,2026-07-11 21:42:48,Running,,B,Arancia Rossa 500ml,2400,2101,3530,2060,8,False
M01,2026-07-11 21:42:48,2026-07-11 22:00:00,Running,,B,Arancia Rossa 500ml,2400,2122,1032,608,2,False
M01,2026-07-11 22:00:00,2026-07-11 22:47:15,Running,,C,Arancia Rossa 500ml,2400,2138,2835,1684,8,False
M01,2026-07-11 22:47:15,2026-07-11 23:28:53,Running,,C,Arancia Rossa 500ml,2400,2120,2498,1471,7,False
M01,2026-07-11 23:28:53,2026-07-11 23:56:40,Running,,C,Arancia Rossa 500ml,2400,2070,1667,959,4,False
M01,2026-07-11 23:56:40,2026-07-12 00:00:00,Idle,,C,Arancia Rossa 500ml,2400,0,200,0,0,False
M01,2026-07-12 00:00:00,2026-07-12 00:22:25,Running,,C,Arancia Rossa 500ml,2400,2130,1345,796,3,False
M01,2026-07-12 00:22:25,2026-07-12 01:11:48,Running,,C,Arancia Rossa 500ml,2400,2098,2963,1727,6,False
M01,2026-07-12 01:11:48,2026-07-12 01:50:14,Running,,C,Arancia Rossa 500ml,2400,2100,2306,1345,6,False
M01,2026-07-12 01:50:14,2026-07-12 01:54:04,Stopped,Starvation,C,Arancia Rossa 500ml,2400,0,230,0,0,False
M01,2026-07-12 01:54:04,2026-07-12 02:44:43,Running,,C,Arancia Rossa 500ml,2400,2135,3039,1802,8,False
M01,2026-07-12 02:44:43,2026-07-12 03:06:57,Running,,C,Arancia Rossa 500ml,2400,2092,1334,775,4,False
M01,2026-07-12 03:06:57,2026-07-12 04:05:39,Running,,C,Arancia Rossa 500ml,2400,2124,3522,2078,7,False
M01,2026-07-12 04:05:39,2026-07-12 04:39:18,Running,,C,Arancia Rossa 500ml,2400,2122,2019,1190,5,False
M01,2026-07-12 04:39:18,2026-07-12 04:49:17,Stopped,Buildup,C,Arancia Rossa 500ml,2400,0,599,0,0,False
M01,2026-07-12 04:49:17,2026-07-12 05:44:11,Running,,C,Arancia Rossa 500ml,2400,2097,3294,1919,6,False
M01,2026-07-12 05:44:11,2026-07-12 06:00:00,Running,,C,Arancia Rossa 500ml,2400,2098,949,553,3,False
M01,2026-07-12 06:00:00,2026-07-12 06:09:04,Stopped,Buildup,A,Arancia Rossa 500ml,2400,0,544,0,0,False
M01,2026-07-12 06:09:04,2026-07-12 06:40:17,Running,,A,Arancia Rossa 500ml,2400,2135,1873,1111,4,False
M01,2026-07-12 06:40:17,2026-07-12 06:50:52,Stopped,External,A,Arancia Rossa 500ml,2400,0,635,0,0,False
M01,2026-07-12 06:50:52,2026-07-12 07:01:54,Stopped,Starvation,A,Arancia Rossa 500ml,2400,0,662,0,0,False
M01,2026-07-12 07:01:54,2026-07-12 07:25:20,Running,,A,Arancia Rossa 500ml,2400,2081,1406,813,3,False
M01,2026-07-12 07:25:20,2026-07-12 08:11:42,Running,,A,Arancia Rossa 500ml,2400,2100,2782,1623,7,False
M01,2026-07-12 08:11:42,2026-07-12 08:40:03,Running,,A,Arancia Rossa 500ml,2400,2123,1701,1003,4,False
M01,2026-07-12 08:40:03,2026-07-12 08:52:22,Stopped,Buildup,A,Arancia Rossa 500ml,2400,0,739,0,0,False
M01,2026-07-12 08:52:22,2026-07-12 09:48:43,Running,,A,Arancia Rossa 500ml,2400,2062,3381,1937,7,False
M01,2026-07-12 09:48:43,2026-07-12 10:05:28,Stopped,External,A,Arancia Rossa 500ml,2400,0,1005,0,0,False
M01,2026-07-12 10:05:28,2026-07-12 10:13:01,Stopped,Starvation,A,Arancia Rossa 500ml,2400,0,453,0,0,False
M01,2026-07-12 10:13:01,2026-07-12 10:42:37,Running,,A,Arancia Rossa 500ml,2400,2122,1776,1047,4,False
M01,2026-07-12 10:42:37,2026-07-12 10:51:59,Stopped,Buildup,A,Arancia Rossa 500ml,2400,0,562,0,0,False
M01,2026-07-12 10:51:59,2026-07-12 11:20:53,Running,,A,Arancia Rossa 500ml,2400,2084,1734,1004,4,False
M01,2026-07-12 11:20:53,2026-07-12 11:47:50,Running,,A,Arancia Rossa 500ml,2400,2128,1617,956,4,False
M01,2026-07-12 11:47:50,2026-07-12 12:15:15,Running,,A,Arancia Rossa 500ml,2400,2088,1645,954,4,False
M01,2026-07-12 12:15:15,2026-07-12 12:51:05,Running,,A,Arancia Rossa 500ml,2400,2105,2150,1257,4,False
M01,2026-07-12 12:51:05,2026-07-12 13:05:13,Idle,,A,Arancia Rossa 500ml,2400,0,848,0,0,False
M01,2026-07-12 13:05:13,2026-07-12 13:54:00,Running,,A,Arancia Rossa 500ml,2400,2094,2927,1703,6,False
M01,2026-07-12 13:54:00,2026-07-12 13:57:07,Stopped,Buildup,A,Arancia Rossa 500ml,2400,0,187,0,0,False
M01,2026-07-12 13:57:07,2026-07-12 14:00:00,Idle,,A,Arancia Rossa 500ml,2400,0,173,0,0,False
M01,2026-07-12 14:00:00,2026-07-12 14:36:09,Stopped,Changeover,B,Lampone Zero 560ml,2200,0,2169,0,0,True
M01,2026-07-12 14:36:09,2026-07-12 15:08:06,Running,,B,Lampone Zero 560ml,2200,1918,1917,1021,4,False
M01,2026-07-12 15:08:06,2026-07-12 15:59:10,Running,,B,Lampone Zero 560ml,2200,1951,3064,1661,8,False
M01,2026-07-12 15:59:10,2026-07-12 16:11:30,Stopped,Starvation,B,Lampone Zero 560ml,2200,0,740,0,0,False
M01,2026-07-12 16:11:30,2026-07-12 16:40:40,Running,,B,Lampone Zero 560ml,2200,1910,1750,928,4,False
M01,2026-07-12 16:40:40,2026-07-12 17:22:27,Running,,B,Lampone Zero 560ml,2200,1945,2507,1354,6,False
M01,2026-07-12 17:22:27,2026-07-12 17:49:02,Running,,B,Lampone Zero 560ml,2200,1915,1595,848,3,False
M01,2026-07-12 17:49:02,2026-07-12 18:01:03,Stopped,Supplies,B,Lampone Zero 560ml,2200,0,721,0,0,False
M01,2026-07-12 18:01:03,2026-07-12 18:34:27,Running,,B,Lampone Zero 560ml,2200,1906,2004,1061,5,False
M01,2026-07-12 18:34:27,2026-07-12 19:08:10,Running,,B,Lampone Zero 560ml,2200,1899,2023,1067,5,False
M01,2026-07-12 19:08:10,2026-07-12 19:45:42,Running,,B,Lampone Zero 560ml,2200,1939,2252,1213,5,False
M01,2026-07-12 19:45:42,2026-07-12 20:20:12,Running,,B,Lampone Zero 560ml,2200,1950,2070,1121,4,False
M01,2026-07-12 20:20:12,2026-07-12 20:36:06,Stopped,External,B,Lampone Zero 560ml,2200,0,954,0,0,False
M01,2026-07-12 20:36:06,2026-07-12 21:22:40,Running,,B,Lampone Zero 560ml,2200,1885,2794,1463,5,False
M01,2026-07-12 21:22:40,2026-07-12 21:40:19,Idle,,B,Lampone Zero 560ml,2200,0,1059,0,0,False
M01,2026-07-12 21:40:19,2026-07-12 21:47:19,Stopped,External,B,Lampone Zero 560ml,2200,0,420,0,0,False
M01,2026-07-12 21:47:19,2026-07-12 21:58:08,Idle,,B,Lampone Zero 560ml,2200,0,649,0,0,False
M01,2026-07-12 21:58:08,2026-07-12 22:00:00,Idle,,B,Lampone Zero 560ml,2200,0,112,0,0,False
M01,2026-07-12 22:00:00,2026-07-12 22:31:36,Running,,C,Lampone Zero 560ml,2200,1911,1896,1006,5,False
M01,2026-07-12 22:31:36,2026-07-12 23:16:17,Running,,C,Lampone Zero 560ml,2200,1911,2681,1423,6,False
M01,2026-07-12 23:16:17,2026-07-12 23:32:42,Stopped,Fault,C,Lampone Zero 560ml,2200,0,985,0,0,False
M01,2026-07-12 23:32:42,2026-07-12 23:57:50,Running,,C,Lampone Zero 560ml,2200,1916,1508,803,3,False
M01,2026-07-12 23:57:50,2026-07-13 00:00:00,Idle,,C,Lampone Zero 560ml,2200,0,130,0,0,False
M01,2026-07-13 00:00:00,2026-07-13 00:52:27,Running,,C,Lampone Zero 560ml,2200,1925,3147,1683,8,False
M01,2026-07-13 00:52:27,2026-07-13 01:51:44,Running,,C,Lampone Zero 560ml,2200,1871,3557,1849,8,False
M01,2026-07-13 01:51:44,2026-07-13 02:03:53,Idle,,C,Lampone Zero 560ml,2200,0,729,0,0,False
M01,2026-07-13 02:03:53,2026-07-13 02:08:59,Stopped,Fault,C,Lampone Zero 560ml,2200,0,306,0,0,False
M01,2026-07-13 02:08:59,2026-07-13 03:03:23,Running,,C,Lampone Zero 560ml,2200,1947,3264,1765,8,False
M01,2026-07-13 03:03:23,2026-07-13 03:45:07,Running,,C,Lampone Zero 560ml,2200,1902,2504,1323,4,False
M01,2026-07-13 03:45:07,2026-07-13 04:34:45,Running,,C,Lampone Zero 560ml,2200,1915,2978,1584,6,False
M01,2026-07-13 04:34:45,2026-07-13 05:20:02,Running,,C,Lampone Zero 560ml,2200,1880,2717,1419,5,False
M01,2026-07-13 05:20:02,2026-07-13 05:52:15,Running,,C,Lampone Zero 560ml,2200,1937,1933,1040,4,False
M01,2026-07-13 05:52:15,2026-07-13 06:00:00,Running,,C,Lampone Zero 560ml,2200,1922,465,248,1,False
M01,2026-07-13 06:00:00,2026-07-13 06:51:54,Running,,A,Lampone Zero 560ml,2200,1946,3114,1683,7,False
M01,2026-07-13 06:51:54,2026-07-13 07:04:54,Stopped,Starvation,A,Lampone Zero 560ml,2200,0,780,0,0,False
M01,2026-07-13 07:04:54,2026-07-13 07:28:44,Running,,A,Lampone Zero 560ml,2200,1936,1430,769,3,False
M01,2026-07-13 07:28:44,2026-07-13 08:02:02,Running,,A,Lampone Zero 560ml,2200,1912,1998,1061,5,False
M01,2026-07-13 08:02:02,2026-07-13 08:24:28,Running,,A,Lampone Zero 560ml,2200,1878,1346,702,3,False
M01,2026-07-13 08:24:28,2026-07-13 09:18:27,Running,,A,Lampone Zero 560ml,2200,1882,3239,1693,7,False
M01,2026-07-13 09:18:27,2026-07-13 09:51:33,Running,,A,Lampone Zero 560ml,2200,1882,1986,1038,4,False
M01,2026-07-13 09:51:33,2026-07-13 10:13:02,Running,,A,Lampone Zero 560ml,2200,1945,1289,696,3,False
M01,2026-07-13 10:13:02,2026-07-13 10:43:30,Running,,A,Lampone Zero 560ml,2200,1944,1828,987,4,False
M01,2026-07-13 10:43:30,2026-07-13 11:34:37,Running,,A,Lampone Zero 560ml,2200,1894,3067,1614,7,False
M01,2026-07-13 11:34:37,2026-07-13 12:16:17,Running,,A,Lampone Zero 560ml,2200,1899,2500,1319,5,False
M01,2026-07-13 12:16:17,2026-07-13 13:07:42,Running,,A,Lampone Zero 560ml,2200,1943,3085,1665,8,False
M01,2026-07-13 13:07:42,2026-07-13 13:43:28,Running,,A,Lampone Zero 560ml,2200,1928,2146,1149,5,False
M01,2026-07-13 13:43:28,2026-07-13 13:51:08,Stopped,External,A,Lampone Zero 560ml,2200,0,460,0,0,False
M01,2026-07-13 13:51:08,2026-07-13 13:57:48,Stopped,Operator,A,Lampone Zero 560ml,2200,0,400,0,0,False
M01,2026-07-13 13:57:48,2026-07-13 14:00:00,Idle,,A,Lampone Zero 560ml,2200,0,132,0,0,False
M01,2026-07-13 14:00:00,2026-07-13 14:39:03,Stopped,Changeover,B,Arancia Rossa 500ml,2400,0,2343,0,0,True
M01,2026-07-13 14:39:03,2026-07-13 15:18:05,Running,,B,Arancia Rossa 500ml,2400,2106,2342,1370,5,False
M01,2026-07-13 15:18:05,2026-07-13 15:44:46,Running,,B,Arancia Rossa 500ml,2400,2090,1601,929,4,False
M01,2026-07-13 15:44:46,2026-07-13 15:57:49,Stopped,External,B,Arancia Rossa 500ml,2400,0,783,0,0,False
M01,2026-07-13 15:57:49,2026-07-13 16:50:22,Running,,B,Arancia Rossa 500ml,2400,2123,3153,1859,6,False
M01,2026-07-13 16:50:22,2026-07-13 17:26:16,Running,,B,Arancia Rossa 500ml,2400,2083,2154,1246,4,False
M01,2026-07-13 17:26:16,2026-07-13 17:41:00,Idle,,B,Arancia Rossa 500ml,2400,0,884,0,0,False
M01,2026-07-13 17:41:00,2026-07-13 18:03:00,Running,,B,Arancia Rossa 500ml,2400,2114,1320,775,3,False
M01,2026-07-13 18:03:00,2026-07-13 18:57:24,Running,,B,Arancia Rossa 500ml,2400,2048,3264,1857,6,False
M01,2026-07-13 18:57:24,2026-07-13 19:05:57,Idle,,B,Arancia Rossa 500ml,2400,0,513,0,0,False
M01,2026-07-13 19:05:57,2026-07-13 19:27:52,Running,,B,Arancia Rossa 500ml,2400,2097,1315,766,3,False
M01,2026-07-13 19:27:52,2026-07-13 20:09:22,Running,,B,Arancia Rossa 500ml,2400,2124,2490,1469,7,False
M01,2026-07-13 20:09:22,2026-07-13 20:37:23,Running,,B,Arancia Rossa 500ml,2400,2111,1681,986,4,False
M01,2026-07-13 20:37:23,2026-07-13 21:01:42,Running,,B,Arancia Rossa 500ml,2400,2101,1459,851,4,False
M01,2026-07-13 21:01:42,2026-07-13 21:54:00,Running,,B,Arancia Rossa 500ml,2400,2107,3138,1837,7,False
M01,2026-07-13 21:54:00,2026-07-13 22:00:00,Running,,B,Arancia Rossa 500ml,2400,2101,360,210,1,False
M01,2026-07-13 22:00:00,2026-07-13 22:22:31,Stopped,Changeover,C,Lampone Zero 560ml,2200,0,1351,0,0,True
M01,2026-07-13 22:22:31,2026-07-13 22:31:06,Stopped,Buildup,C,Lampone Zero 560ml,2200,0,515,0,0,False
M01,2026-07-13 22:31:06,2026-07-13 23:30:18,Running,,C,Lampone Zero 560ml,2200,1907,3552,1882,7,False
M01,2026-07-13 23:30:18,2026-07-13 23:42:43,Stopped,Buildup,C,Lampone Zero 560ml,2200,0,745,0,0,False
M01,2026-07-13 23:42:43,2026-07-14 00:00:00,Running,,C,Lampone Zero 560ml,2200,1941,1037,559,3,False
M01,2026-07-14 00:00:00,2026-07-14 00:46:20,Running,,C,Lampone Zero 560ml,2200,1928,2780,1489,5,False
M01,2026-07-14 00:46:20,2026-07-14 00:58:26,Stopped,Starvation,C,Lampone Zero 560ml,2200,0,726,0,0,False
M01,2026-07-14 00:58:26,2026-07-14 01:03:27,Idle,,C,Lampone Zero 560ml,2200,0,301,0,0,False
M01,2026-07-14 01:03:27,2026-07-14 01:41:29,Running,,C,Lampone Zero 560ml,2200,1897,2282,1202,6,False
M01,2026-07-14 01:41:29,2026-07-14 02:08:54,Running,,C,Lampone Zero 560ml,2200,1913,1645,874,4,False
M01,2026-07-14 02:08:54,2026-07-14 02:59:39,Running,,C,Lampone Zero 560ml,2200,1936,3045,1638,6,False
M01,2026-07-14 02:59:39,2026-07-14 03:42:57,Running,,C,Lampone Zero 560ml,2200,1886,2598,1361,5,False
M01,2026-07-14 03:42:57,2026-07-14 04:07:00,Running,,C,Lampone Zero 560ml,2200,1898,1443,761,3,False
M01,2026-07-14 04:07:00,2026-07-14 04:46:10,Running,,C,Lampone Zero 560ml,2200,1898,2350,1239,4,False
M01,2026-07-14 04:46:10,2026-07-14 05:37:44,Running,,C,Lampone Zero 560ml,2200,1909,3094,1641,6,False
M01,2026-07-14 05:37:44,2026-07-14 05:47:18,Stopped,Buildup,C,Lampone Zero 560ml,2200,0,574,0,0,False
M01,2026-07-14 05:47:18,2026-07-14 06:00:00,Running,,C,Lampone Zero 560ml,2200,1889,762,400,2,False
M01,2026-07-14 06:00:00,2026-07-14 06:26:45,Stopped,Changeover,A,Arancia Rossa 500ml,2400,0,1605,0,0,True
M01,2026-07-14 06:26:45,2026-07-14 07:04:03,Running,,A,Arancia Rossa 500ml,2400,2043,2238,1270,6,False
M01,2026-07-14 07:04:03,2026-07-14 07:39:02,Running,,A,Arancia Rossa 500ml,2400,2082,2099,1214,6,False
M01,2026-07-14 07:39:02,2026-07-14 08:21:30,Running,,A,Arancia Rossa 500ml,2400,2057,2548,1456,6,False
M01,2026-07-14 08:21:30,2026-07-14 09:04:52,Running,,A,Arancia Rossa 500ml,2400,2098,2602,1516,5,False
M01,2026-07-14 09:04:52,2026-07-14 09:38:01,Running,,A,Arancia Rossa 500ml,2400,2092,1989,1156,4,False
M01,2026-07-14 09:38:01,2026-07-14 10:34:13,Running,,A,Arancia Rossa 500ml,2400,2068,3372,1937,7,False
M01,2026-07-14 10:34:13,2026-07-14 10:49:53,Stopped,Starvation,A,Arancia Rossa 500ml,2400,0,940,0,0,False
M01,2026-07-14 10:49:53,2026-07-14 11:18:23,Running,,A,Arancia Rossa 500ml,2400,2061,1710,979,4,False
M01,2026-07-14 11:18:23,2026-07-14 11:53:31,Running,,A,Arancia Rossa 500ml,2400,2066,2108,1210,6,False
M01,2026-07-14 11:53:31,2026-07-14 12:29:26,Running,,A,Arancia Rossa 500ml,2400,2033,2155,1217,6,False
M01,2026-07-14 12:29:26,2026-07-14 12:38:38,Stopped,External,A,Arancia Rossa 500ml,2400,0,552,0,0,False
M01,2026-07-14 12:38:38,2026-07-14 13:02:18,Running,,A,Arancia Rossa 500ml,2400,2084,1420,822,3,False
M01,2026-07-14 13:02:18,2026-07-14 13:59:38,Running,,A,Arancia Rossa 500ml,2400,2100,3440,2007,7,False
M01,2026-07-14 13:59:38,2026-07-14 14:00:00,Idle,,A,Arancia Rossa 500ml,2400,0,22,0,0,False
M01,2026-07-14 14:00:00,2026-07-14 14:35:37,Stopped,Changeover,B,Lampone Zero 560ml,2200,0,2137,0,0,True
M01,2026-07-14 14:35:37,2026-07-14 15:28:29,Running,,B,Lampone Zero 560ml,2200,1876,3172,1653,6,False
M01,2026-07-14 15:28:29,2026-07-14 15:35:42,Stopped,Starvation,B,Lampone Zero 560ml,2200,0,433,0,0,False
M01,2026-07-14 15:35:42,2026-07-14 15:52:31,Idle,,B,Lampone Zero 560ml,2200,0,1009,0,0,False
M01,2026-07-14 15:52:31,2026-07-14 16:15:53,Running,,B,Lampone Zero 560ml,2200,1935,1402,754,3,False
M01,2026-07-14 16:15:53,2026-07-14 16:32:15,Stopped,External,B,Lampone Zero 560ml,2200,0,982,0,0,False
M01,2026-07-14 16:32:15,2026-07-14 17:22:43,Running,,B,Lampone Zero 560ml,2200,1882,3028,1583,8,False
M01,2026-07-14 17:22:43,2026-07-14 17:48:11,Running,,B,Lampone Zero 560ml,2200,1880,1528,798,3,False
M01,2026-07-14 17:48:11,2026-07-14 18:09:50,Running,,B,Lampone Zero 560ml,2200,1878,1299,678,3,False
M01,2026-07-14 18:09:50,2026-07-14 18:23:54,Stopped,Buildup,B,Lampone Zero 560ml,2200,0,844,0,0,False
M01,2026-07-14 18:23:54,2026-07-14 19:12:18,Running,,B,Lampone Zero 560ml,2200,1887,2904,1522,7,False
M01,2026-07-14 19:12:18,2026-07-14 20:01:33,Running,,B,Lampone Zero 560ml,2200,1937,2955,1590,7,False
M01,2026-07-14 20:01:33,2026-07-14 20:30:07,Running,,B,Lampone Zero 560ml,2200,1883,1714,897,4,False
M01,2026-07-14 20:30:07,2026-07-14 21:00:19,Running,,B,Lampone Zero 560ml,2200,1900,1812,956,4,False
M01,2026-07-14 21:00:19,2026-07-14 21:37:30,Running,,B,Lampone Zero 560ml,2200,1919,2231,1189,6,False
M01,2026-07-14 21:37:30,2026-07-14 21:59:33,Running,,B,Lampone Zero 560ml,2200,1936,1323,711,3,False
M01,2026-07-14 21:59:33,2026-07-14 22:00:00,Idle,,B,Lampone Zero 560ml,2200,0,27,0,0,False
M01,2026-07-14 22:00:00,2026-07-14 22:34:30,Running,,C,Lampone Zero 560ml,2200,1899,2070,1092,5,False
M01,2026-07-14 22:34:30,2026-07-14 22:54:45,Running,,C,Lampone Zero 560ml,2200,1920,1215,648,2,False
M01,2026-07-14 22:54:45,2026-07-14 23:34:57,Running,,C,Lampone Zero 560ml,2200,1921,2412,1287,6,False
M01,2026-07-14 23:34:57,2026-07-14 23:59:12,Running,,C,Lampone Zero 560ml,2200,1872,1455,757,4,False
M01,2026-07-14 23:59:12,2026-07-15 00:00:00,Idle,,C,Lampone Zero 560ml,2200,0,48,0,0,False
M01,2026-07-15 00:00:00,2026-07-15 00:41:07,Running,,C,Lampone Zero 560ml,2200,1892,2467,1297,5,False
M01,2026-07-15 00:41:07,2026-07-15 01:09:22,Running,,C,Lampone Zero 560ml,2200,1904,1695,896,3,False
M01,2026-07-15 01:09:22,2026-07-15 01:42:09,Running,,C,Lampone Zero 560ml,2200,1928,1967,1053,5,False
M01,2026-07-15 01:42:09,2026-07-15 02:10:56,Running,,C,Lampone Zero 560ml,2200,1916,1727,919,5,False
M01,2026-07-15 02:10:56,2026-07-15 02:21:44,Stopped,Supplies,C,Lampone Zero 560ml,2200,0,648,0,0,False
M01,2026-07-15 02:21:44,2026-07-15 03:06:27,Running,,C,Lampone Zero 560ml,2200,1888,2683,1407,5,False
M01,2026-07-15 03:06:27,2026-07-15 03:12:35,Idle,,C,Lampone Zero 560ml,2200,0,368,0,0,False
M01,2026-07-15 03:12:35,2026-07-15 03:39:46,Running,,C,Lampone Zero 560ml,2200,1929,1631,874,4,False
M01,2026-07-15 03:39:46,2026-07-15 04:14:22,Running,,C,Lampone Zero 560ml,2200,1878,2076,1083,5,False
M01,2026-07-15 04:14:22,2026-07-15 04:16:25,Stopped,Starvation,C,Lampone Zero 560ml,2200,0,123,0,0,False
M01,2026-07-15 04:16:25,2026-07-15 04:39:24,Running,,C,Lampone Zero 560ml,2200,1881,1379,721,4,False
M01,2026-07-15 04:39:24,2026-07-15 04:54:27,Stopped,Operator,C,Lampone Zero 560ml,2200,0,903,0,0,False
M01,2026-07-15 04:54:27,2026-07-15 05:01:32,Stopped,External,C,Lampone Zero 560ml,2200,0,425,0,0,False
M01,2026-07-15 05:01:32,2026-07-15 05:50:43,Running,,C,Lampone Zero 560ml,2200,1891,2951,1550,6,False
M01,2026-07-15 05:50:43,2026-07-15 06:00:00,Running,,C,Lampone Zero 560ml,2200,1863,557,288,1,False
M01,2026-07-15 06:00:00,2026-07-15 06:10:49,Stopped,Starvation,A,Lampone Zero 560ml,2200,0,649,0,0,False
M01,2026-07-15 06:10:49,2026-07-15 06:52:20,Running,,A,Lampone Zero 560ml,2200,1861,2491,1288,5,False
M01,2026-07-15 06:52:20,2026-07-15 07:46:04,Running,,A,Lampone Zero 560ml,2200,1916,3224,1716,8,False
M01,2026-07-15 07:46:04,2026-07-15 08:12:53,Running,,A,Lampone Zero 560ml,2200,1932,1609,863,4,False
M01,2026-07-15 08:12:53,2026-07-15 09:06:24,Running,,A,Lampone Zero 560ml,2200,1884,3211,1680,8,False
M01,2026-07-15 09:06:24,2026-07-15 09:41:12,Running,,A,Lampone Zero 560ml,2200,1918,2088,1112,4,False
M01,2026-07-15 09:41:12,2026-07-15 10:24:17,Running,,A,Lampone Zero 560ml,2200,1875,2585,1346,7,False
M01,2026-07-15 10:24:17,2026-07-15 11:22:12,Running,,A,Lampone Zero 560ml,2200,1864,3475,1799,8,False
M01,2026-07-15 11:22:12,2026-07-15 11:26:46,Stopped,Starvation,A,Lampone Zero 560ml,2200,0,274,0,0,False
M01,2026-07-15 11:26:46,2026-07-15 12:02:27,Running,,A,Lampone Zero 560ml,2200,1928,2141,1147,4,False
M01,2026-07-15 12:02:27,2026-07-15 12:32:12,Running,,A,Lampone Zero 560ml,2200,1892,1785,938,3,False
M01,2026-07-15 12:32:12,2026-07-15 12:47:51,Stopped,Starvation,A,Lampone Zero 560ml,2200,0,939,0,0,False
M01,2026-07-15 12:47:51,2026-07-15 13:40:11,Running,,A,Lampone Zero 560ml,2200,1873,3140,1634,8,False
M01,2026-07-15 13:40:11,2026-07-15 14:00:00,Running,,A,Lampone Zero 560ml,2200,1906,1189,630,3,False
M01,2026-07-15 14:00:00,2026-07-15 14:28:42,Stopped,Changeover,B,Arancia Rossa 500ml,2400,0,1722,0,0,True
M01,2026-07-15 14:28:42,2026-07-15 14:49:21,Running,,B,Arancia Rossa 500ml,2400,2065,1239,711,3,False
M01,2026-07-15 14:49:21,2026-07-15 15:39:15,Running,,B,Arancia Rossa 500ml,2400,2072,2994,1723,8,False
M01,2026-07-15 15:39:15,2026-07-15 16:32:02,Running,,B,Arancia Rossa 500ml,2400,2076,3167,1826,7,False
M01,2026-07-15 16:32:02,2026-07-15 16:47:37,Stopped,External,B,Arancia Rossa 500ml,2400,0,935,0,0,False
M01,2026-07-15 16:47:37,2026-07-15 17:34:11,Running,,B,Arancia Rossa 500ml,2400,2037,2794,1581,8,False
M01,2026-07-15 17:34:11,2026-07-15 17:49:30,Stopped,Fault,B,Arancia Rossa 500ml,2400,0,919,0,0,False
M01,2026-07-15 17:49:30,2026-07-15 18:34:39,Running,,B,Arancia Rossa 500ml,2400,2033,2709,1530,6,False
M01,2026-07-15 18:34:39,2026-07-15 18:47:15,Stopped,Starvation,B,Arancia Rossa 500ml,2400,0,756,0,0,False
M01,2026-07-15 18:47:15,2026-07-15 18:53:41,Stopped,External,B,Arancia Rossa 500ml,2400,0,386,0,0,False
M01,2026-07-15 18:53:41,2026-07-15 19:08:49,Stopped,Buildup,B,Arancia Rossa 500ml,2400,0,908,0,0,False
M01,2026-07-15 19:08:49,2026-07-15 19:16:03,Stopped,Starvation,B,Arancia Rossa 500ml,2400,0,434,0,0,False
M01,2026-07-15 19:16:03,2026-07-15 19:31:46,Stopped,External,B,Arancia Rossa 500ml,2400,0,943,0,0,False
M01,2026-07-15 19:31:46,2026-07-15 19:48:20,Stopped,Starvation,B,Arancia Rossa 500ml,2400,0,994,0,0,False
M01,2026-07-15 19:48:20,2026-07-15 20:17:36,Running,,B,Arancia Rossa 500ml,2400,2108,1756,1028,5,False
M01,2026-07-15 20:17:36,2026-07-15 21:16:15,Running,,B,Arancia Rossa 500ml,2400,2106,3519,2059,8,False
M01,2026-07-15 21:16:15,2026-07-15 21:22:01,Stopped,External,B,Arancia Rossa 500ml,2400,0,346,0,0,False
M01,2026-07-15 21:22:01,2026-07-15 21:42:27,Running,,B,Arancia Rossa 500ml,2400,2030,1226,691,3,False
M01,2026-07-15 21:42:27,2026-07-15 21:46:06,Stopped,Starvation,B,Arancia Rossa 500ml,2400,0,219,0,0,False
M01,2026-07-15 21:46:06,2026-07-15 21:53:58,Idle,,B,Arancia Rossa 500ml,2400,0,472,0,0,False
M01,2026-07-15 21:53:58,2026-07-15 22:00:00,Running,,B,Arancia Rossa 500ml,2400,2050,362,206,1,False
M01,2026-07-15 22:00:00,2026-07-15 22:16:22,Idle,,C,Arancia Rossa 500ml,2400,0,982,0,0,False
M01,2026-07-15 22:16:22,2026-07-15 23:06:06,Running,,C,Arancia Rossa 500ml,2400,2059,2984,1707,6,False
M01,2026-07-15 23:06:06,2026-07-15 23:29:55,Running,,C,Arancia Rossa 500ml,2400,2045,1429,812,4,False
M01,2026-07-15 23:29:55,2026-07-15 23:57:27,Running,,C,Arancia Rossa 500ml,2400,2065,1652,948,4,False
M01,2026-07-15 23:57:27,2026-07-16 00:00:00,Idle,,C,Arancia Rossa 500ml,2400,0,153,0,0,False
M01,2026-07-16 00:00:00,2026-07-16 00:39:42,Running,,C,Arancia Rossa 500ml,2400,2073,2382,1372,6,False
M01,2026-07-16 00:39:42,2026-07-16 01:16:38,Running,,C,Arancia Rossa 500ml,2400,2068,2216,1273,5,False
M01,2026-07-16 01:16:38,2026-07-16 02:09:19,Running,,C,Arancia Rossa 500ml,2400,2030,3161,1782,6,False
M01,2026-07-16 02:09:19,2026-07-16 02:21:13,Stopped,External,C,Arancia Rossa 500ml,2400,0,714,0,0,False
M01,2026-07-16 02:21:13,2026-07-16 03:13:35,Running,,C,Arancia Rossa 500ml,2400,2082,3142,1817,7,False
M01,2026-07-16 03:13:35,2026-07-16 03:25:16,Stopped,Starvation,C,Arancia Rossa 500ml,2400,0,701,0,0,False
M01,2026-07-16 03:25:16,2026-07-16 04:19:29,Running,,C,Arancia Rossa 500ml,2400,2077,3253,1877,7,False
M01,2026-07-16 04:19:29,2026-07-16 04:56:17,Running,,C,Arancia Rossa 500ml,2400,2066,2208,1267,5,False
M01,2026-07-16 04:56:17,2026-07-16 05:53:23,Running,,C,Arancia Rossa 500ml,2400,2052,3426,1953,9,False
M01,2026-07-16 05:53:23,2026-07-16 06:00:00,Running,,C,Arancia Rossa 500ml,2400,2071,397,228,1,False
M01,2026-07-16 06:00:00,2026-07-16 06:38:32,Running,,A,Arancia Rossa 500ml,2400,2040,2312,1310,6,False
M01,2026-07-16 06:38:32,2026-07-16 07:09:06,Running,,A,Arancia Rossa 500ml,2400,2073,1834,1056,4,False
M01,2026-07-16 07:09:06,2026-07-16 07:21:32,Idle,,A,Arancia Rossa 500ml,2400,0,746,0,0,False
M01,2026-07-16 07:21:32,2026-07-16 08:18:31,Running,,A,Arancia Rossa 500ml,2400,2041,3419,1938,10,False
M01,2026-07-16 08:18:31,2026-07-16 08:28:09,Stopped,Fault,A,Arancia Rossa 500ml,2400,0,578,0,0,False
M01,2026-07-16 08:28:09,2026-07-16 08:57:25,Running,,A,Arancia Rossa 500ml,2400,2082,1756,1016,4,False
M01,2026-07-16 08:57:25,2026-07-16 09:18:29,Running,,A,Arancia Rossa 500ml,2400,2076,1264,729,3,False
M01,2026-07-16 09:18:29,2026-07-16 09:53:24,Running,,A,Arancia Rossa 500ml,2400,2100,2095,1222,4,False
M01,2026-07-16 09:53:24,2026-07-16 10:09:46,Stopped,Operator,A,Arancia Rossa 500ml,2400,0,982,0,0,False
M01,2026-07-16 10:09:46,2026-07-16 10:40:50,Running,,A,Arancia Rossa 500ml,2400,2052,1864,1062,4,False
M01,2026-07-16 10:40:50,2026-07-16 11:10:53,Running,,A,Arancia Rossa 500ml,2400,2088,1803,1046,5,False
M01,2026-07-16 11:10:53,2026-07-16 11:48:08,Running,,A,Arancia Rossa 500ml,2400,2071,2235,1286,6,False
M01,2026-07-16 11:48:08,2026-07-16 12:15:47,Running,,A,Arancia Rossa 500ml,2400,2098,1659,967,5,False
M01,2026-07-16 12:15:47,2026-07-16 12:21:35,Stopped,Operator,A,Arancia Rossa 500ml,2400,0,348,0,0,False
M01,2026-07-16 12:21:35,2026-07-16 12:28:39,Stopped,Buildup,A,Arancia Rossa 500ml,2400,0,424,0,0,False
M01,2026-07-16 12:28:39,2026-07-16 12:52:45,Running,,A,Arancia Rossa 500ml,2400,2086,1446,838,3,False
M01,2026-07-16 12:52:45,2026-07-16 13:16:54,Running,,A,Arancia Rossa 500ml,2400,2065,1449,831,4,False
M01,2026-07-16 13:16:54,2026-07-16 13:57:11,Running,,A,Arancia Rossa 500ml,2400,2032,2417,1364,5,False
M01,2026-07-16 13:57:11,2026-07-16 14:00:00,Idle,,A,Arancia Rossa 500ml,2400,0,169,0,0,False
M01,2026-07-16 14:00:00,2026-07-16 14:20:43,Stopped,Changeover,B,Lampone Zero 560ml,2200,0,1243,0,0,True
M01,2026-07-16 14:20:43,2026-07-16 14:57:53,Running,,B,Lampone Zero 560ml,2200,1879,2230,1164,5,False
M01,2026-07-16 14:57:53,2026-07-16 15:14:16,Stopped,Supplies,B,Lampone Zero 560ml,2200,0,983,0,0,False
M01,2026-07-16 15:14:16,2026-07-16 15:47:55,Running,,B,Lampone Zero 560ml,2200,1893,2019,1062,5,False
M01,2026-07-16 15:47:55,2026-07-16 16:18:00,Running,,B,Lampone Zero 560ml,2200,1858,1805,932,4,False
M01,2026-07-16 16:18:00,2026-07-16 17:00:38,Running,,B,Lampone Zero 560ml,2200,1865,2558,1325,6,False
M01,2026-07-16 17:00:38,2026-07-16 17:57:07,Running,,B,Lampone Zero 560ml,2200,1888,3389,1777,6,False
M01,2026-07-16 17:57:07,2026-07-16 18:52:22,Running,,B,Lampone Zero 560ml,2200,1861,3315,1714,7,False
M01,2026-07-16 18:52:22,2026-07-16 19:39:38,Running,,B,Lampone Zero 560ml,2200,1896,2836,1494,7,False
M01,2026-07-16 19:39:38,2026-07-16 20:24:43,Running,,B,Lampone Zero 560ml,2200,1912,2705,1437,6,False
M01,2026-07-16 20:24:43,2026-07-16 20:38:57,Idle,,B,Lampone Zero 560ml,2200,0,854,0,0,False
M01,2026-07-16 20:38:57,2026-07-16 21:11:17,Running,,B,Lampone Zero 560ml,2200,1895,1940,1021,4,False
M01,2026-07-16 21:11:17,2026-07-16 21:17:31,Idle,,B,Lampone Zero 560ml,2200,0,374,0,0,False
M01,2026-07-16 21:17:31,2026-07-16 21:45:10,Running,,B,Lampone Zero 560ml,2200,1872,1659,863,3,False
M01,2026-07-16 21:45:10,2026-07-16 22:00:00,Running,,B,Lampone Zero 560ml,2200,1905,890,471,2,False
M01,2026-07-16 22:00:00,2026-07-16 22:16:44,Stopped,Starvation,C,Lampone Zero 560ml,2200,0,1004,0,0,False
M01,2026-07-16 22:16:44,2026-07-16 23:03:42,Running,,C,Lampone Zero 560ml,2200,1910,2818,1495,7,False
M01,2026-07-16 23:03:42,2026-07-16 23:43:01,Running,,C,Lampone Zero 560ml,2200,1914,2359,1254,6,False
M01,2026-07-16 23:43:01,2026-07-17 00:00:00,Running,,C,Lampone Zero 560ml,2200,1888,1019,534,2,False
M01,2026-07-17 00:00:00,2026-07-17 00:20:27,Running,,C,Lampone Zero 560ml,2200,1880,1227,641,3,False
M01,2026-07-17 00:20:27,2026-07-17 01:00:56,Running,,C,Lampone Zero 560ml,2200,1884,2429,1271,5,False
M01,2026-07-17 01:00:56,2026-07-17 01:42:25,Running,,C,Lampone Zero 560ml,2200,1871,2489,1294,6,False
M01,2026-07-17 01:42:25,2026-07-17 02:38:28,Running,,C,Lampone Zero 560ml,2200,1868,3363,1745,9,False
M01,2026-07-17 02:38:28,2026-07-17 03:06:03,Running,,C,Lampone Zero 560ml,2200,1897,1655,872,4,False
M01,2026-07-17 03:06:03,2026-07-17 03:58:04,Running,,C,Lampone Zero 560ml,2200,1925,3121,1669,7,False
M01,2026-07-17 03:58:04,2026-07-17 04:48:20,Running,,C,Lampone Zero 560ml,2200,1862,3016,1560,6,False
M01,2026-07-17 04:48:20,2026-07-17 04:59:55,Idle,,C,Lampone Zero 560ml,2200,0,695,0,0,False
M01,2026-07-17 04:59:55,2026-07-17 05:36:35,Running,,C,Lampone Zero 560ml,2200,1868,2200,1142,5,False
M01,2026-07-17 05:36:35,2026-07-17 05:59:21,Running,,C,Lampone Zero 560ml,2200,1905,1366,723,4,False
M01,2026-07-17 05:59:21,2026-07-17 06:00:00,Idle,,C,Lampone Zero 560ml,2200,0,39,0,0,False
M01,2026-07-17 06:00:00,2026-07-17 06:22:10,Running,,A,Lampone Zero 560ml,2200,1912,1330,706,3,False
M01,2026-07-17 06:22:10,2026-07-17 07:22:02,Running,,A,Lampone Zero 560ml,2200,1896,3592,1892,8,False
M01,2026-07-17 07:22:02,2026-07-17 08:15:37,Running,,A,Lampone Zero 560ml,2200,1931,3215,1724,7,False
M01,2026-07-17 08:15:37,2026-07-17 08:27:03,Stopped,Fault,A,Lampone Zero 560ml,2200,0,686,0,0,False
M01,2026-07-17 08:27:03,2026-07-17 08:51:43,Running,,A,Lampone Zero 560ml,2200,1930,1480,793,3,False
M01,2026-07-17 08:51:43,2026-07-17 09:05:26,Idle,,A,Lampone Zero 560ml,2200,0,823,0,0,False
M01,2026-07-17 09:05:26,2026-07-17 09:43:30,Running,,A,Lampone Zero 560ml,2200,1900,2284,1205,5,False
M01,2026-07-17 09:43:30,2026-07-17 10:18:49,Running,,A,Lampone Zero 560ml,2200,1881,2119,1107,5,False
M01,2026-07-17 10:18:49,2026-07-17 11:16:52,Running,,A,Lampone Zero 560ml,2200,1872,3483,1811,7,False
M01,2026-07-17 11:16:52,2026-07-17 12:11:52,Running,,A,Lampone Zero 560ml,2200,1930,3300,1769,6,False
M01,2026-07-17 12:11:52,2026-07-17 12:18:43,Stopped,Fault,A,Lampone Zero 560ml,2200,0,411,0,0,False
M01,2026-07-17 12:18:43,2026-07-17 13:12:40,Running,,A,Lampone Zero 560ml,2200,1930,3237,1735,7,False
M01,2026-07-17 13:12:40,2026-07-17 13:40:35,Running,,A,Lampone Zero 560ml,2200,1901,1675,884,3,False
M01,2026-07-17 13:40:35,2026-07-17 13:42:55,Stopped,Operator,A,Lampone Zero 560ml,2200,0,140,0,0,False
M01,2026-07-17 13:42:55,2026-07-17 14:00:00,Running,,A,Lampone Zero 560ml,2200,1884,1025,536,2,False
M01,2026-07-17 14:00:00,2026-07-17 14:38:18,Stopped,Changeover,B,Arancia Rossa 500ml,2400,0,2298,0,0,True
M01,2026-07-17 14:38:18,2026-07-17 15:16:57,Running,,B,Arancia Rossa 500ml,2400,2028,2319,1306,5,False
M01,2026-07-17 15:16:57,2026-07-17 16:05:09,Running,,B,Arancia Rossa 500ml,2400,2062,2892,1656,8,False
M01,2026-07-17 16:05:09,2026-07-17 16:17:35,Stopped,External,B,Arancia Rossa 500ml,2400,0,746,0,0,False
M01,2026-07-17 16:17:35,2026-07-17 17:12:56,Running,,B,Arancia Rossa 500ml,2400,2075,3321,1914,8,False
M01,2026-07-17 17:12:56,2026-07-17 17:25:35,Stopped,Supplies,B,Arancia Rossa 500ml,2400,0,759,0,0,False
M01,2026-07-17 17:25:35,2026-07-17 18:21:43,Running,,B,Arancia Rossa 500ml,2400,2079,3368,1945,7,False
M01,2026-07-17 18:21:43,2026-07-17 19:12:23,Running,,B,Arancia Rossa 500ml,2400,2086,3040,1762,6,False
M01,2026-07-17 19:12:23,2026-07-17 19:42:23,Running,,B,Arancia Rossa 500ml,2400,2097,1800,1048,4,False
M01,2026-07-17 19:42:23,2026-07-17 20:07:15,Running,,B,Arancia Rossa 500ml,2400,2087,1492,865,4,False
M01,2026-07-17 20:07:15,2026-07-17 21:04:15,Running,,B,Arancia Rossa 500ml,2400,2033,3420,1931,9,False
M01,2026-07-17 21:04:15,2026-07-17 21:06:36,Stopped,External,B,Arancia Rossa 500ml,2400,0,141,0,0,False
M01,2026-07-17 21:06:36,2026-07-17 21:30:22,Running,,B,Arancia Rossa 500ml,2400,2079,1426,824,3,False
M01,2026-07-17 21:30:22,2026-07-17 21:56:55,Running,,B,Arancia Rossa 500ml,2400,2063,1593,913,4,False
M01,2026-07-17 21:56:55,2026-07-17 22:00:00,Idle,,B,Arancia Rossa 500ml,2400,0,185,0,0,False
M01,2026-07-17 22:00:00,2026-07-17 22:27:21,Stopped,Changeover,C,Lampone Zero 560ml,2200,0,1641,0,0,True
M01,2026-07-17 22:27:21,2026-07-17 23:08:46,Running,,C,Lampone Zero 560ml,2200,1907,2485,1316,5,False
M01,2026-07-17 23:08:46,2026-07-17 23:58:36,Running,,C,Lampone Zero 560ml,2200,1878,2990,1560,7,False
M01,2026-07-17 23:58:36,2026-07-18 00:00:00,Idle,,C,Lampone Zero 560ml,2200,0,84,0,0,False
M01,2026-07-18 00:00:00,2026-07-18 00:36:24,Running,,C,Lampone Zero 560ml,2200,1891,2184,1147,6,False
M01,2026-07-18 00:36:24,2026-07-18 00:58:56,Running,,C,Lampone Zero 560ml,2200,1934,1352,726,3,False
M01,2026-07-18 00:58:56,2026-07-18 01:43:46,Running,,C,Lampone Zero 560ml,2200,1929,2690,1441,7,False
M01,2026-07-18 01:43:46,2026-07-18 01:49:22,Stopped,External,C,Lampone Zero 560ml,2200,0,336,0,0,False
M01,2026-07-18 01:49:22,2026-07-18 02:22:21,Running,,C,Lampone Zero 560ml,2200,1863,1979,1024,5,False
M01,2026-07-18 02:22:21,2026-07-18 03:05:11,Running,,C,Lampone Zero 560ml,2200,1907,2570,1361,5,False
M01,2026-07-18 03:05:11,2026-07-18 03:17:29,Idle,,C,Lampone Zero 560ml,2200,0,738,0,0,False
M01,2026-07-18 03:17:29,2026-07-18 03:40:55,Running,,C,Lampone Zero 560ml,2200,1938,1406,757,3,False
M01,2026-07-18 03:40:55,2026-07-18 04:37:16,Running,,C,Lampone Zero 560ml,2200,1865,3381,1752,9,False
M01,2026-07-18 04:37:16,2026-07-18 05:02:19,Running,,C,Lampone Zero 560ml,2200,1902,1503,794,4,False
M01,2026-07-18 05:02:19,2026-07-18 05:59:30,Running,,C,Lampone Zero 560ml,2200,1926,3431,1836,7,False
M01,2026-07-18 05:59:30,2026-07-18 06:00:00,Idle,,C,Lampone Zero 560ml,2200,0,30,0,0,False
M01,2026-07-18 06:00:00,2026-07-18 06:18:37,Stopped,Changeover,A,Arancia Rossa 500ml,2400,0,1117,0,0,True
M01,2026-07-18 06:18:37,2026-07-18 07:16:24,Running,,A,Arancia Rossa 500ml,2400,2063,3467,1987,9,False
M01,2026-07-18 07:16:24,2026-07-18 07:56:16,Running,,A,Arancia Rossa 500ml,2400,2052,2392,1363,6,False
M01,2026-07-18 07:56:16,2026-07-18 08:00:41,Stopped,Operator,A,Arancia Rossa 500ml,2400,0,265,0,0,False
M01,2026-07-18 08:00:41,2026-07-18 08:02:52,Stopped,Starvation,A,Arancia Rossa 500ml,2400,0,131,0,0,False
M01,2026-07-18 08:02:52,2026-07-18 08:46:45,Running,,A,Arancia Rossa 500ml,2400,2113,2633,1545,6,False
M01,2026-07-18 08:46:45,2026-07-18 09:04:26,Idle,,A,Arancia Rossa 500ml,2400,0,1061,0,0,False
M01,2026-07-18 09:04:26,2026-07-18 09:28:52,Running,,A,Arancia Rossa 500ml,2400,2115,1466,861,3,False
M01,2026-07-18 09:28:52,2026-07-18 10:26:36,Running,,A,Arancia Rossa 500ml,2400,2097,3464,2018,10,False
M01,2026-07-18 10:26:36,2026-07-18 10:48:33,Running,,A,Arancia Rossa 500ml,2400,2094,1317,766,3,False
M01,2026-07-18 10:48:33,2026-07-18 11:24:34,Running,,A,Arancia Rossa 500ml,2400,2036,2161,1222,5,False
M01,2026-07-18 11:24:34,2026-07-18 12:12:30,Running,,A,Arancia Rossa 500ml,2400,2059,2876,1645,8,False
M01,2026-07-18 12:12:30,2026-07-18 13:03:42,Running,,A,Arancia Rossa 500ml,2400,2077,3072,1772,9,False
M01,2026-07-18 13:03:42,2026-07-18 13:26:18,Running,,A,Arancia Rossa 500ml,2400,2040,1356,768,3,False
M01,2026-07-18 13:26:18,2026-07-18 13:53:23,Running,,A,Arancia Rossa 500ml,2400,2039,1625,920,4,False
M01,2026-07-18 13:53:23,2026-07-18 14:00:00,Running,,A,Arancia Rossa 500ml,2400,2061,397,227,1,False
M01,2026-07-18 14:00:00,2026-07-18 14:31:54,Stopped,Changeover,B,Lampone Zero 560ml,2200,0,1914,0,0,True
M01,2026-07-18 14:31:54,2026-07-18 14:43:34,Stopped,Starvation,B,Lampone Zero 560ml,2200,0,700,0,0,False
M01,2026-07-18 14:43:34,2026-07-18 14:49:19,Stopped,Starvation,B,Lampone Zero 560ml,2200,0,345,0,0,False
M01,2026-07-18 14:49:19,2026-07-18 15:15:13,Running,,B,Lampone Zero 560ml,2200,1929,1554,833,3,False
M01,2026-07-18 15:15:13,2026-07-18 16:08:53,Running,,B,Lampone Zero 560ml,2200,1882,3220,1683,8,False
M01,2026-07-18 16:08:53,2026-07-18 16:44:43,Running,,B,Lampone Zero 560ml,2200,1890,2150,1129,5,False
M01,2026-07-18 16:44:43,2026-07-18 16:50:35,Stopped,Buildup,B,Lampone Zero 560ml,2200,0,352,0,0,False
M01,2026-07-18 16:50:35,2026-07-18 17:15:03,Running,,B,Lampone Zero 560ml,2200,1911,1468,779,3,False
M01,2026-07-18 17:15:03,2026-07-18 17:17:34,Stopped,Operator,B,Lampone Zero 560ml,2200,0,151,0,0,False
M01,2026-07-18 17:17:34,2026-07-18 17:45:06,Running,,B,Lampone Zero 560ml,2200,1924,1652,883,4,False
M01,2026-07-18 17:45:06,2026-07-18 17:55:40,Stopped,Starvation,B,Lampone Zero 560ml,2200,0,634,0,0,False
M01,2026-07-18 17:55:40,2026-07-18 18:01:38,Stopped,Buildup,B,Lampone Zero 560ml,2200,0,358,0,0,False
M01,2026-07-18 18:01:38,2026-07-18 18:06:24,Stopped,Buildup,B,Lampone Zero 560ml,2200,0,286,0,0,False
M01,2026-07-18 18:06:24,2026-07-18 18:43:39,Running,,B,Lampone Zero 560ml,2200,1915,2235,1189,4,False
M01,2026-07-18 18:43:39,2026-07-18 18:49:28,Idle,,B,Lampone Zero 560ml,2200,0,349,0,0,False
M01,2026-07-18 18:49:28,2026-07-18 19:40:51,Running,,B,Lampone Zero 560ml,2200,1914,3083,1639,6,False
M01,2026-07-18 19:40:51,2026-07-18 20:16:14,Running,,B,Lampone Zero 560ml,2200,1914,2123,1129,5,False
M01,2026-07-18 20:16:14,2026-07-18 20:20:33,Stopped,Buildup,B,Lampone Zero 560ml,2200,0,259,0,0,False
M01,2026-07-18 20:20:33,2026-07-18 20:22:38,Stopped,Buildup,B,Lampone Zero 560ml,2200,0,125,0,0,False
M01,2026-07-18 20:22:38,2026-07-18 21:10:02,Running,,B,Lampone Zero 560ml,2200,1920,2844,1517,7,False
M01,2026-07-18 21:10:02,2026-07-18 21:21:27,Stopped,External,B,Lampone Zero 560ml,2200,0,685,0,0,False
M01,2026-07-18 21:21:27,2026-07-18 21:45:46,Running,,B,Lampone Zero 560ml,2200,1914,1459,776,4,False
M01,2026-07-18 21:45:46,2026-07-18 21:56:55,Idle,,B,Lampone Zero 560ml,2200,0,669,0,0,False
M01,2026-07-18 21:56:55,2026-07-18 22:00:00,Idle,,B,Lampone Zero 560ml,2200,0,185,0,0,False
M01,2026-07-18 22:00:00,2026-07-18 22:06:43,Stopped,Starvation,C,Lampone Zero 560ml,2200,0,403,0,0,False
M01,2026-07-18 22:06:43,2026-07-18 22:20:49,Stopped,Fault,C,Lampone Zero 560ml,2200,0,846,0,0,False
M01,2026-07-18 22:20:49,2026-07-18 22:31:26,Idle,,C,Lampone Zero 560ml,2200,0,637,0,0,False
M01,2026-07-18 22:31:26,2026-07-18 23:14:57,Running,,C,Lampone Zero 560ml,2200,1895,2611,1374,6,False
M01,2026-07-18 23:14:57,2026-07-18 23:53:53,Running,,C,Lampone Zero 560ml,2200,1883,2336,1222,6,False
M01,2026-07-18 23:53:53,2026-07-18 23:59:23,Stopped,External,C,Lampone Zero 560ml,2200,0,330,0,0,False
M01,2026-07-18 23:59:23,2026-07-19 00:00:00,Idle,,C,Lampone Zero 560ml,2200,0,37,0,0,False
M01,2026-07-19 00:00:00,2026-07-19 00:20:16,Running,,C,Lampone Zero 560ml,2200,1940,1216,655,3,False
M01,2026-07-19 00:20:16,2026-07-19 01:12:33,Running,,C,Lampone Zero 560ml,2200,1920,3137,1673,8,False
M01,2026-07-19 01:12:33,2026-07-19 01:18:39,Stopped,External,C,Lampone Zero 560ml,2200,0,366,0,0,False
M01,2026-07-19 01:18:39,2026-07-19 01:35:14,Idle,,C,Lampone Zero 560ml,2200,0,995,0,0,False
M01,2026-07-19 01:35:14,2026-07-19 01:51:34,Stopped,Operator,C,Lampone Zero 560ml,2200,0,980,0,0,False
M01,2026-07-19 01:51:34,2026-07-19 01:54:34,Stopped,Starvation,C,Lampone Zero 560ml,2200,0,180,0,0,False
M01,2026-07-19 01:54:34,2026-07-19 02:32:51,Running,,C,Lampone Zero 560ml,2200,1919,2297,1224,5,False
M01,2026-07-19 02:32:51,2026-07-19 03:18:27,Running,,C,Lampone Zero 560ml,2200,1882,2736,1430,6,False
M01,2026-07-19 03:18:27,2026-07-19 03:38:42,Running,,C,Lampone Zero 560ml,2200,1906,1215,643,3,False
M01,2026-07-19 03:38:42,2026-07-19 04:18:59,Running,,C,Lampone Zero 560ml,2200,1925,2417,1292,5,False
M01,2026-07-19 04:18:59,2026-07-19 05:14:39,Running,,C,Lampone Zero 560ml,2200,1870,3340,1735,7,False
M01,2026-07-19 05:14:39,2026-07-19 05:48:50,Running,,C,Lampone Zero 560ml,2200,1870,2051,1065,4,False
M01,2026-07-19 05:48:50,2026-07-19 05:52:52,Stopped,External,C,Lampone Zero 560ml,2200,0,242,0,0,False
M01,2026-07-19 05:52:52,2026-07-19 06:00:00,Running,,C,Lampone Zero 560ml,2200,1921,428,228,1,False
M01,2026-07-19 06:00:00,2026-07-19 06:59:56,Running,,A,Lampone Zero 560ml,2200,1942,3596,1940,10,False
M01,2026-07-19 06:59:56,2026-07-19 07:04:15,Stopped,Starvation,A,Lampone Zero 560ml,2200,0,259,0,0,False
M01,2026-07-19 07:04:15,2026-07-19 07:34:38,Running,,A,Lampone Zero 560ml,2200,1904,1823,964,5,False
M01,2026-07-19 07:34:38,2026-07-19 07:41:38,Stopped,Buildup,A,Lampone Zero 560ml,2200,0,420,0,0,False
M01,2026-07-19 07:41:38,2026-07-19 07:50:20,Idle,,A,Lampone Zero 560ml,2200,0,522,0,0,False
M01,2026-07-19 07:50:20,2026-07-19 08:03:17,Stopped,Supplies,A,Lampone Zero 560ml,2200,0,777,0,0,False
M01,2026-07-19 08:03:17,2026-07-19 08:33:05,Running,,A,Lampone Zero 560ml,2200,1891,1788,939,4,False
M01,2026-07-19 08:33:05,2026-07-19 09:10:17,Running,,A,Lampone Zero 560ml,2200,1901,2232,1179,5,False
M01,2026-07-19 09:10:17,2026-07-19 09:25:35,Stopped,Supplies,A,Lampone Zero 560ml,2200,0,918,0,0,False
M01,2026-07-19 09:25:35,2026-07-19 09:40:50,Stopped,External,A,Lampone Zero 560ml,2200,0,915,0,0,False
M01,2026-07-19 09:40:50,2026-07-19 10:36:28,Running,,A,Lampone Zero 560ml,2200,1915,3338,1776,8,False
M01,2026-07-19 10:36:28,2026-07-19 10:42:26,Stopped,Starvation,A,Lampone Zero 560ml,2200,0,358,0,0,False
M01,2026-07-19 10:42:26,2026-07-19 11:11:39,Running,,A,Lampone Zero 560ml,2200,1941,1753,945,5,False
M01,2026-07-19 11:11:39,2026-07-19 11:54:33,Running,,A,Lampone Zero 560ml,2200,1875,2574,1341,7,False
M01,2026-07-19 11:54:33,2026-07-19 12:52:47,Running,,A,Lampone Zero 560ml,2200,1891,3494,1835,8,False
M01,2026-07-19 12:52:47,2026-07-19 13:24:23,Running,,A,Lampone Zero 560ml,2200,1931,1896,1017,5,False
M01,2026-07-19 13:24:23,2026-07-19 13:57:56,Running,,A,Lampone Zero 560ml,2200,1873,2013,1047,5,False
M01,2026-07-19 13:57:56,2026-07-19 14:00:00,Idle,,A,Lampone Zero 560ml,2200,0,124,0,0,False
M01,2026-07-19 14:00:00,2026-07-19 14:23:54,Stopped,Changeover,B,Arancia Rossa 500ml,2400,0,1434,0,0,True
M01,2026-07-19 14:23:54,2026-07-19 14:47:28,Running,,B,Arancia Rossa 500ml,2400,2054,1414,807,3,False
M01,2026-07-19 14:47:28,2026-07-19 15:02:36,Stopped,Starvation,B,Arancia Rossa 500ml,2400,0,908,0,0,False
M01,2026-07-19 15:02:36,2026-07-19 15:26:16,Running,,B,Arancia Rossa 500ml,2400,2113,1420,833,4,False
M01,2026-07-19 15:26:16,2026-07-19 16:11:38,Running,,B,Arancia Rossa 500ml,2400,2047,2722,1548,6,False
M01,2026-07-19 16:11:38,2026-07-19 16:59:43,Running,,B,Arancia Rossa 500ml,2400,2091,2885,1676,6,False
M01,2026-07-19 16:59:43,2026-07-19 17:38:31,Running,,B,Arancia Rossa 500ml,2400,2058,2328,1331,6,False
M01,2026-07-19 17:38:31,2026-07-19 18:11:16,Running,,B,Arancia Rossa 500ml,2400,2047,1965,1117,5,False
M01,2026-07-19 18:11:16,2026-07-19 18:40:32,Running,,B,Arancia Rossa 500ml,2400,2093,1756,1021,4,False
M01,2026-07-19 18:40:32,2026-07-19 19:23:54,Running,,B,Arancia Rossa 500ml,2400,2116,2602,1529,7,False
M01,2026-07-19 19:23:54,2026-07-19 19:33:45,Stopped,Operator,B,Arancia Rossa 500ml,2400,0,591,0,0,False
M01,2026-07-19 19:33:45,2026-07-19 19:37:00,Stopped,External,B,Arancia Rossa 500ml,2400,0,195,0,0,False
M01,2026-07-19 19:37:00,2026-07-19 20:27:18,Running,,B,Arancia Rossa 500ml,2400,2085,3018,1748,8,False
M01,2026-07-19 20:27:18,2026-07-19 21:22:39,Running,,B,Arancia Rossa 500ml,2400,2077,3321,1916,9,False
M01,2026-07-19 21:22:39,2026-07-19 21:52:56,Running,,B,Arancia Rossa 500ml,2400,2099,1817,1059,4,False
M01,2026-07-19 21:52:56,2026-07-19 21:57:40,Stopped,External,B,Arancia Rossa 500ml,2400,0,284,0,0,False
M01,2026-07-19 21:57:40,2026-07-19 22:00:00,Idle,,B,Arancia Rossa 500ml,2400,0,140,0,0,False
M01,2026-07-19 22:00:00,2026-07-19 22:51:27,Running,,C,Arancia Rossa 500ml,2400,2052,3087,1760,7,False
M01,2026-07-19 22:51:27,2026-07-19 23:04:04,Stopped,Buildup,C,Arancia Rossa 500ml,2400,0,757,0,0,False
M01,2026-07-19 23:04:04,2026-07-19 23:30:10,Running,,C,Arancia Rossa 500ml,2400,2050,1566,892,4,False
M01,2026-07-19 23:30:10,2026-07-19 23:51:08,Running,,C,Arancia Rossa 500ml,2400,2089,1258,730,4,False
M01,2026-07-19 23:51:08,2026-07-20 00:00:00,Running,,C,Arancia Rossa 500ml,2400,2092,532,309,1,False
M01,2026-07-20 00:00:00,2026-07-20 00:35:10,Running,,C,Arancia Rossa 500ml,2400,2059,2110,1207,4,False
M01,2026-07-20 00:35:10,2026-07-20 00:47:18,Stopped,Starvation,C,Arancia Rossa 500ml,2400,0,728,0,0,False
M01,2026-07-20 00:47:18,2026-07-20 00:59:01,Stopped,Starvation,C,Arancia Rossa 500ml,2400,0,703,0,0,False
M01,2026-07-20 00:59:01,2026-07-20 01:14:15,Idle,,C,Arancia Rossa 500ml,2400,0,914,0,0,False
M01,2026-07-20 01:14:15,2026-07-20 02:03:02,Running,,C,Arancia Rossa 500ml,2400,2120,2927,1724,8,False
M01,2026-07-20 02:03:02,2026-07-20 02:54:21,Running,,C,Arancia Rossa 500ml,2400,2124,3079,1817,7,False
M01,2026-07-20 02:54:21,2026-07-20 03:20:03,Running,,C,Arancia Rossa 500ml,2400,2130,1542,912,4,False
M01,2026-07-20 03:20:03,2026-07-20 03:28:25,Idle,,C,Arancia Rossa 500ml,2400,0,502,0,0,False
M01,2026-07-20 03:28:25,2026-07-20 04:12:08,Running,,C,Arancia Rossa 500ml,2400,2099,2623,1529,6,False
M01,2026-07-20 04:12:08,2026-07-20 04:28:48,Stopped,Buildup,C,Arancia Rossa 500ml,2400,0,1000,0,0,False
M01,2026-07-20 04:28:48,2026-07-20 04:32:32,Stopped,Buildup,C,Arancia Rossa 500ml,2400,0,224,0,0,False
M01,2026-07-20 04:32:32,2026-07-20 04:47:14,Stopped,External,C,Arancia Rossa 500ml,2400,0,882,0,0,False
M01,2026-07-20 04:47:14,2026-07-20 05:42:48,Running,,C,Arancia Rossa 500ml,2400,2101,3334,1946,9,False
M01,2026-07-20 05:42:48,2026-07-20 06:00:00,Running,,C,Arancia Rossa 500ml,2400,2126,1032,609,3,False
M01,2026-07-20 06:00:00,2026-07-20 06:35:59,Running,,A,Arancia Rossa 500ml,2400,2083,2159,1249,5,False
M01,2026-07-20 06:35:59,2026-07-20 07:02:00,Running,,A,Arancia Rossa 500ml,2400,2086,1561,905,4,False
M01,2026-07-20 07:02:00,2026-07-20 07:41:02,Running,,A,Arancia Rossa 500ml,2400,2108,2342,1371,6,False
M01,2026-07-20 07:41:02,2026-07-20 08:33:43,Running,,A,Arancia Rossa 500ml,2400,2073,3161,1820,9,False
M01,2026-07-20 08:33:43,2026-07-20 08:56:16,Running,,A,Arancia Rossa 500ml,2400,2050,1353,770,4,False
M01,2026-07-20 08:56:16,2026-07-20 09:11:49,Stopped,Starvation,A,Arancia Rossa 500ml,2400,0,933,0,0,False
M01,2026-07-20 09:11:49,2026-07-20 10:05:15,Running,,A,Arancia Rossa 500ml,2400,2113,3206,1882,8,False
M01,2026-07-20 10:05:15,2026-07-20 10:19:01,Stopped,External,A,Arancia Rossa 500ml,2400,0,826,0,0,False
M01,2026-07-20 10:19:01,2026-07-20 10:33:51,Stopped,Buildup,A,Arancia Rossa 500ml,2400,0,890,0,0,False
M01,2026-07-20 10:33:51,2026-07-20 10:46:41,Stopped,External,A,Arancia Rossa 500ml,2400,0,770,0,0,False
M01,2026-07-20 10:46:41,2026-07-20 11:46:33,Running,,A,Arancia Rossa 500ml,2400,2065,3592,2060,8,False
M01,2026-07-20 11:46:33,2026-07-20 12:37:57,Running,,A,Arancia Rossa 500ml,2400,2125,3084,1820,7,False
M01,2026-07-20 12:37:57,2026-07-20 13:10:49,Running,,A,Arancia Rossa 500ml,2400,2094,1972,1147,4,False
M01,2026-07-20 13:10:49,2026-07-20 13:41:28,Running,,A,Arancia Rossa 500ml,2400,2107,1839,1076,4,False
M01,2026-07-20 13:41:28,2026-07-20 14:00:00,Running,,A,Arancia Rossa 500ml,2400,2055,1112,635,3,False
M01,2026-07-20 14:00:00,2026-07-20 14:35:16,Stopped,Changeover,B,Lampone Zero 560ml,2200,0,2116,0,0,True
M01,2026-07-20 14:35:16,2026-07-20 15:25:00,Running,,B,Lampone Zero 560ml,2200,1929,2984,1599,6,False
M01,2026-07-20 15:25:00,2026-07-20 16:20:20,Running,,B,Lampone Zero 560ml,2200,1950,3320,1798,8,False
M01,2026-07-20 16:20:20,2026-07-20 16:34:09,Stopped,Starvation,B,Lampone Zero 560ml,2200,0,829,0,0,False
M01,2026-07-20 16:34:09,2026-07-20 16:45:21,Stopped,Starvation,B,Lampone Zero 560ml,2200,0,672,0,0,False
M01,2026-07-20 16:45:21,2026-07-20 16:54:42,Stopped,Operator,B,Lampone Zero 560ml,2200,0,561,0,0,False
M01,2026-07-20 16:54:42,2026-07-20 17:45:04,Running,,B,Lampone Zero 560ml,2200,1949,3022,1636,8,False
M01,2026-07-20 17:45:04,2026-07-20 18:09:02,Running,,B,Lampone Zero 560ml,2200,1883,1438,752,4,False
M01,2026-07-20 18:09:02,2026-07-20 19:07:27,Running,,B,Lampone Zero 560ml,2200,1950,3505,1899,9,False
M01,2026-07-20 19:07:27,2026-07-20 19:30:59,Running,,B,Lampone Zero 560ml,2200,1892,1412,742,3,False
M01,2026-07-20 19:30:59,2026-07-20 20:16:41,Running,,B,Lampone Zero 560ml,2200,1908,2742,1453,8,False
M01,2026-07-20 20:16:41,2026-07-20 20:51:18,Running,,B,Lampone Zero 560ml,2200,1948,2077,1124,6,False
M01,2026-07-20 20:51:18,2026-07-20 21:47:49,Running,,B,Lampone Zero 560ml,2200,1951,3391,1838,8,False
M01,2026-07-20 21:47:49,2026-07-20 22:00:00,Running,,B,Lampone Zero 560ml,2200,1946,731,395,2,False
M01,2026-07-20 22:00:00,2026-07-20 22:38:36,Stopped,Changeover,C,Arancia Rossa 500ml,2400,0,2316,0,0,True
M01,2026-07-20 22:38:36,2026-07-20 23:35:18,Running,,C,Arancia Rossa 500ml,2400,2076,3402,1962,10,False
M01,2026-07-20 23:35:18,2026-07-20 23:56:34,Running,,C,Arancia Rossa 500ml,2400,2124,1276,753,3,False
M01,2026-07-20 23:56:34,2026-07-21 00:00:00,Idle,,C,Arancia Rossa 500ml,2400,0,206,0,0,False
M01,2026-07-21 00:00:00,2026-07-21 00:05:04,Stopped,Fault,C,Arancia Rossa 500ml,2400,0,304,0,0,False
M01,2026-07-21 00:05:04,2026-07-21 00:51:14,Running,,C,Arancia Rossa 500ml,2400,2109,2770,1623,6,False
M01,2026-07-21 00:51:14,2026-07-21 01:11:46,Running,,C,Arancia Rossa 500ml,2400,2126,1232,728,4,False
M01,2026-07-21 01:11:46,2026-07-21 01:50:12,Running,,C,Arancia Rossa 500ml,2400,2082,2306,1334,5,False
M01,2026-07-21 01:50:12,2026-07-21 02:01:51,Stopped,External,C,Arancia Rossa 500ml,2400,0,699,0,0,False
M01,2026-07-21 02:01:51,2026-07-21 02:54:59,Running,,C,Arancia Rossa 500ml,2400,2136,3188,1892,9,False
M01,2026-07-21 02:54:59,2026-07-21 03:45:11,Running,,C,Arancia Rossa 500ml,2400,2103,3012,1760,8,False
M01,2026-07-21 03:45:11,2026-07-21 03:59:37,Stopped,External,C,Arancia Rossa 500ml,2400,0,866,0,0,False
M01,2026-07-21 03:59:37,2026-07-21 04:20:41,Running,,C,Arancia Rossa 500ml,2400,2070,1264,727,3,False
M01,2026-07-21 04:20:41,2026-07-21 04:59:26,Running,,C,Arancia Rossa 500ml,2400,2087,2325,1348,6,False
M01,2026-07-21 04:59:26,2026-07-21 05:51:35,Running,,C,Arancia Rossa 500ml,2400,2072,3129,1801,8,False
M01,2026-07-21 05:51:35,2026-07-21 06:00:00,Running,,C,Arancia Rossa 500ml,2400,2061,505,289,1,False
M01,2026-07-21 06:00:00,2026-07-21 06:16:00,Stopped,Changeover,A,Lampone Zero 560ml,2200,0,960,0,0,True
M01,2026-07-21 06:16:00,2026-07-21 06:28:52,Stopped,Starvation,A,Lampone Zero 560ml,2200,0,772,0,0,False
M01,2026-07-21 06:28:52,2026-07-21 06:52:51,Running,,A,Lampone Zero 560ml,2200,1916,1439,766,3,False
M01,2026-07-21 06:52:51,2026-07-21 07:33:04,Running,,A,Lampone Zero 560ml,2200,1900,2413,1274,6,False
M01,2026-07-21 07:33:04,2026-07-21 08:27:58,Running,,A,Lampone Zero 560ml,2200,1940,3294,1775,7,False
M01,2026-07-21 08:27:58,2026-07-21 08:34:29,Stopped,External,A,Lampone Zero 560ml,2200,0,391,0,0,False
M01,2026-07-21 08:34:29,2026-07-21 09:08:16,Running,,A,Lampone Zero 560ml,2200,1946,2027,1096,6,False
M01,2026-07-21 09:08:16,2026-07-21 09:36:58,Running,,A,Lampone Zero 560ml,2200,1925,1722,921,4,False
M01,2026-07-21 09:36:58,2026-07-21 10:09:10,Running,,A,Lampone Zero 560ml,2200,1914,1932,1027,5,False
M01,2026-07-21 10:09:10,2026-07-21 10:32:37,Running,,A,Lampone Zero 560ml,2200,1940,1407,758,3,False
M01,2026-07-21 10:32:37,2026-07-21 10:53:08,Running,,A,Lampone Zero 560ml,2200,1946,1231,665,3,False
M01,2026-07-21 10:53:08,2026-07-21 11:51:58,Running,,A,Lampone Zero 560ml,2200,1915,3530,1878,9,False
M01,2026-07-21 11:51:58,2026-07-21 12:49:28,Running,,A,Lampone Zero 560ml,2200,1935,3450,1854,9,False
M01,2026-07-21 12:49:28,2026-07-21 13:00:03,Idle,,A,Lampone Zero 560ml,2200,0,635,0,0,False
M01,2026-07-21 13:00:03,2026-07-21 13:05:31,Stopped,External,A,Lampone Zero 560ml,2200,0,328,0,0,False
M01,2026-07-21 13:05:31,2026-07-21 13:47:00,Running,,A,Lampone Zero 560ml,2200,1906,2489,1318,7,False
M01,2026-07-21 13:47:00,2026-07-21 14:00:00,Running,,A,Lampone Zero 560ml,2200,1943,780,421,2,False
M01,2026-07-21 14:00:00,2026-07-21 14:20:27,Stopped,Changeover,B,Arancia Rossa 500ml,2400,0,1227,0,0,True
M01,2026-07-21 14:20:27,2026-07-21 14:34:00,Stopped,Starvation,B,Arancia Rossa 500ml,2400,0,813,0,0,False
M01,2026-07-21 14:34:00,2026-07-21 15:15:05,Running,,B,Arancia Rossa 500ml,2400,2082,2465,1426,7,False
M01,2026-07-21 15:15:05,2026-07-21 15:27:04,Idle,,B,Arancia Rossa 500ml,2400,0,719,0,0,False
M01,2026-07-21 15:27:04,2026-07-21 15:36:02,Stopped,Starvation,B,Arancia Rossa 500ml,2400,0,538,0,0,False
M01,2026-07-21 15:36:02,2026-07-21 16:30:38,Running,,B,Arancia Rossa 500ml,2400,2091,3276,1903,9,False
M01,2026-07-21 16:30:38,2026-07-21 17:16:50,Running,,B,Arancia Rossa 500ml,2400,2060,2772,1586,8,False
M01,2026-07-21 17:16:50,2026-07-21 17:24:42,Stopped,Starvation,B,Arancia Rossa 500ml,2400,0,472,0,0,False
M01,2026-07-21 17:24:42,2026-07-21 18:17:04,Running,,B,Arancia Rossa 500ml,2400,2072,3142,1808,9,False
M01,2026-07-21 18:17:04,2026-07-21 18:58:23,Running,,B,Arancia Rossa 500ml,2400,2073,2479,1427,6,False
M01,2026-07-21 18:58:23,2026-07-21 19:06:53,Stopped,Starvation,B,Arancia Rossa 500ml,2400,0,510,0,0,False
M01,2026-07-21 19:06:53,2026-07-21 19:09:42,Stopped,External,B,Arancia Rossa 500ml,2400,0,169,0,0,False
M01,2026-07-21 19:09:42,2026-07-21 19:32:20,Running,,B,Arancia Rossa 500ml,2400,2095,1358,790,4,False
M01,2026-07-21 19:32:20,2026-07-21 19:49:50,Stopped,External,B,Arancia Rossa 500ml,2400,0,1050,0,0,False
M01,2026-07-21 19:49:50,2026-07-21 20:46:05,Running,,B,Arancia Rossa 500ml,2400,2078,3375,1948,9,False
M01,2026-07-21 20:46:05,2026-07-21 21:39:22,Running,,B,Arancia Rossa 500ml,2400,2096,3197,1861,7,False
M01,2026-07-21 21:39:22,2026-07-21 21:59:31,Running,,B,Arancia Rossa 500ml,2400,2141,1209,719,3,False
M01,2026-07-21 21:59:31,2026-07-21 22:00:00,Idle,,B,Arancia Rossa 500ml,2400,0,29,0,0,False
M01,2026-07-21 22:00:00,2026-07-21 22:15:57,Idle,,C,Arancia Rossa 500ml,2400,0,957,0,0,False
M01,2026-07-21 22:15:57,2026-07-21 23:07:19,Running,,C,Arancia Rossa 500ml,2400,2128,3082,1822,7,False
M01,2026-07-21 23:07:19,2026-07-21 23:31:21,Running,,C,Arancia Rossa 500ml,2400,2104,1442,843,3,False
M01,2026-07-21 23:31:21,2026-07-21 23:52:35,Running,,C,Arancia Rossa 500ml,2400,2117,1274,749,3,False
M01,2026-07-21 23:52:35,2026-07-22 00:00:00,Running,,C,Arancia Rossa 500ml,2400,2136,445,264,1,False
M01,2026-07-22 00:00:00,2026-07-22 00:43:15,Running,,C,Arancia Rossa 500ml,2400,2122,2595,1530,7,False
M01,2026-07-22 00:43:15,2026-07-22 01:14:29,Running,,C,Arancia Rossa 500ml,2400,2116,1874,1101,5,False
M01,2026-07-22 01:14:29,2026-07-22 01:46:14,Running,,C,Arancia Rossa 500ml,2400,2145,1905,1135,5,False
M01,2026-07-22 01:46:14,2026-07-22 02:00:28,Stopped,Buildup,C,Arancia Rossa 500ml,2400,0,854,0,0,False
M01,2026-07-22 02:00:28,2026-07-22 02:14:25,Stopped,Starvation,C,Arancia Rossa 500ml,2400,0,837,0,0,False
M01,2026-07-22 02:14:25,2026-07-22 02:39:01,Running,,C,Arancia Rossa 500ml,2400,2137,1476,876,4,False
M01,2026-07-22 02:39:01,2026-07-22 03:02:19,Running,,C,Arancia Rossa 500ml,2400,2140,1398,831,4,False
M01,2026-07-22 03:02:19,2026-07-22 03:47:55,Running,,C,Arancia Rossa 500ml,2400,2097,2736,1594,8,False
M01,2026-07-22 03:47:55,2026-07-22 04:10:58,Running,,C,Arancia Rossa 500ml,2400,2112,1383,811,3,False
M01,2026-07-22 04:10:58,2026-07-22 04:23:32,Stopped,Starvation,C,Arancia Rossa 500ml,2400,0,754,0,0,False
M01,2026-07-22 04:23:32,2026-07-22 05:11:48,Running,,C,Arancia Rossa 500ml,2400,2097,2896,1687,8,False
M01,2026-07-22 05:11:48,2026-07-22 05:49:00,Running,,C,Arancia Rossa 500ml,2400,2097,2232,1300,5,False
M01,2026-07-22 05:49:00,2026-07-22 06:00:00,Running,,C,Arancia Rossa 500ml,2400,2125,660,390,2,False
M01,2026-07-22 06:00:00,2026-07-22 06:15:11,Stopped,Operator,A,Arancia Rossa 500ml,2400,0,911,0,0,False
M01,2026-07-22 06:15:11,2026-07-22 06:46:32,Running,,A,Arancia Rossa 500ml,2400,2131,1881,1113,6,False
M01,2026-07-22 06:46:32,2026-07-22 07:28:57,Running,,A,Arancia Rossa 500ml,2400,2121,2545,1499,6,False
M01,2026-07-22 07:28:57,2026-07-22 07:46:48,Stopped,External,A,Arancia Rossa 500ml,2400,0,1071,0,0,False
M01,2026-07-22 07:46:48,2026-07-22 08:12:57,Running,,A,Arancia Rossa 500ml,2400,2101,1569,916,4,False
M01,2026-07-22 08:12:57,2026-07-22 08:29:51,Stopped,Buildup,A,Arancia Rossa 500ml,2400,0,1014,0,0,False
M01,2026-07-22 08:29:51,2026-07-22 09:04:42,Running,,A,Arancia Rossa 500ml,2400,2141,2091,1244,6,False
M01,2026-07-22 09:04:42,2026-07-22 09:44:37,Running,,A,Arancia Rossa 500ml,2400,2081,2395,1384,7,False
M01,2026-07-22 09:44:37,2026-07-22 09:49:17,Stopped,External,A,Arancia Rossa 500ml,2400,0,280,0,0,False
M01,2026-07-22 09:49:17,2026-07-22 10:28:38,Running,,A,Arancia Rossa 500ml,2400,2099,2361,1377,6,False
M01,2026-07-22 10:28:38,2026-07-22 10:43:32,Stopped,Supplies,A,Arancia Rossa 500ml,2400,0,894,0,0,False
M01,2026-07-22 10:43:32,2026-07-22 11:35:52,Running,,A,Arancia Rossa 500ml,2400,2079,3140,1813,9,False
M01,2026-07-22 11:35:52,2026-07-22 11:39:00,Stopped,External,A,Arancia Rossa 500ml,2400,0,188,0,0,False
M01,2026-07-22 11:39:00,2026-07-22 12:02:16,Running,,A,Arancia Rossa 500ml,2400,2076,1396,805,3,False
M01,2026-07-22 12:02:16,2026-07-22 12:10:22,Idle,,A,Arancia Rossa 500ml,2400,0,486,0,0,False
M01,2026-07-22 12:10:22,2026-07-22 12:52:02,Running,,A,Arancia Rossa 500ml,2400,2091,2500,1452,6,False
M01,2026-07-22 12:52:02,2026-07-22 13:04:51,Idle,,A,Arancia Rossa 500ml,2400,0,769,0,0,False
M01,2026-07-22 13:04:51,2026-07-22 13:18:08,Stopped,External,A,Arancia Rossa 500ml,2400,0,797,0,0,False
M01,2026-07-22 13:18:08,2026-07-22 13:41:44,Running,,A,Arancia Rossa 500ml,2400,2114,1416,832,3,False
M01,2026-07-22 13:41:44,2026-07-22 14:00:00,Running,,A,Arancia Rossa 500ml,2400,2144,1096,653,2,False
M01,2026-07-22 14:00:00,2026-07-22 14:25:41,Stopped,Changeover,B,Lampone Zero 560ml,2200,0,1541,0,0,True
M01,2026-07-22 14:25:41,2026-07-22 14:34:44,Stopped,Starvation,B,Lampone Zero 560ml,2200,0,543,0,0,False
M01,2026-07-22 14:34:44,2026-07-22 14:39:39,Stopped,Buildup,B,Lampone Zero 560ml,2200,0,295,0,0,False
M01,2026-07-22 14:39:39,2026-07-22 14:55:26,Stopped,External,B,Lampone Zero 560ml,2200,0,947,0,0,False
M01,2026-07-22 14:55:26,2026-07-22 14:57:28,Stopped,Starvation,B,Lampone Zero 560ml,2200,0,122,0,0,False
M01,2026-07-22 14:57:28,2026-07-22 15:35:54,Running,,B,Lampone Zero 560ml,2200,1915,2306,1227,6,False
M01,2026-07-22 15:35:54,2026-07-22 16:22:45,Running,,B,Lampone Zero 560ml,2200,1957,2811,1528,8,False
M01,2026-07-22 16:22:45,2026-07-22 16:44:46,Running,,B,Lampone Zero 560ml,2200,1915,1321,703,3,False
M01,2026-07-22 16:44:46,2026-07-22 17:42:29,Running,,B,Lampone Zero 560ml,2200,1922,3463,1849,8,False
M01,2026-07-22 17:42:29,2026-07-22 18:17:01,Running,,B,Lampone Zero 560ml,2200,1959,2072,1128,6,False
M01,2026-07-22 18:17:01,2026-07-22 19:00:42,Running,,B,Lampone Zero 560ml,2200,1932,2621,1407,7,False
M01,2026-07-22 19:00:42,2026-07-22 19:15:32,Stopped,Buildup,B,Lampone Zero 560ml,2200,0,890,0,0,False
M01,2026-07-22 19:15:32,2026-07-22 20:06:00,Running,,B,Lampone Zero 560ml,2200,1907,3028,1604,7,False
M01,2026-07-22 20:06:00,2026-07-22 20:16:22,Idle,,B,Lampone Zero 560ml,2200,0,622,0,0,False
M01,2026-07-22 20:16:22,2026-07-22 20:29:20,Stopped,External,B,Lampone Zero 560ml,2200,0,778,0,0,False
M01,2026-07-22 20:29:20,2026-07-22 21:13:51,Running,,B,Lampone Zero 560ml,2200,1898,2671,1408,7,False
M01,2026-07-22 21:13:51,2026-07-22 21:24:26,Stopped,Starvation,B,Lampone Zero 560ml,2200,0,635,0,0,False
M01,2026-07-22 21:24:26,2026-07-22 21:51:42,Running,,B,Lampone Zero 560ml,2200,1950,1636,886,4,False
M01,2026-07-22 21:51:42,2026-07-22 21:58:18,Stopped,External,B,Lampone Zero 560ml,2200,0,396,0,0,False
M01,2026-07-22 21:58:18,2026-07-22 22:00:00,Idle,,B,Lampone Zero 560ml,2200,0,102,0,0,False
M01,2026-07-22 22:00:00,2026-07-22 22:31:34,Running,,C,Lampone Zero 560ml,2200,1899,1894,999,4,False
M01,2026-07-22 22:31:34,2026-07-22 23:11:33,Running,,C,Lampone Zero 560ml,2200,1974,2399,1315,5,False
M01,2026-07-22 23:11:33,2026-07-22 23:36:26,Running,,C,Lampone Zero 560ml,2200,1934,1493,802,3,False
M01,2026-07-22 23:36:26,2026-07-22 23:59:49,Running,,C,Lampone Zero 560ml,2200,1901,1403,741,3,False
M01,2026-07-22 23:59:49,2026-07-23 00:00:00,Idle,,C,Lampone Zero 560ml,2200,0,11,0,0,False
