machine_id,timestamp_start,timestamp_end,state,stop_cause,shift,recipe,speed_target,speed_actual,duration_seconds,good_count,reject_count,planned
M01,2026-06-23 00:00:00,2026-06-23 00:29:25,Running,,C,Lampone Zero 560ml,2200,2075,1765,1017,4,False
M01,2026-06-23 00:29:25,2026-06-23 00:43:18,Stopped,External,C,Lampone Zero 560ml,2200,0,833,0,0,False
M01,2026-06-23 00:43:18,2026-06-23 01:27:35,Running,,C,Lampone Zero 560ml,2200,2038,2657,1504,6,False
M01,2026-06-23 01:27:35,2026-06-23 01:32:21,Stopped,Operator,C,Lampone Zero 560ml,2200,0,286,0,0,False
M01,2026-06-23 01:32:21,2026-06-23 02:06:22,Running,,C,Lampone Zero 560ml,2200,2026,2041,1149,5,False
M01,2026-06-23 02:06:22,2026-06-23 02:15:49,Stopped,Supplies,C,Lampone Zero 560ml,2200,0,567,0,0,False
M01,2026-06-23 02:15:49,2026-06-23 02:29:47,Stopped,Starvation,C,Lampone Zero 560ml,2200,0,838,0,0,False
M01,2026-06-23 02:29:47,2026-06-23 02:54:29,Running,,C,Lampone Zero 560ml,2200,2077,1482,855,3,False
M01,2026-06-23 02:54:29,2026-06-23 03:19:05,Running,,C,Lampone Zero 560ml,2200,2052,1476,841,2,False
M01,2026-06-23 03:19:05,2026-06-23 03:52:54,Running,,C,Lampone Zero 560ml,2200,2080,2029,1172,4,False
M01,2026-06-23 03:52:54,2026-06-23 03:56:38,Stopped,External,C,Lampone Zero 560ml,2200,0,224,0,0,False
M01,2026-06-23 03:56:38,2026-06-23 04:33:13,Running,,C,Lampone Zero 560ml,2200,2040,2195,1244,4,False
M01,2026-06-23 04:33:13,2026-06-23 05:21:24,Running,,C,Lampone Zero 560ml,2200,2071,2891,1663,5,False
M01,2026-06-23 05:21:24,2026-06-23 05:44:42,Running,,C,Lampone Zero 560ml,2200,2010,1398,781,3,False
M01,2026-06-23 05:44:42,2026-06-23 06:00:00,Running,,C,Lampone Zero 560ml,2200,2033,918,518,2,False
M01,2026-06-23 06:00:00,2026-06-23 06:55:29,Running,,A,Lampone Zero 560ml,2200,2045,3329,1891,7,False
M01,2026-06-23 06:55:29,2026-06-23 07:02:04,Stopped,Supplies,A,Lampone Zero 560ml,2200,0,395,0,0,False
M01,2026-06-23 07:02:04,2026-06-23 07:08:53,Stopped,External,A,Lampone Zero 560ml,2200,0,409,0,0,False
M01,2026-06-23 07:08:53,2026-06-23 07:14:40,Stopped,External,A,Lampone Zero 560ml,2200,0,347,0,0,False
M01,2026-06-23 07:14:40,2026-06-23 07:36:47,Running,,A,Lampone Zero 560ml,2200,2059,1327,759,2,False
M01,2026-06-23 07:36:47,2026-06-23 08:16:26,Running,,A,Lampone Zero 560ml,2200,2084,2379,1377,5,False
M01,2026-06-23 08:16:26,2026-06-23 09:15:46,Running,,A,Lampone Zero 560ml,2200,2020,3560,1998,7,False
M01,2026-06-23 09:15:46,2026-06-23 09:35:51,Running,,A,Lampone Zero 560ml,2200,2057,1205,689,2,False
M01,2026-06-23 09:35:51,2026-06-23 10:11:28,Running,,A,Lampone Zero 560ml,2200,2063,2137,1225,4,False
M01,2026-06-23 10:11:28,2026-06-23 10:18:05,Stopped,Fault,A,Lampone Zero 560ml,2200,0,397,0,0,False
M01,2026-06-23 10:18:05,2026-06-23 10:25:55,Stopped,Operator,A,Lampone Zero 560ml,2200,0,470,0,0,False
M01,2026-06-23 10:25:55,2026-06-23 10:34:50,Stopped,External,A,Lampone Zero 560ml,2200,0,535,0,0,False
M01,2026-06-23 10:34:50,2026-06-23 11:27:56,Running,,A,Lampone Zero 560ml,2200,2048,3186,1812,8,False
M01,2026-06-23 11:27:56,2026-06-23 11:51:57,Running,,A,Lampone Zero 560ml,2200,2057,1441,823,3,False
M01,2026-06-23 11:51:57,2026-06-23 12:27:42,Running,,A,Lampone Zero 560ml,2200,2086,2145,1243,5,False
M01,2026-06-23 12:27:42,2026-06-23 12:39:35,Stopped,Starvation,A,Lampone Zero 560ml,2200,0,713,0,0,False
M01,2026-06-23 12:39:35,2026-06-23 12:52:04,Stopped,Starvation,A,Lampone Zero 560ml,2200,0,749,0,0,False
M01,2026-06-23 12:52:04,2026-06-23 13:34:43,Running,,A,Lampone Zero 560ml,2200,2053,2559,1459,4,False
M01,2026-06-23 13:34:43,2026-06-23 13:59:17,Running,,A,Lampone Zero 560ml,2200,2082,1474,852,4,False
M01,2026-06-23 13:59:17,2026-06-23 14:00:00,Idle,,A,Lampone Zero 560ml,2200,0,43,0,0,False
M01,2026-06-23 14:00:00,2026-06-23 14:27:37,Stopped,Changeover,B,Arancia Rossa 500ml,2400,0,1657,0,0,True
M01,2026-06-23 14:27:37,2026-06-23 15:25:46,Running,,B,Arancia Rossa 500ml,2400,2274,3489,2204,7,False
M01,2026-06-23 15:25:46,2026-06-23 15:53:25,Running,,B,Arancia Rossa 500ml,2400,2266,1659,1044,4,False
M01,2026-06-23 15:53:25,2026-06-23 16:04:13,Stopped,External,B,Arancia Rossa 500ml,2400,0,648,0,0,False
M01,2026-06-23 16:04:13,2026-06-23 16:11:11,Stopped,Starvation,B,Arancia Rossa 500ml,2400,0,418,0,0,False
M01,2026-06-23 16:11:11,2026-06-23 17:04:46,Running,,B,Arancia Rossa 500ml,2400,2265,3215,2023,8,False
M01,2026-06-23 17:04:46,2026-06-23 17:20:11,Idle,,B,Arancia Rossa 500ml,2400,0,925,0,0,False
M01,2026-06-23 17:20:11,2026-06-23 17:25:18,Stopped,Starvation,B,Arancia Rossa 500ml,2400,0,307,0,0,False
M01,2026-06-23 17:25:18,2026-06-23 17:36:45,Stopped,Buildup,B,Arancia Rossa 500ml,2400,0,687,0,0,False
M01,2026-06-23 17:36:45,2026-06-23 18:34:10,Running,,B,Arancia Rossa 500ml,2400,2242,3445,2145,9,False
M01,2026-06-23 18:34:10,2026-06-23 19:30:39,Running,,B,Arancia Rossa 500ml,2400,2266,3389,2133,8,False
M01,2026-06-23 19:30:39,2026-06-23 19:57:50,Running,,B,Arancia Rossa 500ml,2400,2214,1631,1003,3,False
M01,2026-06-23 19:57:50,2026-06-23 20:36:51,Running,,B,Arancia Rossa 500ml,2400,2190,2341,1424,5,False
M01,2026-06-23 20:36:51,2026-06-23 21:21:34,Running,,B,Arancia Rossa 500ml,2400,2256,2683,1681,5,False
M01,2026-06-23 21:21:34,2026-06-23 21:46:05,Running,,B,Arancia Rossa 500ml,2400,2262,1471,924,3,False
M01,2026-06-23 21:46:05,2026-06-23 22:00:00,Running,,B,Arancia Rossa 500ml,2400,2209,835,512,2,False
M01,2026-06-23 22:00:00,2026-06-23 22:44:44,Running,,C,Arancia Rossa 500ml,2400,2195,2684,1636,6,False
M01,2026-06-23 22:44:44,2026-06-23 22:57:40,Stopped,Starvation,C,Arancia Rossa 500ml,2400,0,776,0,0,False
M01,2026-06-23 22:57:40,2026-06-23 23:48:10,Running,,C,Arancia Rossa 500ml,2400,2249,3030,1893,7,False
M01,2026-06-23 23:48:10,2026-06-24 00:00:00,Running,,C,Arancia Rossa 500ml,2400,2276,710,449,2,False
M01,2026-06-24 00:00:00,2026-06-24 00:03:00,Stopped,Operator,C,Arancia Rossa 500ml,2400,0,180,0,0,False
M01,2026-06-24 00:03:00,2026-06-24 00:43:15,Running,,C,Arancia Rossa 500ml,2400,2228,2415,1495,6,False
M01,2026-06-24 00:43:15,2026-06-24 01:07:54,Running,,C,Arancia Rossa 500ml,2400,2211,1479,908,3,False
M01,2026-06-24 01:07:54,2026-06-24 01:49:23,Running,,C,Arancia Rossa 500ml,2400,2246,2489,1553,5,False
M01,2026-06-24 01:49:23,2026-06-24 01:59:38,Stopped,Operator,C,Arancia Rossa 500ml,2400,0,615,0,0,False
M01,2026-06-24 01:59:38,2026-06-24 02:25:30,Running,,C,Arancia Rossa 500ml,2400,2238,1552,965,3,False
M01,2026-06-24 02:25:30,2026-06-24 02:33:16,Stopped,Starvation,C,Arancia Rossa 500ml,2400,0,466,0,0,False
M01,2026-06-24 02:33:16,2026-06-24 02:57:08,Running,,C,Arancia Rossa 500ml,2400,2196,1432,874,3,False
M01,2026-06-24 02:57:08,2026-06-24 03:32:45,Running,,C,Arancia Rossa 500ml,2400,2218,2137,1317,5,False
M01,2026-06-24 03:32:45,2026-06-24 04:12:33,Running,,C,Arancia Rossa 500ml,2400,2195,2388,1456,6,False
M01,2026-06-24 04:12:33,2026-06-24 04:37:46,Running,,C,Arancia Rossa 500ml,2400,2192,1513,921,3,False
M01,2026-06-24 04:37:46,2026-06-24 05:21:36,Running,,C,Arancia Rossa 500ml,2400,2232,2630,1631,5,False
M01,2026-06-24 05:21:36,2026-06-24 05:32:10,Stopped,Starvation,C,Arancia Rossa 500ml,2400,0,634,0,0,False
M01,2026-06-24 05:32:10,2026-06-24 05:55:02,Running,,C,Arancia Rossa 500ml,2400,2233,1372,851,3,False
M01,2026-06-24 05:55:02,2026-06-24 06:00:00,Idle,,C,Arancia Rossa 500ml,2400,0,298,0,0,False
M01,2026-06-24 06:00:00,2026-06-24 06:35:43,Running,,A,Arancia Rossa 500ml,2400,2230,2143,1327,4,False
M01,2026-06-24 06:35:43,2026-06-24 07:03:01,Running,,A,Arancia Rossa 500ml,2400,2270,1638,1033,4,False
M01,2026-06-24 07:03:01,2026-06-24 07:11:26,Stopped,Supplies,A,Arancia Rossa 500ml,2400,0,505,0,0,False
M01,2026-06-24 07:11:26,2026-06-24 07:17:13,Stopped,Starvation,A,Arancia Rossa 500ml,2400,0,347,0,0,False
M01,2026-06-24 07:17:13,2026-06-24 08:08:24,Running,,A,Arancia Rossa 500ml,2400,2260,3071,1928,6,False
M01,2026-06-24 08:08:24,2026-06-24 08:56:29,Running,,A,Arancia Rossa 500ml,2400,2230,2885,1787,5,False
M01,2026-06-24 08:56:29,2026-06-24 09:01:55,Stopped,Starvation,A,Arancia Rossa 500ml,2400,0,326,0,0,False
M01,2026-06-24 09:01:55,2026-06-24 09:59:21,Running,,A,Arancia Rossa 500ml,2400,2230,3446,2135,8,False
M01,2026-06-24 09:59:21,2026-06-24 10:26:25,Running,,A,Arancia Rossa 500ml,2400,2234,1624,1008,3,False
M01,2026-06-24 10:26:25,2026-06-24 10:37:50,Stopped,Starvation,A,Arancia Rossa 500ml,2400,0,685,0,0,False
M01,2026-06-24 10:37:50,2026-06-24 11:34:32,Running,,A,Arancia Rossa 500ml,2400,2261,3402,2137,8,False
M01,2026-06-24 11:34:32,2026-06-24 12:23:27,Running,,A,Arancia Rossa 500ml,2400,2277,2935,1856,7,False
M01,2026-06-24 12:23:27,2026-06-24 13:19:30,Running,,A,Arancia Rossa 500ml,2400,2191,3363,2047,8,False
M01,2026-06-24 13:19:30,2026-06-24 13:53:10,Running,,A,Arancia Rossa 500ml,2400,2264,2020,1270,5,False
M01,2026-06-24 13:53:10,2026-06-24 14:00:00,Running,,A,Arancia Rossa 500ml,2400,2232,410,254,1,False
M01,2026-06-24 14:00:00,2026-06-24 14:20:26,Stopped,Changeover,B,Lampone Zero 560ml,2200,0,1226,0,0,True
M01,2026-06-24 14:20:26,2026-06-24 15:05:22,Running,,B,Lampone Zero 560ml,2200,2020,2696,1513,6,False
M01,2026-06-24 15:05:22,2026-06-24 15:51:40,Running,,B,Lampone Zero 560ml,2200,2045,2778,1578,6,False
M01,2026-06-24 15:51:40,2026-06-24 16:21:04,Running,,B,Lampone Zero 560ml,2200,2035,1764,997,3,False
M01,2026-06-24 16:21:04,2026-06-24 16:34:41,Stopped,Supplies,B,Lampone Zero 560ml,2200,0,817,0,0,False
M01,2026-06-24 16:34:41,2026-06-24 16:56:33,Running,,B,Lampone Zero 560ml,2200,2027,1312,739,3,False
M01,2026-06-24 16:56:33,2026-06-24 17:17:14,Running,,B,Lampone Zero 560ml,2200,2044,1241,705,3,False
M01,2026-06-24 17:17:14,2026-06-24 17:50:55,Running,,B,Lampone Zero 560ml,2200,2076,2021,1165,3,False
M01,2026-06-24 17:50:55,2026-06-24 18:00:09,Stopped,Starvation,B,Lampone Zero 560ml,2200,0,554,0,0,False
M01,2026-06-24 18:00:09,2026-06-24 18:35:49,Running,,B,Lampone Zero 560ml,2200,2008,2140,1194,4,False
M01,2026-06-24 18:35:49,2026-06-24 19:31:16,Running,,B,Lampone Zero 560ml,2200,2031,3327,1877,6,False
M01,2026-06-24 19:31:16,2026-06-24 20:11:45,Running,,B,Lampone Zero 560ml,2200,2073,2429,1399,5,False
M01,2026-06-24 20:11:45,2026-06-24 20:55:08,Running,,B,Lampone Zero 560ml,2200,2021,2603,1461,5,False
M01,2026-06-24 20:55:08,2026-06-24 21:28:39,Running,,B,Lampone Zero 560ml,2200,2023,2011,1130,4,False
M01,2026-06-24 21:28:39,2026-06-24 21:58:13,Running,,B,Lampone Zero 560ml,2200,2062,1774,1016,4,False
M01,2026-06-24 21:58:13,2026-06-24 22:00:00,Idle,,B,Lampone Zero 560ml,2200,0,107,0,0,False
M01,2026-06-24 22:00:00,2026-06-24 22:35:35,Stopped,Changeover,C,Arancia Rossa 500ml,2400,0,2135,0,0,True
M01,2026-06-24 22:35:35,2026-06-24 23:06:28,Running,,C,Arancia Rossa 500ml,2400,2268,1853,1167,4,False
M01,2026-06-24 23:06:28,2026-06-24 23:31:13,Running,,C,Arancia Rossa 500ml,2400,2232,1485,921,4,False
M01,2026-06-24 23:31:13,2026-06-24 23:57:48,Running,,C,Arancia Rossa 500ml,2400,2250,1595,997,4,False
M01,2026-06-24 23:57:48,2026-06-25 00:00:00,Idle,,C,Arancia Rossa 500ml,2400,0,132,0,0,False
M01,2026-06-25 00:00:00,2026-06-25 00:38:47,Running,,C,Arancia Rossa 500ml,2400,2215,2327,1432,5,False
M01,2026-06-25 00:38:47,2026-06-25 01:05:44,Running,,C,Arancia Rossa 500ml,2400,2268,1617,1019,4,False
M01,2026-06-25 01:05:44,2026-06-25 01:46:51,Running,,C,Arancia Rossa 500ml,2400,2202,2467,1509,6,False
M01,2026-06-25 01:46:51,2026-06-25 02:24:54,Running,,C,Arancia Rossa 500ml,2400,2251,2283,1428,4,False
M01,2026-06-25 02:24:54,2026-06-25 02:50:58,Running,,C,Arancia Rossa 500ml,2400,2238,1564,972,4,False
M01,2026-06-25 02:50:58,2026-06-25 03:04:54,Stopped,Starvation,C,Arancia Rossa 500ml,2400,0,836,0,0,False
M01,2026-06-25 03:04:54,2026-06-25 03:57:01,Running,,C,Arancia Rossa 500ml,2400,2191,3127,1903,6,False
M01,2026-06-25 03:57:01,2026-06-25 04:32:14,Running,,C,Arancia Rossa 500ml,2400,2214,2113,1299,4,False
M01,2026-06-25 04:32:14,2026-06-25 04:42:09,Stopped,Starvation,C,Arancia Rossa 500ml,2400,0,595,0,0,False
M01,2026-06-25 04:42:09,2026-06-25 05:33:33,Running,,C,Arancia Rossa 500ml,2400,2206,3084,1890,7,False
M01,2026-06-25 05:33:33,2026-06-25 05:56:21,Running,,C,Arancia Rossa 500ml,2400,2213,1368,841,2,False
M01,2026-06-25 05:56:21,2026-06-25 06:00:00,Idle,,C,Arancia Rossa 500ml,2400,0,219,0,0,False
M01,2026-06-25 06:00:00,2026-06-25 06:35:25,Stopped,Changeover,A,Lampone Zero 560ml,2200,0,2125,0,0,True
M01,2026-06-25 06:35:25,2026-06-25 06:42:37,Stopped,External,A,Lampone Zero 560ml,2200,0,432,0,0,False
M01,2026-06-25 06:42:37,2026-06-25 06:51:52,Stopped,Fault,A,Lampone Zero 560ml,2200,0,555,0,0,False
M01,2026-06-25 06:51:52,2026-06-25 06:57:29,Stopped,Starvation,A,Lampone Zero 560ml,2200,0,337,0,0,False
M01,2026-06-25 06:57:29,2026-06-25 07:43:25,Running,,A,Lampone Zero 560ml,2200,2050,2756,1569,6,False
M01,2026-06-25 07:43:25,2026-06-25 07:47:38,Stopped,Operator,A,Lampone Zero 560ml,2200,0,253,0,0,False
M01,2026-06-25 07:47:38,2026-06-25 08:28:08,Running,,A,Lampone Zero 560ml,2200,2055,2430,1387,5,False
M01,2026-06-25 08:28:08,2026-06-25 09:04:32,Running,,A,Lampone Zero 560ml,2200,2016,2184,1223,4,False
M01,2026-06-25 09:04:32,2026-06-25 09:07:05,Stopped,Operator,A,Lampone Zero 560ml,2200,0,153,0,0,False
M01,2026-06-25 09:07:05,2026-06-25 09:54:00,Running,,A,Lampone Zero 560ml,2200,2025,2815,1583,6,False
M01,2026-06-25 09:54:00,2026-06-25 10:40:02,Running,,A,Lampone Zero 560ml,2200,2010,2762,1542,6,False
M01,2026-06-25 10:40:02,2026-06-25 10:51:25,Idle,,A,Lampone Zero 560ml,2200,0,683,0,0,False
M01,2026-06-25 10:51:25,2026-06-25 11:49:11,Running,,A,Lampone Zero 560ml,2200,2029,3466,1953,8,False
M01,2026-06-25 11:49:11,2026-06-25 12:09:41,Running,,A,Lampone Zero 560ml,2200,2038,1230,696,3,False
M01,2026-06-25 12:09:41,2026-06-25 12:17:38,Stopped,Starvation,A,Lampone Zero 560ml,2200,0,477,0,0,False
M01,2026-06-25 12:17:38,2026-06-25 13:01:14,Running,,A,Lampone Zero 560ml,2200,2073,2616,1506,5,False
M01,2026-06-25 13:01:14,2026-06-25 13:08:20,Idle,,A,Lampone Zero 560ml,2200,0,426,0,0,False
M01,2026-06-25 13:08:20,2026-06-25 13:32:38,Running,,A,Lampone Zero 560ml,2200,2011,1458,814,3,False
M01,2026-06-25 13:32:38,2026-06-25 13:53:32,Running,,A,Lampone Zero 560ml,2200,2073,1254,722,2,False
M01,2026-06-25 13:53:32,2026-06-25 13:57:49,Stopped,External,A,Lampone Zero 560ml,2200,0,257,0,0,False
M01,2026-06-25 13:57:49,2026-06-25 14:00:00,Idle,,A,Lampone Zero 560ml,2200,0,131,0,0,False
M01,2026-06-25 14:00:00,2026-06-25 14:31:31,Stopped,Changeover,B,Arancia Rossa 500ml,2400,0,1891,0,0,True
M01,2026-06-25 14:31:31,2026-06-25 15:13:30,Running,,B,Arancia Rossa 500ml,2400,2253,2519,1576,5,False
M01,2026-06-25 15:13:30,2026-06-25 15:17:38,Stopped,Starvation,B,Arancia Rossa 500ml,2400,0,248,0,0,False
M01,2026-06-25 15:17:38,2026-06-25 15:56:54,Running,,B,Arancia Rossa 500ml,2400,2264,2356,1482,5,False
M01,2026-06-25 15:56:54,2026-06-25 16:22:33,Running,,B,Arancia Rossa 500ml,2400,2213,1539,946,3,False
M01,2026-06-25 16:22:33,2026-06-25 16:47:36,Running,,B,Arancia Rossa 500ml,2400,2237,1503,934,4,False
M01,2026-06-25 16:47:36,2026-06-25 17:36:01,Running,,B,Arancia Rossa 500ml,2400,2213,2905,1786,8,False
M01,2026-06-25 17:36:01,2026-06-25 17:46:46,Stopped,Starvation,B,Arancia Rossa 500ml,2400,0,645,0,0,False
M01,2026-06-25 17:46:46,2026-06-25 18:28:36,Running,,B,Arancia Rossa 500ml,2400,2264,2510,1579,5,False
M01,2026-06-25 18:28:36,2026-06-25 19:12:37,Running,,B,Arancia Rossa 500ml,2400,2259,2641,1657,7,False
M01,2026-06-25 19:12:37,2026-06-25 19:31:06,Idle,,B,Arancia Rossa 500ml,2400,0,1109,0,0,False
M01,2026-06-25 19:31:06,2026-06-25 20:20:39,Running,,B,Arancia Rossa 500ml,2400,2264,2973,1870,6,False
M01,2026-06-25 20:20:39,2026-06-25 20:47:05,Running,,B,Arancia Rossa 500ml,2400,2233,1586,984,4,False
M01,2026-06-25 20:47:05,2026-06-25 21:46:35,Running,,B,Arancia Rossa 500ml,2400,2192,3570,2174,9,False
M01,2026-06-25 21:46:35,2026-06-25 21:57:11,Stopped,Fault,B,Arancia Rossa 500ml,2400,0,636,0,0,False
M01,2026-06-25 21:57:11,2026-06-25 22:00:00,Idle,,B,Arancia Rossa 500ml,2400,0,169,0,0,False
M01,2026-06-25 22:00:00,2026-06-25 22:11:30,Stopped,External,C,Arancia Rossa 500ml,2400,0,690,0,0,False
M01,2026-06-25 22:11:30,2026-06-25 22:21:08,Idle,,C,Arancia Rossa 500ml,2400,0,578,0,0,False
M01,2026-06-25 22:21:08,2026-06-25 22:43:43,Running,,C,Arancia Rossa 500ml,2400,2268,1355,854,3,False
M01,2026-06-25 22:43:43,2026-06-25 23:11:56,Running,,C,Arancia Rossa 500ml,2400,2220,1693,1044,4,False
M01,2026-06-25 23:11:56,2026-06-25 23:55:27,Running,,C,Arancia Rossa 500ml,2400,2195,2611,1592,6,False
M01,2026-06-25 23:55:27,2026-06-26 00:00:00,Idle,,C,Arancia Rossa 500ml,2400,0,273,0,0,False
M01,2026-06-26 00:00:00,2026-06-26 00:25:45,Running,,C,Arancia Rossa 500ml,2400,2161,1545,927,3,False
M01,2026-06-26 00:25:45,2026-06-26 01:02:33,Running,,C,Arancia Rossa 500ml,2400,2139,2208,1312,5,False
M01,2026-06-26 01:02:33,2026-06-26 01:35:29,Running,,C,Arancia Rossa 500ml,2400,2153,1976,1182,4,False
M01,2026-06-26 01:35:29,2026-06-26 01:45:49,Stopped,Buildup,C,Arancia Rossa 500ml,2400,0,620,0,0,False
M01,2026-06-26 01:45:49,2026-06-26 02:39:49,Running,,C,Arancia Rossa 500ml,2400,2200,3240,1980,6,False
M01,2026-06-26 02:39:49,2026-06-26 03:01:02,Running,,C,Arancia Rossa 500ml,2400,2172,1273,768,3,False
M01,2026-06-26 03:01:02,2026-06-26 03:43:19,Running,,C,Arancia Rossa 500ml,2400,2184,2537,1539,6,False
M01,2026-06-26 03:43:19,2026-06-26 04:05:40,Running,,C,Arancia Rossa 500ml,2400,2166,1341,807,2,False
M01,2026-06-26 04:05:40,2026-06-26 04:10:26,Stopped,Starvation,C,Arancia Rossa 500ml,2400,0,286,0,0,False
M01,2026-06-26 04:10:26,2026-06-26 05:09:16,Running,,C,Arancia Rossa 500ml,2400,2127,3530,2086,8,False
M01,2026-06-26 05:09:16,2026-06-26 05:46:01,Running,,C,Arancia Rossa 500ml,2400,2205,2205,1351,6,False
M01,2026-06-26 05:46:01,2026-06-26 05:48:25,Stopped,Starvation,C,Arancia Rossa 500ml,2400,0,144,0,0,False
M01,2026-06-26 05:48:25,2026-06-26 06:00:00,Running,,C,Arancia Rossa 500ml,2400,2129,695,411,2,False
M01,2026-06-26 06:00:00,2026-06-26 06:06:05,Stopped,Starvation,A,Arancia Rossa 500ml,2400,0,365,0,0,False
M01,2026-06-26 06:06:05,2026-06-26 06:37:28,Running,,A,Arancia Rossa 500ml,2400,2208,1883,1155,3,False
M01,2026-06-26 06:37:28,2026-06-26 06:41:21,Stopped,Buildup,A,Arancia Rossa 500ml,2400,0,233,0,0,False
M01,2026-06-26 06:41:21,2026-06-26 07:38:39,Running,,A,Arancia Rossa 500ml,2400,2149,3438,2052,6,False
M01,2026-06-26 07:38:39,2026-06-26 08:01:34,Running,,A,Arancia Rossa 500ml,2400,2186,1375,835,3,False
M01,2026-06-26 08:01:34,2026-06-26 08:41:42,Running,,A,Arancia Rossa 500ml,2400,2142,2408,1433,4,False
M01,2026-06-26 08:41:42,2026-06-26 09:35:11,Running,,A,Arancia Rossa 500ml,2400,2154,3209,1920,6,False
M01,2026-06-26 09:35:11,2026-06-26 09:39:04,Stopped,Starvation,A,Arancia Rossa 500ml,2400,0,233,0,0,False
M01,2026-06-26 09:39:04,2026-06-26 10:30:01,Running,,A,Arancia Rossa 500ml,2400,2128,3057,1807,6,False
M01,2026-06-26 10:30:01,2026-06-26 10:41:18,Idle,,A,Arancia Rossa 500ml,2400,0,677,0,0,False
M01,2026-06-26 10:41:18,2026-06-26 10:43:54,Stopped,Buildup,A,Arancia Rossa 500ml,2400,0,156,0,0,False
M01,2026-06-26 10:43:54,2026-06-26 11:29:50,Running,,A,Arancia Rossa 500ml,2400,2143,2756,1641,5,False
M01,2026-06-26 11:29:50,2026-06-26 11:35:09,Stopped,Starvation,A,Arancia Rossa 500ml,2400,0,319,0,0,False
M01,2026-06-26 11:35:09,2026-06-26 11:42:57,Stopped,Starvation,A,Arancia Rossa 500ml,2400,0,468,0,0,False
M01,2026-06-26 11:42:57,2026-06-26 11:47:49,Stopped,Starvation,A,Arancia Rossa 500ml,2400,0,292,0,0,False
M01,2026-06-26 11:47:49,2026-06-26 12:46:53,Running,,A,Arancia Rossa 500ml,2400,2202,3544,2168,6,False
M01,2026-06-26 12:46:53,2026-06-26 13:41:06,Running,,A,Arancia Rossa 500ml,2400,2185,3253,1974,6,False
M01,2026-06-26 13:41:06,2026-06-26 13:51:17,Stopped,External,A,Arancia Rossa 500ml,2400,0,611,0,0,False
M01,2026-06-26 13:51:17,2026-06-26 14:00:00,Running,,A,Arancia Rossa 500ml,2400,2149,523,312,1,False
M01,2026-06-26 14:00:00,2026-06-26 14:26:07,Stopped,Changeover,B,Lampone Zero 560ml,2200,0,1567,0,0,True
M01,2026-06-26 14:26:07,2026-06-26 15:20:36,Running,,B,Lampone Zero 560ml,2200,1989,3269,1806,6,False
M01,2026-06-26 15:20:36,2026-06-26 15:48:58,Running,,B,Lampone Zero 560ml,2200,2003,1702,947,3,False
M01,2026-06-26 15:48:58,2026-06-26 16:25:49,Running,,B,Lampone Zero 560ml,2200,1984,2211,1219,5,False
M01,2026-06-26 16:25:49,2026-06-26 16:54:26,Running,,B,Lampone Zero 560ml,2200,2027,1717,967,4,False
M01,2026-06-26 16:54:26,2026-06-26 17:30:36,Running,,B,Lampone Zero 560ml,2200,1973,2170,1189,5,False
M01,2026-06-26 17:30:36,2026-06-26 18:21:06,Running,,B,Lampone Zero 560ml,2200,1967,3030,1656,7,False
M01,2026-06-26 18:21:06,2026-06-26 18:34:53,Stopped,Operator,B,Lampone Zero 560ml,2200,0,827,0,0,False
M01,2026-06-26 18:34:53,2026-06-26 19:05:12,Running,,B,Lampone Zero 560ml,2200,1953,1819,987,4,False
M01,2026-06-26 19:05:12,2026-06-26 19:52:15,Running,,B,Lampone Zero 560ml,2200,2025,2823,1588,6,False
M01,2026-06-26 19:52:15,2026-06-26 20:50:22,Running,,B,Lampone Zero 560ml,2200,1967,3487,1905,6,False
M01,2026-06-26 20:50:22,2026-06-26 21:43:58,Running,,B,Lampone Zero 560ml,2200,1977,3216,1766,7,False
M01,2026-06-26 21:43:58,2026-06-26 22:00:00,Running,,B,Lampone Zero 560ml,2200,1970,962,526,1,False
M01,2026-06-26 22:00:00,2026-06-26 22:06:04,Stopped,Buildup,C,Lampone Zero 560ml,2200,0,364,0,0,False
M01,2026-06-26 22:06:04,2026-06-26 22:18:02,Stopped,Buildup,C,Lampone Zero 560ml,2200,0,718,0,0,False
M01,2026-06-26 22:18:02,2026-06-26 22:31:12,Stopped,Starvation,C,Lampone Zero 560ml,2200,0,790,0,0,False
M01,2026-06-26 22:31:12,2026-06-26 22:46:13,Stopped,Starvation,C,Lampone Zero 560ml,2200,0,901,0,0,False
M01,2026-06-26 22:46:13,2026-06-26 23:45:03,Running,,C,Lampone Zero 560ml,2200,2015,3530,1976,6,False
M01,2026-06-26 23:45:03,2026-06-27 00:00:00,Running,,C,Lampone Zero 560ml,2200,1969,897,491,2,False
M01,2026-06-27 00:00:00,2026-06-27 00:25:22,Running,,C,Lampone Zero 560ml,2200,1833,1522,775,2,False
M01,2026-06-27 00:25:22,2026-06-27 00:42:06,Idle,,C,Lampone Zero 560ml,2200,0,1004,0,0,False
M01,2026-06-27 00:42:06,2026-06-27 01:02:33,Running,,C,Lampone Zero 560ml,2200,1848,1227,630,2,False
M01,2026-06-27 01:02:33,2026-06-27 01:08:40,Idle,,C,Lampone Zero 560ml,2200,0,367,0,0,False
M01,2026-06-27 01:08:40,2026-06-27 01:54:49,Running,,C,Lampone Zero 560ml,2200,1822,2769,1401,5,False
M01,2026-06-27 01:54:49,2026-06-27 02:51:56,Running,,C,Lampone Zero 560ml,2200,1838,3427,1750,7,False
M01,2026-06-27 02:51:56,2026-06-27 03:06:08,Idle,,C,Lampone Zero 560ml,2200,0,852,0,0,False
M01,2026-06-27 03:06:08,2026-06-27 03:27:11,Running,,C,Lampone Zero 560ml,2200,1879,1263,659,3,False
M01,2026-06-27 03:27:11,2026-06-27 04:12:34,Running,,C,Lampone Zero 560ml,2200,1822,2723,1378,5,False
M01,2026-06-27 04:12:34,2026-06-27 04:38:54,Running,,C,Lampone Zero 560ml,2200,1824,1580,801,3,False
M01,2026-06-27 04:38:54,2026-06-27 04:47:12,Stopped,Starvation,C,Lampone Zero 560ml,2200,0,498,0,0,False
M01,2026-06-27 04:47:12,2026-06-27 05:16:35,Running,,C,Lampone Zero 560ml,2200,1867,1763,914,3,False
M01,2026-06-27 05:16:35,2026-06-27 05:37:50,Running,,C,Lampone Zero 560ml,2200,1844,1275,653,2,False
M01,2026-06-27 05:37:50,2026-06-27 05:45:17,Stopped,Starvation,C,Lampone Zero 560ml,2200,0,447,0,0,False
M01,2026-06-27 05:45:17,2026-06-27 06:00:00,Running,,C,Lampone Zero 560ml,2200,1858,883,456,2,False
M01,2026-06-27 06:00:00,2026-06-27 06:13:53,Stopped,Buildup,A,Lampone Zero 560ml,2200,0,833,0,0,False
M01,2026-06-27 06:13:53,2026-06-27 06:44:51,Running,,A,Lampone Zero 560ml,2200,1836,1858,948,4,False
M01,2026-06-27 06:44:51,2026-06-27 06:54:41,Stopped,Starvation,A,Lampone Zero 560ml,2200,0,590,0,0,False
M01,2026-06-27 06:54:41,2026-06-27 07:22:08,Running,,A,Lampone Zero 560ml,2200,1874,1647,857,3,False
M01,2026-06-27 07:22:08,2026-06-27 07:37:03,Stopped,Starvation,A,Lampone Zero 560ml,2200,0,895,0,0,False
M01,2026-06-27 07:37:03,2026-06-27 08:14:45,Running,,A,Lampone Zero 560ml,2200,1869,2262,1174,3,False
M01,2026-06-27 08:14:45,2026-06-27 08:21:59,Stopped,Supplies,A,Lampone Zero 560ml,2200,0,434,0,0,False
M01,2026-06-27 08:21:59,2026-06-27 08:46:18,Running,,A,Lampone Zero 560ml,2200,1813,1459,735,3,False
M01,2026-06-27 08:46:18,2026-06-27 08:49:06,Stopped,Starvation,A,Lampone Zero 560ml,2200,0,168,0,0,False
M01,2026-06-27 08:49:06,2026-06-27 09:02:48,Stopped,Starvation,A,Lampone Zero 560ml,2200,0,822,0,0,False
M01,2026-06-27 09:02:48,2026-06-27 09:43:22,Running,,A,Lampone Zero 560ml,2200,1862,2434,1259,5,False
M01,2026-06-27 09:43:22,2026-06-27 10:39:02,Running,,A,Lampone Zero 560ml,2200,1826,3340,1694,5,False
M01,2026-06-27 10:39:02,2026-06-27 11:06:53,Running,,A,Lampone Zero 560ml,2200,1812,1671,841,3,False
M01,2026-06-27 11:06:53,2026-06-27 11:30:43,Running,,A,Lampone Zero 560ml,2200,1883,1430,748,3,False
M01,2026-06-27 11:30:43,2026-06-27 11:41:05,Idle,,A,Lampone Zero 560ml,2200,0,622,0,0,False
M01,2026-06-27 11:41:05,2026-06-27 12:31:42,Running,,A,Lampone Zero 560ml,2200,1852,3037,1562,6,False
M01,2026-06-27 12:31:42,2026-06-27 12:35:05,Stopped,Starvation,A,Lampone Zero 560ml,2200,0,203,0,0,False
M01,2026-06-27 12:35:05,2026-06-27 13:25:35,Running,,A,Lampone Zero 560ml,2200,1853,3030,1560,5,False
M01,2026-06-27 13:25:35,2026-06-27 13:57:37,Running,,A,Lampone Zero 560ml,2200,1861,1922,994,4,False
M01,2026-06-27 13:57:37,2026-06-27 14:00:00,Idle,,A,Lampone Zero 560ml,2200,0,143,0,0,False
M01,2026-06-27 14:00:00,2026-06-27 14:15:29,Stopped,Changeover,B,Arancia Rossa 500ml,2400,0,929,0,0,True
M01,2026-06-27 14:15:29,2026-06-27 15:01:39,Running,,B,Arancia Rossa 500ml,2400,2029,2770,1561,5,False
M01,2026-06-27 15:01:39,2026-06-27 15:49:44,Running,,B,Arancia Rossa 500ml,2400,2043,2885,1637,5,False
M01,2026-06-27 15:49:44,2026-06-27 16:46:20,Running,,B,Arancia Rossa 500ml,2400,2039,3396,1923,8,False
M01,2026-06-27 16:46:20,2026-06-27 16:56:31,Stopped,Buildup,B,Arancia Rossa 500ml,2400,0,611,0,0,False
M01,2026-06-27 16:56:31,2026-06-27 17:55:34,Running,,B,Arancia Rossa 500ml,2400,1976,3543,1945,6,False
M01,2026-06-27 17:55:34,2026-06-27 18:17:03,Running,,B,Arancia Rossa 500ml,2400,1984,1289,710,3,False
M01,2026-06-27 18:17:03,2026-06-27 18:40:28,Running,,B,Arancia Rossa 500ml,2400,2034,1405,794,3,False
M01,2026-06-27 18:40:28,2026-06-27 19:32:11,Running,,B,Arancia Rossa 500ml,2400,2029,3103,1749,7,False
M01,2026-06-27 19:32:11,2026-06-27 19:41:57,Stopped,Starvation,B,Arancia Rossa 500ml,2400,0,586,0,0,False
M01,2026-06-27 19:41:57,2026-06-27 20:14:57,Running,,B,Arancia Rossa 500ml,2400,2037,1980,1120,5,False
M01,2026-06-27 20:14:57,2026-06-27 20:42:37,Running,,B,Arancia Rossa 500ml,2400,1994,1660,919,4,False
M01,2026-06-27 20:42:37,2026-06-27 21:15:05,Running,,B,Arancia Rossa 500ml,2400,2000,1948,1082,4,False
M01,2026-06-27 21:15:05,2026-06-27 21:43:12,Running,,B,Arancia Rossa 500ml,2400,2052,1687,962,3,False
M01,2026-06-27 21:43:12,2026-06-27 21:52:44,Stopped,Buildup,B,Arancia Rossa 500ml,2400,0,572,0,0,False
M01,2026-06-27 21:52:44,2026-06-27 22:00:00,Running,,B,Arancia Rossa 500ml,2400,2042,436,247,1,False
M01,2026-06-27 22:00:00,2026-06-27 22:27:31,Running,,C,Arancia Rossa 500ml,2400,2048,1651,939,3,False
M01,2026-06-27 22:27:31,2026-06-27 22:38:45,Idle,,C,Arancia Rossa 500ml,2400,0,674,0,0,False
M01,2026-06-27 22:38:45,2026-06-27 23:15:05,Running,,C,Arancia Rossa 500ml,2400,2006,2180,1215,5,False
M01,2026-06-27 23:15:05,2026-06-27 23:36:41,Running,,C,Arancia Rossa 500ml,2400,2016,1296,726,2,False
M01,2026-06-27 23:36:41,2026-06-27 23:57:17,Running,,C,Arancia Rossa 500ml,2400,2022,1236,694,2,False
M01,2026-06-27 23:57:17,2026-06-28 00:00:00,Idle,,C,Arancia Rossa 500ml,2400,0,163,0,0,False
M01,2026-06-28 00:00:00,2026-06-28 00:32:12,Running,,C,Arancia Rossa 500ml,2400,1891,1932,1015,3,False
M01,2026-06-28 00:32:12,2026-06-28 01:25:04,Running,,C,Arancia Rossa 500ml,2400,1872,3172,1649,6,False
M01,2026-06-28 01:25:04,2026-06-28 01:33:38,Stopped,Starvation,C,Arancia Rossa 500ml,2400,0,514,0,0,False
M01,2026-06-28 01:33:38,2026-06-28 02:11:26,Running,,C,Arancia Rossa 500ml,2400,1913,2268,1205,5,False
M01,2026-06-28 02:11:26,2026-06-28 02:33:52,Running,,C,Arancia Rossa 500ml,2400,1913,1346,715,3,False
M01,2026-06-28 02:33:52,2026-06-28 03:14:47,Running,,C,Arancia Rossa 500ml,2400,1851,2455,1262,4,False
M01,2026-06-28 03:14:47,2026-06-28 03:50:38,Running,,C,Arancia Rossa 500ml,2400,1877,2151,1122,3,False
M01,2026-06-28 03:50:38,2026-06-28 04:11:40,Running,,C,Arancia Rossa 500ml,2400,1874,1262,657,2,False
M01,2026-06-28 04:11:40,2026-06-28 04:24:35,Idle,,C,Arancia Rossa 500ml,2400,0,775,0,0,False
M01,2026-06-28 04:24:35,2026-06-28 04:46:58,Running,,C,Arancia Rossa 500ml,2400,1872,1343,698,2,False
M01,2026-06-28 04:46:58,2026-06-28 04:58:41,Stopped,External,C,Arancia Rossa 500ml,2400,0,703,0,0,False
M01,2026-06-28 04:58:41,2026-06-28 05:42:53,Running,,C,Arancia Rossa 500ml,2400,1890,2652,1392,5,False
M01,2026-06-28 05:42:53,2026-06-28 05:45:45,Stopped,Starvation,C,Arancia Rossa 500ml,2400,0,172,0,0,False
M01,2026-06-28 05:45:45,2026-06-28 06:00:00,Running,,C,Arancia Rossa 500ml,2400,1868,855,444,1,False
M01,2026-06-28 06:00:00,2026-06-28 06:32:28,Running,,A,Arancia Rossa 500ml,2400,1892,1948,1024,3,False
M01,2026-06-28 06:32:28,2026-06-28 07:19:08,Running,,A,Arancia Rossa 500ml,2400,1889,2800,1469,5,False
M01,2026-06-28 07:19:08,2026-06-28 08:13:27,Running,,A,Arancia Rossa 500ml,2400,1892,3259,1713,5,False
M01,2026-06-28 08:13:27,2026-06-28 08:26:04,Stopped,Buildup,A,Arancia Rossa 500ml,2400,0,757,0,0,False
M01,2026-06-28 08:26:04,2026-06-28 08:45:01,Idle,,A,Arancia Rossa 500ml,2400,0,1137,0,0,False
M01,2026-06-28 08:45:01,2026-06-28 09:41:29,Running,,A,Arancia Rossa 500ml,2400,1884,3388,1773,5,False
M01,2026-06-28 09:41:29,2026-06-28 10:35:18,Running,,A,Arancia Rossa 500ml,2400,1890,3229,1695,5,False
M01,2026-06-28 10:35:18,2026-06-28 11:31:08,Running,,A,Arancia Rossa 500ml,2400,1917,3350,1784,5,False
M01,2026-06-28 11:31:08,2026-06-28 11:56:18,Running,,A,Arancia Rossa 500ml,2400,1905,1510,799,3,False
M01,2026-06-28 11:56:18,2026-06-28 12:53:11,Running,,A,Arancia Rossa 500ml,2400,1859,3413,1762,6,False
M01,2026-06-28 12:53:11,2026-06-28 13:51:11,Running,,A,Arancia Rossa 500ml,2400,1913,3480,1849,6,False
M01,2026-06-28 13:51:11,2026-06-28 14:00:00,Running,,A,Arancia Rossa 500ml,2400,1918,529,282,1,False
M01,2026-06-28 14:00:00,2026-06-28 14:23:45,Stopped,Changeover,B,Lampone Zero 560ml,2200,0,1425,0,0,True
M01,2026-06-28 14:23:45,2026-06-28 15:01:42,Running,,B,Lampone Zero 560ml,2200,1699,2277,1075,3,False
M01,2026-06-28 15:01:42,2026-06-28 15:52:08,Running,,B,Lampone Zero 560ml,2200,1755,3026,1475,5,False
M01,2026-06-28 15:52:08,2026-06-28 16:12:09,Running,,B,Lampone Zero 560ml,2200,1757,1201,586,2,False
M01,2026-06-28 16:12:09,2026-06-28 16:57:34,Running,,B,Lampone Zero 560ml,2200,1698,2725,1285,5,False
M01,2026-06-28 16:57:34,2026-06-28 17:32:58,Running,,B,Lampone Zero 560ml,2200,1730,2124,1021,4,False
M01,2026-06-28 17:32:58,2026-06-28 17:46:31,Stopped,Buildup,B,Lampone Zero 560ml,2200,0,813,0,0,False
M01,2026-06-28 17:46:31,2026-06-28 18:38:28,Running,,B,Lampone Zero 560ml,2200,1738,3117,1505,5,False
M01,2026-06-28 18:38:28,2026-06-28 19:15:53,Running,,B,Lampone Zero 560ml,2200,1697,2245,1058,3,False
M01,2026-06-28 19:15:53,2026-06-28 19:29:53,Stopped,Starvation,B,Lampone Zero 560ml,2200,0,840,0,0,False
M01,2026-06-28 19:29:53,2026-06-28 19:40:03,Stopped,Starvation,B,Lampone Zero 560ml,2200,0,610,0,0,False
M01,2026-06-28 19:40:03,2026-06-28 20:24:12,Running,,B,Lampone Zero 560ml,2200,1750,2649,1288,4,False
M01,2026-06-28 20:24:12,2026-06-28 20:48:15,Running,,B,Lampone Zero 560ml,2200,1694,1443,679,2,False
M01,2026-06-28 20:48:15,2026-06-28 21:22:54,Running,,B,Lampone Zero 560ml,2200,1749,2079,1010,4,False
M01,2026-06-28 21:22:54,2026-06-28 21:35:15,Stopped,Buildup,B,Lampone Zero 560ml,2200,0,741,0,0,False
M01,2026-06-28 21:35:15,2026-06-28 21:58:10,Running,,B,Lampone Zero 560ml,2200,1728,1375,660,2,False
M01,2026-06-28 21:58:10,2026-06-28 22:00:00,Idle,,B,Lampone Zero 560ml,2200,0,110,0,0,False
M01,2026-06-28 22:00:00,2026-06-28 22:59:56,Running,,C,Lampone Zero 560ml,2200,1759,3596,1757,6,False
M01,2026-06-28 22:59:56,2026-06-28 23:03:57,Stopped,Operator,C,Lampone Zero 560ml,2200,0,241,0,0,False
M01,2026-06-28 23:03:57,2026-06-28 23:35:03,Running,,C,Lampone Zero 560ml,2200,1709,1866,886,3,False
M01,2026-06-28 23:35:03,2026-06-28 23:46:01,Stopped,External,C,Lampone Zero 560ml,2200,0,658,0,0,False
M01,2026-06-28 23:46:01,2026-06-29 00:00:00,Running,,C,Lampone Zero 560ml,2200,1701,839,396,1,False
M01,2026-06-29 00:00:00,2026-06-29 00:35:27,Running,,C,Lampone Zero 560ml,2200,2041,2127,1206,4,False
M01,2026-06-29 00:35:27,2026-06-29 00:41:56,Idle,,C,Lampone Zero 560ml,2200,0,389,0,0,False
M01,2026-06-29 00:41:56,2026-06-29 01:05:54,Running,,C,Lampone Zero 560ml,2200,2082,1438,832,3,False
M01,2026-06-29 01:05:54,2026-06-29 01:44:06,Running,,C,Lampone Zero 560ml,2200,2075,2292,1321,4,False
M01,2026-06-29 01:44:06,2026-06-29 02:02:27,Idle,,C,Lampone Zero 560ml,2200,0,1101,0,0,False
M01,2026-06-29 02:02:27,2026-06-29 02:32:39,Running,,C,Lampone Zero 560ml,2200,2096,1812,1055,3,False
M01,2026-06-29 02:32:39,2026-06-29 02:36:04,Stopped,Starvation,C,Lampone Zero 560ml,2200,0,205,0,0,False
M01,2026-06-29 02:36:04,2026-06-29 03:04:34,Running,,C,Lampone Zero 560ml,2200,2073,1710,985,4,False
M01,2026-06-29 03:04:34,2026-06-29 03:19:05,Stopped,Starvation,C,Lampone Zero 560ml,2200,0,871,0,0,False
M01,2026-06-29 03:19:05,2026-06-29 04:00:56,Running,,C,Lampone Zero 560ml,2200,2064,2511,1440,4,False
M01,2026-06-29 04:00:56,2026-06-29 04:11:35,Stopped,Starvation,C,Lampone Zero 560ml,2200,0,639,0,0,False
M01,2026-06-29 04:11:35,2026-06-29 04:56:49,Running,,C,Lampone Zero 560ml,2200,2059,2714,1552,6,False
M01,2026-06-29 04:56:49,2026-06-29 05:55:52,Running,,C,Lampone Zero 560ml,2200,2024,3543,1992,6,False
M01,2026-06-29 05:55:52,2026-06-29 06:00:00,Idle,,C,Lampone Zero 560ml,2200,0,248,0,0,False
M01,2026-06-29 06:00:00,2026-06-29 06:11:06,Stopped,Buildup,A,Lampone Zero 560ml,2200,0,666,0,0,False
M01,2026-06-29 06:11:06,2026-06-29 06:44:09,Running,,A,Lampone Zero 560ml,2200,2059,1983,1134,5,False
M01,2026-06-29 06:44:09,2026-06-29 07:25:35,Running,,A,Lampone Zero 560ml,2200,2041,2486,1409,5,False
M01,2026-06-29 07:25:35,2026-06-29 08:18:18,Running,,A,Lampone Zero 560ml,2200,2070,3163,1819,7,False
M01,2026-06-29 08:18:18,2026-06-29 09:08:40,Running,,A,Lampone Zero 560ml,2200,2037,3022,1710,5,False
M01,2026-06-29 09:08:40,2026-06-29 09:22:16,Stopped,Buildup,A,Lampone Zero 560ml,2200,0,816,0,0,False
M01,2026-06-29 09:22:16,2026-06-29 10:06:31,Running,,A,Lampone Zero 560ml,2200,2043,2655,1507,5,False
M01,2026-06-29 10:06:31,2026-06-29 10:20:04,Stopped,Buildup,A,Lampone Zero 560ml,2200,0,813,0,0,False
M01,2026-06-29 10:20:04,2026-06-29 10:56:03,Running,,A,Lampone Zero 560ml,2200,2025,2159,1214,4,False
M01,2026-06-29 10:56:03,2026-06-29 11:44:20,Running,,A,Lampone Zero 560ml,2200,2054,2897,1653,5,False
M01,2026-06-29 11:44:20,2026-06-29 12:11:18,Running,,A,Lampone Zero 560ml,2200,2044,1618,919,3,False
M01,2026-06-29 12:11:18,2026-06-29 12:15:03,Stopped,Starvation,A,Lampone Zero 560ml,2200,0,225,0,0,False
M01,2026-06-29 12:15:03,2026-06-29 12:54:34,Running,,A,Lampone Zero 560ml,2200,2042,2371,1345,5,False
M01,2026-06-29 12:54:34,2026-06-29 13:06:37,Idle,,A,Lampone Zero 560ml,2200,0,723,0,0,False
M01,2026-06-29 13:06:37,2026-06-29 13:42:46,Running,,A,Lampone Zero 560ml,2200,2018,2169,1216,4,False
M01,2026-06-29 13:42:46,2026-06-29 14:00:00,Running,,A,Lampone Zero 560ml,2200,2081,1034,598,2,False
M01,2026-06-29 14:00:00,2026-06-29 14:31:18,Stopped,Changeover,B,Arancia Rossa 500ml,2400,0,1878,0,0,True
M01,2026-06-29 14:31:18,2026-06-29 14:39:13,Stopped,External,B,Arancia Rossa 500ml,2400,0,475,0,0,False
M01,2026-06-29 14:39:13,2026-06-29 14:42:57,Stopped,Buildup,B,Arancia Rossa 500ml,2400,0,224,0,0,False
M01,2026-06-29 14:42:57,2026-06-29 15:29:15,Running,,B,Arancia Rossa 500ml,2400,2259,2778,1743,7,False
M01,2026-06-29 15:29:15,2026-06-29 15:55:35,Running,,B,Arancia Rossa 500ml,2400,2234,1580,980,3,False
M01,2026-06-29 15:55:35,2026-06-29 16:08:21,Stopped,Fault,B,Arancia Rossa 500ml,2400,0,766,0,0,False
M01,2026-06-29 16:08:21,2026-06-29 16:55:53,Running,,B,Arancia Rossa 500ml,2400,2236,2852,1771,6,False
M01,2026-06-29 16:55:53,2026-06-29 17:33:19,Running,,B,Arancia Rossa 500ml,2400,2225,2246,1388,5,False
M01,2026-06-29 17:33:19,2026-06-29 17:45:46,Stopped,Fault,B,Arancia Rossa 500ml,2400,0,747,0,0,False
M01,2026-06-29 17:45:46,2026-06-29 18:29:42,Running,,B,Arancia Rossa 500ml,2400,2256,2636,1652,6,False
M01,2026-06-29 18:29:42,2026-06-29 19:19:55,Running,,B,Arancia Rossa 500ml,2400,2227,3013,1864,8,False
M01,2026-06-29 19:19:55,2026-06-29 20:18:43,Running,,B,Arancia Rossa 500ml,2400,2235,3528,2190,8,False
M01,2026-06-29 20:18:43,2026-06-29 20:31:18,Stopped,Supplies,B,Arancia Rossa 500ml,2400,0,755,0,0,False
M01,2026-06-29 20:31:18,2026-06-29 20:35:26,Stopped,Starvation,B,Arancia Rossa 500ml,2400,0,248,0,0,False
M01,2026-06-29 20:35:26,2026-06-29 20:59:02,Running,,B,Arancia Rossa 500ml,2400,2279,1416,896,3,False
M01,2026-06-29 20:59:02,2026-06-29 21:09:19,Stopped,Starvation,B,Arancia Rossa 500ml,2400,0,617,0,0,False
M01,2026-06-29 21:09:19,2026-06-29 21:42:54,Running,,B,Arancia Rossa 500ml,2400,2255,2015,1262,5,False
M01,2026-06-29 21:42:54,2026-06-29 22:00:00,Running,,B,Arancia Rossa 500ml,2400,2232,1026,636,2,False
M01,2026-06-29 22:00:00,2026-06-29 22:30:38,Running,,C,Arancia Rossa 500ml,2400,2246,1838,1147,4,False
M01,2026-06-29 22:30:38,2026-06-29 22:58:29,Running,,C,Arancia Rossa 500ml,2400,2254,1671,1046,4,False
M01,2026-06-29 22:58:29,2026-06-29 23:03:04,Stopped,Buildup,C,Arancia Rossa 500ml,2400,0,275,0,0,False
M01,2026-06-29 23:03:04,2026-06-29 23:51:59,Running,,C,Arancia Rossa 500ml,2400,2267,2935,1848,7,False
M01,2026-06-29 23:51:59,2026-06-30 00:00:00,Running,,C,Arancia Rossa 500ml,2400,2278,481,304,1,False
M01,2026-06-30 00:00:00,2026-06-30 00:16:08,Idle,,C,Arancia Rossa 500ml,2400,0,968,0,0,False
M01,2026-06-30 00:16:08,2026-06-30 01:04:32,Running,,C,Arancia Rossa 500ml,2400,2257,2904,1821,5,False
M01,2026-06-30 01:04:32,2026-06-30 01:58:17,Running,,C,Arancia Rossa 500ml,2400,2270,3225,2034,8,False
M01,2026-06-30 01:58:17,2026-06-30 02:51:18,Running,,C,Arancia Rossa 500ml,2400,2273,3181,2008,7,False
M01,2026-06-30 02:51:18,2026-06-30 03:44:41,Running,,C,Arancia Rossa 500ml,2400,2213,3203,1969,6,False
M01,2026-06-30 03:44:41,2026-06-30 04:20:40,Running,,C,Arancia Rossa 500ml,2400,2283,2159,1369,6,False
M01,2026-06-30 04:20:40,2026-06-30 04:25:45,Stopped,Buildup,C,Arancia Rossa 500ml,2400,0,305,0,0,False
M01,2026-06-30 04:25:45,2026-06-30 04:47:30,Running,,C,Arancia Rossa 500ml,2400,2206,1305,800,3,False
M01,2026-06-30 04:47:30,2026-06-30 05:27:40,Running,,C,Arancia Rossa 500ml,2400,2273,2410,1522,6,False
M01,2026-06-30 05:27:40,2026-06-30 05:49:51,Running,,C,Arancia Rossa 500ml,2400,2271,1331,840,3,False
M01,2026-06-30 05:49:51,2026-06-30 06:00:00,Running,,C,Arancia Rossa 500ml,2400,2220,609,376,1,False
M01,2026-06-30 06:00:00,2026-06-30 06:39:23,Stopped,Maintenance,A,Arancia Rossa 500ml,2400,0,2363,0,0,True
M01,2026-06-30 06:39:23,2026-06-30 06:48:52,Stopped,Fault,A,Arancia Rossa 500ml,2400,0,569,0,0,False
M01,2026-06-30 06:48:52,2026-06-30 07:35:26,Running,,A,Arancia Rossa 500ml,2400,2226,2794,1728,6,False
M01,2026-06-30 07:35:26,2026-06-30 08:02:38,Running,,A,Arancia Rossa 500ml,2400,2257,1632,1023,4,False
M01,2026-06-30 08:02:38,2026-06-30 08:27:54,Running,,A,Arancia Rossa 500ml,2400,2215,1516,933,4,False
M01,2026-06-30 08:27:54,2026-06-30 08:57:15,Running,,A,Arancia Rossa 500ml,2400,2267,1761,1109,3,False
M01,2026-06-30 08:57:15,2026-06-30 09:00:14,Stopped,Fault,A,Arancia Rossa 500ml,2400,0,179,0,0,False
M01,2026-06-30 09:00:14,2026-06-30 09:32:40,Running,,A,Arancia Rossa 500ml,2400,2251,1946,1217,4,False
M01,2026-06-30 09:32:40,2026-06-30 09:45:12,Stopped,Starvation,A,Arancia Rossa 500ml,2400,0,752,0,0,False
M01,2026-06-30 09:45:12,2026-06-30 10:37:52,Running,,A,Arancia Rossa 500ml,2400,2224,3160,1952,7,False
M01,2026-06-30 10:37:52,2026-06-30 11:01:35,Running,,A,Arancia Rossa 500ml,2400,2230,1423,881,3,False
M01,2026-06-30 11:01:35,2026-06-30 11:32:16,Running,,A,Arancia Rossa 500ml,2400,2202,1841,1126,4,False
M01,2026-06-30 11:32:16,2026-06-30 12:19:06,Running,,A,Arancia Rossa 500ml,2400,2215,2810,1729,7,False
M01,2026-06-30 12:19:06,2026-06-30 12:45:08,Running,,A,Arancia Rossa 500ml,2400,2285,1562,991,3,False
M01,2026-06-30 12:45:08,2026-06-30 12:56:06,Idle,,A,Arancia Rossa 500ml,2400,0,658,0,0,False
M01,2026-06-30 12:56:06,2026-06-30 13:02:40,Idle,,A,Arancia Rossa 500ml,2400,0,394,0,0,False
M01,2026-06-30 13:02:40,2026-06-30 13:22:43,Running,,A,Arancia Rossa 500ml,2400,2234,1203,747,3,False
M01,2026-06-30 13:22:43,2026-06-30 13:53:45,Running,,A,Arancia Rossa 500ml,2400,2233,1862,1155,4,False
M01,2026-06-30 13:53:45,2026-06-30 13:57:55,Stopped,Starvation,A,Arancia Rossa 500ml,2400,0,250,0,0,False
M01,2026-06-30 13:57:55,2026-06-30 14:00:00,Idle,,A,Arancia Rossa 500ml,2400,0,125,0,0,False
M01,2026-06-30 14:00:00,2026-06-30 14:27:28,Stopped,Changeover,B,Lampone Zero 560ml,2200,0,1648,0,0,True
M01,2026-06-30 14:27:28,2026-06-30 14:57:58,Running,,B,Lampone Zero 560ml,2200,2049,1830,1042,4,False
M01,2026-06-30 14:57:58,2026-06-30 15:04:42,Stopped,External,B,Lampone Zero 560ml,2200,0,404,0,0,False
M01,2026-06-30 15:04:42,2026-06-30 15:58:32,Running,,B,Lampone Zero 560ml,2200,2035,3230,1826,7,False
M01,2026-06-30 15:58:32,2026-06-30 16:52:44,Running,,B,Lampone Zero 560ml,2200,2072,3252,1872,6,False
M01,2026-06-30 16:52:44,2026-06-30 17:05:01,Stopped,Starvation,B,Lampone Zero 560ml,2200,0,737,0,0,False
M01,2026-06-30 17:05:01,2026-06-30 17:56:41,Running,,B,Lampone Zero 560ml,2200,2066,3100,1779,6,False
M01,2026-06-30 17:56:41,2026-06-30 18:30:03,Running,,B,Lampone Zero 560ml,2200,2046,2002,1138,4,False
M01,2026-06-30 18:30:03,2026-06-30 18:35:59,Stopped,External,B,Lampone Zero 560ml,2200,0,356,0,0,False
M01,2026-06-30 18:35:59,2026-06-30 19:24:34,Running,,B,Lampone Zero 560ml,2200,2050,2915,1660,6,False
M01,2026-06-30 19:24:34,2026-06-30 19:27:56,Stopped,Starvation,B,Lampone Zero 560ml,2200,0,202,0,0,False
M01,2026-06-30 19:27:56,2026-06-30 19:36:49,Stopped,Starvation,B,Lampone Zero 560ml,2200,0,533,0,0,False
M01,2026-06-30 19:36:49,2026-06-30 20:09:52,Running,,B,Lampone Zero 560ml,2200,2068,1983,1139,4,False
M01,2026-06-30 20:09:52,2026-06-30 21:08:56,Running,,B,Lampone Zero 560ml,2200,2075,3544,2043,8,False
M01,2026-06-30 21:08:56,2026-06-30 21:55:38,Running,,B,Lampone Zero 560ml,2200,2018,2802,1571,5,False
M01,2026-06-30 21:55:38,2026-06-30 22:00:00,Idle,,B,Lampone Zero 560ml,2200,0,262,0,0,False
M01,2026-06-30 22:00:00,2026-06-30 22:04:02,Stopped,Starvation,C,Lampone Zero 560ml,2200,0,242,0,0,False
M01,2026-06-30 22:04:02,2026-06-30 22:12:43,Stopped,Buildup,C,Lampone Zero 560ml,2200,0,521,0,0,False
M01,2026-06-30 22:12:43,2026-06-30 22:17:56,Stopped,Starvation,C,Lampone Zero 560ml,2200,0,313,0,0,False
M01,2026-06-30 22:17:56,2026-06-30 22:53:03,Running,,C,Lampone Zero 560ml,2200,2053,2107,1202,3,False
M01,2026-06-30 22:53:03,2026-06-30 23:16:35,Running,,C,Lampone Zero 560ml,2200,2041,1412,801,3,False
M01,2026-06-30 23:16:35,2026-06-30 23:29:26,Stopped,Starvation,C,Lampone Zero 560ml,2200,0,771,0,0,False
M01,2026-06-30 23:29:26,2026-06-30 23:51:52,Running,,C,Lampone Zero 560ml,2200,2079,1346,777,3,False
M01,2026-06-30 23:51:52,2026-07-01 00:00:00,Running,,C,Lampone Zero 560ml,2200,2071,488,281,1,False
M01,2026-07-01 00:00:00,2026-07-01 00:28:11,Running,,C,Lampone Zero 560ml,2200,2038,1691,957,4,False
M01,2026-07-01 00:28:11,2026-07-01 00:57:04,Running,,C,Lampone Zero 560ml,2200,2063,1733,993,3,False
M01,2026-07-01 00:57:04,2026-07-01 01:39:44,Running,,C,Lampone Zero 560ml,2200,2034,2560,1446,5,False
M01,2026-07-01 01:39:44,2026-07-01 01:54:28,Idle,,C,Lampone Zero 560ml,2200,0,884,0,0,False
M01,2026-07-01 01:54:28,2026-07-01 02:31:18,Running,,C,Lampone Zero 560ml,2200,2071,2210,1271,5,False
M01,2026-07-01 02:31:18,2026-07-01 03:10:54,Running,,C,Lampone Zero 560ml,2200,2075,2376,1370,4,False
M01,2026-07-01 03:10:54,2026-07-01 03:18:20,Idle,,C,Lampone Zero 560ml,2200,0,446,0,0,False
M01,2026-07-01 03:18:20,2026-07-01 04:07:19,Running,,C,Lampone Zero 560ml,2200,2042,2939,1667,5,False
M01,2026-07-01 04:07:19,2026-07-01 04:40:51,Running,,C,Lampone Zero 560ml,2200,2072,2012,1158,4,False
M01,2026-07-01 04:40:51,2026-07-01 05:36:28,Running,,C,Lampone Zero 560ml,2200,2032,3337,1884,6,False
M01,2026-07-01 05:36:28,2026-07-01 05:47:11,Stopped,Buildup,C,Lampone Zero 560ml,2200,0,643,0,0,False
M01,2026-07-01 05:47:11,2026-07-01 06:00:00,Running,,C,Lampone Zero 560ml,2200,2025,769,433,1,False
M01,2026-07-01 06:00:00,2026-07-01 06:31:46,Running,,A,Lampone Zero 560ml,2200,2073,1906,1098,4,False
M01,2026-07-01 06:31:46,2026-07-01 07:11:12,Running,,A,Lampone Zero 560ml,2200,2076,2366,1364,6,False
M01,2026-07-01 07:11:12,2026-07-01 08:05:48,Running,,A,Lampone Zero 560ml,2200,2047,3276,1863,8,False
M01,2026-07-01 08:05:48,2026-07-01 08:15:54,Stopped,Starvation,A,Lampone Zero 560ml,2200,0,606,0,0,False
M01,2026-07-01 08:15:54,2026-07-01 08:37:24,Running,,A,Lampone Zero 560ml,2200,2044,1290,732,3,False
M01,2026-07-01 08:37:24,2026-07-01 08:58:33,Running,,A,Lampone Zero 560ml,2200,2098,1269,740,3,False
M01,2026-07-01 08:58:33,2026-07-01 09:49:45,Running,,A,Lampone Zero 560ml,2200,2064,3072,1761,6,False
M01,2026-07-01 09:49:45,2026-07-01 10:01:46,Stopped,Fault,A,Lampone Zero 560ml,2200,0,721,0,0,False
M01,2026-07-01 10:01:46,2026-07-01 10:45:36,Running,,A,Lampone Zero 560ml,2200,2039,2630,1490,6,False
M01,2026-07-01 10:45:36,2026-07-01 10:49:04,Stopped,Starvation,A,Lampone Zero 560ml,2200,0,208,0,0,False
M01,2026-07-01 10:49:04,2026-07-01 11:41:19,Running,,A,Lampone Zero 560ml,2200,2087,3135,1817,6,False
M01,2026-07-01 11:41:19,2026-07-01 12:01:51,Running,,A,Lampone Zero 560ml,2200,2088,1232,715,2,False
M01,2026-07-01 12:01:51,2026-07-01 12:51:10,Running,,A,Lampone Zero 560ml,2200,2050,2959,1685,6,False
M01,2026-07-01 12:51:10,2026-07-01 13:25:02,Running,,A,Lampone Zero 560ml,2200,2073,2032,1170,4,False
M01,2026-07-01 13:25:02,2026-07-01 13:47:15,Running,,A,Lampone Zero 560ml,2200,2084,1333,772,3,False
M01,2026-07-01 13:47:15,2026-07-01 14:00:00,Running,,A,Lampone Zero 560ml,2200,2083,765,443,1,False
M01,2026-07-01 14:00:00,2026-07-01 14:26:31,Stopped,Changeover,B,Arancia Rossa 500ml,2400,0,1591,0,0,True
M01,2026-07-01 14:26:31,2026-07-01 15:09:56,Running,,B,Arancia Rossa 500ml,2400,2236,2605,1618,6,False
M01,2026-07-01 15:09:56,2026-07-01 15:15:02,Stopped,Operator,B,Arancia Rossa 500ml,2400,0,306,0,0,False
M01,2026-07-01 15:15:02,2026-07-01 16:06:23,Running,,B,Arancia Rossa 500ml,2400,2287,3081,1957,7,False
M01,2026-07-01 16:06:23,2026-07-01 16:14:08,Idle,,B,Arancia Rossa 500ml,2400,0,465,0,0,False
M01,2026-07-01 16:14:08,2026-07-01 16:28:44,Stopped,Buildup,B,Arancia Rossa 500ml,2400,0,876,0,0,False
M01,2026-07-01 16:28:44,2026-07-01 17:09:16,Running,,B,Arancia Rossa 500ml,2400,2256,2432,1524,4,False
M01,2026-07-01 17:09:16,2026-07-01 18:01:10,Running,,B,Arancia Rossa 500ml,2400,2230,3114,1929,7,False
M01,2026-07-01 18:01:10,2026-07-01 18:30:11,Running,,B,Arancia Rossa 500ml,2400,2219,1741,1073,3,False
M01,2026-07-01 18:30:11,2026-07-01 18:52:23,Running,,B,Arancia Rossa 500ml,2400,2278,1332,843,3,False
M01,2026-07-01 18:52:23,2026-07-01 19:04:56,Stopped,External,B,Arancia Rossa 500ml,2400,0,753,0,0,False
M01,2026-07-01 19:04:56,2026-07-01 19:26:11,Running,,B,Arancia Rossa 500ml,2400,2227,1275,789,3,False
M01,2026-07-01 19:26:11,2026-07-01 19:53:42,Running,,B,Arancia Rossa 500ml,2400,2209,1651,1013,4,False
M01,2026-07-01 19:53:42,2026-07-01 20:15:47,Running,,B,Arancia Rossa 500ml,2400,2270,1325,835,3,False
M01,2026-07-01 20:15:47,2026-07-01 20:56:04,Running,,B,Arancia Rossa 500ml,2400,2271,2417,1525,4,False
M01,2026-07-01 20:56:04,2026-07-01 21:51:58,Running,,B,Arancia Rossa 500ml,2400,2246,3354,2093,7,False
M01,2026-07-01 21:51:58,2026-07-01 22:00:00,Running,,B,Arancia Rossa 500ml,2400,2222,482,298,1,False
M01,2026-07-01 22:00:00,2026-07-01 22:15:09,Stopped,Changeover,C,Lampone Zero 560ml,2200,0,909,0,0,True
M01,2026-07-01 22:15:09,2026-07-01 23:05:11,Running,,C,Lampone Zero 560ml,2200,2098,3002,1749,7,False
M01,2026-07-01 23:05:11,2026-07-01 23:07:27,Stopped,External,C,Lampone Zero 560ml,2200,0,136,0,0,False
M01,2026-07-01 23:07:27,2026-07-01 23:15:06,Stopped,Starvation,C,Lampone Zero 560ml,2200,0,459,0,0,False
M01,2026-07-01 23:15:06,2026-07-01 23:22:44,Idle,,C,Lampone Zero 560ml,2200,0,458,0,0,False
M01,2026-07-01 23:22:44,2026-07-01 23:59:04,Running,,C,Lampone Zero 560ml,2200,2025,2180,1226,5,False
M01,2026-07-01 23:59:04,2026-07-02 00:00:00,Idle,,C,Lampone Zero 560ml,2200,0,56,0,0,False
M01,2026-07-02 00:00:00,2026-07-02 00:38:28,Running,,C,Lampone Zero 560ml,2200,2081,2308,1334,5,False
M01,2026-07-02 00:38:28,2026-07-02 01:11:44,Running,,C,Lampone Zero 560ml,2200,2059,1996,1142,4,False
M01,2026-07-02 01:11:44,2026-07-02 01:46:36,Running,,C,Lampone Zero 560ml,2200,2097,2092,1219,4,False
M01,2026-07-02 01:46:36,2026-07-02 02:16:36,Running,,C,Lampone Zero 560ml,2200,2039,1800,1020,3,False
M01,2026-07-02 02:16:36,2026-07-02 02:20:42,Stopped,Starvation,C,Lampone Zero 560ml,2200,0,246,0,0,False
M01,2026-07-02 02:20:42,2026-07-02 02:59:29,Running,,C,Lampone Zero 560ml,2200,2037,2327,1317,4,False
M01,2026-07-02 02:59:29,2026-07-02 03:33:02,Running,,C,Lampone Zero 560ml,2200,2089,2013,1168,4,False
M01,2026-07-02 03:33:02,2026-07-02 03:48:05,Idle,,C,Lampone Zero 560ml,2200,0,903,0,0,False
M01,2026-07-02 03:48:05,2026-07-02 04:22:55,Running,,C,Lampone Zero 560ml,2200,2073,2090,1203,5,False
M01,2026-07-02 04:22:55,2026-07-02 05:07:35,Running,,C,Lampone Zero 560ml,2200,2029,2680,1510,5,False
M01,2026-07-02 05:07:35,2026-07-02 05:46:38,Running,,C,Lampone Zero 560ml,2200,2096,2343,1364,5,False
M01,2026-07-02 05:46:38,2026-07-02 05:51:22,Stopped,Buildup,C,Lampone Zero 560ml,2200,0,284,0,0,False
M01,2026-07-02 05:51:22,2026-07-02 06:00:00,Running,,C,Lampone Zero 560ml,2200,2040,518,294,1,False
M01,2026-07-02 06:00:00,2026-07-02 06:25:08,Stopped,Changeover,A,Arancia Rossa 500ml,2400,0,1508,0,0,True
M01,2026-07-02 06:25:08,2026-07-02 06:49:41,Running,,A,Arancia Rossa 500ml,2400,2270,1473,929,3,False
M01,2026-07-02 06:49:41,2026-07-02 07:15:01,Running,,A,Arancia Rossa 500ml,2400,2251,1520,950,3,False
M01,2026-07-02 07:15:01,2026-07-02 07:36:30,Running,,A,Arancia Rossa 500ml,2400,2256,1289,808,3,False
M01,2026-07-02 07:36:30,2026-07-02 08:32:32,Running,,A,Arancia Rossa 500ml,2400,2217,3362,2070,7,False
M01,2026-07-02 08:32:32,2026-07-02 08:41:26,Stopped,Operator,A,Arancia Rossa 500ml,2400,0,534,0,0,False
M01,2026-07-02 08:41:26,2026-07-02 09:26:52,Running,,A,Arancia Rossa 500ml,2400,2264,2726,1714,6,False
M01,2026-07-02 09:26:52,2026-07-02 10:07:15,Running,,A,Arancia Rossa 500ml,2400,2225,2423,1498,4,False
M01,2026-07-02 10:07:15,2026-07-02 11:03:13,Running,,A,Arancia Rossa 500ml,2400,2229,3358,2079,9,False
M01,2026-07-02 11:03:13,2026-07-02 11:14:20,Stopped,Buildup,A,Arancia Rossa 500ml,2400,0,667,0,0,False
M01,2026-07-02 11:14:20,2026-07-02 11:50:59,Running,,A,Arancia Rossa 500ml,2400,2249,2199,1374,5,False
M01,2026-07-02 11:50:59,2026-07-02 12:35:10,Running,,A,Arancia Rossa 500ml,2400,2257,2651,1662,5,False
M01,2026-07-02 12:35:10,2026-07-02 12:48:18,Stopped,Fault,A,Arancia Rossa 500ml,2400,0,788,0,0,False
M01,2026-07-02 12:48:18,2026-07-02 13:22:02,Running,,A,Arancia Rossa 500ml,2400,2231,2024,1254,5,False
M01,2026-07-02 13:22:02,2026-07-02 13:42:37,Running,,A,Arancia Rossa 500ml,2400,2235,1235,767,2,False
M01,2026-07-02 13:42:37,2026-07-02 14:00:00,Running,,A,Arancia Rossa 500ml,2400,2239,1043,649,2,False
M01,2026-07-02 14:00:00,2026-07-02 14:15:05,Stopped,Changeover,B,Lampone Zero 560ml,2200,0,905,0,0,True
M01,2026-07-02 14:15:05,2026-07-02 14:22:31,Stopped,Buildup,B,Lampone Zero 560ml,2200,0,446,0,0,False
M01,2026-07-02 14:22:31,2026-07-02 14:52:15,Running,,B,Lampone Zero 560ml,2200,2100,1784,1041,4,False
M01,2026-07-02 14:52:15,2026-07-02 15:50:45,Running,,B,Lampone Zero 560ml,2200,2038,3510,1987,7,False
M01,2026-07-02 15:50:45,2026-07-02 16:24:47,Running,,B,Lampone Zero 560ml,2200,2030,2042,1151,4,False
M01,2026-07-02 16:24:47,2026-07-02 16:48:14,Running,,B,Lampone Zero 560ml,2200,2038,1407,797,2,False
M01,2026-07-02 16:48:14,2026-07-02 17:23:54,Running,,B,Lampone Zero 560ml,2200,2042,2140,1214,4,False
M01,2026-07-02 17:23:54,2026-07-02 18:14:20,Running,,B,Lampone Zero 560ml,2200,2079,3026,1748,7,False
M01,2026-07-02 18:14:20,2026-07-02 18:39:08,Running,,B,Lampone Zero 560ml,2200,2066,1488,854,3,False
M01,2026-07-02 18:39:08,2026-07-02 19:29:37,Running,,B,Lampone Zero 560ml,2200,2089,3029,1758,6,False
M01,2026-07-02 19:29:37,2026-07-02 19:53:30,Running,,B,Lampone Zero 560ml,2200,2046,1433,814,3,False
M01,2026-07-02 19:53:30,2026-07-02 20:47:39,Running,,B,Lampone Zero 560ml,2200,2071,3249,1869,5,False
M01,2026-07-02 20:47:39,2026-07-02 20:56:33,Stopped,Starvation,B,Lampone Zero 560ml,2200,0,534,0,0,False
M01,2026-07-02 20:56:33,2026-07-02 21:08:59,Stopped,External,B,Lampone Zero 560ml,2200,0,746,0,0,False
M01,2026-07-02 21:08:59,2026-07-02 21:34:49,Running,,B,Lampone Zero 560ml,2200,2059,1550,887,3,False
M01,2026-07-02 21:34:49,2026-07-02 21:56:53,Running,,B,Lampone Zero 560ml,2200,2048,1324,753,3,False
M01,2026-07-02 21:56:53,2026-07-02 22:00:00,Idle,,B,Lampone Zero 560ml,2200,0,187,0,0,False
M01,2026-07-02 22:00:00,2026-07-02 22:14:50,Stopped,Starvation,C,Lampone Zero 560ml,2200,0,890,0,0,False
M01,2026-07-02 22:14:50,2026-07-02 22:35:49,Running,,C,Lampone Zero 560ml,2200,2088,1259,730,3,False
M01,2026-07-02 22:35:49,2026-07-02 23:15:59,Running,,C,Lampone Zero 560ml,2200,2091,2410,1400,4,False
M01,2026-07-02 23:15:59,2026-07-02 23:52:42,Running,,C,Lampone Zero 560ml,2200,2063,2203,1262,4,False
M01,2026-07-02 23:52:42,2026-07-03 00:00:00,Running,,C,Lampone Zero 560ml,2200,2036,438,248,1,False
M01,2026-07-03 00:00:00,2026-07-03 00:57:41,Running,,C,Lampone Zero 560ml,2200,1966,3461,1890,8,False
M01,2026-07-03 00:57:41,2026-07-03 01:43:54,Running,,C,Lampone Zero 560ml,2200,1962,2773,1511,6,False
M01,2026-07-03 01:43:54,2026-07-03 02:08:22,Running,,C,Lampone Zero 560ml,2200,2012,1468,820,3,False
M01,2026-07-03 02:08:22,2026-07-03 02:47:19,Running,,C,Lampone Zero 560ml,2200,1994,2337,1294,5,False
M01,2026-07-03 02:47:19,2026-07-03 03:42:48,Running,,C,Lampone Zero 560ml,2200,1987,3329,1837,6,False
M01,2026-07-03 03:42:48,2026-07-03 04:09:55,Running,,C,Lampone Zero 560ml,2200,1993,1627,901,3,False
M01,2026-07-03 04:09:55,2026-07-03 04:59:50,Running,,C,Lampone Zero 560ml,2200,2022,2995,1682,6,False
M01,2026-07-03 04:59:50,2026-07-03 05:23:17,Running,,C,Lampone Zero 560ml,2200,2020,1407,789,3,False
M01,2026-07-03 05:23:17,2026-07-03 05:59:15,Running,,C,Lampone Zero 560ml,2200,1970,2158,1181,4,False
M01,2026-07-03 05:59:15,2026-07-03 06:00:00,Idle,,C,Lampone Zero 560ml,2200,0,45,0,0,False
M01,2026-07-03 06:00:00,2026-07-03 06:47:18,Running,,A,Lampone Zero 560ml,2200,2028,2838,1599,6,False
M01,2026-07-03 06:47:18,2026-07-03 07:33:50,Running,,A,Lampone Zero 560ml,2200,1977,2792,1533,6,False
M01,2026-07-03 07:33:50,2026-07-03 07:44:49,Stopped,Operator,A,Lampone Zero 560ml,2200,0,659,0,0,False
M01,2026-07-03 07:44:49,2026-07-03 08:04:57,Running,,A,Lampone Zero 560ml,2200,2024,1208,679,2,False
M01,2026-07-03 08:04:57,2026-07-03 08:34:25,Running,,A,Lampone Zero 560ml,2200,2003,1768,984,4,False
M01,2026-07-03 08:34:25,2026-07-03 09:13:30,Running,,A,Lampone Zero 560ml,2200,1987,2345,1294,5,False
M01,2026-07-03 09:13:30,2026-07-03 09:21:39,Idle,,A,Lampone Zero 560ml,2200,0,489,0,0,False
M01,2026-07-03 09:21:39,2026-07-03 09:25:23,Stopped,Starvation,A,Lampone Zero 560ml,2200,0,224,0,0,False
M01,2026-07-03 09:25:23,2026-07-03 09:46:02,Running,,A,Lampone Zero 560ml,2200,2015,1239,693,2,False
M01,2026-07-03 09:46:02,2026-07-03 10:22:25,Running,,A,Lampone Zero 560ml,2200,1996,2183,1210,4,False
M01,2026-07-03 10:22:25,2026-07-03 10:36:42,Stopped,Starvation,A,Lampone Zero 560ml,2200,0,857,0,0,False
M01,2026-07-03 10:36:42,2026-07-03 11:11:14,Running,,A,Lampone Zero 560ml,2200,1963,2072,1130,4,False
M01,2026-07-03 11:11:14,2026-07-03 11:21:10,Stopped,Starvation,A,Lampone Zero 560ml,2200,0,596,0,0,False
M01,2026-07-03 11:21:10,2026-07-03 11:35:49,Idle,,A,Lampone Zero 560ml,2200,0,879,0,0,False
M01,2026-07-03 11:35:49,2026-07-03 12:24:44,Running,,A,Lampone Zero 560ml,2200,2034,2935,1658,7,False
M01,2026-07-03 12:24:44,2026-07-03 13:23:42,Running,,A,Lampone Zero 560ml,2200,1990,3538,1956,8,False
M01,2026-07-03 13:23:42,2026-07-03 13:36:37,Stopped,Fault,A,Lampone Zero 560ml,2200,0,775,0,0,False
M01,2026-07-03 13:36:37,2026-07-03 13:38:55,Stopped,Starvation,A,Lampone Zero 560ml,2200,0,138,0,0,False
M01,2026-07-03 13:38:55,2026-07-03 13:59:50,Running,,A,Lampone Zero 560ml,2200,2024,1255,706,2,False
M01,2026-07-03 13:59:50,2026-07-03 14:00:00,Idle,,A,Lampone Zero 560ml,2200,0,10,0,0,False
M01,2026-07-03 14:00:00,2026-07-03 14:39:29,Stopped,Changeover,B,Arancia Rossa 500ml,2400,0,2369,0,0,True
M01,2026-07-03 14:39:29,2026-07-03 15:25:37,Running,,B,Arancia Rossa 500ml,2400,2216,2768,1704,6,False
M01,2026-07-03 15:25:37,2026-07-03 15:29:02,Stopped,Buildup,B,Arancia Rossa 500ml,2400,0,205,0,0,False
M01,2026-07-03 15:29:02,2026-07-03 15:58:31,Running,,B,Arancia Rossa 500ml,2400,2206,1769,1084,3,False
M01,2026-07-03 15:58:31,2026-07-03 16:34:11,Running,,B,Arancia Rossa 500ml,2400,2173,2140,1292,5,False
M01,2026-07-03 16:34:11,2026-07-03 16:46:37,Stopped,Buildup,B,Arancia Rossa 500ml,2400,0,746,0,0,False
M01,2026-07-03 16:46:37,2026-07-03 17:06:19,Running,,B,Arancia Rossa 500ml,2400,2156,1182,708,2,False
M01,2026-07-03 17:06:19,2026-07-03 18:20:04,Stopped,Fault,B,Arancia Rossa 500ml,2400,0,4425,0,0,False
M01,2026-07-03 18:20:04,2026-07-03 19:18:47,Running,,B,Arancia Rossa 500ml,2400,2183,3523,2136,9,False
M01,2026-07-03 19:18:47,2026-07-03 19:29:11,Stopped,Supplies,B,Arancia Rossa 500ml,2400,0,624,0,0,False
M01,2026-07-03 19:29:11,2026-07-03 20:09:42,Running,,B,Arancia Rossa 500ml,2400,2202,2431,1487,6,False
M01,2026-07-03 20:09:42,2026-07-03 20:53:58,Running,,B,Arancia Rossa 500ml,2400,2226,2656,1642,5,False
M01,2026-07-03 20:53:58,2026-07-03 20:56:48,Stopped,External,B,Arancia Rossa 500ml,2400,0,170,0,0,False
M01,2026-07-03 20:56:48,2026-07-03 21:09:45,Stopped,External,B,Arancia Rossa 500ml,2400,0,777,0,0,False
M01,2026-07-03 21:09:45,2026-07-03 21:39:40,Running,,B,Arancia Rossa 500ml,2400,2212,1795,1103,4,False
M01,2026-07-03 21:39:40,2026-07-03 21:59:46,Running,,B,Arancia Rossa 500ml,2400,2209,1206,740,2,False
M01,2026-07-03 21:59:46,2026-07-03 22:00:00,Idle,,B,Arancia Rossa 500ml,2400,0,14,0,0,False
M01,2026-07-03 22:00:00,2026-07-03 22:16:07,Stopped,Changeover,C,Lampone Zero 560ml,2200,0,967,0,0,True
M01,2026-07-03 22:16:07,2026-07-03 22:42:42,Running,,C,Lampone Zero 560ml,2200,2013,1595,892,4,False
M01,2026-07-03 22:42:42,2026-07-03 23:31:08,Running,,C,Lampone Zero 560ml,2200,1990,2906,1606,6,False
M01,2026-07-03 23:31:08,2026-07-03 23:46:42,Idle,,C,Lampone Zero 560ml,2200,0,934,0,0,False
M01,2026-07-03 23:46:42,2026-07-04 00:00:00,Running,,C,Lampone Zero 560ml,2200,1979,798,439,1,False
M01,2026-07-04 00:00:00,2026-07-04 00:11:48,Stopped,Starvation,C,Lampone Zero 560ml,2200,0,708,0,0,False
M01,2026-07-04 00:11:48,2026-07-04 00:46:35,Running,,C,Lampone Zero 560ml,2200,1846,2087,1070,4,False
M01,2026-07-04 00:46:35,2026-07-04 01:19:32,Running,,C,Lampone Zero 560ml,2200,1855,1977,1019,4,False
M01,2026-07-04 01:19:32,2026-07-04 02:03:15,Running,,C,Lampone Zero 560ml,2200,1842,2623,1342,5,False
M01,2026-07-04 02:03:15,2026-07-04 02:42:36,Running,,C,Lampone Zero 560ml,2200,1888,2361,1238,4,False
M01,2026-07-04 02:42:36,2026-07-04 02:48:01,Stopped,Starvation,C,Lampone Zero 560ml,2200,0,325,0,0,False
M01,2026-07-04 02:48:01,2026-07-04 03:18:13,Running,,C,Lampone Zero 560ml,2200,1830,1812,921,4,False
M01,2026-07-04 03:18:13,2026-07-04 04:05:52,Running,,C,Lampone Zero 560ml,2200,1885,2859,1497,6,False
M01,2026-07-04 04:05:52,2026-07-04 04:09:34,Stopped,Buildup,C,Lampone Zero 560ml,2200,0,222,0,0,False
M01,2026-07-04 04:09:34,2026-07-04 05:04:33,Running,,C,Lampone Zero 560ml,2200,1870,3299,1714,5,False
M01,2026-07-04 05:04:33,2026-07-04 05:36:32,Running,,C,Lampone Zero 560ml,2200,1873,1919,998,4,False
M01,2026-07-04 05:36:32,2026-07-04 05:40:13,Stopped,Starvation,C,Lampone Zero 560ml,2200,0,221,0,0,False
M01,2026-07-04 05:40:13,2026-07-04 06:00:00,Running,,C,Lampone Zero 560ml,2200,1868,1187,616,2,False
M01,2026-07-04 06:00:00,2026-07-04 06:35:35,Stopped,Changeover,A,Arancia Rossa 500ml,2400,0,2135,0,0,True
M01,2026-07-04 06:35:35,2026-07-04 06:48:27,Stopped,Fault,A,Arancia Rossa 500ml,2400,0,772,0,0,False
M01,2026-07-04 06:48:27,2026-07-04 07:14:42,Running,,A,Arancia Rossa 500ml,2400,2048,1575,896,3,False
M01,2026-07-04 07:14:42,2026-07-04 07:42:32,Running,,A,Arancia Rossa 500ml,2400,1993,1670,925,3,False
M01,2026-07-04 07:42:32,2026-07-04 07:54:50,Stopped,Starvation,A,Arancia Rossa 500ml,2400,0,738,0,0,False
M01,2026-07-04 07:54:50,2026-07-04 08:27:38,Running,,A,Arancia Rossa 500ml,2400,2046,1968,1118,4,False
M01,2026-07-04 08:27:38,2026-07-04 08:30:34,Stopped,External,A,Arancia Rossa 500ml,2400,0,176,0,0,False
M01,2026-07-04 08:30:34,2026-07-04 09:27:34,Running,,A,Arancia Rossa 500ml,2400,1992,3420,1892,8,False
M01,2026-07-04 09:27:34,2026-07-04 10:26:37,Running,,A,Arancia Rossa 500ml,2400,2004,3543,1972,8,False
M01,2026-07-04 10:26:37,2026-07-04 10:56:16,Running,,A,Arancia Rossa 500ml,2400,2006,1779,991,4,False
M01,2026-07-04 10:56:16,2026-07-04 11:11:51,Idle,,A,Arancia Rossa 500ml,2400,0,935,0,0,False
M01,2026-07-04 11:11:51,2026-07-04 12:08:36,Running,,A,Arancia Rossa 500ml,2400,2017,3405,1908,6,False
M01,2026-07-04 12:08:36,2026-07-04 12:37:20,Running,,A,Arancia Rossa 500ml,2400,2046,1724,980,4,False
M01,2026-07-04 12:37:20,2026-07-04 12:48:02,Stopped,Starvation,A,Arancia Rossa 500ml,2400,0,642,0,0,False
M01,2026-07-04 12:48:02,2026-07-04 13:47:39,Running,,A,Arancia Rossa 500ml,2400,2032,3577,2019,8,False
M01,2026-07-04 13:47:39,2026-07-04 13:59:09,Stopped,External,A,Arancia Rossa 500ml,2400,0,690,0,0,False
M01,2026-07-04 13:59:09,2026-07-04 14:00:00,Idle,,A,Arancia Rossa 500ml,2400,0,51,0,0,False
M01,2026-07-04 14:00:00,2026-07-04 14:20:25,Stopped,Changeover,B,Lampone Zero 560ml,2200,0,1225,0,0,True
M01,2026-07-04 14:20:25,2026-07-04 15:02:51,Running,,B,Lampone Zero 560ml,2200,1850,2546,1308,4,False
M01,2026-07-04 15:02:51,2026-07-04 15:24:00,Running,,B,Lampone Zero 560ml,2200,1824,1269,643,3,False
M01,2026-07-04 15:24:00,2026-07-04 15:32:03,Stopped,Buildup,B,Lampone Zero 560ml,2200,0,483,0,0,False
M01,2026-07-04 15:32:03,2026-07-04 15:42:53,Stopped,Fault,B,Lampone Zero 560ml,2200,0,650,0,0,False
M01,2026-07-04 15:42:53,2026-07-04 15:55:04,Stopped,Starvation,B,Lampone Zero 560ml,2200,0,731,0,0,False
M01,2026-07-04 15:55:04,2026-07-04 16:01:17,Stopped,Starvation,B,Lampone Zero 560ml,2200,0,373,0,0,False
M01,2026-07-04 16:01:17,2026-07-04 16:36:01,Running,,B,Lampone Zero 560ml,2200,1868,2084,1081,4,False
M01,2026-07-04 16:36:01,2026-07-04 17:21:13,Running,,B,Lampone Zero 560ml,2200,1827,2712,1376,4,False
M01,2026-07-04 17:21:13,2026-07-04 17:41:20,Running,,B,Lampone Zero 560ml,2200,1858,1207,623,3,False
M01,2026-07-04 17:41:20,2026-07-04 17:54:59,Stopped,External,B,Lampone Zero 560ml,2200,0,819,0,0,False
M01,2026-07-04 17:54:59,2026-07-04 18:48:42,Running,,B,Lampone Zero 560ml,2200,1868,3223,1672,5,False
M01,2026-07-04 18:48:42,2026-07-04 19:46:20,Running,,B,Lampone Zero 560ml,2200,1833,3458,1761,6,False
M01,2026-07-04 19:46:20,2026-07-04 19:53:56,Stopped,Fault,B,Lampone Zero 560ml,2200,0,456,0,0,False
M01,2026-07-04 19:53:56,2026-07-04 20:38:13,Running,,B,Lampone Zero 560ml,2200,1829,2657,1350,4,False
M01,2026-07-04 20:38:13,2026-07-04 21:37:15,Running,,B,Lampone Zero 560ml,2200,1883,3542,1853,8,False
M01,2026-07-04 21:37:15,2026-07-04 21:48:26,Stopped,Starvation,B,Lampone Zero 560ml,2200,0,671,0,0,False
M01,2026-07-04 21:48:26,2026-07-04 22:00:00,Running,,B,Lampone Zero 560ml,2200,1846,694,356,1,False
M01,2026-07-04 22:00:00,2026-07-04 22:41:35,Running,,C,Lampone Zero 560ml,2200,1840,2495,1275,4,False
M01,2026-07-04 22:41:35,2026-07-04 23:13:47,Running,,C,Lampone Zero 560ml,2200,1865,1932,1001,3,False
M01,2026-07-04 23:13:47,2026-07-04 23:53:34,Running,,C,Lampone Zero 560ml,2200,1828,2387,1212,5,False
M01,2026-07-04 23:53:34,2026-07-05 00:00:00,Running,,C,Lampone Zero 560ml,2200,1840,386,197,1,False
M01,2026-07-05 00:00:00,2026-07-05 00:36:05,Running,,C,Lampone Zero 560ml,2200,1750,2165,1052,4,False
M01,2026-07-05 00:36:05,2026-07-05 01:01:03,Running,,C,Lampone Zero 560ml,2200,1723,1498,717,2,False
M01,2026-07-05 01:01:03,2026-07-05 01:50:02,Running,,C,Lampone Zero 560ml,2200,1714,2939,1399,6,False
M01,2026-07-05 01:50:02,2026-07-05 02:10:10,Running,,C,Lampone Zero 560ml,2200,1723,1208,578,2,False
M01,2026-07-05 02:10:10,2026-07-05 02:18:23,Stopped,Starvation,C,Lampone Zero 560ml,2200,0,493,0,0,False
M01,2026-07-05 02:18:23,2026-07-05 03:01:16,Running,,C,Lampone Zero 560ml,2200,1716,2573,1226,4,False
M01,2026-07-05 03:01:16,2026-07-05 03:10:21,Stopped,Operator,C,Lampone Zero 560ml,2200,0,545,0,0,False
M01,2026-07-05 03:10:21,2026-07-05 03:39:25,Running,,C,Lampone Zero 560ml,2200,1729,1744,838,3,False
M01,2026-07-05 03:39:25,2026-07-05 03:45:35,Stopped,Starvation,C,Lampone Zero 560ml,2200,0,370,0,0,False
M01,2026-07-05 03:45:35,2026-07-05 03:59:02,Stopped,External,C,Lampone Zero 560ml,2200,0,807,0,0,False
M01,2026-07-05 03:59:02,2026-07-05 04:04:58,Stopped,Operator,C,Lampone Zero 560ml,2200,0,356,0,0,False
M01,2026-07-05 04:04:58,2026-07-05 04:14:05,Idle,,C,Lampone Zero 560ml,2200,0,547,0,0,False
M01,2026-07-05 04:14:05,2026-07-05 04:20:46,Stopped,Starvation,C,Lampone Zero 560ml,2200,0,401,0,0,False
M01,2026-07-05 04:20:46,2026-07-05 05:18:44,Running,,C,Lampone Zero 560ml,2200,1739,3478,1680,7,False
M01,2026-07-05 05:18:44,2026-07-05 05:40:52,Running,,C,Lampone Zero 560ml,2200,1718,1328,634,3,False
M01,2026-07-05 05:40:52,2026-07-05 05:44:24,Stopped,Fault,C,Lampone Zero 560ml,2200,0,212,0,0,False
M01,2026-07-05 05:44:24,2026-07-05 05:50:32,Idle,,C,Lampone Zero 560ml,2200,0,368,0,0,False
M01,2026-07-05 05:50:32,2026-07-05 05:54:15,Stopped,Starvation,C,Lampone Zero 560ml,2200,0,223,0,0,False
M01,2026-07-05 05:54:15,2026-07-05 06:00:00,Running,,C,Lampone Zero 560ml,2200,1707,345,164,1,False
M01,2026-07-05 06:00:00,2026-07-05 06:26:39,Running,,A,Lampone Zero 560ml,2200,1757,1599,780,3,False
M01,2026-07-05 06:26:39,2026-07-05 06:33:32,Stopped,Buildup,A,Lampone Zero 560ml,2200,0,413,0,0,False
M01,2026-07-05 06:33:32,2026-07-05 06:41:14,Stopped,Starvation,A,Lampone Zero 560ml,2200,0,462,0,0,False
M01,2026-07-05 06:41:14,2026-07-05 07:16:39,Running,,A,Lampone Zero 560ml,2200,1732,2125,1022,3,False
M01,2026-07-05 07:16:39,2026-07-05 07:41:23,Running,,A,Lampone Zero 560ml,2200,1747,1484,720,2,False
M01,2026-07-05 07:41:23,2026-07-05 08:02:45,Running,,A,Lampone Zero 560ml,2200,1731,1282,616,2,False
M01,2026-07-05 08:02:45,2026-07-05 08:10:42,Stopped,Supplies,A,Lampone Zero 560ml,2200,0,477,0,0,False
M01,2026-07-05 08:10:42,2026-07-05 08:30:59,Running,,A,Lampone Zero 560ml,2200,1735,1217,587,2,False
M01,2026-07-05 08:30:59,2026-07-05 09:16:02,Running,,A,Lampone Zero 560ml,2200,1737,2703,1304,4,False
M01,2026-07-05 09:16:02,2026-07-05 09:51:31,Running,,A,Lampone Zero 560ml,2200,1726,2129,1021,3,False
M01,2026-07-05 09:51:31,2026-07-05 10:49:56,Running,,A,Lampone Zero 560ml,2200,1730,3505,1684,6,False
M01,2026-07-05 10:49:56,2026-07-05 11:40:28,Running,,A,Lampone Zero 560ml,2200,1721,3032,1449,4,False
M01,2026-07-05 11:40:28,2026-07-05 11:46:19,Stopped,Starvation,A,Lampone Zero 560ml,2200,0,351,0,0,False
M01,2026-07-05 11:46:19,2026-07-05 12:38:22,Running,,A,Lampone Zero 560ml,2200,1755,3123,1522,6,False
M01,2026-07-05 12:38:22,2026-07-05 12:53:05,Stopped,Starvation,A,Lampone Zero 560ml,2200,0,883,0,0,False
M01,2026-07-05 12:53:05,2026-07-05 13:33:14,Running,,A,Lampone Zero 560ml,2200,1746,2409,1168,4,False
M01,2026-07-05 13:33:14,2026-07-05 13:55:38,Running,,A,Lampone Zero 560ml,2200,1736,1344,648,3,False
M01,2026-07-05 13:55:38,2026-07-05 14:00:00,Idle,,A,Lampone Zero 560ml,2200,0,262,0,0,False
M01,2026-07-05 14:00:00,2026-07-05 14:19:27,Stopped,Changeover,B,Arancia Rossa 500ml,2400,0,1167,0,0,True
M01,2026-07-05 14:19:27,2026-07-05 14:58:41,Running,,B,Arancia Rossa 500ml,2400,1858,2354,1215,5,False
M01,2026-07-05 14:58:41,2026-07-05 15:20:14,Running,,B,Arancia Rossa 500ml,2400,1859,1293,668,3,False
M01,2026-07-05 15:20:14,2026-07-05 15:29:28,Stopped,Buildup,B,Arancia Rossa 500ml,2400,0,554,0,0,False
M01,2026-07-05 15:29:28,2026-07-05 16:04:49,Running,,B,Arancia Rossa 500ml,2400,1887,2121,1112,3,False
M01,2026-07-05 16:04:49,2026-07-05 16:48:20,Running,,B,Arancia Rossa 500ml,2400,1862,2611,1350,4,False
M01,2026-07-05 16:48:20,2026-07-05 17:01:26,Stopped,External,B,Arancia Rossa 500ml,2400,0,786,0,0,False
M01,2026-07-05 17:01:26,2026-07-05 17:52:13,Running,,B,Arancia Rossa 500ml,2400,1919,3047,1624,5,False
M01,2026-07-05 17:52:13,2026-07-05 18:04:56,Stopped,Starvation,B,Arancia Rossa 500ml,2400,0,763,0,0,False
M01,2026-07-05 18:04:56,2026-07-05 18:15:28,Stopped,External,B,Arancia Rossa 500ml,2400,0,632,0,0,False
M01,2026-07-05 18:15:28,2026-07-05 18:20:49,Stopped,Buildup,B,Arancia Rossa 500ml,2400,0,321,0,0,False
M01,2026-07-05 18:20:49,2026-07-05 18:53:04,Running,,B,Arancia Rossa 500ml,2400,1879,1935,1010,4,False
M01,2026-07-05 18:53:04,2026-07-05 19:50:07,Running,,B,Arancia Rossa 500ml,2400,1922,3423,1828,7,False
M01,2026-07-05 19:50:07,2026-07-05 20:16:44,Running,,B,Arancia Rossa 500ml,2400,1918,1597,851,3,False
M01,2026-07-05 20:16:44,2026-07-05 21:00:42,Running,,B,Arancia Rossa 500ml,2400,1902,2638,1394,4,False
M01,2026-07-05 21:00:42,2026-07-05 21:24:22,Running,,B,Arancia Rossa 500ml,2400,1918,1420,757,2,False
M01,2026-07-05 21:24:22,2026-07-05 21:44:56,Running,,B,Arancia Rossa 500ml,2400,1884,1234,646,2,False
M01,2026-07-05 21:44:56,2026-07-05 22:00:00,Running,,B,Arancia Rossa 500ml,2400,1913,904,480,2,False
M01,2026-07-05 22:00:00,2026-07-05 22:15:32,Stopped,Changeover,C,Lampone Zero 560ml,2200,0,932,0,0,True
M01,2026-07-05 22:15:32,2026-07-05 22:29:53,Stopped,Starvation,C,Lampone Zero 560ml,2200,0,861,0,0,False
M01,2026-07-05 22:29:53,2026-07-05 23:05:12,Running,,C,Lampone Zero 560ml,2200,1731,2119,1019,3,False
M01,2026-07-05 23:05:12,2026-07-05 23:44:17,Running,,C,Lampone Zero 560ml,2200,1749,2345,1139,4,False
M01,2026-07-05 23:44:17,2026-07-06 00:00:00,Running,,C,Lampone Zero 560ml,2200,1723,943,451,2,False
M01,2026-07-06 00:00:00,2026-07-06 00:35:16,Running,,C,Lampone Zero 560ml,2200,2091,2116,1229,4,False
M01,2026-07-06 00:35:16,2026-07-06 01:27:09,Running,,C,Lampone Zero 560ml,2200,2046,3113,1769,7,False
M01,2026-07-06 01:27:09,2026-07-06 01:46:33,Idle,,C,Lampone Zero 560ml,2200,0,1164,0,0,False
M01,2026-07-06 01:46:33,2026-07-06 02:21:20,Running,,C,Lampone Zero 560ml,2200,2070,2087,1200,4,False
M01,2026-07-06 02:21:20,2026-07-06 02:57:29,Running,,C,Lampone Zero 560ml,2200,2031,2169,1224,4,False
M01,2026-07-06 02:57:29,2026-07-06 03:07:25,Stopped,External,C,Lampone Zero 560ml,2200,0,596,0,0,False
M01,2026-07-06 03:07:25,2026-07-06 03:58:01,Running,,C,Lampone Zero 560ml,2200,2068,3036,1744,7,False
M01,2026-07-06 03:58:01,2026-07-06 04:08:17,Stopped,Starvation,C,Lampone Zero 560ml,2200,0,616,0,0,False
M01,2026-07-06 04:08:17,2026-07-06 04:11:33,Stopped,Starvation,C,Lampone Zero 560ml,2200,0,196,0,0,False
M01,2026-07-06 04:11:33,2026-07-06 04:56:32,Running,,C,Lampone Zero 560ml,2200,2062,2699,1546,5,False
M01,2026-07-06 04:56:32,2026-07-06 05:40:59,Running,,C,Lampone Zero 560ml,2200,2083,2667,1543,5,False
M01,2026-07-06 05:40:59,2026-07-06 06:00:00,Running,,C,Lampone Zero 560ml,2200,2094,1141,664,2,False
M01,2026-07-06 06:00:00,2026-07-06 06:39:27,Stopped,Changeover,A,Arancia Rossa 500ml,2400,0,2367,0,0,True
M01,2026-07-06 06:39:27,2026-07-06 07:10:20,Running,,A,Arancia Rossa 500ml,2400,2224,1853,1145,3,False
M01,2026-07-06 07:10:20,2026-07-06 07:31:26,Running,,A,Arancia Rossa 500ml,2400,2214,1266,779,2,False
M01,2026-07-06 07:31:26,2026-07-06 07:44:21,Stopped,Starvation,A,Arancia Rossa 500ml,2400,0,775,0,0,False
M01,2026-07-06 07:44:21,2026-07-06 08:35:24,Running,,A,Arancia Rossa 500ml,2400,2219,3063,1888,7,False
M01,2026-07-06 08:35:24,2026-07-06 09:15:44,Running,,A,Arancia Rossa 500ml,2400,2263,2420,1521,6,False
M01,2026-07-06 09:15:44,2026-07-06 09:58:09,Running,,A,Arancia Rossa 500ml,2400,2270,2545,1605,7,False
M01,2026-07-06 09:58:09,2026-07-06 10:43:57,Running,,A,Arancia Rossa 500ml,2400,2290,2748,1748,7,False
M01,2026-07-06 10:43:57,2026-07-06 10:47:21,Stopped,Starvation,A,Arancia Rossa 500ml,2400,0,204,0,0,False
M01,2026-07-06 10:47:21,2026-07-06 11:08:50,Running,,A,Arancia Rossa 500ml,2400,2296,1289,822,3,False
M01,2026-07-06 11:08:50,2026-07-06 11:31:54,Running,,A,Arancia Rossa 500ml,2400,2245,1384,863,3,False
M01,2026-07-06 11:31:54,2026-07-06 11:39:39,Stopped,Starvation,A,Arancia Rossa 500ml,2400,0,465,0,0,False
M01,2026-07-06 11:39:39,2026-07-06 12:12:25,Running,,A,Arancia Rossa 500ml,2400,2243,1966,1225,5,False
M01,2026-07-06 12:12:25,2026-07-06 12:45:42,Running,,A,Arancia Rossa 500ml,2400,2267,1997,1258,5,False
M01,2026-07-06 12:45:42,2026-07-06 13:30:16,Running,,A,Arancia Rossa 500ml,2400,2295,2674,1705,5,False
M01,2026-07-06 13:30:16,2026-07-06 13:48:19,Idle,,A,Arancia Rossa 500ml,2400,0,1083,0,0,False
M01,2026-07-06 13:48:19,2026-07-06 14:00:00,Running,,A,Arancia Rossa 500ml,2400,2292,701,446,2,False
M01,2026-07-06 14:00:00,2026-07-06 14:23:13,Stopped,Changeover,B,Lampone Zero 560ml,2200,0,1393,0,0,True
M01,2026-07-06 14:23:13,2026-07-06 15:16:41,Running,,B,Lampone Zero 560ml,2200,2069,3208,1844,5,False
M01,2026-07-06 15:16:41,2026-07-06 15:28:42,Stopped,Starvation,B,Lampone Zero 560ml,2200,0,721,0,0,False
M01,2026-07-06 15:28:42,2026-07-06 16:22:38,Running,,B,Lampone Zero 560ml,2200,2077,3236,1867,8,False
M01,2026-07-06 16:22:38,2026-07-06 17:19:47,Running,,B,Lampone Zero 560ml,2200,2060,3429,1962,6,False
M01,2026-07-06 17:19:47,2026-07-06 17:32:18,Stopped,Starvation,B,Lampone Zero 560ml,2200,0,751,0,0,False
M01,2026-07-06 17:32:18,2026-07-06 18:03:41,Running,,B,Lampone Zero 560ml,2200,2027,1883,1060,4,False
M01,2026-07-06 18:03:41,2026-07-06 18:24:20,Running,,B,Lampone Zero 560ml,2200,2043,1239,703,3,False
M01,2026-07-06 18:24:20,2026-07-06 18:59:03,Running,,B,Lampone Zero 560ml,2200,2029,2083,1174,4,False
M01,2026-07-06 18:59:03,2026-07-06 19:27:03,Running,,B,Lampone Zero 560ml,2200,2039,1680,952,4,False
M01,2026-07-06 19:27:03,2026-07-06 20:05:30,Running,,B,Lampone Zero 560ml,2200,2063,2307,1322,5,False
M01,2026-07-06 20:05:30,2026-07-06 20:07:53,Stopped,External,B,Lampone Zero 560ml,2200,0,143,0,0,False
M01,2026-07-06 20:07:53,2026-07-06 20:40:58,Running,,B,Lampone Zero 560ml,2200,2070,1985,1141,3,False
M01,2026-07-06 20:40:58,2026-07-06 20:47:32,Idle,,B,Lampone Zero 560ml,2200,0,394,0,0,False
M01,2026-07-06 20:47:32,2026-07-06 21:29:51,Running,,B,Lampone Zero 560ml,2200,2055,2539,1449,6,False
M01,2026-07-06 21:29:51,2026-07-06 21:54:36,Running,,B,Lampone Zero 560ml,2200,2095,1485,864,3,False
M01,2026-07-06 21:54:36,2026-07-06 22:00:00,Running,,B,Lampone Zero 560ml,2200,2094,324,188,1,False
M01,2026-07-06 22:00:00,2026-07-06 22:24:33,Stopped,Changeover,C,Arancia Rossa 500ml,2400,0,1473,0,0,True
M01,2026-07-06 22:24:33,2026-07-06 22:34:53,Stopped,External,C,Arancia Rossa 500ml,2400,0,620,0,0,False
M01,2026-07-06 22:34:53,2026-07-06 22:56:00,Running,,C,Arancia Rossa 500ml,2400,2273,1267,800,3,False
M01,2026-07-06 22:56:00,2026-07-06 23:51:56,Running,,C,Arancia Rossa 500ml,2400,2286,3356,2131,7,False
M01,2026-07-06 23:51:56,2026-07-07 00:00:00,Running,,C,Arancia Rossa 500ml,2400,2213,484,298,1,False
M01,2026-07-07 00:00:00,2026-07-07 00:04:39,Stopped,Starvation,C,Arancia Rossa 500ml,2400,0,279,0,0,False
M01,2026-07-07 00:04:39,2026-07-07 00:06:47,Stopped,External,C,Arancia Rossa 500ml,2400,0,128,0,0,False
M01,2026-07-07 00:06:47,2026-07-07 00:58:22,Running,,C,Arancia Rossa 500ml,2400,2250,3095,1934,6,False
M01,2026-07-07 00:58:22,2026-07-07 01:36:12,Running,,C,Arancia Rossa 500ml,2400,2290,2270,1444,4,False
M01,2026-07-07 01:36:12,2026-07-07 02:04:57,Running,,C,Arancia Rossa 500ml,2400,2227,1725,1067,4,False
M01,2026-07-07 02:04:57,2026-07-07 02:17:25,Stopped,Buildup,C,Arancia Rossa 500ml,2400,0,748,0,0,False
M01,2026-07-07 02:17:25,2026-07-07 03:08:21,Running,,C,Arancia Rossa 500ml,2400,2253,3056,1913,8,False
M01,2026-07-07 03:08:21,2026-07-07 03:13:30,Stopped,External,C,Arancia Rossa 500ml,2400,0,309,0,0,False
M01,2026-07-07 03:13:30,2026-07-07 03:35:36,Running,,C,Arancia Rossa 500ml,2400,2277,1326,839,3,False
M01,2026-07-07 03:35:36,2026-07-07 04:00:40,Running,,C,Arancia Rossa 500ml,2400,2280,1504,953,3,False
M01,2026-07-07 04:00:40,2026-07-07 04:16:12,Idle,,C,Arancia Rossa 500ml,2400,0,932,0,0,False
M01,2026-07-07 04:16:12,2026-07-07 04:52:43,Running,,C,Arancia Rossa 500ml,2400,2258,2191,1374,6,False
M01,2026-07-07 04:52:43,2026-07-07 05:42:27,Running,,C,Arancia Rossa 500ml,2400,2293,2984,1901,7,False
M01,2026-07-07 05:42:27,2026-07-07 06:00:00,Running,,C,Arancia Rossa 500ml,2400,2288,1053,669,3,False
M01,2026-07-07 06:00:00,2026-07-07 06:39:02,Stopped,Changeover,A,Lampone Zero 560ml,2200,0,2342,0,0,True
M01,2026-07-07 06:39:02,2026-07-07 07:10:51,Stopped,Maintenance,A,Lampone Zero 560ml,2200,0,1909,0,0,True
M01,2026-07-07 07:10:51,2026-07-07 07:17:18,Stopped,Operator,A,Lampone Zero 560ml,2200,0,387,0,0,False
M01,2026-07-07 07:17:18,2026-07-07 07:25:44,Stopped,Buildup,A,Lampone Zero 560ml,2200,0,506,0,0,False
M01,2026-07-07 07:25:44,2026-07-07 07:58:43,Running,,A,Lampone Zero 560ml,2200,2053,1979,1129,4,False
M01,2026-07-07 07:58:43,2026-07-07 08:31:31,Running,,A,Lampone Zero 560ml,2200,2041,1968,1116,4,False
M01,2026-07-07 08:31:31,2026-07-07 08:46:40,Stopped,External,A,Lampone Zero 560ml,2200,0,909,0,0,False
M01,2026-07-07 08:46:40,2026-07-07 09:39:29,Running,,A,Lampone Zero 560ml,2200,2036,3169,1792,6,False
M01,2026-07-07 09:39:29,2026-07-07 10:25:14,Running,,A,Lampone Zero 560ml,2200,2066,2745,1575,6,False
M01,2026-07-07 10:25:14,2026-07-07 10:32:58,Stopped,Buildup,A,Lampone Zero 560ml,2200,0,464,0,0,False
M01,2026-07-07 10:32:58,2026-07-07 10:46:17,Stopped,Starvation,A,Lampone Zero 560ml,2200,0,799,0,0,False
M01,2026-07-07 10:46:17,2026-07-07 11:36:09,Running,,A,Lampone Zero 560ml,2200,2036,2992,1692,7,False
M01,2026-07-07 11:36:09,2026-07-07 11:43:04,Stopped,External,A,Lampone Zero 560ml,2200,0,415,0,0,False
M01,2026-07-07 11:43:04,2026-07-07 12:15:02,Running,,A,Lampone Zero 560ml,2200,2101,1918,1119,4,False
M01,2026-07-07 12:15:02,2026-07-07 12:41:30,Running,,A,Lampone Zero 560ml,2200,2030,1588,895,3,False
M01,2026-07-07 12:41:30,2026-07-07 13:32:56,Running,,A,Lampone Zero 560ml,2200,2042,3086,1750,7,False
M01,2026-07-07 13:32:56,2026-07-07 13:57:21,Running,,A,Lampone Zero 560ml,2200,2083,1465,848,3,False
M01,2026-07-07 13:57:21,2026-07-07 14:00:00,Idle,,A,Lampone Zero 560ml,2200,0,159,0,0,False
M01,2026-07-07 14:00:00,2026-07-07 14:28:36,Stopped,Changeover,B,Arancia Rossa 500ml,2400,0,1716,0,0,True
M01,2026-07-07 14:28:36,2026-07-07 15:13:08,Running,,B,Arancia Rossa 500ml,2400,2285,2672,1696,6,False
M01,2026-07-07 15:13:08,2026-07-07 15:55:08,Running,,B,Arancia Rossa 500ml,2400,2263,2520,1584,6,False
M01,2026-07-07 15:55:08,2026-07-07 16:38:38,Running,,B,Arancia Rossa 500ml,2400,2212,2610,1604,7,False
M01,2026-07-07 16:38:38,2026-07-07 17:05:05,Running,,B,Arancia Rossa 500ml,2400,2301,1587,1014,4,False
M01,2026-07-07 17:05:05,2026-07-07 17:39:53,Running,,B,Arancia Rossa 500ml,2400,2280,2088,1322,5,False
M01,2026-07-07 17:39:53,2026-07-07 17:50:45,Stopped,Starvation,B,Arancia Rossa 500ml,2400,0,652,0,0,False
M01,2026-07-07 17:50:45,2026-07-07 18:42:45,Running,,B,Arancia Rossa 500ml,2400,2265,3120,1963,7,False
M01,2026-07-07 18:42:45,2026-07-07 18:51:43,Stopped,Starvation,B,Arancia Rossa 500ml,2400,0,538,0,0,False
M01,2026-07-07 18:51:43,2026-07-07 19:40:16,Running,,B,Arancia Rossa 500ml,2400,2276,2913,1842,8,False
M01,2026-07-07 19:40:16,2026-07-07 19:44:02,Stopped,Starvation,B,Arancia Rossa 500ml,2400,0,226,0,0,False
M01,2026-07-07 19:44:02,2026-07-07 20:38:08,Running,,B,Arancia Rossa 500ml,2400,2249,3246,2028,6,False
M01,2026-07-07 20:38:08,2026-07-07 21:29:52,Running,,B,Arancia Rossa 500ml,2400,2287,3104,1972,6,False
M01,2026-07-07 21:29:52,2026-07-07 21:33:09,Stopped,Starvation,B,Arancia Rossa 500ml,2400,0,197,0,0,False
M01,2026-07-07 21:33:09,2026-07-07 21:54:57,Running,,B,Arancia Rossa 500ml,2400,2250,1308,818,2,False
M01,2026-07-07 21:54:57,2026-07-07 22:00:00,Running,,B,Arancia Rossa 500ml,2400,2290,303,193,1,False
M01,2026-07-07 22:00:00,2026-07-07 22:10:48,Stopped,Buildup,C,Arancia Rossa 500ml,2400,0,648,0,0,False
M01,2026-07-07 22:10:48,2026-07-07 22:51:52,Running,,C,Arancia Rossa 500ml,2400,2222,2464,1521,5,False
M01,2026-07-07 22:51:52,2026-07-07 23:48:18,Running,,C,Arancia Rossa 500ml,2400,2224,3386,2092,6,False
M01,2026-07-07 23:48:18,2026-07-07 23:56:20,Stopped,Operator,C,Arancia Rossa 500ml,2400,0,482,0,0,False
M01,2026-07-07 23:56:20,2026-07-08 00:00:00,Idle,,C,Arancia Rossa 500ml,2400,0,220,0,0,False
M01,2026-07-08 00:00:00,2026-07-08 00:21:30,Running,,C,Arancia Rossa 500ml,2400,2216,1290,794,3,False
M01,2026-07-08 00:21:30,2026-07-08 00:32:15,Stopped,Starvation,C,Arancia Rossa 500ml,2400,0,645,0,0,False
M01,2026-07-08 00:32:15,2026-07-08 00:46:57,Stopped,External,C,Arancia Rossa 500ml,2400,0,882,0,0,False
M01,2026-07-08 00:46:57,2026-07-08 01:32:01,Running,,C,Arancia Rossa 500ml,2400,2235,2704,1679,5,False
M01,2026-07-08 01:32:01,2026-07-08 01:55:41,Running,,C,Arancia Rossa 500ml,2400,2261,1420,892,3,False
M01,2026-07-08 01:55:41,2026-07-08 02:00:07,Stopped,External,C,Arancia Rossa 500ml,2400,0,266,0,0,False
M01,2026-07-08 02:00:07,2026-07-08 02:32:36,Running,,C,Arancia Rossa 500ml,2400,2253,1949,1220,4,False
M01,2026-07-08 02:32:36,2026-07-08 02:47:24,Idle,,C,Arancia Rossa 500ml,2400,0,888,0,0,False
M01,2026-07-08 02:47:24,2026-07-08 03:35:19,Running,,C,Arancia Rossa 500ml,2400,2297,2875,1834,6,False
M01,2026-07-08 03:35:19,2026-07-08 04:22:29,Running,,C,Arancia Rossa 500ml,2400,2280,2830,1792,7,False
M01,2026-07-08 04:22:29,2026-07-08 05:05:13,Running,,C,Arancia Rossa 500ml,2400,2220,2564,1581,5,False
M01,2026-07-08 05:05:13,2026-07-08 05:19:02,Stopped,Starvation,C,Arancia Rossa 500ml,2400,0,829,0,0,False
M01,2026-07-08 05:19:02,2026-07-08 05:26:49,Stopped,Starvation,C,Arancia Rossa 500ml,2400,0,467,0,0,False
M01,2026-07-08 05:26:49,2026-07-08 05:47:13,Running,,C,Arancia Rossa 500ml,2400,2280,1224,775,3,False
M01,2026-07-08 05:47:13,2026-07-08 05:58:00,Idle,,C,Arancia Rossa 500ml,2400,0,647,0,0,False
M01,2026-07-08 05:58:00,2026-07-08 06:00:00,Idle,,C,Arancia Rossa 500ml,2400,0,120,0,0,False
M01,2026-07-08 06:00:00,2026-07-08 06:40:58,Running,,A,Arancia Rossa 500ml,2400,2221,2458,1516,6,False
M01,2026-07-08 06:40:58,2026-07-08 07:17:08,Running,,A,Arancia Rossa 500ml,2400,2237,2170,1348,5,False
M01,2026-07-08 07:17:08,2026-07-08 07:35:29,Idle,,A,Arancia Rossa 500ml,2400,0,1101,0,0,False
M01,2026-07-08 07:35:29,2026-07-08 08:03:15,Running,,A,Arancia Rossa 500ml,2400,2265,1666,1048,3,False
M01,2026-07-08 08:03:15,2026-07-08 08:14:29,Stopped,Operator,A,Arancia Rossa 500ml,2400,0,674,0,0,False
M01,2026-07-08 08:14:29,2026-07-08 08:52:22,Running,,A,Arancia Rossa 500ml,2400,2228,2273,1407,4,False
M01,2026-07-08 08:52:22,2026-07-08 09:39:58,Running,,A,Arancia Rossa 500ml,2400,2251,2856,1786,6,False
M01,2026-07-08 09:39:58,2026-07-08 09:54:14,Stopped,Starvation,A,Arancia Rossa 500ml,2400,0,856,0,0,False
M01,2026-07-08 09:54:14,2026-07-08 10:29:52,Running,,A,Arancia Rossa 500ml,2400,2283,2138,1356,4,False
M01,2026-07-08 10:29:52,2026-07-08 11:26:18,Running,,A,Arancia Rossa 500ml,2400,2297,3386,2160,7,False
M01,2026-07-08 11:26:18,2026-07-08 11:37:49,Stopped,Starvation,A,Arancia Rossa 500ml,2400,0,691,0,0,False
M01,2026-07-08 11:37:49,2026-07-08 12:12:31,Running,,A,Arancia Rossa 500ml,2400,2247,2082,1300,5,False
M01,2026-07-08 12:12:31,2026-07-08 12:43:18,Running,,A,Arancia Rossa 500ml,2400,2248,1847,1153,5,False
M01,2026-07-08 12:43:18,2026-07-08 13:21:23,Running,,A,Arancia Rossa 500ml,2400,2259,2285,1434,6,False
M01,2026-07-08 13:21:23,2026-07-08 13:33:00,Stopped,Fault,A,Arancia Rossa 500ml,2400,0,697,0,0,False
M01,2026-07-08 13:33:00,2026-07-08 13:40:40,Idle,,A,Arancia Rossa 500ml,2400,0,460,0,0,False
M01,2026-07-08 13:40:40,2026-07-08 14:00:00,Running,,A,Arancia Rossa 500ml,2400,2254,1160,726,3,False
M01,2026-07-08 14:00:00,2026-07-08 14:27:24,Stopped,Changeover,B,Lampone Zero 560ml,2200,0,1644,0,0,True
M01,2026-07-08 14:27:24,2026-07-08 14:52:13,Running,,B,Lampone Zero 560ml,2200,2092,1489,865,3,False
M01,2026-07-08 14:52:13,2026-07-08 15:03:20,Stopped,Starvation,B,Lampone Zero 560ml,2200,0,667,0,0,False
M01,2026-07-08 15:03:20,2026-07-08 15:09:32,Stopped,External,B,Lampone Zero 560ml,2200,0,372,0,0,False
M01,2026-07-08 15:09:32,2026-07-08 15:20:57,Stopped,Starvation,B,Lampone Zero 560ml,2200,0,685,0,0,False
M01,2026-07-08 15:20:57,2026-07-08 16:05:44,Running,,B,Lampone Zero 560ml,2200,2099,2687,1567,5,False
M01,2026-07-08 16:05:44,2026-07-08 16:33:19,Running,,B,Lampone Zero 560ml,2200,2069,1655,951,3,False
M01,2026-07-08 16:33:19,2026-07-08 17:22:20,Running,,B,Lampone Zero 560ml,2200,2084,2941,1703,7,False
M01,2026-07-08 17:22:20,2026-07-08 17:48:29,Running,,B,Lampone Zero 560ml,2200,2083,1569,908,3,False
M01,2026-07-08 17:48:29,2026-07-08 18:15:13,Running,,B,Lampone Zero 560ml,2200,2059,1604,917,3,False
M01,2026-07-08 18:15:13,2026-07-08 18:40:03,Running,,B,Lampone Zero 560ml,2200,2033,1490,841,3,False
M01,2026-07-08 18:40:03,2026-07-08 19:39:16,Running,,B,Lampone Zero 560ml,2200,2093,3553,2066,6,False
M01,2026-07-08 19:39:16,2026-07-08 19:54:03,Idle,,B,Lampone Zero 560ml,2200,0,887,0,0,False
M01,2026-07-08 19:54:03,2026-07-08 20:44:58,Running,,B,Lampone Zero 560ml,2200,2044,3055,1735,6,False
M01,2026-07-08 20:44:58,2026-07-08 20:49:47,Stopped,Fault,B,Lampone Zero 560ml,2200,0,289,0,0,False
M01,2026-07-08 20:49:47,2026-07-08 21:02:49,Stopped,Buildup,B,Lampone Zero 560ml,2200,0,782,0,0,False
M01,2026-07-08 21:02:49,2026-07-08 21:59:46,Running,,B,Lampone Zero 560ml,2200,2102,3417,1995,6,False
M01,2026-07-08 21:59:46,2026-07-08 22:00:00,Idle,,B,Lampone Zero 560ml,2200,0,14,0,0,False
M01,2026-07-08 22:00:00,2026-07-08 22:50:50,Running,,C,Lampone Zero 560ml,2200,2106,3050,1784,7,False
M01,2026-07-08 22:50:50,2026-07-08 23:50:04,Running,,C,Lampone Zero 560ml,2200,2070,3554,2044,8,False
M01,2026-07-08 23:50:04,2026-07-09 00:00:00,Running,,C,Lampone Zero 560ml,2200,2055,596,340,1,False
M01,2026-07-09 00:00:00,2026-07-09 00:11:59,Stopped,Starvation,C,Lampone Zero 560ml,2200,0,719,0,0,False
M01,2026-07-09 00:11:59,2026-07-09 00:41:49,Running,,C,Lampone Zero 560ml,2200,2097,1790,1043,3,False
M01,2026-07-09 00:41:49,2026-07-09 01:27:11,Running,,C,Lampone Zero 560ml,2200,2060,2722,1558,6,False
M01,2026-07-09 01:27:11,2026-07-09 01:38:27,Idle,,C,Lampone Zero 560ml,2200,0,676,0,0,False
M01,2026-07-09 01:38:27,2026-07-09 02:05:51,Running,,C,Lampone Zero 560ml,2200,2034,1644,929,3,False
M01,2026-07-09 02:05:51,2026-07-09 02:33:48,Running,,C,Lampone Zero 560ml,2200,2087,1677,972,4,False
M01,2026-07-09 02:33:48,2026-07-09 03:03:44,Running,,C,Lampone Zero 560ml,2200,2094,1796,1045,3,False
M01,2026-07-09 03:03:44,2026-07-09 03:46:48,Running,,C,Lampone Zero 560ml,2200,2047,2584,1469,5,False
M01,2026-07-09 03:46:48,2026-07-09 04:30:17,Running,,C,Lampone Zero 560ml,2200,2103,2609,1524,6,False
M01,2026-07-09 04:30:17,2026-07-09 05:15:48,Running,,C,Lampone Zero 560ml,2200,2109,2731,1600,6,False
M01,2026-07-09 05:15:48,2026-07-09 05:50:23,Running,,C,Lampone Zero 560ml,2200,2071,2075,1194,4,False
M01,2026-07-09 05:50:23,2026-07-09 05:54:33,Stopped,Operator,C,Lampone Zero 560ml,2200,0,250,0,0,False
M01,2026-07-09 05:54:33,2026-07-09 06:00:00,Running,,C,Lampone Zero 560ml,2200,2048,327,186,1,False
M01,2026-07-09 06:00:00,2026-07-09 06:42:10,Running,,A,Lampone Zero 560ml,2200,2061,2530,1448,4,False
M01,2026-07-09 06:42:10,2026-07-09 06:45:23,Stopped,External,A,Lampone Zero 560ml,2200,0,193,0,0,False
M01,2026-07-09 06:45:23,2026-07-09 07:16:22,Running,,A,Lampone Zero 560ml,2200,2065,1859,1066,3,False
M01,2026-07-09 07:16:22,2026-07-09 07:42:32,Running,,A,Lampone Zero 560ml,2200,2102,1570,917,3,False
M01,2026-07-09 07:42:32,2026-07-09 08:23:04,Running,,A,Lampone Zero 560ml,2200,2066,2432,1396,4,False
M01,2026-07-09 08:23:04,2026-07-09 09:19:21,Running,,A,Lampone Zero 560ml,2200,2075,3377,1946,7,False
M01,2026-07-09 09:19:21,2026-07-09 10:10:07,Running,,A,Lampone Zero 560ml,2200,2080,3046,1760,8,False
M01,2026-07-09 10:10:07,2026-07-09 10:40:33,Running,,A,Lampone Zero 560ml,2200,2053,1826,1041,3,False
M01,2026-07-09 10:40:33,2026-07-09 11:36:57,Running,,A,Lampone Zero 560ml,2200,2048,3384,1925,8,False
M01,2026-07-09 11:36:57,2026-07-09 12:07:40,Running,,A,Lampone Zero 560ml,2200,2057,1843,1053,4,False
M01,2026-07-09 12:07:40,2026-07-09 12:11:43,Stopped,Buildup,A,Lampone Zero 560ml,2200,0,243,0,0,False
M01,2026-07-09 12:11:43,2026-07-09 12:28:09,Idle,,A,Lampone Zero 560ml,2200,0,986,0,0,False
M01,2026-07-09 12:28:09,2026-07-09 12:57:53,Running,,A,Lampone Zero 560ml,2200,2068,1784,1025,3,False
M01,2026-07-09 12:57:53,2026-07-09 13:18:46,Running,,A,Lampone Zero 560ml,2200,2055,1253,715,2,False
M01,2026-07-09 13:18:46,2026-07-09 13:47:03,Running,,A,Lampone Zero 560ml,2200,2045,1697,964,4,False
M01,2026-07-09 13:47:03,2026-07-09 14:00:00,Running,,A,Lampone Zero 560ml,2200,2078,777,449,1,False
M01,2026-07-09 14:00:00,2026-07-09 14:32:18,Stopped,Changeover,B,Arancia Rossa 500ml,2400,0,1938,0,0,True
M01,2026-07-09 14:32:18,2026-07-09 15:16:34,Running,,B,Arancia Rossa 500ml,2400,2240,2656,1653,5,False
M01,2026-07-09 15:16:34,2026-07-09 15:20:08,Stopped,Starvation,B,Arancia Rossa 500ml,2400,0,214,0,0,False
M01,2026-07-09 15:20:08,2026-07-09 15:35:44,Idle,,B,Arancia Rossa 500ml,2400,0,936,0,0,False
M01,2026-07-09 15:35:44,2026-07-09 16:20:25,Running,,B,Arancia Rossa 500ml,2400,2227,2681,1658,6,False
M01,2026-07-09 16:20:25,2026-07-09 17:14:02,Running,,B,Arancia Rossa 500ml,2400,2229,3217,1992,8,False
M01,2026-07-09 17:14:02,2026-07-09 17:57:37,Running,,B,Arancia Rossa 500ml,2400,2245,2615,1631,5,False
M01,2026-07-09 17:57:37,2026-07-09 18:53:06,Running,,B,Arancia Rossa 500ml,2400,2218,3329,2051,6,False
M01,2026-07-09 18:53:06,2026-07-09 19:49:55,Running,,B,Arancia Rossa 500ml,2400,2243,3409,2124,8,False
M01,2026-07-09 19:49:55,2026-07-09 20:12:15,Running,,B,Arancia Rossa 500ml,2400,2242,1340,835,3,False
M01,2026-07-09 20:12:15,2026-07-09 20:36:24,Running,,B,Arancia Rossa 500ml,2400,2278,1449,917,3,False
M01,2026-07-09 20:36:24,2026-07-09 20:39:16,Stopped,Buildup,B,Arancia Rossa 500ml,2400,0,172,0,0,False
M01,2026-07-09 20:39:16,2026-07-09 21:06:12,Running,,B,Arancia Rossa 500ml,2400,2283,1616,1025,4,False
M01,2026-07-09 21:06:12,2026-07-09 21:27:02,Running,,B,Arancia Rossa 500ml,2400,2282,1250,792,3,False
M01,2026-07-09 21:27:02,2026-07-09 21:58:41,Running,,B,Arancia Rossa 500ml,2400,2266,1899,1195,4,False
M01,2026-07-09 21:58:41,2026-07-09 22:00:00,Idle,,B,Arancia Rossa 500ml,2400,0,79,0,0,False
M01,2026-07-09 22:00:00,2026-07-09 22:39:20,Running,,C,Arancia Rossa 500ml,2400,2237,2360,1466,5,False
M01,2026-07-09 22:39:20,2026-07-09 23:23:22,Running,,C,Arancia Rossa 500ml,2400,2234,2642,1640,7,False
M01,2026-07-09 23:23:22,2026-07-09 23:36:58,Stopped,Starvation,C,Arancia Rossa 500ml,2400,0,816,0,0,False
M01,2026-07-09 23:36:58,2026-07-09 23:57:46,Running,,C,Arancia Rossa 500ml,2400,2226,1248,772,3,False
M01,2026-07-09 23:57:46,2026-07-10 00:00:00,Idle,,C,Arancia Rossa 500ml,2400,0,134,0,0,False
M01,2026-07-10 00:00:00,2026-07-10 00:13:00,Stopped,Starvation,C,Arancia Rossa 500ml,2400,0,780,0,0,False
M01,2026-07-10 00:13:00,2026-07-10 00:42:02,Running,,C,Arancia Rossa 500ml,2400,2154,1742,1042,4,False
M01,2026-07-10 00:42:02,2026-07-10 00:55:20,Stopped,External,C,Arancia Rossa 500ml,2400,0,798,0,0,False
M01,2026-07-10 00:55:20,2026-07-10 01:10:26,Stopped,Starvation,C,Arancia Rossa 500ml,2400,0,906,0,0,False
M01,2026-07-10 01:10:26,2026-07-10 01:30:34,Running,,C,Arancia Rossa 500ml,2400,2168,1208,727,3,False
M01,2026-07-10 01:30:34,2026-07-10 02:29:41,Running,,C,Arancia Rossa 500ml,2400,2153,3547,2121,7,False
M01,2026-07-10 02:29:41,2026-07-10 03:02:59,Running,,C,Arancia Rossa 500ml,2400,2197,1998,1219,4,False
M01,2026-07-10 03:02:59,2026-07-10 03:54:48,Running,,C,Arancia Rossa 500ml,2400,2212,3109,1910,8,False
M01,2026-07-10 03:54:48,2026-07-10 04:15:43,Running,,C,Arancia Rossa 500ml,2400,2179,1255,760,3,False
M01,2026-07-10 04:15:43,2026-07-10 04:26:46,Stopped,Buildup,C,Arancia Rossa 500ml,2400,0,663,0,0,False
M01,2026-07-10 04:26:46,2026-07-10 04:40:42,Stopped,Starvation,C,Arancia Rossa 500ml,2400,0,836,0,0,False
M01,2026-07-10 04:40:42,2026-07-10 04:52:42,Stopped,Starvation,C,Arancia Rossa 500ml,2400,0,720,0,0,False
M01,2026-07-10 04:52:42,2026-07-10 05:29:44,Running,,C,Arancia Rossa 500ml,2400,2205,2222,1361,6,False
M01,2026-07-10 05:29:44,2026-07-10 05:54:39,Running,,C,Arancia Rossa 500ml,2400,2228,1495,925,3,False
M01,2026-07-10 05:54:39,2026-07-10 06:00:00,Running,,C,Arancia Rossa 500ml,2400,2172,321,194,1,False
M01,2026-07-10 06:00:00,2026-07-10 06:32:02,Running,,A,Arancia Rossa 500ml,2400,2198,1922,1173,4,False
M01,2026-07-10 06:32:02,2026-07-10 07:11:23,Running,,A,Arancia Rossa 500ml,2400,2236,2361,1466,4,False
M01,2026-07-10 07:11:23,2026-07-10 07:33:14,Running,,A,Arancia Rossa 500ml,2400,2151,1311,783,3,False
M01,2026-07-10 07:33:14,2026-07-10 08:20:39,Running,,A,Arancia Rossa 500ml,2400,2177,2845,1720,7,False
M01,2026-07-10 08:20:39,2026-07-10 09:00:14,Running,,A,Arancia Rossa 500ml,2400,2184,2375,1441,5,False
M01,2026-07-10 09:00:14,2026-07-10 09:53:50,Running,,A,Arancia Rossa 500ml,2400,2181,3216,1948,6,False
M01,2026-07-10 09:53:50,2026-07-10 10:36:50,Running,,A,Arancia Rossa 500ml,2400,2150,2580,1541,5,False
M01,2026-07-10 10:36:50,2026-07-10 10:39:45,Stopped,Operator,A,Arancia Rossa 500ml,2400,0,175,0,0,False
M01,2026-07-10 10:39:45,2026-07-10 11:23:54,Running,,A,Arancia Rossa 500ml,2400,2176,2649,1601,5,False
M01,2026-07-10 11:23:54,2026-07-10 11:31:26,Idle,,A,Arancia Rossa 500ml,2400,0,452,0,0,False
M01,2026-07-10 11:31:26,2026-07-10 12:15:13,Running,,A,Arancia Rossa 500ml,2400,2225,2627,1624,6,False
M01,2026-07-10 12:15:13,2026-07-10 13:08:29,Running,,A,Arancia Rossa 500ml,2400,2224,3196,1974,8,False
M01,2026-07-10 13:08:29,2026-07-10 13:20:34,Stopped,External,A,Arancia Rossa 500ml,2400,0,725,0,0,False
M01,2026-07-10 13:20:34,2026-07-10 13:26:17,Stopped,External,A,Arancia Rossa 500ml,2400,0,343,0,0,False
M01,2026-07-10 13:26:17,2026-07-10 13:31:18,Idle,,A,Arancia Rossa 500ml,2400,0,301,0,0,False
M01,2026-07-10 13:31:18,2026-07-10 13:57:28,Running,,A,Arancia Rossa 500ml,2400,2178,1570,950,4,False
M01,2026-07-10 13:57:28,2026-07-10 14:00:00,Idle,,A,Arancia Rossa 500ml,2400,0,152,0,0,False
M01,2026-07-10 14:00:00,2026-07-10 14:20:45,Stopped,Changeover,B,Lampone Zero 560ml,2200,0,1245,0,0,True
M01,2026-07-10 14:20:45,2026-07-10 14:26:41,Stopped,Buildup,B,Lampone Zero 560ml,2200,0,356,0,0,False
M01,2026-07-10 14:26:41,2026-07-10 15:22:59,Running,,B,Lampone Zero 560ml,2200,2017,3378,1893,8,False
M01,2026-07-10 15:22:59,2026-07-10 16:18:06,Running,,B,Lampone Zero 560ml,2200,2016,3307,1852,6,False
M01,2026-07-10 16:18:06,2026-07-10 16:54:51,Running,,B,Lampone Zero 560ml,2200,2036,2205,1247,5,False
M01,2026-07-10 16:54:51,2026-07-10 17:33:32,Running,,B,Lampone Zero 560ml,2200,2025,2321,1306,5,False
M01,2026-07-10 17:33:32,2026-07-10 18:29:19,Running,,B,Lampone Zero 560ml,2200,2015,3347,1873,8,False
M01,2026-07-10 18:29:19,2026-07-10 19:11:49,Running,,B,Lampone Zero 560ml,2200,1978,2550,1401,6,False
M01,2026-07-10 19:11:49,2026-07-10 19:36:28,Running,,B,Lampone Zero 560ml,2200,2006,1479,824,3,False
M01,2026-07-10 19:36:28,2026-07-10 20:27:31,Running,,B,Lampone Zero 560ml,2200,2036,3063,1732,6,False
M01,2026-07-10 20:27:31,2026-07-10 21:05:20,Running,,B,Lampone Zero 560ml,2200,2023,2269,1275,4,False
M01,2026-07-10 21:05:20,2026-07-10 21:43:39,Running,,B,Lampone Zero 560ml,2200,2018,2299,1289,5,False
M01,2026-07-10 21:43:39,2026-07-10 21:51:48,Stopped,Starvation,B,Lampone Zero 560ml,2200,0,489,0,0,False
M01,2026-07-10 21:51:48,2026-07-10 21:58:13,Stopped,Starvation,B,Lampone Zero 560ml,2200,0,385,0,0,False
M01,2026-07-10 21:58:13,2026-07-10 22:00:00,Idle,,B,Lampone Zero 560ml,2200,0,107,0,0,False
M01,2026-07-10 22:00:00,2026-07-10 22:13:04,Idle,,C,Lampone Zero 560ml,2200,0,784,0,0,False
M01,2026-07-10 22:13:04,2026-07-10 22:38:21,Running,,C,Lampone Zero 560ml,2200,1988,1517,838,3,False
M01,2026-07-10 22:38:21,2026-07-10 23:07:01,Running,,C,Lampone Zero 560ml,2200,1992,1720,952,3,False
M01,2026-07-10 23:07:01,2026-07-10 23:12:19,Stopped,External,C,Lampone Zero 560ml,2200,0,318,0,0,False
M01,2026-07-10 23:12:19,2026-07-10 23:52:27,Running,,C,Lampone Zero 560ml,2200,2019,2408,1350,5,False
M01,2026-07-10 23:52:27,2026-07-11 00:00:00,Running,,C,Lampone Zero 560ml,2200,2024,453,255,1,False
M01,2026-07-11 00:00:00,2026-07-11 00:07:10,Stopped,Supplies,C,Lampone Zero 560ml,2200,0,430,0,0,False
M01,2026-07-11 00:07:10,2026-07-11 00:43:08,Running,,C,Lampone Zero 560ml,2200,1877,2158,1125,3,False
M01,2026-07-11 00:43:08,2026-07-11 01:01:14,Idle,,C,Lampone Zero 560ml,2200,0,1086,0,0,False
M01,2026-07-11 01:01:14,2026-07-11 01:55:22,Running,,C,Lampone Zero 560ml,2200,1841,3248,1661,5,False
M01,2026-07-11 01:55:22,2026-07-11 02:26:08,Running,,C,Lampone Zero 560ml,2200,1855,1846,951,3,False
M01,2026-07-11 02:26:08,2026-07-11 02:32:29,Idle,,C,Lampone Zero 560ml,2200,0,381,0,0,False
M01,2026-07-11 02:32:29,2026-07-11 03:27:16,Running,,C,Lampone Zero 560ml,2200,1887,3287,1723,7,False
M01,2026-07-11 03:27:16,2026-07-11 03:36:25,Stopped,Starvation,C,Lampone Zero 560ml,2200,0,549,0,0,False
M01,2026-07-11 03:36:25,2026-07-11 04:22:04,Running,,C,Lampone Zero 560ml,2200,1889,2739,1437,4,False
M01,2026-07-11 04:22:04,2026-07-11 04:45:26,Running,,C,Lampone Zero 560ml,2200,1898,1402,739,3,False
M01,2026-07-11 04:45:26,2026-07-11 05:39:59,Running,,C,Lampone Zero 560ml,2200,1874,3273,1704,5,False
M01,2026-07-11 05:39:59,2026-07-11 06:00:00,Running,,C,Lampone Zero 560ml,2200,1877,1201,626,2,False
M01,2026-07-11 06:00:00,2026-07-11 06:58:53,Running,,A,Lampone Zero 560ml,2200,1842,3533,1808,6,False
M01,2026-07-11 06:58:53,2026-07-11 07:42:04,Running,,A,Lampone Zero 560ml,2200,1866,2591,1343,5,False
M01,2026-07-11 07:42:04,2026-07-11 08:35:25,Running,,A,Lampone Zero 560ml,2200,1833,3201,1630,6,False
M01,2026-07-11 08:35:25,2026-07-11 09:17:40,Running,,A,Lampone Zero 560ml,2200,1849,2535,1302,4,False
M01,2026-07-11 09:17:40,2026-07-11 09:44:59,Running,,A,Lampone Zero 560ml,2200,1898,1639,864,3,False
M01,2026-07-11 09:44:59,2026-07-11 09:56:07,Stopped,External,A,Lampone Zero 560ml,2200,0,668,0,0,False
M01,2026-07-11 09:56:07,2026-07-11 10:39:13,Running,,A,Lampone Zero 560ml,2200,1864,2586,1339,4,False
M01,2026-07-11 10:39:13,2026-07-11 11:04:23,Running,,A,Lampone Zero 560ml,2200,1890,1510,793,3,False
M01,2026-07-11 11:04:23,2026-07-11 11:40:21,Running,,A,Lampone Zero 560ml,2200,1876,2158,1125,4,False
M01,2026-07-11 11:40:21,2026-07-11 12:21:03,Running,,A,Lampone Zero 560ml,2200,1847,2442,1253,4,False
M01,2026-07-11 12:21:03,2026-07-11 13:08:33,Running,,A,Lampone Zero 560ml,2200,1860,2850,1472,5,False
M01,2026-07-11 13:08:33,2026-07-11 13:44:58,Running,,A,Lampone Zero 560ml,2200,1852,2185,1124,4,False
M01,2026-07-11 13:44:58,2026-07-11 14:00:00,Running,,A,Lampone Zero 560ml,2200,1897,902,475,2,False
M01,2026-07-11 14:00:00,2026-07-11 14:17:52,Stopped,Changeover,B,Arancia Rossa 500ml,2400,0,1072,0,0,True
M01,2026-07-11 14:17:52,2026-07-11 15:06:27,Running,,B,Arancia Rossa 500ml,2400,2026,2915,1640,6,False
M01,2026-07-11 15:06:27,2026-07-11 15:40:31,Running,,B,Arancia Rossa 500ml,2400,2027,2044,1151,5,False
M01,2026-07-11 15:40:31,2026-07-11 16:03:27,Running,,B,Arancia Rossa 500ml,2400,2016,1376,771,2,False
M01,2026-07-11 16:03:27,2026-07-11 16:38:11,Running,,B,Arancia Rossa 500ml,2400,2048,2084,1186,5,False
M01,2026-07-11 16:38:11,2026-07-11 16:49:19,Idle,,B,Arancia Rossa 500ml,2400,0,668,0,0,False
M01,2026-07-11 16:49:19,2026-07-11 17:18:02,Running,,B,Arancia Rossa 500ml,2400,2070,1723,991,3,False
M01,2026-07-11 17:18:02,2026-07-11 17:33:37,Idle,,B,Arancia Rossa 500ml,2400,0,935,0,0,False
M01,2026-07-11 17:33:37,2026-07-11 18:11:47,Running,,B,Arancia Rossa 500ml,2400,2041,2290,1298,4,False
M01,2026-07-11 18:11:47,2026-07-11 18:39:07,Running,,B,Arancia Rossa 500ml,2400,2003,1640,912,3,False
M01,2026-07-11 18:39:07,2026-07-11 18:51:46,Stopped,Starvation,B,Arancia Rossa 500ml,2400,0,759,0,0,False
M01,2026-07-11 18:51:46,2026-07-11 19:06:43,Stopped,Starvation,B,Arancia Rossa 500ml,2400,0,897,0,0,False
M01,2026-07-11 19:06:43,2026-07-11 19:11:12,Stopped,Buildup,B,Arancia Rossa 500ml,2400,0,269,0,0,False
M01,2026-07-11 19:11:12,2026-07-11 19:49:12,Running,,B,Arancia Rossa 500ml,2400,2034,2280,1288,4,False
M01,2026-07-11 19:49:12,2026-07-11 20:34:35,Running,,B,Arancia Rossa 500ml,2400,2076,2723,1570,6,False
M01,2026-07-11 20:34:35,2026-07-11 20:49:08,Stopped,Starvation,B,Arancia Rossa 500ml,2400,0,873,0,0,False
M01,2026-07-11 20:49:08,2026-07-11 21:28:39,Running,,B,Arancia Rossa 500ml,2400,2029,2371,1336,4,False
M01,2026-07-11 21:28:39,2026-07-11 21:39:08,Stopped,Buildup,B,Arancia Rossa 500ml,2400,0,629,0,0,False
M01,2026-07-11 21:39:08,2026-07-11 21:59:19,Running,,B,Arancia Rossa 500ml,2400,2073,1211,697,3,False
M01,2026-07-11 21:59:19,2026-07-11 22:00:00,Idle,,B,Arancia Rossa 500ml,2400,0,41,0,0,False
M01,2026-07-11 22:00:00,2026-07-11 22:57:48,Running,,C,Arancia Rossa 500ml,2400,2036,3468,1961,6,False
M01,2026-07-11 22:57:48,2026-07-11 23:47:22,Running,,C,Arancia Rossa 500ml,2400,2070,2974,1710,7,False
M01,2026-07-11 23:47:22,2026-07-12 00:00:00,Running,,C,Arancia Rossa 500ml,2400,2047,758,431,1,False
M01,2026-07-12 00:00:00,2026-07-12 00:11:14,Stopped,Fault,C,Arancia Rossa 500ml,2400,0,674,0,0,False
M01,2026-07-12 00:11:14,2026-07-12 01:02:06,Running,,C,Arancia Rossa 500ml,2400,1916,3052,1624,6,False
M01,2026-07-12 01:02:06,2026-07-12 01:47:06,Running,,C,Arancia Rossa 500ml,2400,1919,2700,1439,5,False
M01,2026-07-12 01:47:06,2026-07-12 01:49:29,Stopped,Starvation,C,Arancia Rossa 500ml,2400,0,143,0,0,False
M01,2026-07-12 01:49:29,2026-07-12 02:00:28,Stopped,Operator,C,Arancia Rossa 500ml,2400,0,659,0,0,False
M01,2026-07-12 02:00:28,2026-07-12 02:56:03,Running,,C,Arancia Rossa 500ml,2400,1897,3335,1757,6,False
M01,2026-07-12 02:56:03,2026-07-12 03:31:47,Running,,C,Arancia Rossa 500ml,2400,1871,2144,1114,3,False
M01,2026-07-12 03:31:47,2026-07-12 03:53:37,Running,,C,Arancia Rossa 500ml,2400,1906,1310,694,2,False
M01,2026-07-12 03:53:37,2026-07-12 04:46:59,Running,,C,Arancia Rossa 500ml,2400,1889,3202,1680,6,False
M01,2026-07-12 04:46:59,2026-07-12 05:35:01,Running,,C,Arancia Rossa 500ml,2400,1909,2882,1528,4,False
M01,2026-07-12 05:35:01,2026-07-12 05:47:33,Stopped,External,C,Arancia Rossa 500ml,2400,0,752,0,0,False
M01,2026-07-12 05:47:33,2026-07-12 05:54:45,Stopped,External,C,Arancia Rossa 500ml,2400,0,432,0,0,False
M01,2026-07-12 05:54:45,2026-07-12 06:00:00,Running,,C,Arancia Rossa 500ml,2400,1887,315,165,1,False
M01,2026-07-12 06:00:00,2026-07-12 06:49:56,Running,,A,Arancia Rossa 500ml,2400,1889,2996,1572,7,False
M01,2026-07-12 06:49:56,2026-07-12 07:15:59,Running,,A,Arancia Rossa 500ml,2400,1900,1563,825,3,False
M01,2026-07-12 07:15:59,2026-07-12 07:46:01,Running,,A,Arancia Rossa 500ml,2400,1904,1802,953,3,False
M01,2026-07-12 07:46:01,2026-07-12 08:36:38,Running,,A,Arancia Rossa 500ml,2400,1887,3037,1592,5,False
M01,2026-07-12 08:36:38,2026-07-12 09:11:57,Running,,A,Arancia Rossa 500ml,2400,1909,2119,1124,4,False
M01,2026-07-12 09:11:57,2026-07-12 09:51:54,Running,,A,Arancia Rossa 500ml,2400,1909,2397,1271,5,False
M01,2026-07-12 09:51:54,2026-07-12 10:43:36,Running,,A,Arancia Rossa 500ml,2400,1915,3102,1650,6,False
M01,2026-07-12 10:43:36,2026-07-12 10:51:13,Stopped,Starvation,A,Arancia Rossa 500ml,2400,0,457,0,0,False
M01,2026-07-12 10:51:13,2026-07-12 11:05:14,Idle,,A,Arancia Rossa 500ml,2400,0,841,0,0,False
M01,2026-07-12 11:05:14,2026-07-12 11:13:14,Stopped,External,A,Arancia Rossa 500ml,2400,0,480,0,0,False
M01,2026-07-12 11:13:14,2026-07-12 11:46:14,Running,,A,Arancia Rossa 500ml,2400,1900,1980,1045,4,False
M01,2026-07-12 11:46:14,2026-07-12 12:31:36,Running,,A,Arancia Rossa 500ml,2400,1940,2722,1467,5,False
M01,2026-07-12 12:31:36,2026-07-12 13:22:47,Running,,A,Arancia Rossa 500ml,2400,1931,3071,1647,5,False
M01,2026-07-12 13:22:47,2026-07-12 13:33:33,Stopped,Buildup,A,Arancia Rossa 500ml,2400,0,646,0,0,False
M01,2026-07-12 13:33:33,2026-07-12 13:56:42,Running,,A,Arancia Rossa 500ml,2400,1871,1389,722,3,False
M01,2026-07-12 13:56:42,2026-07-12 14:00:00,Idle,,A,Arancia Rossa 500ml,2400,0,198,0,0,False
M01,2026-07-12 14:00:00,2026-07-12 14:32:30,Stopped,Changeover,B,Lampone Zero 560ml,2200,0,1950,0,0,True
M01,2026-07-12 14:32:30,2026-07-12 14:47:30,Stopped,Starvation,B,Lampone Zero 560ml,2200,0,900,0,0,False
M01,2026-07-12 14:47:30,2026-07-12 15:36:48,Running,,B,Lampone Zero 560ml,2200,1762,2958,1448,4,False
M01,2026-07-12 15:36:48,2026-07-12 16:24:11,Running,,B,Lampone Zero 560ml,2200,1725,2843,1362,4,False
M01,2026-07-12 16:24:11,2026-07-12 16:57:57,Running,,B,Lampone Zero 560ml,2200,1727,2026,972,4,False
M01,2026-07-12 16:57:57,2026-07-12 17:31:57,Running,,B,Lampone Zero 560ml,2200,1755,2040,994,3,False
M01,2026-07-12 17:31:57,2026-07-12 17:43:08,Stopped,External,B,Lampone Zero 560ml,2200,0,671,0,0,False
M01,2026-07-12 17:43:08,2026-07-12 17:52:15,Stopped,External,B,Lampone Zero 560ml,2200,0,547,0,0,False
M01,2026-07-12 17:52:15,2026-07-12 18:42:07,Running,,B,Lampone Zero 560ml,2200,1735,2992,1442,5,False
M01,2026-07-12 18:42:07,2026-07-12 18:44:43,Stopped,Operator,B,Lampone Zero 560ml,2200,0,156,0,0,False
M01,2026-07-12 18:44:43,2026-07-12 19:23:38,Running,,B,Lampone Zero 560ml,2200,1738,2335,1127,4,False
M01,2026-07-12 19:23:38,2026-07-12 19:43:47,Running,,B,Lampone Zero 560ml,2200,1739,1209,584,2,False
M01,2026-07-12 19:43:47,2026-07-12 19:55:01,Stopped,Operator,B,Lampone Zero 560ml,2200,0,674,0,0,False
M01,2026-07-12 19:55:01,2026-07-12 20:40:48,Running,,B,Lampone Zero 560ml,2200,1738,2747,1326,4,False
M01,2026-07-12 20:40:48,2026-07-12 21:31:03,Running,,B,Lampone Zero 560ml,2200,1774,3015,1486,6,False
M01,2026-07-12 21:31:03,2026-07-12 21:58:51,Running,,B,Lampone Zero 560ml,2200,1717,1668,796,3,False
M01,2026-07-12 21:58:51,2026-07-12 22:00:00,Idle,,B,Lampone Zero 560ml,2200,0,69,0,0,False
M01,2026-07-12 22:00:00,2026-07-12 22:26:20,Running,,C,Lampone Zero 560ml,2200,1716,1580,753,2,False
M01,2026-07-12 22:26:20,2026-07-12 23:26:07,Running,,C,Lampone Zero 560ml,2200,1761,3587,1755,6,False
M01,2026-07-12 23:26:07,2026-07-12 23:51:28,Running,,C,Lampone Zero 560ml,2200,1765,1521,746,2,False
M01,2026-07-12 23:51:28,2026-07-13 00:00:00,Running,,C,Lampone Zero 560ml,2200,1735,512,247,1,False
M01,2026-07-13 00:00:00,2026-07-13 00:07:49,Stopped,Buildup,C,Lampone Zero 560ml,2200,0,469,0,0,False
M01,2026-07-13 00:07:49,2026-07-13 00:51:20,Running,,C,Lampone Zero 560ml,2200,2064,2611,1497,5,False
M01,2026-07-13 00:51:20,2026-07-13 00:53:59,Stopped,Starvation,C,Lampone Zero 560ml,2200,0,159,0,0,False
M01,2026-07-13 00:53:59,2026-07-13 01:46:28,Running,,C,Lampone Zero 560ml,2200,2048,3149,1791,6,False
M01,2026-07-13 01:46:28,2026-07-13 02:44:58,Running,,C,Lampone Zero 560ml,2200,2105,3510,2052,8,False
M01,2026-07-13 02:44:58,2026-07-13 03:30:28,Running,,C,Lampone Zero 560ml,2200,2091,2730,1586,6,False
M01,2026-07-13 03:30:28,2026-07-13 04:27:23,Running,,C,Lampone Zero 560ml,2200,2075,3415,1968,8,False
M01,2026-07-13 04:27:23,2026-07-13 04:57:56,Running,,C,Lampone Zero 560ml,2200,2069,1833,1053,4,False
M01,2026-07-13 04:57:56,2026-07-13 05:10:04,Stopped,Buildup,C,Lampone Zero 560ml,2200,0,728,0,0,False
M01,2026-07-13 05:10:04,2026-07-13 05:59:18,Running,,C,Lampone Zero 560ml,2200,2078,2954,1705,6,False
M01,2026-07-13 05:59:18,2026-07-13 06:00:00,Idle,,C,Lampone Zero 560ml,2200,0,42,0,0,False
M01,2026-07-13 06:00:00,2026-07-13 06:30:06,Running,,A,Lampone Zero 560ml,2200,2086,1806,1046,4,False
M01,2026-07-13 06:30:06,2026-07-13 07:11:10,Running,,A,Lampone Zero 560ml,2200,2048,2464,1402,5,False
M01,2026-07-13 07:11:10,2026-07-13 07:41:39,Running,,A,Lampone Zero 560ml,2200,2065,1829,1049,3,False
M01,2026-07-13 07:41:39,2026-07-13 08:21:41,Running,,A,Lampone Zero 560ml,2200,2078,2402,1386,6,False
M01,2026-07-13 08:21:41,2026-07-13 08:53:01,Running,,A,Lampone Zero 560ml,2200,2077,1880,1085,4,False
M01,2026-07-13 08:53:01,2026-07-13 09:02:43,Stopped,Buildup,A,Lampone Zero 560ml,2200,0,582,0,0,False
M01,2026-07-13 09:02:43,2026-07-13 09:48:23,Running,,A,Lampone Zero 560ml,2200,2069,2740,1575,5,False
M01,2026-07-13 09:48:23,2026-07-13 10:17:41,Running,,A,Lampone Zero 560ml,2200,2104,1758,1027,4,False
M01,2026-07-13 10:17:41,2026-07-13 10:47:19,Running,,A,Lampone Zero 560ml,2200,2049,1778,1012,4,False
M01,2026-07-13 10:47:19,2026-07-13 11:14:42,Running,,A,Lampone Zero 560ml,2200,2087,1643,952,4,False
M01,2026-07-13 11:14:42,2026-07-13 11:19:07,Stopped,Starvation,A,Lampone Zero 560ml,2200,0,265,0,0,False
M01,2026-07-13 11:19:07,2026-07-13 11:21:58,Stopped,Starvation,A,Lampone Zero 560ml,2200,0,171,0,0,False
M01,2026-07-13 11:21:58,2026-07-13 11:41:52,Idle,,A,Lampone Zero 560ml,2200,0,1194,0,0,False
M01,2026-07-13 11:41:52,2026-07-13 11:51:45,Stopped,External,A,Lampone Zero 560ml,2200,0,593,0,0,False
M01,2026-07-13 11:51:45,2026-07-13 12:29:30,Running,,A,Lampone Zero 560ml,2200,2058,2265,1295,4,False
M01,2026-07-13 12:29:30,2026-07-13 12:58:59,Running,,A,Lampone Zero 560ml,2200,2075,1769,1020,3,False
M01,2026-07-13 12:58:59,2026-07-13 13:46:58,Running,,A,Lampone Zero 560ml,2200,2083,2879,1666,5,False
M01,2026-07-13 13:46:58,2026-07-13 13:50:12,Stopped,Operator,A,Lampone Zero 560ml,2200,0,194,0,0,False
M01,2026-07-13 13:50:12,2026-07-13 14:00:00,Running,,A,Lampone Zero 560ml,2200,2108,588,344,1,False
M01,2026-07-13 14:00:00,2026-07-13 14:32:50,Stopped,Changeover,B,Arancia Rossa 500ml,2400,0,1970,0,0,True
M01,2026-07-13 14:32:50,2026-07-13 15:26:20,Running,,B,Arancia Rossa 500ml,2400,2251,3210,2007,6,False
M01,2026-07-13 15:26:20,2026-07-13 16:13:40,Running,,B,Arancia Rossa 500ml,2400,2310,2840,1822,6,False
M01,2026-07-13 16:13:40,2026-07-13 17:05:38,Running,,B,Arancia Rossa 500ml,2400,2270,3118,1966,7,False
M01,2026-07-13 17:05:38,2026-07-13 17:20:46,Stopped,External,B,Arancia Rossa 500ml,2400,0,908,0,0,False
M01,2026-07-13 17:20:46,2026-07-13 17:43:16,Running,,B,Arancia Rossa 500ml,2400,2281,1350,855,3,False
M01,2026-07-13 17:43:16,2026-07-13 18:33:19,Running,,B,Arancia Rossa 500ml,2400,2297,3003,1916,7,False
M01,2026-07-13 18:33:19,2026-07-13 19:20:50,Running,,B,Arancia Rossa 500ml,2400,2254,2851,1785,7,False
M01,2026-07-13 19:20:50,2026-07-13 19:43:03,Running,,B,Arancia Rossa 500ml,2400,2262,1333,838,3,False
M01,2026-07-13 19:43:03,2026-07-13 20:23:41,Running,,B,Arancia Rossa 500ml,2400,2227,2438,1508,6,False
M01,2026-07-13 20:23:41,2026-07-13 20:37:45,Stopped,Fault,B,Arancia Rossa 500ml,2400,0,844,0,0,False
M01,2026-07-13 20:37:45,2026-07-13 21:11:17,Running,,B,Arancia Rossa 500ml,2400,2235,2012,1249,5,False
M01,2026-07-13 21:11:17,2026-07-13 21:49:06,Running,,B,Arancia Rossa 500ml,2400,2294,2269,1446,5,False
M01,2026-07-13 21:49:06,2026-07-13 22:00:00,Running,,B,Arancia Rossa 500ml,2400,2264,654,411,1,False
M01,2026-07-13 22:00:00,2026-07-13 22:46:19,Running,,C,Arancia Rossa 500ml,2400,2279,2779,1759,5,False
M01,2026-07-13 22:46:19,2026-07-13 23:33:29,Running,,C,Arancia Rossa 500ml,2400,2276,2830,1789,7,False
M01,2026-07-13 23:33:29,2026-07-13 23:54:44,Running,,C,Arancia Rossa 500ml,2400,2250,1275,797,3,False
M01,2026-07-13 23:54:44,2026-07-14 00:00:00,Running,,C,Arancia Rossa 500ml,2400,2238,316,196,1,False
M01,2026-07-14 00:00:00,2026-07-14 00:14:42,Stopped,Buildup,C,Arancia Rossa 500ml,2400,0,882,0,0,False
M01,2026-07-14 00:14:42,2026-07-14 01:03:39,Running,,C,Arancia Rossa 500ml,2400,2230,2937,1819,8,False
M01,2026-07-14 01:03:39,2026-07-14 01:48:53,Running,,C,Arancia Rossa 500ml,2400,2231,2714,1682,5,False
M01,2026-07-14 01:48:53,2026-07-14 02:29:53,Running,,C,Arancia Rossa 500ml,2400,2276,2460,1555,5,False
M01,2026-07-14 02:29:53,2026-07-14 03:01:17,Running,,C,Arancia Rossa 500ml,2400,2263,1884,1184,5,False
M01,2026-07-14 03:01:17,2026-07-14 03:10:40,Stopped,Buildup,C,Arancia Rossa 500ml,2400,0,563,0,0,False
M01,2026-07-14 03:10:40,2026-07-14 03:34:48,Running,,C,Arancia Rossa 500ml,2400,2304,1448,927,3,False
M01,2026-07-14 03:34:48,2026-07-14 03:56:17,Running,,C,Arancia Rossa 500ml,2400,2282,1289,817,3,False
M01,2026-07-14 03:56:17,2026-07-14 04:40:46,Running,,C,Arancia Rossa 500ml,2400,2273,2669,1685,5,False
M01,2026-07-14 04:40:46,2026-07-14 05:11:07,Running,,C,Arancia Rossa 500ml,2400,2231,1821,1129,4,False
M01,2026-07-14 05:11:07,2026-07-14 05:55:11,Running,,C,Arancia Rossa 500ml,2400,2231,2644,1639,7,False
M01,2026-07-14 05:55:11,2026-07-14 06:00:00,Idle,,C,Arancia Rossa 500ml,2400,0,289,0,0,False
M01,2026-07-14 06:00:00,2026-07-14 07:15:00,Stopped,Maintenance,A,Arancia Rossa 500ml,2400,0,4500,0,0,True
M01,2026-07-14 07:15:00,2026-07-14 08:11:49,Running,,A,Arancia Rossa 500ml,2400,2246,3409,2127,9,False
M01,2026-07-14 08:11:49,2026-07-14 08:41:22,Running,,A,Arancia Rossa 500ml,2400,2272,1773,1119,4,False
M01,2026-07-14 08:41:22,2026-07-14 09:08:19,Running,,A,Arancia Rossa 500ml,2400,2286,1617,1027,4,False
M01,2026-07-14 09:08:19,2026-07-14 09:48:16,Running,,A,Arancia Rossa 500ml,2400,2225,2397,1481,4,False
M01,2026-07-14 09:48:16,2026-07-14 10:00:43,Idle,,A,Arancia Rossa 500ml,2400,0,747,0,0,False
M01,2026-07-14 10:00:43,2026-07-14 10:20:43,Running,,A,Arancia Rossa 500ml,2400,2304,1200,768,3,False
M01,2026-07-14 10:20:43,2026-07-14 10:30:16,Stopped,Operator,A,Arancia Rossa 500ml,2400,0,573,0,0,False
M01,2026-07-14 10:30:16,2026-07-14 10:59:51,Running,,A,Arancia Rossa 500ml,2400,2265,1775,1117,3,False
M01,2026-07-14 10:59:51,2026-07-14 11:37:17,Running,,A,Arancia Rossa 500ml,2400,2261,2246,1411,5,False
M01,2026-07-14 11:37:17,2026-07-14 12:28:27,Running,,A,Arancia Rossa 500ml,2400,2223,3070,1896,6,False
M01,2026-07-14 12:28:27,2026-07-14 13:19:00,Running,,A,Arancia Rossa 500ml,2400,2258,3033,1902,8,False
M01,2026-07-14 13:19:00,2026-07-14 13:33:58,Stopped,Starvation,A,Arancia Rossa 500ml,2400,0,898,0,0,False
M01,2026-07-14 13:33:58,2026-07-14 13:54:42,Running,,A,Arancia Rossa 500ml,2400,2234,1244,772,3,False
M01,2026-07-14 13:54:42,2026-07-14 13:59:29,Stopped,Buildup,A,Arancia Rossa 500ml,2400,0,287,0,0,False
M01,2026-07-14 13:59:29,2026-07-14 14:00:00,Idle,,A,Arancia Rossa 500ml,2400,0,31,0,0,False
M01,2026-07-14 14:00:00,2026-07-14 14:32:19,Stopped,Changeover,B,Lampone Zero 560ml,2200,0,1939,0,0,True
M01,2026-07-14 14:32:19,2026-07-14 15:01:18,Running,,B,Lampone Zero 560ml,2200,2073,1739,1001,3,False
M01,2026-07-14 15:01:18,2026-07-14 15:29:24,Running,,B,Lampone Zero 560ml,2200,2092,1686,980,4,False
M01,2026-07-14 15:29:24,2026-07-14 16:07:02,Running,,B,Lampone Zero 560ml,2200,2104,2258,1320,4,False
M01,2026-07-14 16:07:02,2026-07-14 17:00:14,Running,,B,Lampone Zero 560ml,2200,2095,3192,1858,7,False
M01,2026-07-14 17:00:14,2026-07-14 17:14:14,Stopped,External,B,Lampone Zero 560ml,2200,0,840,0,0,False
M01,2026-07-14 17:14:14,2026-07-14 17:38:08,Running,,B,Lampone Zero 560ml,2200,2036,1434,811,3,False
M01,2026-07-14 17:38:08,2026-07-14 18:30:22,Running,,B,Lampone Zero 560ml,2200,2097,3134,1826,7,False
M01,2026-07-14 18:30:22,2026-07-14 18:33:49,Stopped,Starvation,B,Lampone Zero 560ml,2200,0,207,0,0,False
M01,2026-07-14 18:33:49,2026-07-14 19:25:48,Running,,B,Lampone Zero 560ml,2200,2106,3119,1825,6,False
M01,2026-07-14 19:25:48,2026-07-14 20:18:08,Running,,B,Lampone Zero 560ml,2200,2094,3140,1826,8,False
M01,2026-07-14 20:18:08,2026-07-14 21:12:46,Running,,B,Lampone Zero 560ml,2200,2045,3278,1862,6,False
M01,2026-07-14 21:12:46,2026-07-14 21:30:56,Idle,,B,Lampone Zero 560ml,2200,0,1090,0,0,False
M01,2026-07-14 21:30:56,2026-07-14 21:34:01,Stopped,External,B,Lampone Zero 560ml,2200,0,185,0,0,False
M01,2026-07-14 21:34:01,2026-07-14 21:55:19,Running,,B,Lampone Zero 560ml,2200,2070,1278,735,3,False
M01,2026-07-14 21:55:19,2026-07-14 22:00:00,Idle,,B,Lampone Zero 560ml,2200,0,281,0,0,False
M01,2026-07-14 22:00:00,2026-07-14 22:09:18,Stopped,Starvation,C,Lampone Zero 560ml,2200,0,558,0,0,False
M01,2026-07-14 22:09:18,2026-07-14 22:53:38,Running,,C,Lampone Zero 560ml,2200,2059,2660,1521,5,False
M01,2026-07-14 22:53:38,2026-07-14 23:41:35,Running,,C,Lampone Zero 560ml,2200,2099,2877,1677,7,False
M01,2026-07-14 23:41:35,2026-07-15 00:00:00,Running,,C,Lampone Zero 560ml,2200,2073,1105,636,2,False
M01,2026-07-15 00:00:00,2026-07-15 00:10:43,Idle,,C,Lampone Zero 560ml,2200,0,643,0,0,False
M01,2026-07-15 00:10:43,2026-07-15 00:35:50,Running,,C,Lampone Zero 560ml,2200,2120,1507,887,3,False
M01,2026-07-15 00:35:50,2026-07-15 01:08:34,Running,,C,Lampone Zero 560ml,2200,2104,1964,1148,5,False
M01,2026-07-15 01:08:34,2026-07-15 01:34:44,Running,,C,Lampone Zero 560ml,2200,2065,1570,901,3,False
M01,2026-07-15 01:34:44,2026-07-15 02:03:18,Running,,C,Lampone Zero 560ml,2200,2070,1714,986,3,False
M01,2026-07-15 02:03:18,2026-07-15 02:16:49,Stopped,Starvation,C,Lampone Zero 560ml,2200,0,811,0,0,False
M01,2026-07-15 02:16:49,2026-07-15 03:07:37,Running,,C,Lampone Zero 560ml,2200,2078,3048,1759,6,False
M01,2026-07-15 03:07:37,2026-07-15 03:45:51,Running,,C,Lampone Zero 560ml,2200,2059,2294,1312,4,False
M01,2026-07-15 03:45:51,2026-07-15 04:37:56,Running,,C,Lampone Zero 560ml,2200,2098,3125,1821,6,False
M01,2026-07-15 04:37:56,2026-07-15 04:50:28,Stopped,Fault,C,Lampone Zero 560ml,2200,0,752,0,0,False
M01,2026-07-15 04:50:28,2026-07-15 05:17:22,Running,,C,Lampone Zero 560ml,2200,2070,1614,928,3,False
M01,2026-07-15 05:17:22,2026-07-15 05:40:55,Running,,C,Lampone Zero 560ml,2200,2087,1413,819,3,False
M01,2026-07-15 05:40:55,2026-07-15 05:50:22,Stopped,Buildup,C,Lampone Zero 560ml,2200,0,567,0,0,False
M01,2026-07-15 05:50:22,2026-07-15 06:00:00,Running,,C,Lampone Zero 560ml,2200,2071,578,333,1,False
M01,2026-07-15 06:00:00,2026-07-15 06:23:03,Running,,A,Lampone Zero 560ml,2200,2039,1383,783,3,False
M01,2026-07-15 06:23:03,2026-07-15 06:28:49,Stopped,Buildup,A,Lampone Zero 560ml,2200,0,346,0,0,False
M01,2026-07-15 06:28:49,2026-07-15 06:43:15,Stopped,Fault,A,Lampone Zero 560ml,2200,0,866,0,0,False
M01,2026-07-15 06:43:15,2026-07-15 07:22:54,Running,,A,Lampone Zero 560ml,2200,2040,2379,1348,5,False
M01,2026-07-15 07:22:54,2026-07-15 08:10:36,Running,,A,Lampone Zero 560ml,2200,2081,2862,1654,6,False
M01,2026-07-15 08:10:36,2026-07-15 09:02:33,Running,,A,Lampone Zero 560ml,2200,2074,3117,1796,7,False
M01,2026-07-15 09:02:33,2026-07-15 09:25:40,Running,,A,Lampone Zero 560ml,2200,2056,1387,792,2,False
M01,2026-07-15 09:25:40,2026-07-15 09:31:31,Stopped,External,A,Lampone Zero 560ml,2200,0,351,0,0,False
M01,2026-07-15 09:31:31,2026-07-15 09:48:04,Idle,,A,Lampone Zero 560ml,2200,0,993,0,0,False
M01,2026-07-15 09:48:04,2026-07-15 09:51:42,Stopped,Fault,A,Lampone Zero 560ml,2200,0,218,0,0,False
M01,2026-07-15 09:51:42,2026-07-15 10:16:03,Running,,A,Lampone Zero 560ml,2200,2064,1461,838,3,False
M01,2026-07-15 10:16:03,2026-07-15 11:12:46,Running,,A,Lampone Zero 560ml,2200,2099,3403,1984,7,False
M01,2026-07-15 11:12:46,2026-07-15 12:09:49,Running,,A,Lampone Zero 560ml,2200,2113,3423,2009,8,False
M01,2026-07-15 12:09:49,2026-07-15 12:18:46,Stopped,External,A,Lampone Zero 560ml,2200,0,537,0,0,False
M01,2026-07-15 12:18:46,2026-07-15 12:59:29,Running,,A,Lampone Zero 560ml,2200,2073,2443,1407,4,False
M01,2026-07-15 12:59:29,2026-07-15 13:22:37,Running,,A,Lampone Zero 560ml,2200,2099,1388,809,3,False
M01,2026-07-15 13:22:37,2026-07-15 13:55:44,Running,,A,Lampone Zero 560ml,2200,2047,1987,1130,5,False
M01,2026-07-15 13:55:44,2026-07-15 14:00:00,Idle,,A,Lampone Zero 560ml,2200,0,256,0,0,False
M01,2026-07-15 14:00:00,2026-07-15 14:16:47,Stopped,Changeover,B,Arancia Rossa 500ml,2400,0,1007,0,0,True
M01,2026-07-15 14:16:47,2026-07-15 14:30:18,Stopped,Fault,B,Arancia Rossa 500ml,2400,0,811,0,0,False
M01,2026-07-15 14:30:18,2026-07-15 15:26:24,Running,,B,Arancia Rossa 500ml,2400,2280,3366,2132,7,False
M01,2026-07-15 15:26:24,2026-07-15 15:51:23,Running,,B,Arancia Rossa 500ml,2400,2279,1499,949,3,False
M01,2026-07-15 15:51:23,2026-07-15 16:19:09,Running,,B,Arancia Rossa 500ml,2400,2290,1666,1060,4,False
M01,2026-07-15 16:19:09,2026-07-15 17:06:04,Running,,B,Arancia Rossa 500ml,2400,2280,2815,1783,7,False
M01,2026-07-15 17:06:04,2026-07-15 17:17:04,Idle,,B,Arancia Rossa 500ml,2400,0,660,0,0,False
M01,2026-07-15 17:17:04,2026-07-15 18:10:42,Running,,B,Arancia Rossa 500ml,2400,2261,3218,2021,8,False
M01,2026-07-15 18:10:42,2026-07-15 18:55:18,Running,,B,Arancia Rossa 500ml,2400,2230,2676,1658,7,False
M01,2026-07-15 18:55:18,2026-07-15 19:01:48,Stopped,Starvation,B,Arancia Rossa 500ml,2400,0,390,0,0,False
M01,2026-07-15 19:01:48,2026-07-15 19:55:34,Running,,B,Arancia Rossa 500ml,2400,2242,3226,2009,8,False
M01,2026-07-15 19:55:34,2026-07-15 20:06:05,Idle,,B,Arancia Rossa 500ml,2400,0,631,0,0,False
M01,2026-07-15 20:06:05,2026-07-15 21:02:47,Running,,B,Arancia Rossa 500ml,2400,2312,3402,2185,9,False
M01,2026-07-15 21:02:47,2026-07-15 21:11:01,Stopped,Starvation,B,Arancia Rossa 500ml,2400,0,494,0,0,False
M01,2026-07-15 21:11:01,2026-07-15 21:16:22,Stopped,Operator,B,Arancia Rossa 500ml,2400,0,321,0,0,False
M01,2026-07-15 21:16:22,2026-07-15 21:23:27,Stopped,Fault,B,Arancia Rossa 500ml,2400,0,425,0,0,False
M01,2026-07-15 21:23:27,2026-07-15 21:57:09,Running,,B,Arancia Rossa 500ml,2400,2269,2022,1274,4,False
M01,2026-07-15 21:57:09,2026-07-15 22:00:00,Idle,,B,Arancia Rossa 500ml,2400,0,171,0,0,False
M01,2026-07-15 22:00:00,2026-07-15 22:46:39,Running,,C,Arancia Rossa 500ml,2400,2288,2799,1779,8,False
M01,2026-07-15 22:46:39,2026-07-15 22:58:06,Stopped,Starvation,C,Arancia Rossa 500ml,2400,0,687,0,0,False
M01,2026-07-15 22:58:06,2026-07-15 23:25:10,Running,,C,Arancia Rossa 500ml,2400,2238,1624,1010,4,False
M01,2026-07-15 23:25:10,2026-07-15 23:35:33,Stopped,Operator,C,Arancia Rossa 500ml,2400,0,623,0,0,False
M01,2026-07-15 23:35:33,2026-07-15 23:56:44,Running,,C,Arancia Rossa 500ml,2400,2291,1271,809,3,False
M01,2026-07-15 23:56:44,2026-07-16 00:00:00,Idle,,C,Arancia Rossa 500ml,2400,0,196,0,0,False
M01,2026-07-16 00:00:00,2026-07-16 00:59:17,Running,,C,Arancia Rossa 500ml,2400,2295,3557,2268,7,False
M01,2026-07-16 00:59:17,2026-07-16 01:19:41,Running,,C,Arancia Rossa 500ml,2400,2292,1224,779,3,False
M01,2026-07-16 01:19:41,2026-07-16 01:32:42,Stopped,Operator,C,Arancia Rossa 500ml,2400,0,781,0,0,False
M01,2026-07-16 01:32:42,2026-07-16 02:05:07,Running,,C,Arancia Rossa 500ml,2400,2252,1945,1217,4,False
M01,2026-07-16 02:05:07,2026-07-16 02:52:24,Running,,C,Arancia Rossa 500ml,2400,2226,2837,1754,7,False
M01,2026-07-16 02:52:24,2026-07-16 03:07:19,Stopped,Fault,C,Arancia Rossa 500ml,2400,0,895,0,0,False
M01,2026-07-16 03:07:19,2026-07-16 03:41:09,Running,,C,Arancia Rossa 500ml,2400,2260,2030,1274,4,False
M01,2026-07-16 03:41:09,2026-07-16 04:06:39,Running,,C,Arancia Rossa 500ml,2400,2271,1530,965,4,False
M01,2026-07-16 04:06:39,2026-07-16 04:40:05,Running,,C,Arancia Rossa 500ml,2400,2305,2006,1284,5,False
M01,2026-07-16 04:40:05,2026-07-16 05:23:23,Running,,C,Arancia Rossa 500ml,2400,2225,2598,1606,6,False
M01,2026-07-16 05:23:23,2026-07-16 05:45:55,Running,,C,Arancia Rossa 500ml,2400,2246,1352,843,3,False
M01,2026-07-16 05:45:55,2026-07-16 06:00:00,Running,,C,Arancia Rossa 500ml,2400,2307,845,542,2,False
M01,2026-07-16 06:00:00,2026-07-16 06:31:53,Running,,A,Arancia Rossa 500ml,2400,2297,1913,1221,4,False
M01,2026-07-16 06:31:53,2026-07-16 06:45:31,Idle,,A,Arancia Rossa 500ml,2400,0,818,0,0,False
M01,2026-07-16 06:45:31,2026-07-16 07:08:58,Running,,A,Arancia Rossa 500ml,2400,2302,1407,900,3,False
M01,2026-07-16 07:08:58,2026-07-16 07:22:20,Stopped,External,A,Arancia Rossa 500ml,2400,0,802,0,0,False
M01,2026-07-16 07:22:20,2026-07-16 07:36:06,Stopped,Starvation,A,Arancia Rossa 500ml,2400,0,826,0,0,False
M01,2026-07-16 07:36:06,2026-07-16 08:29:20,Running,,A,Arancia Rossa 500ml,2400,2241,3194,1988,6,False
M01,2026-07-16 08:29:20,2026-07-16 08:49:08,Idle,,A,Arancia Rossa 500ml,2400,0,1188,0,0,False
M01,2026-07-16 08:49:08,2026-07-16 08:54:47,Stopped,Starvation,A,Arancia Rossa 500ml,2400,0,339,0,0,False
M01,2026-07-16 08:54:47,2026-07-16 09:19:22,Running,,A,Arancia Rossa 500ml,2400,2266,1475,928,3,False
M01,2026-07-16 09:19:22,2026-07-16 09:26:20,Stopped,External,A,Arancia Rossa 500ml,2400,0,418,0,0,False
M01,2026-07-16 09:26:20,2026-07-16 09:35:04,Idle,,A,Arancia Rossa 500ml,2400,0,524,0,0,False
M01,2026-07-16 09:35:04,2026-07-16 09:48:45,Stopped,Buildup,A,Arancia Rossa 500ml,2400,0,821,0,0,False
M01,2026-07-16 09:48:45,2026-07-16 10:29:32,Running,,A,Arancia Rossa 500ml,2400,2269,2447,1542,6,False
M01,2026-07-16 10:29:32,2026-07-16 10:56:52,Running,,A,Arancia Rossa 500ml,2400,2258,1640,1029,3,False
M01,2026-07-16 10:56:52,2026-07-16 11:05:30,Stopped,Fault,A,Arancia Rossa 500ml,2400,0,518,0,0,False
M01,2026-07-16 11:05:30,2026-07-16 11:11:46,Idle,,A,Arancia Rossa 500ml,2400,0,376,0,0,False
M01,2026-07-16 11:11:46,2026-07-16 12:04:36,Running,,A,Arancia Rossa 500ml,2400,2306,3170,2031,9,False
M01,2026-07-16 12:04:36,2026-07-16 13:01:20,Running,,A,Arancia Rossa 500ml,2400,2287,3404,2162,9,False
M01,2026-07-16 13:01:20,2026-07-16 13:56:35,Running,,A,Arancia Rossa 500ml,2400,2282,3315,2101,8,False
M01,2026-07-16 13:56:35,2026-07-16 14:00:00,Idle,,A,Arancia Rossa 500ml,2400,0,205,0,0,False
M01,2026-07-16 14:00:00,2026-07-16 14:20:20,Stopped,Changeover,B,Lampone Zero 560ml,2200,0,1220,0,0,True
M01,2026-07-16 14:20:20,2026-07-16 14:28:52,Stopped,External,B,Lampone Zero 560ml,2200,0,512,0,0,False
M01,2026-07-16 14:28:52,2026-07-16 14:39:36,Stopped,Starvation,B,Lampone Zero 560ml,2200,0,644,0,0,False
M01,2026-07-16 14:39:36,2026-07-16 15:15:01,Running,,B,Lampone Zero 560ml,2200,2061,2125,1217,4,False
M01,2026-07-16 15:15:01,2026-07-16 16:13:07,Running,,B,Lampone Zero 560ml,2200,2046,3486,1981,7,False
M01,2026-07-16 16:13:07,2026-07-16 16:41:10,Running,,B,Lampone Zero 560ml,2200,2109,1683,986,3,False
M01,2026-07-16 16:41:10,2026-07-16 17:15:13,Running,,B,Lampone Zero 560ml,2200,2087,2043,1184,3,False
M01,2026-07-16 17:15:13,2026-07-16 17:28:10,Stopped,Starvation,B,Lampone Zero 560ml,2200,0,777,0,0,False
M01,2026-07-16 17:28:10,2026-07-16 17:40:34,Stopped,Starvation,B,Lampone Zero 560ml,2200,0,744,0,0,False
M01,2026-07-16 17:40:34,2026-07-16 17:53:37,Stopped,External,B,Lampone Zero 560ml,2200,0,783,0,0,False
M01,2026-07-16 17:53:37,2026-07-16 18:45:48,Running,,B,Lampone Zero 560ml,2200,2117,3131,1841,8,False
M01,2026-07-16 18:45:48,2026-07-16 19:24:15,Running,,B,Lampone Zero 560ml,2200,2104,2307,1348,4,False
M01,2026-07-16 19:24:15,2026-07-16 19:32:18,Stopped,Starvation,B,Lampone Zero 560ml,2200,0,483,0,0,False
M01,2026-07-16 19:32:18,2026-07-16 20:07:56,Running,,B,Lampone Zero 560ml,2200,2082,2138,1236,4,False
M01,2026-07-16 20:07:56,2026-07-16 20:57:24,Running,,B,Lampone Zero 560ml,2200,2064,2968,1702,7,False
M01,2026-07-16 20:57:24,2026-07-16 21:55:48,Running,,B,Lampone Zero 560ml,2200,2103,3504,2047,7,False
M01,2026-07-16 21:55:48,2026-07-16 22:00:00,Idle,,B,Lampone Zero 560ml,2200,0,252,0,0,False
M01,2026-07-16 22:00:00,2026-07-16 22:39:14,Stopped,Changeover,C,Arancia Rossa 500ml,2400,0,2354,0,0,True
M01,2026-07-16 22:39:14,2026-07-16 22:49:57,Stopped,Fault,C,Arancia Rossa 500ml,2400,0,643,0,0,False
M01,2026-07-16 22:49:57,2026-07-16 23:00:56,Stopped,Starvation,C,Arancia Rossa 500ml,2400,0,659,0,0,False
M01,2026-07-16 23:00:56,2026-07-16 23:05:13,Stopped,External,C,Arancia Rossa 500ml,2400,0,257,0,0,False
M01,2026-07-16 23:05:13,2026-07-16 23:30:53,Running,,C,Arancia Rossa 500ml,2400,2225,1540,952,4,False
M01,2026-07-16 23:30:53,2026-07-16 23:55:43,Running,,C,Arancia Rossa 500ml,2400,2311,1490,956,3,False
M01,2026-07-16 23:55:43,2026-07-17 00:00:00,Idle,,C,Arancia Rossa 500ml,2400,0,257,0,0,False
M01,2026-07-17 00:00:00,2026-07-17 00:07:03,Stopped,Supplies,C,Arancia Rossa 500ml,2400,0,423,0,0,False
M01,2026-07-17 00:07:03,2026-07-17 01:04:38,Running,,C,Arancia Rossa 500ml,2400,2170,3455,2083,7,False
M01,2026-07-17 01:04:38,2026-07-17 02:00:05,Running,,C,Arancia Rossa 500ml,2400,2195,3327,2029,8,False
M01,2026-07-17 02:00:05,2026-07-17 02:18:55,Idle,,C,Arancia Rossa 500ml,2400,0,1130,0,0,False
M01,2026-07-17 02:18:55,2026-07-17 02:47:47,Running,,C,Arancia Rossa 500ml,2400,2212,1732,1064,3,False
M01,2026-07-17 02:47:47,2026-07-17 03:39:17,Running,,C,Arancia Rossa 500ml,2400,2191,3090,1881,7,False
M01,2026-07-17 03:39:17,2026-07-17 03:46:21,Stopped,Starvation,C,Arancia Rossa 500ml,2400,0,424,0,0,False
M01,2026-07-17 03:46:21,2026-07-17 04:07:58,Running,,C,Arancia Rossa 500ml,2400,2199,1297,792,2,False
M01,2026-07-17 04:07:58,2026-07-17 04:54:05,Running,,C,Arancia Rossa 500ml,2400,2239,2767,1721,5,False
M01,2026-07-17 04:54:05,2026-07-17 05:48:03,Running,,C,Arancia Rossa 500ml,2400,2237,3238,2012,6,False
M01,2026-07-17 05:48:03,2026-07-17 06:00:00,Running,,C,Arancia Rossa 500ml,2400,2178,717,434,1,False
M01,2026-07-17 06:00:00,2026-07-17 06:32:34,Stopped,Changeover,A,Lampone Zero 560ml,2200,0,1954,0,0,True
M01,2026-07-17 06:32:34,2026-07-17 07:29:59,Running,,A,Lampone Zero 560ml,2200,2018,3445,1931,7,False
M01,2026-07-17 07:29:59,2026-07-17 08:21:35,Running,,A,Lampone Zero 560ml,2200,2049,3096,1762,7,False
M01,2026-07-17 08:21:35,2026-07-17 09:07:59,Running,,A,Lampone Zero 560ml,2200,1984,2784,1534,6,False
M01,2026-07-17 09:07:59,2026-07-17 09:21:57,Stopped,External,A,Lampone Zero 560ml,2200,0,838,0,0,False
M01,2026-07-17 09:21:57,2026-07-17 10:11:34,Running,,A,Lampone Zero 560ml,2200,1992,2977,1647,6,False
M01,2026-07-17 10:11:34,2026-07-17 10:50:47,Running,,A,Lampone Zero 560ml,2200,1986,2353,1298,6,False
M01,2026-07-17 10:50:47,2026-07-17 11:04:56,Stopped,Starvation,A,Lampone Zero 560ml,2200,0,849,0,0,False
M01,2026-07-17 11:04:56,2026-07-17 11:17:07,Stopped,Buildup,A,Lampone Zero 560ml,2200,0,731,0,0,False
M01,2026-07-17 11:17:07,2026-07-17 11:32:41,Idle,,A,Lampone Zero 560ml,2200,0,934,0,0,False
M01,2026-07-17 11:32:41,2026-07-17 12:15:05,Running,,A,Lampone Zero 560ml,2200,1979,2544,1398,4,False
M01,2026-07-17 12:15:05,2026-07-17 12:42:18,Running,,A,Lampone Zero 560ml,2200,2018,1633,915,4,False
M01,2026-07-17 12:42:18,2026-07-17 13:22:15,Running,,A,Lampone Zero 560ml,2200,2017,2397,1343,5,False
M01,2026-07-17 13:22:15,2026-07-17 13:53:24,Running,,A,Lampone Zero 560ml,2200,2009,1869,1043,4,False
M01,2026-07-17 13:53:24,2026-07-17 13:58:22,Stopped,Starvation,A,Lampone Zero 560ml,2200,0,298,0,0,False
M01,2026-07-17 13:58:22,2026-07-17 14:00:00,Idle,,A,Lampone Zero 560ml,2200,0,98,0,0,False
M01,2026-07-17 14:00:00,2026-07-17 14:29:08,Stopped,Changeover,B,Arancia Rossa 500ml,2400,0,1748,0,0,True
M01,2026-07-17 14:29:08,2026-07-17 15:23:13,Running,,B,Arancia Rossa 500ml,2400,2174,3245,1960,7,False
M01,2026-07-17 15:23:13,2026-07-17 16:06:23,Running,,B,Arancia Rossa 500ml,2400,2162,2590,1555,7,False
M01,2026-07-17 16:06:23,2026-07-17 16:43:48,Running,,B,Arancia Rossa 500ml,2400,2204,2245,1374,6,False
M01,2026-07-17 16:43:48,2026-07-17 17:37:05,Running,,B,Arancia Rossa 500ml,2400,2198,3197,1952,6,False
M01,2026-07-17 17:37:05,2026-07-17 17:46:39,Stopped,External,B,Arancia Rossa 500ml,2400,0,574,0,0,False
M01,2026-07-17 17:46:39,2026-07-17 17:53:27,Idle,,B,Arancia Rossa 500ml,2400,0,408,0,0,False
M01,2026-07-17 17:53:27,2026-07-17 18:19:56,Running,,B,Arancia Rossa 500ml,2400,2231,1589,985,4,False
M01,2026-07-17 18:19:56,2026-07-17 19:07:14,Running,,B,Arancia Rossa 500ml,2400,2242,2838,1767,6,False
M01,2026-07-17 19:07:14,2026-07-17 20:00:49,Running,,B,Arancia Rossa 500ml,2400,2235,3215,1996,8,False
M01,2026-07-17 20:00:49,2026-07-17 20:23:39,Running,,B,Arancia Rossa 500ml,2400,2203,1370,838,4,False
M01,2026-07-17 20:23:39,2026-07-17 20:51:02,Running,,B,Arancia Rossa 500ml,2400,2159,1643,985,4,False
M01,2026-07-17 20:51:02,2026-07-17 21:34:57,Running,,B,Arancia Rossa 500ml,2400,2221,2635,1626,7,False
M01,2026-07-17 21:34:57,2026-07-17 21:56:52,Running,,B,Arancia Rossa 500ml,2400,2207,1315,806,2,False
M01,2026-07-17 21:56:52,2026-07-17 22:00:00,Idle,,B,Arancia Rossa 500ml,2400,0,188,0,0,False
M01,2026-07-17 22:00:00,2026-07-17 22:43:12,Running,,C,Arancia Rossa 500ml,2400,2178,2592,1568,6,False
M01,2026-07-17 22:43:12,2026-07-17 23:31:34,Running,,C,Arancia Rossa 500ml,2400,2244,2902,1809,7,False
M01,2026-07-17 23:31:34,2026-07-17 23:59:05,Running,,C,Arancia Rossa 500ml,2400,2221,1651,1019,3,False
M01,2026-07-17 23:59:05,2026-07-18 00:00:00,Idle,,C,Arancia Rossa 500ml,2400,0,55,0,0,False
M01,2026-07-18 00:00:00,2026-07-18 00:41:26,Running,,C,Arancia Rossa 500ml,2400,2074,2486,1432,5,False
M01,2026-07-18 00:41:26,2026-07-18 00:50:22,Stopped,Starvation,C,Arancia Rossa 500ml,2400,0,536,0,0,False
M01,2026-07-18 00:50:22,2026-07-18 01:36:39,Running,,C,Arancia Rossa 500ml,2400,2054,2777,1584,5,False
M01,2026-07-18 01:36:39,2026-07-18 01:55:09,Idle,,C,Arancia Rossa 500ml,2400,0,1110,0,0,False
M01,2026-07-18 01:55:09,2026-07-18 02:41:15,Running,,C,Arancia Rossa 500ml,2400,2007,2766,1542,5,False
M01,2026-07-18 02:41:15,2026-07-18 03:07:34,Running,,C,Arancia Rossa 500ml,2400,2081,1579,913,4,False
M01,2026-07-18 03:07:34,2026-07-18 03:42:02,Running,,C,Arancia Rossa 500ml,2400,2006,2068,1152,4,False
M01,2026-07-18 03:42:02,2026-07-18 04:27:19,Running,,C,Arancia Rossa 500ml,2400,2013,2717,1519,6,False
M01,2026-07-18 04:27:19,2026-07-18 04:45:44,Idle,,C,Arancia Rossa 500ml,2400,0,1105,0,0,False
M01,2026-07-18 04:45:44,2026-07-18 05:31:34,Running,,C,Arancia Rossa 500ml,2400,2009,2750,1535,5,False
M01,2026-07-18 05:31:34,2026-07-18 05:51:51,Running,,C,Arancia Rossa 500ml,2400,2074,1217,701,3,False
M01,2026-07-18 05:51:51,2026-07-18 06:00:00,Running,,C,Arancia Rossa 500ml,2400,2009,489,273,1,False
M01,2026-07-18 06:00:00,2026-07-18 06:29:58,Running,,A,Arancia Rossa 500ml,2400,2050,1798,1024,4,False
M01,2026-07-18 06:29:58,2026-07-18 07:19:27,Running,,A,Arancia Rossa 500ml,2400,2022,2969,1668,7,False
M01,2026-07-18 07:19:27,2026-07-18 07:25:04,Stopped,Buildup,A,Arancia Rossa 500ml,2400,0,337,0,0,False
M01,2026-07-18 07:25:04,2026-07-18 07:52:23,Running,,A,Arancia Rossa 500ml,2400,2027,1639,923,3,False
M01,2026-07-18 07:52:23,2026-07-18 08:03:33,Stopped,Starvation,A,Arancia Rossa 500ml,2400,0,670,0,0,False
M01,2026-07-18 08:03:33,2026-07-18 08:49:03,Running,,A,Arancia Rossa 500ml,2400,2039,2730,1546,5,False
M01,2026-07-18 08:49:03,2026-07-18 09:15:34,Running,,A,Arancia Rossa 500ml,2400,2036,1591,900,3,False
M01,2026-07-18 09:15:34,2026-07-18 10:06:26,Running,,A,Arancia Rossa 500ml,2400,2079,3052,1763,6,False
M01,2026-07-18 10:06:26,2026-07-18 10:56:25,Running,,A,Arancia Rossa 500ml,2400,2041,2999,1700,6,False
M01,2026-07-18 10:56:25,2026-07-18 11:31:56,Running,,A,Arancia Rossa 500ml,2400,2052,2131,1215,5,False
M01,2026-07-18 11:31:56,2026-07-18 12:03:43,Running,,A,Arancia Rossa 500ml,2400,2071,1907,1097,4,False
M01,2026-07-18 12:03:43,2026-07-18 12:18:01,Stopped,Operator,A,Arancia Rossa 500ml,2400,0,858,0,0,False
M01,2026-07-18 12:18:01,2026-07-18 12:47:06,Running,,A,Arancia Rossa 500ml,2400,2073,1745,1005,3,False
M01,2026-07-18 12:47:06,2026-07-18 13:40:41,Running,,A,Arancia Rossa 500ml,2400,2065,3215,1844,8,False
M01,2026-07-18 13:40:41,2026-07-18 14:00:00,Running,,A,Arancia Rossa 500ml,2400,2064,1159,664,3,False
M01,2026-07-18 14:00:00,2026-07-18 14:19:38,Stopped,Changeover,B,Lampone Zero 560ml,2200,0,1178,0,0,True
M01,2026-07-18 14:19:38,2026-07-18 14:23:21,Stopped,Starvation,B,Lampone Zero 560ml,2200,0,223,0,0,False
M01,2026-07-18 14:23:21,2026-07-18 14:49:25,Running,,B,Lampone Zero 560ml,2200,1843,1564,801,3,False
M01,2026-07-18 14:49:25,2026-07-18 15:43:34,Running,,B,Lampone Zero 560ml,2200,1886,3249,1702,7,False
M01,2026-07-18 15:43:34,2026-07-18 16:40:42,Running,,B,Lampone Zero 560ml,2200,1837,3428,1749,6,False
M01,2026-07-18 16:40:42,2026-07-18 17:15:47,Running,,B,Lampone Zero 560ml,2200,1860,2105,1088,5,False
M01,2026-07-18 17:15:47,2026-07-18 17:47:27,Running,,B,Lampone Zero 560ml,2200,1842,1900,972,3,False
M01,2026-07-18 17:47:27,2026-07-18 18:29:24,Running,,B,Lampone Zero 560ml,2200,1890,2517,1321,5,False
M01,2026-07-18 18:29:24,2026-07-18 18:38:42,Stopped,Starvation,B,Lampone Zero 560ml,2200,0,558,0,0,False
M01,2026-07-18 18:38:42,2026-07-18 18:44:33,Stopped,External,B,Lampone Zero 560ml,2200,0,351,0,0,False
M01,2026-07-18 18:44:33,2026-07-18 19:05:02,Running,,B,Lampone Zero 560ml,2200,1898,1229,648,2,False
M01,2026-07-18 19:05:02,2026-07-18 19:52:41,Running,,B,Lampone Zero 560ml,2200,1861,2859,1478,5,False
M01,2026-07-18 19:52:41,2026-07-18 20:41:16,Running,,B,Lampone Zero 560ml,2200,1865,2915,1510,6,False
M01,2026-07-18 20:41:16,2026-07-18 21:29:47,Running,,B,Lampone Zero 560ml,2200,1859,2911,1503,5,False
M01,2026-07-18 21:29:47,2026-07-18 21:51:25,Running,,B,Lampone Zero 560ml,2200,1873,1298,675,3,False
M01,2026-07-18 21:51:25,2026-07-18 22:00:00,Running,,B,Lampone Zero 560ml,2200,1903,515,272,1,False
M01,2026-07-18 22:00:00,2026-07-18 22:29:00,Stopped,Changeover,C,Arancia Rossa 500ml,2400,0,1740,0,0,True
M01,2026-07-18 22:29:00,2026-07-18 23:10:18,Running,,C,Arancia Rossa 500ml,2400,2044,2478,1407,5,False
M01,2026-07-18 23:10:18,2026-07-18 23:48:49,Running,,C,Arancia Rossa 500ml,2400,2035,2311,1306,5,False
M01,2026-07-18 23:48:49,2026-07-19 00:00:00,Running,,C,Arancia Rossa 500ml,2400,2067,671,385,1,False
M01,2026-07-19 00:00:00,2026-07-19 00:09:59,Stopped,Starvation,C,Arancia Rossa 500ml,2400,0,599,0,0,False
M01,2026-07-19 00:09:59,2026-07-19 00:17:21,Stopped,Buildup,C,Arancia Rossa 500ml,2400,0,442,0,0,False
M01,2026-07-19 00:17:21,2026-07-19 01:05:11,Running,,C,Arancia Rossa 500ml,2400,1872,2870,1492,6,False
M01,2026-07-19 01:05:11,2026-07-19 01:40:14,Running,,C,Arancia Rossa 500ml,2400,1875,2103,1095,4,False
M01,2026-07-19 01:40:14,2026-07-19 02:16:41,Running,,C,Arancia Rossa 500ml,2400,1884,2187,1145,5,False
M01,2026-07-19 02:16:41,2026-07-19 02:57:54,Running,,C,Arancia Rossa 500ml,2400,1943,2473,1335,5,False
M01,2026-07-19 02:57:54,2026-07-19 03:03:50,Stopped,Starvation,C,Arancia Rossa 500ml,2400,0,356,0,0,False
M01,2026-07-19 03:03:50,2026-07-19 03:14:37,Stopped,Starvation,C,Arancia Rossa 500ml,2400,0,647,0,0,False
M01,2026-07-19 03:14:37,2026-07-19 03:39:48,Running,,C,Arancia Rossa 500ml,2400,1889,1511,793,2,False
M01,2026-07-19 03:39:48,2026-07-19 04:35:16,Running,,C,Arancia Rossa 500ml,2400,1938,3328,1792,6,False
M01,2026-07-19 04:35:16,2026-07-19 04:42:00,Stopped,Operator,C,Arancia Rossa 500ml,2400,0,404,0,0,False
M01,2026-07-19 04:42:00,2026-07-19 04:48:03,Stopped,Buildup,C,Arancia Rossa 500ml,2400,0,363,0,0,False
M01,2026-07-19 04:48:03,2026-07-19 05:08:55,Running,,C,Arancia Rossa 500ml,2400,1873,1252,651,2,False
M01,2026-07-19 05:08:55,2026-07-19 05:19:20,Stopped,Starvation,C,Arancia Rossa 500ml,2400,0,625,0,0,False
M01,2026-07-19 05:19:20,2026-07-19 05:54:22,Running,,C,Arancia Rossa 500ml,2400,1894,2102,1106,3,False
M01,2026-07-19 05:54:22,2026-07-19 06:00:00,Running,,C,Arancia Rossa 500ml,2400,1885,338,177,1,False
M01,2026-07-19 06:00:00,2026-07-19 06:27:35,Stopped,Changeover,A,Lampone Zero 560ml,2200,0,1655,0,0,True
M01,2026-07-19 06:27:35,2026-07-19 06:34:21,Stopped,External,A,Lampone Zero 560ml,2200,0,406,0,0,False
M01,2026-07-19 06:34:21,2026-07-19 07:25:54,Running,,A,Lampone Zero 560ml,2200,1734,3093,1490,5,False
M01,2026-07-19 07:25:54,2026-07-19 08:20:18,Running,,A,Lampone Zero 560ml,2200,1727,3264,1566,7,False
M01,2026-07-19 08:20:18,2026-07-19 08:43:59,Running,,A,Lampone Zero 560ml,2200,1741,1421,687,2,False
M01,2026-07-19 08:43:59,2026-07-19 09:27:20,Running,,A,Lampone Zero 560ml,2200,1730,2601,1250,4,False
M01,2026-07-19 09:27:20,2026-07-19 09:57:43,Running,,A,Lampone Zero 560ml,2200,1718,1823,870,3,False
M01,2026-07-19 09:57:43,2026-07-19 10:03:12,Stopped,Buildup,A,Lampone Zero 560ml,2200,0,329,0,0,False
M01,2026-07-19 10:03:12,2026-07-19 10:15:27,Stopped,Buildup,A,Lampone Zero 560ml,2200,0,735,0,0,False
M01,2026-07-19 10:15:27,2026-07-19 10:41:28,Running,,A,Lampone Zero 560ml,2200,1778,1561,771,3,False
M01,2026-07-19 10:41:28,2026-07-19 11:33:22,Running,,A,Lampone Zero 560ml,2200,1762,3114,1524,6,False
M01,2026-07-19 11:33:22,2026-07-19 11:54:45,Running,,A,Lampone Zero 560ml,2200,1743,1283,621,3,False
M01,2026-07-19 11:54:45,2026-07-19 12:43:13,Running,,A,Lampone Zero 560ml,2200,1771,2908,1431,6,False
M01,2026-07-19 12:43:13,2026-07-19 12:55:49,Stopped,External,A,Lampone Zero 560ml,2200,0,756,0,0,False
M01,2026-07-19 12:55:49,2026-07-19 13:09:24,Stopped,Fault,A,Lampone Zero 560ml,2200,0,815,0,0,False
M01,2026-07-19 13:09:24,2026-07-19 13:59:35,Running,,A,Lampone Zero 560ml,2200,1716,3011,1435,6,False
M01,2026-07-19 13:59:35,2026-07-19 14:00:00,Idle,,A,Lampone Zero 560ml,2200,0,25,0,0,False
M01,2026-07-19 14:00:00,2026-07-19 14:19:36,Stopped,Changeover,B,Arancia Rossa 500ml,2400,0,1176,0,0,True
M01,2026-07-19 14:19:36,2026-07-19 15:13:09,Running,,B,Arancia Rossa 500ml,2400,1876,3213,1674,5,False
M01,2026-07-19 15:13:09,2026-07-19 15:37:21,Running,,B,Arancia Rossa 500ml,2400,1908,1452,770,3,False
M01,2026-07-19 15:37:21,2026-07-19 16:17:52,Running,,B,Arancia Rossa 500ml,2400,1910,2431,1290,5,False
M01,2026-07-19 16:17:52,2026-07-19 17:04:43,Running,,B,Arancia Rossa 500ml,2400,1942,2811,1516,5,False
M01,2026-07-19 17:04:43,2026-07-19 17:59:21,Running,,B,Arancia Rossa 500ml,2400,1938,3278,1765,7,False
M01,2026-07-19 17:59:21,2026-07-19 18:24:11,Running,,B,Arancia Rossa 500ml,2400,1924,1490,796,3,False
M01,2026-07-19 18:24:11,2026-07-19 18:34:54,Stopped,External,B,Arancia Rossa 500ml,2400,0,643,0,0,False
M01,2026-07-19 18:34:54,2026-07-19 18:55:42,Running,,B,Arancia Rossa 500ml,2400,1910,1248,662,2,False
M01,2026-07-19 18:55:42,2026-07-19 19:35:12,Running,,B,Arancia Rossa 500ml,2400,1934,2370,1273,5,False
M01,2026-07-19 19:35:12,2026-07-19 19:50:20,Stopped,Starvation,B,Arancia Rossa 500ml,2400,0,908,0,0,False
M01,2026-07-19 19:50:20,2026-07-19 20:49:50,Running,,B,Arancia Rossa 500ml,2400,1938,3570,1922,6,False
M01,2026-07-19 20:49:50,2026-07-19 21:02:13,Stopped,Buildup,B,Arancia Rossa 500ml,2400,0,743,0,0,False
M01,2026-07-19 21:02:13,2026-07-19 21:54:45,Running,,B,Arancia Rossa 500ml,2400,1873,3152,1640,6,False
M01,2026-07-19 21:54:45,2026-07-19 22:00:00,Running,,B,Arancia Rossa 500ml,2400,1925,315,168,1,False
M01,2026-07-19 22:00:00,2026-07-19 22:48:42,Running,,C,Arancia Rossa 500ml,2400,1874,2922,1521,6,False
M01,2026-07-19 22:48:42,2026-07-19 23:34:30,Running,,C,Arancia Rossa 500ml,2400,1903,2748,1453,6,False
M01,2026-07-19 23:34:30,2026-07-19 23:59:36,Running,,C,Arancia Rossa 500ml,2400,1911,1506,799,3,False
M01,2026-07-19 23:59:36,2026-07-20 00:00:00,Idle,,C,Arancia Rossa 500ml,2400,0,24,0,0,False
M01,2026-07-20 00:00:00,2026-07-20 00:38:57,Running,,C,Arancia Rossa 500ml,2400,2236,2337,1452,4,False
M01,2026-07-20 00:38:57,2026-07-20 01:32:55,Running,,C,Arancia Rossa 500ml,2400,2293,3238,2062,7,False
M01,2026-07-20 01:32:55,2026-07-20 02:04:20,Running,,C,Arancia Rossa 500ml,2400,2279,1885,1193,4,False
M01,2026-07-20 02:04:20,2026-07-20 02:28:24,Running,,C,Arancia Rossa 500ml,2400,2304,1444,924,3,False
M01,2026-07-20 02:28:24,2026-07-20 02:30:57,Stopped,External,C,Arancia Rossa 500ml,2400,0,153,0,0,False
M01,2026-07-20 02:30:57,2026-07-20 03:26:41,Running,,C,Arancia Rossa 500ml,2400,2256,3344,2096,7,False
M01,2026-07-20 03:26:41,2026-07-20 04:14:08,Running,,C,Arancia Rossa 500ml,2400,2282,2847,1805,7,False
M01,2026-07-20 04:14:08,2026-07-20 04:40:20,Running,,C,Arancia Rossa 500ml,2400,2246,1572,981,3,False
M01,2026-07-20 04:40:20,2026-07-20 05:35:26,Running,,C,Arancia Rossa 500ml,2400,2311,3306,2122,9,False
M01,2026-07-20 05:35:26,2026-07-20 05:59:54,Running,,C,Arancia Rossa 500ml,2400,2280,1468,930,4,False
M01,2026-07-20 05:59:54,2026-07-20 06:00:00,Idle,,C,Arancia Rossa 500ml,2400,0,6,0,0,False
M01,2026-07-20 06:00:00,2026-07-20 06:11:36,Stopped,Buildup,A,Arancia Rossa 500ml,2400,0,696,0,0,False
M01,2026-07-20 06:11:36,2026-07-20 07:02:48,Running,,A,Arancia Rossa 500ml,2400,2258,3072,1927,8,False
M01,2026-07-20 07:02:48,2026-07-20 07:49:46,Running,,A,Arancia Rossa 500ml,2400,2299,2818,1800,6,False
M01,2026-07-20 07:49:46,2026-07-20 08:42:15,Running,,A,Arancia Rossa 500ml,2400,2292,3149,2005,6,False
M01,2026-07-20 08:42:15,2026-07-20 09:21:10,Running,,A,Arancia Rossa 500ml,2400,2311,2335,1499,6,False
M01,2026-07-20 09:21:10,2026-07-20 09:35:50,Stopped,Starvation,A,Arancia Rossa 500ml,2400,0,880,0,0,False
M01,2026-07-20 09:35:50,2026-07-20 10:12:58,Running,,A,Arancia Rossa 500ml,2400,2248,2228,1391,6,False
M01,2026-07-20 10:12:58,2026-07-20 11:04:45,Running,,A,Arancia Rossa 500ml,2400,2293,3107,1979,7,False
M01,2026-07-20 11:04:45,2026-07-20 12:04:07,Running,,A,Arancia Rossa 500ml,2400,2269,3562,2245,8,False
M01,2026-07-20 12:04:07,2026-07-20 12:11:43,Idle,,A,Arancia Rossa 500ml,2400,0,456,0,0,False
M01,2026-07-20 12:11:43,2026-07-20 12:34:31,Running,,A,Arancia Rossa 500ml,2400,2300,1368,874,3,False
M01,2026-07-20 12:34:31,2026-07-20 12:56:29,Running,,A,Arancia Rossa 500ml,2400,2241,1318,820,3,False
M01,2026-07-20 12:56:29,2026-07-20 13:39:17,Running,,A,Arancia Rossa 500ml,2400,2303,2568,1643,7,False
M01,2026-07-20 13:39:17,2026-07-20 13:59:24,Running,,A,Arancia Rossa 500ml,2400,2290,1207,768,3,False
M01,2026-07-20 13:59:24,2026-07-20 14:00:00,Idle,,A,Arancia Rossa 500ml,2400,0,36,0,0,False
M01,2026-07-20 14:00:00,2026-07-20 14:15:33,Stopped,Changeover,B,Lampone Zero 560ml,2200,0,933,0,0,True
M01,2026-07-20 14:15:33,2026-07-20 14:44:47,Running,,B,Lampone Zero 560ml,2200,2082,1754,1014,4,False
M01,2026-07-20 14:44:47,2026-07-20 15:10:26,Running,,B,Lampone Zero 560ml,2200,2045,1539,874,3,False
M01,2026-07-20 15:10:26,2026-07-20 15:47:41,Running,,B,Lampone Zero 560ml,2200,2119,2235,1316,5,False
M01,2026-07-20 15:47:41,2026-07-20 16:42:55,Running,,B,Lampone Zero 560ml,2200,2113,3314,1945,6,False
M01,2026-07-20 16:42:55,2026-07-20 16:53:59,Stopped,Buildup,B,Lampone Zero 560ml,2200,0,664,0,0,False
M01,2026-07-20 16:53:59,2026-07-20 17:39:04,Running,,B,Lampone Zero 560ml,2200,2104,2705,1581,6,False
M01,2026-07-20 17:39:04,2026-07-20 18:02:50,Running,,B,Lampone Zero 560ml,2200,2068,1426,819,2,False
M01,2026-07-20 18:02:50,2026-07-20 18:29:00,Running,,B,Lampone Zero 560ml,2200,2064,1570,900,4,False
M01,2026-07-20 18:29:00,2026-07-20 18:35:29,Stopped,Starvation,B,Lampone Zero 560ml,2200,0,389,0,0,False
M01,2026-07-20 18:35:29,2026-07-20 18:40:34,Stopped,Starvation,B,Lampone Zero 560ml,2200,0,305,0,0,False
M01,2026-07-20 18:40:34,2026-07-20 19:05:48,Running,,B,Lampone Zero 560ml,2200,2104,1514,885,3,False
M01,2026-07-20 19:05:48,2026-07-20 20:05:15,Running,,B,Lampone Zero 560ml,2200,2074,3567,2055,6,False
M01,2026-07-20 20:05:15,2026-07-20 20:39:43,Running,,B,Lampone Zero 560ml,2200,2053,2068,1179,4,False
M01,2026-07-20 20:39:43,2026-07-20 21:25:37,Running,,B,Lampone Zero 560ml,2200,2084,2754,1594,7,False
M01,2026-07-20 21:25:37,2026-07-20 21:54:22,Running,,B,Lampone Zero 560ml,2200,2090,1725,1001,4,False
M01,2026-07-20 21:54:22,2026-07-20 22:00:00,Running,,B,Lampone Zero 560ml,2200,2116,338,199,1,False
M01,2026-07-20 22:00:00,2026-07-20 22:54:36,Running,,C,Lampone Zero 560ml,2200,2090,3276,1902,7,False
M01,2026-07-20 22:54:36,2026-07-20 23:05:31,Stopped,Starvation,C,Lampone Zero 560ml,2200,0,655,0,0,False
M01,2026-07-20 23:05:31,2026-07-20 23:49:17,Running,,C,Lampone Zero 560ml,2200,2083,2626,1519,5,False
M01,2026-07-20 23:49:17,2026-07-21 00:00:00,Running,,C,Lampone Zero 560ml,2200,2046,643,365,1,False
M01,2026-07-21 00:00:00,2026-07-21 00:42:46,Running,,C,Lampone Zero 560ml,2200,2078,2566,1481,6,False
M01,2026-07-21 00:42:46,2026-07-21 00:54:51,Stopped,Starvation,C,Lampone Zero 560ml,2200,0,725,0,0,False
M01,2026-07-21 00:54:51,2026-07-21 01:00:02,Stopped,Starvation,C,Lampone Zero 560ml,2200,0,311,0,0,False
M01,2026-07-21 01:00:02,2026-07-21 01:46:22,Running,,C,Lampone Zero 560ml,2200,2102,2780,1623,6,False
M01,2026-07-21 01:46:22,2026-07-21 02:00:22,Stopped,External,C,Lampone Zero 560ml,2200,0,840,0,0,False
M01,2026-07-21 02:00:22,2026-07-21 02:38:51,Running,,C,Lampone Zero 560ml,2200,2100,2309,1347,6,False
M01,2026-07-21 02:38:51,2026-07-21 03:06:42,Running,,C,Lampone Zero 560ml,2200,2089,1671,970,3,False
M01,2026-07-21 03:06:42,2026-07-21 03:54:52,Running,,C,Lampone Zero 560ml,2200,2110,2890,1694,6,False
M01,2026-07-21 03:54:52,2026-07-21 04:37:01,Running,,C,Lampone Zero 560ml,2200,2077,2529,1459,6,False
M01,2026-07-21 04:37:01,2026-07-21 05:27:42,Running,,C,Lampone Zero 560ml,2200,2106,3041,1779,6,False
M01,2026-07-21 05:27:42,2026-07-21 05:49:09,Running,,C,Lampone Zero 560ml,2200,2043,1287,730,3,False
M01,2026-07-21 05:49:09,2026-07-21 06:00:00,Running,,C,Lampone Zero 560ml,2200,2096,651,379,2,False
M01,2026-07-21 06:00:00,2026-07-21 06:56:36,Stopped,Maintenance,A,Lampone Zero 560ml,2200,0,3396,0,0,True
M01,2026-07-21 06:56:36,2026-07-21 07:38:18,Running,,A,Lampone Zero 560ml,2200,2076,2502,1443,5,False
M01,2026-07-21 07:38:18,2026-07-21 08:13:46,Running,,A,Lampone Zero 560ml,2200,2087,2128,1234,4,False
M01,2026-07-21 08:13:46,2026-07-21 08:52:09,Running,,A,Lampone Zero 560ml,2200,2107,2303,1348,4,False
M01,2026-07-21 08:52:09,2026-07-21 09:05:12,Stopped,External,A,Lampone Zero 560ml,2200,0,783,0,0,False
M01,2026-07-21 09:05:12,2026-07-21 09:19:06,Stopped,Starvation,A,Lampone Zero 560ml,2200,0,834,0,0,False
M01,2026-07-21 09:19:06,2026-07-21 09:33:10,Stopped,Buildup,A,Lampone Zero 560ml,2200,0,844,0,0,False
M01,2026-07-21 09:33:10,2026-07-21 09:58:45,Running,,A,Lampone Zero 560ml,2200,2071,1535,883,3,False
M01,2026-07-21 09:58:45,2026-07-21 10:49:05,Running,,A,Lampone Zero 560ml,2200,2090,3020,1753,6,False
M01,2026-07-21 10:49:05,2026-07-21 11:04:14,Idle,,A,Lampone Zero 560ml,2200,0,909,0,0,False
M01,2026-07-21 11:04:14,2026-07-21 11:31:19,Running,,A,Lampone Zero 560ml,2200,2087,1625,942,3,False
M01,2026-07-21 11:31:19,2026-07-21 11:42:58,Stopped,External,A,Lampone Zero 560ml,2200,0,699,0,0,False
M01,2026-07-21 11:42:58,2026-07-21 12:21:18,Running,,A,Lampone Zero 560ml,2200,2044,2300,1306,5,False
M01,2026-07-21 12:21:18,2026-07-21 12:53:53,Running,,A,Lampone Zero 560ml,2200,2125,1955,1154,4,False
M01,2026-07-21 12:53:53,2026-07-21 13:21:48,Running,,A,Lampone Zero 560ml,2200,2062,1675,959,3,False
M01,2026-07-21 13:21:48,2026-07-21 13:58:52,Running,,A,Lampone Zero 560ml,2200,2078,2224,1284,5,False
M01,2026-07-21 13:58:52,2026-07-21 14:00:00,Idle,,A,Lampone Zero 560ml,2200,0,68,0,0,False
M01,2026-07-21 14:00:00,2026-07-21 14:24:41,Stopped,Changeover,B,Arancia Rossa 500ml,2400,0,1481,0,0,True
M01,2026-07-21 14:24:41,2026-07-21 14:31:27,Stopped,Starvation,B,Arancia Rossa 500ml,2400,0,406,0,0,False
M01,2026-07-21 14:31:27,2026-07-21 14:54:28,Running,,B,Arancia Rossa 500ml,2400,2284,1381,876,3,False
M01,2026-07-21 14:54:28,2026-07-21 14:58:52,Stopped,Starvation,B,Arancia Rossa 500ml,2400,0,264,0,0,False
M01,2026-07-21 14:58:52,2026-07-21 15:11:38,Stopped,Operator,B,Arancia Rossa 500ml,2400,0,766,0,0,False
M01,2026-07-21 15:11:38,2026-07-21 15:19:16,Stopped,Starvation,B,Arancia Rossa 500ml,2400,0,458,0,0,False
M01,2026-07-21 15:19:16,2026-07-21 15:47:54,Running,,B,Arancia Rossa 500ml,2400,2288,1718,1092,4,False
M01,2026-07-21 15:47:54,2026-07-21 15:57:16,Stopped,Operator,B,Arancia Rossa 500ml,2400,0,562,0,0,False
M01,2026-07-21 15:57:16,2026-07-21 16:42:23,Running,,B,Arancia Rossa 500ml,2400,2293,2707,1724,6,False
M01,2026-07-21 16:42:23,2026-07-21 17:15:35,Running,,B,Arancia Rossa 500ml,2400,2318,1992,1283,4,False
M01,2026-07-21 17:15:35,2026-07-21 17:45:38,Running,,B,Arancia Rossa 500ml,2400,2303,1803,1153,3,False
M01,2026-07-21 17:45:38,2026-07-21 18:13:45,Running,,B,Arancia Rossa 500ml,2400,2246,1687,1053,3,False
M01,2026-07-21 18:13:45,2026-07-21 18:59:52,Running,,B,Arancia Rossa 500ml,2400,2235,2767,1718,6,False
M01,2026-07-21 18:59:52,2026-07-21 19:16:43,Idle,,B,Arancia Rossa 500ml,2400,0,1011,0,0,False
M01,2026-07-21 19:16:43,2026-07-21 20:02:45,Running,,B,Arancia Rossa 500ml,2400,2239,2762,1718,6,False
M01,2026-07-21 20:02:45,2026-07-21 20:07:06,Stopped,External,B,Arancia Rossa 500ml,2400,0,261,0,0,False
M01,2026-07-21 20:07:06,2026-07-21 21:06:12,Running,,B,Arancia Rossa 500ml,2400,2266,3546,2232,7,False
M01,2026-07-21 21:06:12,2026-07-21 21:30:47,Running,,B,Arancia Rossa 500ml,2400,2304,1475,944,3,False
M01,2026-07-21 21:30:47,2026-07-21 21:42:52,Stopped,External,B,Arancia Rossa 500ml,2400,0,725,0,0,False
M01,2026-07-21 21:42:52,2026-07-21 21:58:37,Idle,,B,Arancia Rossa 500ml,2400,0,945,0,0,False
M01,2026-07-21 21:58:37,2026-07-21 22:00:00,Idle,,B,Arancia Rossa 500ml,2400,0,83,0,0,False
M01,2026-07-21 22:00:00,2026-07-21 22:25:25,Running,,C,Arancia Rossa 500ml,2400,2269,1525,961,4,False
M01,2026-07-21 22:25:25,2026-07-21 23:01:11,Running,,C,Arancia Rossa 500ml,2400,2271,2146,1354,6,False
M01,2026-07-21 23:01:11,2026-07-21 23:48:26,Running,,C,Arancia Rossa 500ml,2400,2233,2835,1758,6,False
M01,2026-07-21 23:48:26,2026-07-22 00:00:00,Running,,C,Arancia Rossa 500ml,2400,2300,694,443,2,False
M01,2026-07-22 00:00:00,2026-07-22 00:37:47,Running,,C,Arancia Rossa 500ml,2400,2252,2267,1418,6,False
M01,2026-07-22 00:37:47,2026-07-22 01:18:52,Running,,C,Arancia Rossa 500ml,2400,2283,2465,1563,6,False
M01,2026-07-22 01:18:52,2026-07-22 01:28:38,Stopped,External,C,Arancia Rossa 500ml,2400,0,586,0,0,False
M01,2026-07-22 01:28:38,2026-07-22 02:12:07,Running,,C,Arancia Rossa 500ml,2400,2267,2609,1643,7,False
M01,2026-07-22 02:12:07,2026-07-22 02:14:34,Stopped,External,C,Arancia Rossa 500ml,2400,0,147,0,0,False
M01,2026-07-22 02:14:34,2026-07-22 03:02:18,Running,,C,Arancia Rossa 500ml,2400,2293,2864,1824,7,False
M01,2026-07-22 03:02:18,2026-07-22 03:31:38,Running,,C,Arancia Rossa 500ml,2400,2277,1760,1113,4,False
M01,2026-07-22 03:31:38,2026-07-22 03:43:23,Stopped,Fault,C,Arancia Rossa 500ml,2400,0,705,0,0,False
M01,2026-07-22 03:43:23,2026-07-22 04:12:38,Running,,C,Arancia Rossa 500ml,2400,2261,1755,1102,5,False
M01,2026-07-22 04:12:38,2026-07-22 04:14:55,Stopped,Operator,C,Arancia Rossa 500ml,2400,0,137,0,0,False
M01,2026-07-22 04:14:55,2026-07-22 05:07:08,Running,,C,Arancia Rossa 500ml,2400,2239,3133,1949,6,False
M01,2026-07-22 05:07:08,2026-07-22 05:52:17,Running,,C,Arancia Rossa 500ml,2400,2305,2709,1735,6,False
M01,2026-07-22 05:52:17,2026-07-22 06:00:00,Running,,C,Arancia Rossa 500ml,2400,2267,463,292,1,False
M01,2026-07-22 06:00:00,2026-07-22 06:08:55,Stopped,External,A,Arancia Rossa 500ml,2400,0,535,0,0,False
M01,2026-07-22 06:08:55,2026-07-22 06:51:38,Running,,A,Arancia Rossa 500ml,2400,2229,2563,1587,6,False
M01,2026-07-22 06:51:38,2026-07-22 07:29:51,Running,,A,Arancia Rossa 500ml,2400,2264,2293,1442,6,False
M01,2026-07-22 07:29:51,2026-07-22 07:44:55,Stopped,Fault,A,Arancia Rossa 500ml,2400,0,904,0,0,False
M01,2026-07-22 07:44:55,2026-07-22 08:40:34,Running,,A,Arancia Rossa 500ml,2400,2243,3339,2080,9,False
M01,2026-07-22 08:40:34,2026-07-22 09:39:07,Running,,A,Arancia Rossa 500ml,2400,2238,3513,2184,8,False
M01,2026-07-22 09:39:07,2026-07-22 10:17:27,Running,,A,Arancia Rossa 500ml,2400,2240,2300,1431,6,False
M01,2026-07-22 10:17:27,2026-07-22 11:08:33,Running,,A,Arancia Rossa 500ml,2400,2243,3066,1910,8,False
M01,2026-07-22 11:08:33,2026-07-22 11:41:30,Running,,A,Arancia Rossa 500ml,2400,2262,1977,1242,4,False
M01,2026-07-22 11:41:30,2026-07-22 11:50:03,Stopped,Starvation,A,Arancia Rossa 500ml,2400,0,513,0,0,False
M01,2026-07-22 11:50:03,2026-07-22 11:52:10,Stopped,Buildup,A,Arancia Rossa 500ml,2400,0,127,0,0,False
M01,2026-07-22 11:52:10,2026-07-22 12:27:50,Running,,A,Arancia Rossa 500ml,2400,2234,2140,1328,4,False
M01,2026-07-22 12:27:50,2026-07-22 13:05:38,Running,,A,Arancia Rossa 500ml,2400,2241,2268,1412,4,False
M01,2026-07-22 13:05:38,2026-07-22 13:47:20,Running,,A,Arancia Rossa 500ml,2400,2281,2502,1585,7,False
M01,2026-07-22 13:47:20,2026-07-22 14:00:00,Running,,A,Arancia Rossa 500ml,2400,2246,760,474,2,False
M01,2026-07-22 14:00:00,2026-07-22 14:36:04,Stopped,Changeover,B,Lampone Zero 560ml,2200,0,2164,0,0,True
M01,2026-07-22 14:36:04,2026-07-22 15:36:03,Running,,B,Lampone Zero 560ml,2200,2063,3599,2062,7,False
M01,2026-07-22 15:36:03,2026-07-22 15:59:57,Running,,B,Lampone Zero 560ml,2200,2092,1434,833,3,False
M01,2026-07-22 15:59:57,2026-07-22 16:51:27,Running,,B,Lampone Zero 560ml,2200,2087,3090,1791,6,False
M01,2026-07-22 16:51:27,2026-07-22 17:21:13,Running,,B,Lampone Zero 560ml,2200,2096,1786,1040,4,False
M01,2026-07-22 17:21:13,2026-07-22 17:55:27,Running,,B,Lampone Zero 560ml,2200,2050,2054,1170,4,False
M01,2026-07-22 17:55:27,2026-07-22 18:46:49,Running,,B,Lampone Zero 560ml,2200,2082,3082,1782,8,False
M01,2026-07-22 18:46:49,2026-07-22 19:01:01,Idle,,B,Lampone Zero 560ml,2200,0,852,0,0,False
M01,2026-07-22 19:01:01,2026-07-22 19:45:07,Running,,B,Lampone Zero 560ml,2200,2066,2646,1519,7,False
M01,2026-07-22 19:45:07,2026-07-22 19:52:31,Stopped,Starvation,B,Lampone Zero 560ml,2200,0,444,0,0,False
M01,2026-07-22 19:52:31,2026-07-22 20:43:22,Running,,B,Lampone Zero 560ml,2200,2065,3051,1750,5,False
M01,2026-07-22 20:43:22,2026-07-22 20:53:41,Stopped,Supplies,B,Lampone Zero 560ml,2200,0,619,0,0,False
M01,2026-07-22 20:53:41,2026-07-22 21:02:40,Idle,,B,Lampone Zero 560ml,2200,0,539,0,0,False
M01,2026-07-22 21:02:40,2026-07-22 21:41:21,Running,,B,Lampone Zero 560ml,2200,2087,2321,1346,5,False
M01,2026-07-22 21:41:21,2026-07-22 21:43:51,Stopped,External,B,Lampone Zero 560ml,2200,0,150,0,0,False
M01,2026-07-22 21:43:51,2026-07-22 21:58:29,Stopped,External,B,Lampone Zero 560ml,2200,0,878,0,0,False
M01,2026-07-22 21:58:29,2026-07-22 22:00:00,Idle,,B,Lampone Zero 560ml,2200,0,91,0,0,False
M01,2026-07-22 22:00:00,2026-07-22 22:47:08,Running,,C,Lampone Zero 560ml,2200,2086,2828,1639,7,False
M01,2026-07-22 22:47:08,2026-07-22 23:17:42,Running,,C,Lampone Zero 560ml,2200,2103,1834,1071,3,False
M01,2026-07-22 23:17:42,2026-07-22 23:39:01,Running,,C,Lampone Zero 560ml,2200,2069,1279,735,2,False
M01,2026-07-22 23:39:01,2026-07-22 23:59:53,Running,,C,Lampone Zero 560ml,2200,2086,1252,725,3,False
M01,2026-07-22 23:59:53,2026-07-23 00:00:00,Idle,,C,Lampone Zero 560ml,2200,0,7,0,0,False
M01,2026-07-23 00:00:00,2026-07-23 00:32:41,Running,,C,Lampone Zero 560ml,2200,2114,1961,1152,5,False
M01,2026-07-23 00:32:41,2026-07-23 00:59:49,Running,,C,Lampone Zero 560ml,2200,2118,1628,958,3,False
M01,2026-07-23 00:59:49,2026-07-23 01:23:04,Running,,C,Lampone Zero 560ml,2200,2086,1395,808,4,False
M01,2026-07-23 01:23:04,2026-07-23 01:43:26,Running,,C,Lampone Zero 560ml,2200,2048,1222,695,3,False
M01,2026-07-23 01:43:26,2026-07-23 01:56:50,Stopped,Starvation,C,Lampone Zero 560ml,2200,0,804,0,0,False
M01,2026-07-23 01:56:50,2026-07-23 02:21:15,Running,,C,Lampone Zero 560ml,2200,2082,1465,847,3,False
M01,2026-07-23 02:21:15,2026-07-23 02:29:48,Idle,,C,Lampone Zero 560ml,2200,0,513,0,0,False
M01,2026-07-23 02:29:48,2026-07-23 03:00:28,Running,,C,Lampone Zero 560ml,2200,2086,1840,1066,4,False
M01,2026-07-23 03:00:28,2026-07-23 03:36:53,Running,,C,Lampone Zero 560ml,2200,2068,2185,1255,5,False
M01,2026-07-23 03:36:53,2026-07-23 04:12:46,Running,,C,Lampone Zero 560ml,2200,2070,2153,1238,5,False
M01,2026-07-23 04:12:46,2026-07-23 04:53:59,Running,,C,Lampone Zero 560ml,2200,2070,2473,1422,6,False
M01,2026-07-23 04:53:59,2026-07-23 05:37:17,Running,,C,Lampone Zero 560ml,2200,2062,2598,1488,5,False
M01,2026-07-23 05:37:17,2026-07-23 05:59:25,Running,,C,Lampone Zero 560ml,2200,2119,1328,782,3,False
M01,2026-07-23 05:59:25,2026-07-23 06:00:00,Idle,,C,Lampone Zero 560ml,2200,0,35,0,0,False
M01,2026-07-23 06:00:00,2026-07-23 06:10:41,Stopped,External,A,Lampone Zero 560ml,2200,0,641,0,0,False
M01,2026-07-23 06:10:41,2026-07-23 06:38:33,Running,,A,Lampone Zero 560ml,2200,2079,1672,966,3,False
M01,2026-07-23 06:38:33,2026-07-23 06:51:29,Stopped,External,A,Lampone Zero 560ml,2200,0,776,0,0,False
M01,2026-07-23 06:51:29,2026-07-23 07:36:27,Running,,A,Lampone Zero 560ml,2200,2091,2698,1567,5,False
M01,2026-07-23 07:36:27,2026-07-23 08:10:47,Running,,A,Lampone Zero 560ml,2200,2085,2060,1193,4,False
M01,2026-07-23 08:10:47,2026-07-23 09:08:16,Running,,A,Lampone Zero 560ml,2200,2087,3449,1999,6,False
M01,2026-07-23 09:08:16,2026-07-23 10:08:09,Running,,A,Lampone Zero 560ml,2200,2118,3593,2114,7,False
M01,2026-07-23 10:08:09,2026-07-23 10:33:41,Running,,A,Lampone Zero 560ml,2200,2045,1532,870,3,False
M01,2026-07-23 10:33:41,2026-07-23 11:25:28,Running,,A,Lampone Zero 560ml,2200,2047,3107,1767,5,False
M01,2026-07-23 11:25:28,2026-07-23 12:06:38,Running,,A,Lampone Zero 560ml,2200,2082,2470,1428,6,False
M01,2026-07-23 12:06:38,2026-07-23 12:12:40,Stopped,Buildup,A,Lampone Zero 560ml,2200,0,362,0,0,False
M01,2026-07-23 12:12:40,2026-07-23 12:33:12,Running,,A,Lampone Zero 560ml,2200,2122,1232,726,2,False
M01,2026-07-23 12:33:12,2026-07-23 13:32:10,Running,,A,Lampone Zero 560ml,2200,2083,3538,2047,8,False
M01,2026-07-23 13:32:10,2026-07-23 13:52:33,Running,,A,Lampone Zero 560ml,2200,2125,1223,722,3,False
M01,2026-07-23 13:52:33,2026-07-23 14:00:00,Running,,A,Lampone Zero 560ml,2200,2052,447,255,1,False
M01,2026-07-23 14:00:00,2026-07-23 14:24:24,Stopped,Changeover,B,Arancia Rossa 500ml,2400,0,1464,0,0,True
M01,2026-07-23 14:24:24,2026-07-23 14:31:44,Stopped,Supplies,B,Arancia Rossa 500ml,2400,0,440,0,0,False
M01,2026-07-23 14:31:44,2026-07-23 14:42:07,Idle,,B,Arancia Rossa 500ml,2400,0,623,0,0,False
M01,2026-07-23 14:42:07,2026-07-23 14:47:28,Stopped,Operator,B,Arancia Rossa 500ml,2400,0,321,0,0,False
M01,2026-07-23 14:47:28,2026-07-23 15:44:47,Running,,B,Arancia Rossa 500ml,2400,2236,3439,2136,9,False
M01,2026-07-23 15:44:47,2026-07-23 16:27:51,Running,,B,Arancia Rossa 500ml,2400,2232,2584,1602,6,False
M01,2026-07-23 16:27:51,2026-07-23 17:18:20,Running,,B,Arancia Rossa 500ml,2400,2302,3029,1937,6,False
M01,2026-07-23 17:18:20,2026-07-23 17:49:50,Running,,B,Arancia Rossa 500ml,2400,2255,1890,1184,4,False
M01,2026-07-23 17:49:50,2026-07-23 18:18:28,Running,,B,Arancia Rossa 500ml,2400,2291,1718,1093,5,False
M01,2026-07-23 18:18:28,2026-07-23 18:43:31,Running,,B,Arancia Rossa 500ml,2400,2306,1503,963,4,False
M01,2026-07-23 18:43:31,2026-07-23 18:57:41,Stopped,External,B,Arancia Rossa 500ml,2400,0,850,0,0,False
M01,2026-07-23 18:57:41,2026-07-23 19:38:18,Running,,B,Arancia Rossa 500ml,2400,2270,2437,1537,5,False
M01,2026-07-23 19:38:18,2026-07-23 20:22:26,Running,,B,Arancia Rossa 500ml,2400,2246,2648,1652,6,False
M01,2026-07-23 20:22:26,2026-07-23 20:25:54,Stopped,Buildup,B,Arancia Rossa 500ml,2400,0,208,0,0,False
M01,2026-07-23 20:25:54,2026-07-23 20:59:11,Running,,B,Arancia Rossa 500ml,2400,2298,1997,1275,5,False
M01,2026-07-23 20:59:11,2026-07-23 21:05:40,Stopped,Supplies,B,Arancia Rossa 500ml,2400,0,389,0,0,False
M01,2026-07-23 21:05:40,2026-07-23 21:59:00,Running,,B,Arancia Rossa 500ml,2400,2263,3200,2012,7,False
M01,2026-07-23 21:59:00,2026-07-23 22:00:00,Idle,,B,Arancia Rossa 500ml,2400,0,60,0,0,False
M01,2026-07-23 22:00:00,2026-07-23 22:23:43,Stopped,Changeover,C,Lampone Zero 560ml,2200,0,1423,0,0,True
M01,2026-07-23 22:23:43,2026-07-23 22:32:07,Stopped,Buildup,C,Lampone Zero 560ml,2200,0,504,0,0,False
M01,2026-07-23 22:32:07,2026-07-23 22:38:19,Stopped,Starvation,C,Lampone Zero 560ml,2200,0,372,0,0,False
M01,2026-07-23 22:38:19,2026-07-23 23:01:20,Running,,C,Lampone Zero 560ml,2200,2087,1381,801,3,False
M01,2026-07-23 23:01:20,2026-07-23 23:09:21,Stopped,Starvation,C,Lampone Zero 560ml,2200,0,481,0,0,False
M01,2026-07-23 23:09:21,2026-07-23 23:57:30,Running,,C,Lampone Zero 560ml,2200,2124,2889,1705,6,False
M01,2026-07-23 23:57:30,2026-07-24 00:00:00,Idle,,C,Lampone Zero 560ml,2200,0,150,0,0,False
M01,2026-07-24 00:00:00,2026-07-24 00:50:16,Running,,C,Lampone Zero 560ml,2200,2020,3016,1692,7,False
M01,2026-07-24 00:50:16,2026-07-24 00:53:26,Stopped,Starvation,C,Lampone Zero 560ml,2200,0,190,0,0,False
M01,2026-07-24 00:53:26,2026-07-24 01:06:00,Stopped,Starvation,C,Lampone Zero 560ml,2200,0,754,0,0,False
M01,2026-07-24 01:06:00,2026-07-24 01:28:10,Running,,C,Lampone Zero 560ml,2200,2062,1330,762,3,False
M01,2026-07-24 01:28:10,2026-07-24 01:36:14,Stopped,External,C,Lampone Zero 560ml,2200,0,484,0,0,False
M01,2026-07-24 01:36:14,2026-07-24 02:16:53,Running,,C,Lampone Zero 560ml,2200,2008,2439,1360,4,False
M01,2026-07-24 02:16:53,2026-07-24 03:02:43,Running,,C,Lampone Zero 560ml,2200,2018,2750,1542,6,False
M01,2026-07-24 03:02:43,2026-07-24 03:18:08,Stopped,Starvation,C,Lampone Zero 560ml,2200,0,925,0,0,False
M01,2026-07-24 03:18:08,2026-07-24 04:02:25,Running,,C,Lampone Zero 560ml,2200,2040,2657,1506,7,False
M01,2026-07-24 04:02:25,2026-07-24 04:16:15,Stopped,Fault,C,Lampone Zero 560ml,2200,0,830,0,0,False
M01,2026-07-24 04:16:15,2026-07-24 04:22:55,Stopped,Buildup,C,Lampone Zero 560ml,2200,0,400,0,0,False
M01,2026-07-24 04:22:55,2026-07-24 05:16:35,Running,,C,Lampone Zero 560ml,2200,2035,3220,1820,7,False
M01,2026-07-24 05:16:35,2026-07-24 05:47:49,Running,,C,Lampone Zero 560ml,2200,1989,1874,1035,3,False
M01,2026-07-24 05:47:49,2026-07-24 06:00:00,Running,,C,Lampone Zero 560ml,2200,1993,731,405,2,False
M01,2026-07-24 06:00:00,2026-07-24 06:24:36,Stopped,Changeover,A,Arancia Rossa 500ml,2400,0,1476,0,0,True
M01,2026-07-24 06:24:36,2026-07-24 07:17:16,Running,,A,Arancia Rossa 500ml,2400,2183,3160,1916,8,False
M01,2026-07-24 07:17:16,2026-07-24 07:54:02,Running,,A,Arancia Rossa 500ml,2400,2190,2206,1342,4,False
M01,2026-07-24 07:54:02,2026-07-24 08:04:32,Idle,,A,Arancia Rossa 500ml,2400,0,630,0,0,False
M01,2026-07-24 08:04:32,2026-07-24 08:49:40,Running,,A,Arancia Rossa 500ml,2400,2184,2708,1643,7,False
M01,2026-07-24 08:49:40,2026-07-24 09:03:56,Stopped,Starvation,A,Arancia Rossa 500ml,2400,0,856,0,0,False
M01,2026-07-24 09:03:56,2026-07-24 09:44:10,Running,,A,Arancia Rossa 500ml,2400,2197,2414,1473,5,False
M01,2026-07-24 09:44:10,2026-07-24 09:57:07,Stopped,Fault,A,Arancia Rossa 500ml,2400,0,777,0,0,False
M01,2026-07-24 09:57:07,2026-07-24 10:51:27,Running,,A,Arancia Rossa 500ml,2400,2238,3260,2027,8,False
M01,2026-07-24 10:51:27,2026-07-24 10:53:42,Stopped,Buildup,A,Arancia Rossa 500ml,2400,0,135,0,0,False
M01,2026-07-24 10:53:42,2026-07-24 11:45:41,Running,,A,Arancia Rossa 500ml,2400,2210,3119,1915,8,False
M01,2026-07-24 11:45:41,2026-07-24 12:09:01,Running,,A,Arancia Rossa 500ml,2400,2241,1400,872,3,False
M01,2026-07-24 12:09:01,2026-07-24 12:52:27,Running,,A,Arancia Rossa 500ml,2400,2209,2606,1599,7,False
M01,2026-07-24 12:52:27,2026-07-24 13:40:39,Running,,A,Arancia Rossa 500ml,2400,2227,2892,1789,6,False
M01,2026-07-24 13:40:39,2026-07-24 14:00:00,Running,,A,Arancia Rossa 500ml,2400,2205,1161,711,3,False
M01,2026-07-24 14:00:00,2026-07-24 14:30:46,Stopped,Changeover,B,Lampone Zero 560ml,2200,0,1846,0,0,True
M01,2026-07-24 14:30:46,2026-07-24 14:47:23,Idle,,B,Lampone Zero 560ml,2200,0,997,0,0,False
M01,2026-07-24 14:47:23,2026-07-24 15:46:35,Running,,B,Lampone Zero 560ml,2200,2062,3552,2035,6,False
M01,2026-07-24 15:46:35,2026-07-24 16:06:57,Running,,B,Lampone Zero 560ml,2200,2021,1222,686,2,False
M01,2026-07-24 16:06:57,2026-07-24 16:57:19,Running,,B,Lampone Zero 560ml,2200,2026,3022,1701,5,False
M01,2026-07-24 16:57:19,2026-07-24 17:08:40,Stopped,External,B,Lampone Zero 560ml,2200,0,681,0,0,False
M01,2026-07-24 17:08:40,2026-07-24 17:38:12,Running,,B,Lampone Zero 560ml,2200,2010,1772,989,4,False
M01,2026-07-24 17:38:12,2026-07-24 18:26:14,Running,,B,Lampone Zero 560ml,2200,1982,2882,1587,6,False
M01,2026-07-24 18:26:14,2026-07-24 19:10:09,Running,,B,Lampone Zero 560ml,2200,1998,2635,1462,6,False
M01,2026-07-24 19:10:09,2026-07-24 19:37:12,Running,,B,Lampone Zero 560ml,2200,2046,1623,922,3,False
M01,2026-07-24 19:37:12,2026-07-24 20:35:58,Running,,B,Lampone Zero 560ml,2200,2038,3526,1996,7,False
M01,2026-07-24 20:35:58,2026-07-24 20:43:59,Stopped,External,B,Lampone Zero 560ml,2200,0,481,0,0,False
M01,2026-07-24 20:43:59,2026-07-24 21:12:32,Running,,B,Lampone Zero 560ml,2200,2053,1713,977,4,False
M01,2026-07-24 21:12:32,2026-07-24 21:19:17,Stopped,Starvation,B,Lampone Zero 560ml,2200,0,405,0,0,False
M01,2026-07-24 21:19:17,2026-07-24 21:26:30,Stopped,External,B,Lampone Zero 560ml,2200,0,433,0,0,False
M01,2026-07-24 21:26:30,2026-07-24 21:48:01,Running,,B,Lampone Zero 560ml,2200,2045,1291,733,3,False
M01,2026-07-24 21:48:01,2026-07-24 22:00:00,Running,,B,Lampone Zero 560ml,2200,2034,719,406,1,False
M01,2026-07-24 22:00:00,2026-07-24 22:19:24,Stopped,Changeover,C,Arancia Rossa 500ml,2400,0,1164,0,0,True
M01,2026-07-24 22:19:24,2026-07-24 23:02:54,Running,,C,Arancia Rossa 500ml,2400,2213,2610,1604,6,False
M01,2026-07-24 23:02:54,2026-07-24 23:50:24,Running,,C,Arancia Rossa 500ml,2400,2249,2850,1780,7,False
M01,2026-07-24 23:50:24,2026-07-25 00:00:00,Running,,C,Arancia Rossa 500ml,2400,2178,576,348,1,False
M01,2026-07-25 00:00:00,2026-07-25 00:32:48,Running,,C,Arancia Rossa 500ml,2400,2075,1968,1134,5,False
M01,2026-07-25 00:32:48,2026-07-25 00:38:50,Stopped,Starvation,C,Arancia Rossa 500ml,2400,0,362,0,0,False
M01,2026-07-25 00:38:50,2026-07-25 01:20:24,Running,,C,Arancia Rossa 500ml,2400,2039,2494,1413,4,False
M01,2026-07-25 01:20:24,2026-07-25 01:43:35,Running,,C,Arancia Rossa 500ml,2400,2050,1391,792,3,False
M01,2026-07-25 01:43:35,2026-07-25 01:58:28,Idle,,C,Arancia Rossa 500ml,2400,0,893,0,0,False
M01,2026-07-25 01:58:28,2026-07-25 02:57:06,Running,,C,Arancia Rossa 500ml,2400,2020,3518,1974,8,False
M01,2026-07-25 02:57:06,2026-07-25 03:44:47,Running,,C,Arancia Rossa 500ml,2400,2031,2861,1614,7,False
M01,2026-07-25 03:44:47,2026-07-25 04:08:41,Running,,C,Arancia Rossa 500ml,2400,2025,1434,807,3,False
M01,2026-07-25 04:08:41,2026-07-25 04:32:57,Running,,C,Arancia Rossa 500ml,2400,2055,1456,831,3,False
M01,2026-07-25 04:32:57,2026-07-25 05:13:34,Running,,C,Arancia Rossa 500ml,2400,2062,2437,1396,6,False
M01,2026-07-25 05:13:34,2026-07-25 05:21:27,Stopped,Starvation,C,Arancia Rossa 500ml,2400,0,473,0,0,False
M01,2026-07-25 05:21:27,2026-07-25 05:36:47,Stopped,Starvation,C,Arancia Rossa 500ml,2400,0,920,0,0,False
M01,2026-07-25 05:36:47,2026-07-25 05:51:15,Stopped,Starvation,C,Arancia Rossa 500ml,2400,0,868,0,0,False
M01,2026-07-25 05:51:15,2026-07-25 06:00:00,Running,,C,Arancia Rossa 500ml,2400,2031,525,296,1,False
M01,2026-07-25 06:00:00,2026-07-25 06:23:53,Stopped,Changeover,A,Lampone Zero 560ml,2200,0,1433,0,0,True
M01,2026-07-25 06:23:53,2026-07-25 07:02:21,Running,,A,Lampone Zero 560ml,2200,1870,2308,1199,4,False
M01,2026-07-25 07:02:21,2026-07-25 07:47:03,Running,,A,Lampone Zero 560ml,2200,1906,2682,1420,5,False
M01,2026-07-25 07:47:03,2026-07-25 08:22:19,Running,,A,Lampone Zero 560ml,2200,1881,2116,1106,4,False
M01,2026-07-25 08:22:19,2026-07-25 09:22:10,Running,,A,Lampone Zero 560ml,2200,1858,3591,1853,6,False
M01,2026-07-25 09:22:10,2026-07-25 09:44:09,Running,,A,Lampone Zero 560ml,2200,1888,1319,692,2,False
M01,2026-07-25 09:44:09,2026-07-25 10:19:39,Running,,A,Lampone Zero 560ml,2200,1868,2130,1105,5,False
M01,2026-07-25 10:19:39,2026-07-25 10:30:17,Idle,,A,Lampone Zero 560ml,2200,0,638,0,0,False
M01,2026-07-25 10:30:17,2026-07-25 10:52:45,Running,,A,Lampone Zero 560ml,2200,1909,1348,715,3,False
M01,2026-07-25 10:52:45,2026-07-25 11:25:57,Running,,A,Lampone Zero 560ml,2200,1911,1992,1057,3,False
M01,2026-07-25 11:25:57,2026-07-25 11:37:06,Stopped,External,A,Lampone Zero 560ml,2200,0,669,0,0,False
M01,2026-07-25 11:37:06,2026-07-25 11:57:07,Running,,A,Lampone Zero 560ml,2200,1868,1201,623,2,False
M01,2026-07-25 11:57:07,2026-07-25 12:25:13,Running,,A,Lampone Zero 560ml,2200,1855,1686,869,3,False
M01,2026-07-25 12:25:13,2026-07-25 12:50:32,Running,,A,Lampone Zero 560ml,2200,1842,1519,777,3,False
M01,2026-07-25 12:50:32,2026-07-25 13:39:56,Running,,A,Lampone Zero 560ml,2200,1847,2964,1521,6,False
M01,2026-07-25 13:39:56,2026-07-25 14:00:00,Running,,A,Lampone Zero 560ml,2200,1886,1204,631,2,False
M01,2026-07-25 14:00:00,2026-07-25 14:27:14,Stopped,Changeover,B,Arancia Rossa 500ml,2400,0,1634,0,0,True
M01,2026-07-25 14:27:14,2026-07-25 15:04:22,Running,,B,Arancia Rossa 500ml,2400,2054,2228,1271,5,False
M01,2026-07-25 15:04:22,2026-07-25 15:31:55,Running,,B,Arancia Rossa 500ml,2400,2069,1653,950,3,False
M01,2026-07-25 15:31:55,2026-07-25 15:47:17,Stopped,Fault,B,Arancia Rossa 500ml,2400,0,922,0,0,False
M01,2026-07-25 15:47:17,2026-07-25 16:09:41,Running,,B,Arancia Rossa 500ml,2400,2060,1344,769,3,False
M01,2026-07-25 16:09:41,2026-07-25 16:18:30,Idle,,B,Arancia Rossa 500ml,2400,0,529,0,0,False
M01,2026-07-25 16:18:30,2026-07-25 16:58:45,Running,,B,Arancia Rossa 500ml,2400,2040,2415,1368,6,False
M01,2026-07-25 16:58:45,2026-07-25 17:31:48,Running,,B,Arancia Rossa 500ml,2400,2029,1983,1118,4,False
M01,2026-07-25 17:31:48,2026-07-25 18:25:44,Running,,B,Arancia Rossa 500ml,2400,2086,3236,1875,7,False
M01,2026-07-25 18:25:44,2026-07-25 18:52:08,Running,,B,Arancia Rossa 500ml,2400,2073,1584,912,3,False
M01,2026-07-25 18:52:08,2026-07-25 19:23:52,Running,,B,Arancia Rossa 500ml,2400,2082,1904,1101,4,False
M01,2026-07-25 19:23:52,2026-07-25 19:28:34,Stopped,External,B,Arancia Rossa 500ml,2400,0,282,0,0,False
M01,2026-07-25 19:28:34,2026-07-25 20:16:30,Running,,B,Arancia Rossa 500ml,2400,2059,2876,1645,6,False
M01,2026-07-25 20:16:30,2026-07-25 20:25:20,Idle,,B,Arancia Rossa 500ml,2400,0,530,0,0,False
M01,2026-07-25 20:25:20,2026-07-25 20:47:20,Running,,B,Arancia Rossa 500ml,2400,2049,1320,751,3,False
M01,2026-07-25 20:47:20,2026-07-25 21:22:55,Running,,B,Arancia Rossa 500ml,2400,2066,2135,1225,4,False
M01,2026-07-25 21:22:55,2026-07-25 21:53:15,Running,,B,Arancia Rossa 500ml,2400,2017,1820,1020,3,False
M01,2026-07-25 21:53:15,2026-07-25 22:00:00,Running,,B,Arancia Rossa 500ml,2400,2064,405,232,1,False
M01,2026-07-25 22:00:00,2026-07-25 22:49:24,Running,,C,Arancia Rossa 500ml,2400,2012,2964,1657,6,False
M01,2026-07-25 22:49:24,2026-07-25 23:22:48,Running,,C,Arancia Rossa 500ml,2400,2081,2004,1158,3,False
M01,2026-07-25 23:22:48,2026-07-25 23:25:45,Stopped,Starvation,C,Arancia Rossa 500ml,2400,0,177,0,0,False
M01,2026-07-25 23:25:45,2026-07-25 23:50:35,Running,,C,Arancia Rossa 500ml,2400,2054,1490,850,3,False
M01,2026-07-25 23:50:35,2026-07-25 23:58:01,Stopped,Starvation,C,Arancia Rossa 500ml,2400,0,446,0,0,False
M01,2026-07-25 23:58:01,2026-07-26 00:00:00,Idle,,C,Arancia Rossa 500ml,2400,0,119,0,0,False
M01,2026-07-26 00:00:00,2026-07-26 00:34:57,Running,,C,Arancia Rossa 500ml,2400,1943,2097,1132,4,False
M01,2026-07-26 00:34:57,2026-07-26 01:25:50,Running,,C,Arancia Rossa 500ml,2400,1890,3053,1603,5,False
M01,2026-07-26 01:25:50,2026-07-26 01:29:52,Stopped,External,C,Arancia Rossa 500ml,2400,0,242,0,0,False
M01,2026-07-26 01:29:52,2026-07-26 02:02:08,Running,,C,Arancia Rossa 500ml,2400,1934,1936,1040,4,False
M01,2026-07-26 02:02:08,2026-07-26 02:45:33,Running,,C,Arancia Rossa 500ml,2400,1880,2605,1360,4,False
M01,2026-07-26 02:45:33,2026-07-26 03:40:10,Running,,C,Arancia Rossa 500ml,2400,1929,3277,1756,6,False
M01,2026-07-26 03:40:10,2026-07-26 04:28:34,Running,,C,Arancia Rossa 500ml,2400,1895,2904,1529,6,False
M01,2026-07-26 04:28:34,2026-07-26 04:41:53,Stopped,Starvation,C,Arancia Rossa 500ml,2400,0,799,0,0,False
M01,2026-07-26 04:41:53,2026-07-26 05:24:45,Running,,C,Arancia Rossa 500ml,2400,1875,2572,1340,5,False
M01,2026-07-26 05:24:45,2026-07-26 05:37:18,Stopped,Buildup,C,Arancia Rossa 500ml,2400,0,753,0,0,False
M01,2026-07-26 05:37:18,2026-07-26 05:47:45,Stopped,Buildup,C,Arancia Rossa 500ml,2400,0,627,0,0,False
M01,2026-07-26 05:47:45,2026-07-26 06:00:00,Running,,C,Arancia Rossa 500ml,2400,1917,735,391,2,False
M01,2026-07-26 06:00:00,2026-07-26 06:03:54,Stopped,Buildup,A,Arancia Rossa 500ml,2400,0,234,0,0,False
M01,2026-07-26 06:03:54,2026-07-26 06:53:48,Running,,A,Arancia Rossa 500ml,2400,1946,2994,1618,6,False
M01,2026-07-26 06:53:48,2026-07-26 07:38:22,Running,,A,Arancia Rossa 500ml,2400,1936,2674,1438,6,False
M01,2026-07-26 07:38:22,2026-07-26 07:46:01,Stopped,Starvation,A,Arancia Rossa 500ml,2400,0,459,0,0,False
M01,2026-07-26 07:46:01,2026-07-26 08:29:55,Running,,A,Arancia Rossa 500ml,2400,1924,2634,1408,6,False
M01,2026-07-26 08:29:55,2026-07-26 09:14:05,Running,,A,Arancia Rossa 500ml,2400,1926,2650,1418,6,False
M01,2026-07-26 09:14:05,2026-07-26 09:47:39,Running,,A,Arancia Rossa 500ml,2400,1897,2014,1061,4,False
M01,2026-07-26 09:47:39,2026-07-26 10:23:24,Running,,A,Arancia Rossa 500ml,2400,1906,2145,1136,5,False
M01,2026-07-26 10:23:24,2026-07-26 11:13:10,Running,,A,Arancia Rossa 500ml,2400,1891,2986,1568,6,False
M01,2026-07-26 11:13:10,2026-07-26 11:26:50,Stopped,Starvation,A,Arancia Rossa 500ml,2400,0,820,0,0,False
M01,2026-07-26 11:26:50,2026-07-26 11:47:12,Running,,A,Arancia Rossa 500ml,2400,1948,1222,661,3,False
M01,2026-07-26 11:47:12,2026-07-26 12:26:09,Running,,A,Arancia Rossa 500ml,2400,1908,2337,1239,4,False
M01,2026-07-26 12:26:09,2026-07-26 13:11:45,Running,,A,Arancia Rossa 500ml,2400,1883,2736,1431,6,False
M01,2026-07-26 13:11:45,2026-07-26 13:14:47,Stopped,Fault,A,Arancia Rossa 500ml,2400,0,182,0,0,False
M01,2026-07-26 13:14:47,2026-07-26 13:48:00,Running,,A,Arancia Rossa 500ml,2400,1874,1993,1037,4,False
M01,2026-07-26 13:48:00,2026-07-26 14:00:00,Running,,A,Arancia Rossa 500ml,2400,1878,720,376,1,False
M01,2026-07-26 14:00:00,2026-07-26 14:38:15,Stopped,Changeover,B,Lampone Zero 560ml,2200,0,2295,0,0,True
M01,2026-07-26 14:38:15,2026-07-26 15:24:26,Running,,B,Lampone Zero 560ml,2200,1726,2771,1329,5,False
M01,2026-07-26 15:24:26,2026-07-26 15:57:25,Running,,B,Lampone Zero 560ml,2200,1723,1979,947,3,False
M01,2026-07-26 15:57:25,2026-07-26 16:27:50,Running,,B,Lampone Zero 560ml,2200,1784,1825,904,3,False
M01,2026-07-26 16:27:50,2026-07-26 16:39:56,Idle,,B,Lampone Zero 560ml,2200,0,726,0,0,False
M01,2026-07-26 16:39:56,2026-07-26 17:03:18,Running,,B,Lampone Zero 560ml,2200,1756,1402,684,3,False
M01,2026-07-26 17:03:18,2026-07-26 17:05:30,Idle,,B,Lampone Zero 560ml,2200,0,132,0,0,False
M01,2026-07-26 17:05:30,2026-07-26 18:25:03,Stopped,Fault,B,Lampone Zero 560ml,2200,0,4773,0,0,False
M01,2026-07-26 18:25:03,2026-07-26 18:34:48,Stopped,Fault,B,Lampone Zero 560ml,2200,0,585,0,0,False
M01,2026-07-26 18:34:48,2026-07-26 18:45:09,Stopped,Starvation,B,Lampone Zero 560ml,2200,0,621,0,0,False
M01,2026-07-26 18:45:09,2026-07-26 19:00:25,Stopped,Buildup,B,Lampone Zero 560ml,2200,0,916,0,0,False
M01,2026-07-26 19:00:25,2026-07-26 19:22:48,Running,,B,Lampone Zero 560ml,2200,1767,1343,659,2,False
M01,2026-07-26 19:22:48,2026-07-26 19:56:03,Running,,B,Lampone Zero 560ml,2200,1775,1995,984,3,False
M01,2026-07-26 19:56:03,2026-07-26 20:27:42,Running,,B,Lampone Zero 560ml,2200,1777,1899,937,3,False
M01,2026-07-26 20:27:42,2026-07-26 21:24:14,Running,,B,Lampone Zero 560ml,2200,1777,3392,1674,5,False
M01,2026-07-26 21:24:14,2026-07-26 21:55:30,Running,,B,Lampone Zero 560ml,2200,1780,1876,928,4,False
M01,2026-07-26 21:55:30,2026-07-26 22:00:00,Idle,,B,Lampone Zero 560ml,2200,0,270,0,0,False
M01,2026-07-26 22:00:00,2026-07-26 22:54:45,Running,,C,Lampone Zero 560ml,2200,1741,3285,1589,5,False
M01,2026-07-26 22:54:45,2026-07-26 23:41:43,Running,,C,Lampone Zero 560ml,2200,1776,2818,1390,5,False
M01,2026-07-26 23:41:43,2026-07-26 23:50:34,Stopped,Starvation,C,Lampone Zero 560ml,2200,0,531,0,0,False
M01,2026-07-26 23:50:34,2026-07-27 00:00:00,Running,,C,Lampone Zero 560ml,2200,1786,566,281,1,False
M01,2026-07-27 00:00:00,2026-07-27 00:33:45,Running,,C,Lampone Zero 560ml,2200,2063,2025,1160,4,False
M01,2026-07-27 00:33:45,2026-07-27 00:37:39,Stopped,Fault,C,Lampone Zero 560ml,2200,0,234,0,0,False
M01,2026-07-27 00:37:39,2026-07-27 01:29:37,Running,,C,Lampone Zero 560ml,2200,2078,3118,1800,5,False
M01,2026-07-27 01:29:37,2026-07-27 01:44:47,Idle,,C,Lampone Zero 560ml,2200,0,910,0,0,False
M01,2026-07-27 01:44:47,2026-07-27 02:38:20,Running,,C,Lampone Zero 560ml,2200,2101,3213,1875,6,False
M01,2026-07-27 02:38:20,2026-07-27 03:34:35,Running,,C,Lampone Zero 560ml,2200,2092,3375,1961,6,False
M01,2026-07-27 03:34:35,2026-07-27 03:36:55,Stopped,Fault,C,Lampone Zero 560ml,2200,0,140,0,0,False
M01,2026-07-27 03:36:55,2026-07-27 03:46:55,Stopped,Starvation,C,Lampone Zero 560ml,2200,0,600,0,0,False
M01,2026-07-27 03:46:55,2026-07-27 03:57:00,Idle,,C,Lampone Zero 560ml,2200,0,605,0,0,False
M01,2026-07-27 03:57:00,2026-07-27 04:33:38,Running,,C,Lampone Zero 560ml,2200,2126,2198,1298,5,False
M01,2026-07-27 04:33:38,2026-07-27 05:21:46,Running,,C,Lampone Zero 560ml,2200,2081,2888,1669,7,False
M01,2026-07-27 05:21:46,2026-07-27 05:27:05,Stopped,External,C,Lampone Zero 560ml,2200,0,319,0,0,False
M01,2026-07-27 05:27:05,2026-07-27 05:52:55,Running,,C,Lampone Zero 560ml,2200,2078,1550,895,4,False
M01,2026-07-27 05:52:55,2026-07-27 05:58:42,Stopped,External,C,Lampone Zero 560ml,2200,0,347,0,0,False
M01,2026-07-27 05:58:42,2026-07-27 06:00:00,Idle,,C,Lampone Zero 560ml,2200,0,78,0,0,False
M01,2026-07-27 06:00:00,2026-07-27 06:08:43,Stopped,Buildup,A,Lampone Zero 560ml,2200,0,523,0,0,False
M01,2026-07-27 06:08:43,2026-07-27 06:46:07,Running,,A,Lampone Zero 560ml,2200,2052,2244,1279,5,False
M01,2026-07-27 06:46:07,2026-07-27 07:14:49,Running,,A,Lampone Zero 560ml,2200,2057,1722,984,4,False
M01,2026-07-27 07:14:49,2026-07-27 08:11:22,Running,,A,Lampone Zero 560ml,2200,2104,3393,1983,8,False
M01,2026-07-27 08:11:22,2026-07-27 08:37:43,Running,,A,Lampone Zero 560ml,2200,2064,1581,906,3,False
M01,2026-07-27 08:37:43,2026-07-27 09:27:38,Running,,A,Lampone Zero 560ml,2200,2074,2995,1725,6,False
M01,2026-07-27 09:27:38,2026-07-27 10:04:30,Running,,A,Lampone Zero 560ml,2200,2089,2212,1284,4,False
M01,2026-07-27 10:04:30,2026-07-27 10:39:32,Running,,A,Lampone Zero 560ml,2200,2109,2102,1231,4,False
M01,2026-07-27 10:39:32,2026-07-27 10:46:25,Stopped,Fault,A,Lampone Zero 560ml,2200,0,413,0,0,False
M01,2026-07-27 10:46:25,2026-07-27 10:52:54,Idle,,A,Lampone Zero 560ml,2200,0,389,0,0,False
M01,2026-07-27 10:52:54,2026-07-27 11:18:15,Running,,A,Lampone Zero 560ml,2200,2116,1521,894,3,False
M01,2026-07-27 11:18:15,2026-07-27 11:59:18,Running,,A,Lampone Zero 560ml,2200,2099,2463,1436,6,False
M01,2026-07-27 11:59:18,2026-07-27 12:27:43,Running,,A,Lampone Zero 560ml,2200,2118,1705,1003,3,False
M01,2026-07-27 12:27:43,2026-07-27 13:16:50,Running,,A,Lampone Zero 560ml,2200,2124,2947,1739,6,False
M01,2026-07-27 13:16:50,2026-07-27 13:40:43,Running,,A,Lampone Zero 560ml,2200,2105,1433,838,4,False
M01,2026-07-27 13:40:43,2026-07-27 13:54:43,Stopped,Buildup,A,Lampone Zero 560ml,2200,0,840,0,0,False
M01,2026-07-27 13:54:43,2026-07-27 13:58:18,Stopped,External,A,Lampone Zero 560ml,2200,0,215,0,0,False
M01,2026-07-27 13:58:18,2026-07-27 14:00:00,Idle,,A,Lampone Zero 560ml,2200,0,102,0,0,False
M01,2026-07-27 14:00:00,2026-07-27 14:19:11,Stopped,Changeover,B,Arancia Rossa 500ml,2400,0,1151,0,0,True
M01,2026-07-27 14:19:11,2026-07-27 14:43:57,Running,,B,Arancia Rossa 500ml,2400,2288,1486,944,3,False
M01,2026-07-27 14:43:57,2026-07-27 15:39:20,Running,,B,Arancia Rossa 500ml,2400,2297,3323,2120,7,False
M01,2026-07-27 15:39:20,2026-07-27 16:04:51,Running,,B,Arancia Rossa 500ml,2400,2270,1531,965,3,False
M01,2026-07-27 16:04:51,2026-07-27 16:38:27,Running,,B,Arancia Rossa 500ml,2400,2233,2016,1250,4,False
M01,2026-07-27 16:38:27,2026-07-27 17:18:35,Running,,B,Arancia Rossa 500ml,2400,2257,2408,1510,6,False
M01,2026-07-27 17:18:35,2026-07-27 17:45:42,Running,,B,Arancia Rossa 500ml,2400,2231,1627,1008,4,False
M01,2026-07-27 17:45:42,2026-07-27 18:15:31,Running,,B,Arancia Rossa 500ml,2400,2253,1789,1120,3,False
M01,2026-07-27 18:15:31,2026-07-27 18:33:09,Idle,,B,Arancia Rossa 500ml,2400,0,1058,0,0,False
M01,2026-07-27 18:33:09,2026-07-27 18:40:42,Idle,,B,Arancia Rossa 500ml,2400,0,453,0,0,False
M01,2026-07-27 18:40:42,2026-07-27 19:19:58,Running,,B,Arancia Rossa 500ml,2400,2285,2356,1495,5,False
M01,2026-07-27 19:19:58,2026-07-27 19:49:16,Running,,B,Arancia Rossa 500ml,2400,2274,1758,1110,4,False
M01,2026-07-27 19:49:16,2026-07-27 20:45:24,Running,,B,Arancia Rossa 500ml,2400,2304,3368,2156,7,False
M01,2026-07-27 20:45:24,2026-07-27 21:25:06,Running,,B,Arancia Rossa 500ml,2400,2298,2382,1521,5,False
M01,2026-07-27 21:25:06,2026-07-27 21:53:40,Running,,B,Arancia Rossa 500ml,2400,2307,1714,1098,4,False
M01,2026-07-27 21:53:40,2026-07-27 21:57:57,Stopped,Buildup,B,Arancia Rossa 500ml,2400,0,257,0,0,False
M01,2026-07-27 21:57:57,2026-07-27 22:00:00,Idle,,B,Arancia Rossa 500ml,2400,0,123,0,0,False
M01,2026-07-27 22:00:00,2026-07-27 22:46:27,Running,,C,Arancia Rossa 500ml,2400,2262,2787,1751,6,False
M01,2026-07-27 22:46:27,2026-07-27 23:01:42,Idle,,C,Arancia Rossa 500ml,2400,0,915,0,0,False
M01,2026-07-27 23:01:42,2026-07-27 23:51:30,Running,,C,Arancia Rossa 500ml,2400,2244,2988,1863,8,False
M01,2026-07-27 23:51:30,2026-07-28 00:00:00,Running,,C,Arancia Rossa 500ml,2400,2319,510,329,1,False
M01,2026-07-28 00:00:00,2026-07-28 00:06:49,Stopped,Starvation,C,Arancia Rossa 500ml,2400,0,409,0,0,False
M01,2026-07-28 00:06:49,2026-07-28 00:36:32,Running,,C,Arancia Rossa 500ml,2400,2290,1783,1134,4,False
M01,2026-07-28 00:36:32,2026-07-28 00:43:36,Stopped,Starvation,C,Arancia Rossa 500ml,2400,0,424,0,0,False
M01,2026-07-28 00:43:36,2026-07-28 00:50:09,Stopped,External,C,Arancia Rossa 500ml,2400,0,393,0,0,False
M01,2026-07-28 00:50:09,2026-07-28 01:24:59,Running,,C,Arancia Rossa 500ml,2400,2257,2090,1310,5,False
M01,2026-07-28 01:24:59,2026-07-28 02:16:21,Running,,C,Arancia Rossa 500ml,2400,2311,3082,1978,8,False
M01,2026-07-28 02:16:21,2026-07-28 02:47:50,Running,,C,Arancia Rossa 500ml,2400,2298,1889,1206,5,False
M01,2026-07-28 02:47:50,2026-07-28 03:36:05,Running,,C,Arancia Rossa 500ml,2400,2269,2895,1825,7,False
M01,2026-07-28 03:36:05,2026-07-28 04:35:32,Running,,C,Arancia Rossa 500ml,2400,2237,3567,2216,8,False
M01,2026-07-28 04:35:32,2026-07-28 05:32:14,Running,,C,Arancia Rossa 500ml,2400,2239,3402,2116,7,False
M01,2026-07-28 05:32:14,2026-07-28 05:57:23,Running,,C,Arancia Rossa 500ml,2400,2271,1509,952,4,False
M01,2026-07-28 05:57:23,2026-07-28 06:00:00,Idle,,C,Arancia Rossa 500ml,2400,0,157,0,0,False
M01,2026-07-28 06:00:00,2026-07-28 07:06:21,Stopped,Maintenance,A,Arancia Rossa 500ml,2400,0,3981,0,0,True
M01,2026-07-28 07:06:21,2026-07-28 07:53:50,Running,,A,Arancia Rossa 500ml,2400,2256,2849,1785,6,False
M01,2026-07-28 07:53:50,2026-07-28 07:56:29,Stopped,Starvation,A,Arancia Rossa 500ml,2400,0,159,0,0,False
M01,2026-07-28 07:56:29,2026-07-28 08:02:48,Stopped,Starvation,A,Arancia Rossa 500ml,2400,0,379,0,0,False
M01,2026-07-28 08:02:48,2026-07-28 09:01:12,Running,,A,Arancia Rossa 500ml,2400,2234,3504,2174,8,False
M01,2026-07-28 09:01:12,2026-07-28 09:54:24,Running,,A,Arancia Rossa 500ml,2400,2300,3192,2039,8,False
M01,2026-07-28 09:54:24,2026-07-28 10:42:08,Running,,A,Arancia Rossa 500ml,2400,2299,2864,1829,6,False
M01,2026-07-28 10:42:08,2026-07-28 11:05:30,Running,,A,Arancia Rossa 500ml,2400,2257,1402,879,3,False
M01,2026-07-28 11:05:30,2026-07-28 11:50:11,Running,,A,Arancia Rossa 500ml,2400,2250,2681,1676,7,False
M01,2026-07-28 11:50:11,2026-07-28 12:20:21,Running,,A,Arancia Rossa 500ml,2400,2313,1810,1163,5,False
M01,2026-07-28 12:20:21,2026-07-28 12:33:13,Stopped,External,A,Arancia Rossa 500ml,2400,0,772,0,0,False
M01,2026-07-28 12:33:13,2026-07-28 13:08:13,Running,,A,Arancia Rossa 500ml,2400,2312,2100,1349,4,False
M01,2026-07-28 13:08:13,2026-07-28 13:58:17,Running,,A,Arancia Rossa 500ml,2400,2308,3004,1926,8,False
M01,2026-07-28 13:58:17,2026-07-28 14:00:00,Idle,,A,Arancia Rossa 500ml,2400,0,103,0,0,False
M01,2026-07-28 14:00:00,2026-07-28 14:23:19,Stopped,Changeover,B,Lampone Zero 560ml,2200,0,1399,0,0,True
M01,2026-07-28 14:23:19,2026-07-28 14:28:54,Stopped,Fault,B,Lampone Zero 560ml,2200,0,335,0,0,False
M01,2026-07-28 14:28:54,2026-07-28 14:54:40,Running,,B,Lampone Zero 560ml,2200,2054,1546,882,4,False
M01,2026-07-28 14:54:40,2026-07-28 15:25:34,Running,,B,Lampone Zero 560ml,2200,2083,1854,1073,4,False
M01,2026-07-28 15:25:34,2026-07-28 15:43:03,Idle,,B,Lampone Zero 560ml,2200,0,1049,0,0,False
M01,2026-07-28 15:43:03,2026-07-28 15:52:07,Stopped,External,B,Lampone Zero 560ml,2200,0,544,0,0,False
M01,2026-07-28 15:52:07,2026-07-28 16:44:47,Running,,B,Lampone Zero 560ml,2200,2104,3160,1847,6,False
M01,2026-07-28 16:44:47,2026-07-28 16:50:20,Stopped,Buildup,B,Lampone Zero 560ml,2200,0,333,0,0,False
M01,2026-07-28 16:50:20,2026-07-28 17:13:18,Running,,B,Lampone Zero 560ml,2200,2125,1378,813,3,False
M01,2026-07-28 17:13:18,2026-07-28 18:10:57,Running,,B,Lampone Zero 560ml,2200,2053,3459,1973,8,False
M01,2026-07-28 18:10:57,2026-07-28 18:35:13,Running,,B,Lampone Zero 560ml,2200,2089,1456,845,3,False
M01,2026-07-28 18:35:13,2026-07-28 19:30:37,Running,,B,Lampone Zero 560ml,2200,2061,3324,1903,7,False
M01,2026-07-28 19:30:37,2026-07-28 20:25:56,Running,,B,Lampone Zero 560ml,2200,2072,3319,1910,7,False
M01,2026-07-28 20:25:56,2026-07-28 21:19:47,Running,,B,Lampone Zero 560ml,2200,2091,3231,1877,6,False
M01,2026-07-28 21:19:47,2026-07-28 21:29:13,Stopped,Starvation,B,Lampone Zero 560ml,2200,0,566,0,0,False
M01,2026-07-28 21:29:13,2026-07-28 21:51:53,Running,,B,Lampone Zero 560ml,2200,2102,1360,794,3,False
M01,2026-07-28 21:51:53,2026-07-28 22:00:00,Running,,B,Lampone Zero 560ml,2200,2082,487,282,1,False
M01,2026-07-28 22:00:00,2026-07-28 22:53:01,Running,,C,Lampone Zero 560ml,2200,2107,3181,1862,8,False
M01,2026-07-28 22:53:01,2026-07-28 23:50:06,Running,,C,Lampone Zero 560ml,2200,2072,3425,1971,9,False
M01,2026-07-28 23:50:06,2026-07-29 00:00:00,Running,,C,Lampone Zero 560ml,2200,2101,594,347,1,False
M01,2026-07-29 00:00:00,2026-07-29 00:22:34,Running,,C,Lampone Zero 560ml,2200,2103,1354,791,3,False
M01,2026-07-29 00:22:34,2026-07-29 01:10:02,Running,,C,Lampone Zero 560ml,2200,2094,2848,1657,7,False
M01,2026-07-29 01:10:02,2026-07-29 01:58:04,Running,,C,Lampone Zero 560ml,2200,2107,2882,1687,7,False
M01,2026-07-29 01:58:04,2026-07-29 02:22:08,Running,,C,Lampone Zero 560ml,2200,2098,1444,842,3,False
M01,2026-07-29 02:22:08,2026-07-29 03:11:55,Running,,C,Lampone Zero 560ml,2200,2069,2987,1717,7,False
M01,2026-07-29 03:11:55,2026-07-29 03:37:19,Running,,C,Lampone Zero 560ml,2200,2127,1524,900,3,False
M01,2026-07-29 03:37:19,2026-07-29 04:35:58,Running,,C,Lampone Zero 560ml,2200,2079,3519,2032,7,False
M01,2026-07-29 04:35:58,2026-07-29 05:08:45,Running,,C,Lampone Zero 560ml,2200,2103,1967,1149,5,False
M01,2026-07-29 05:08:45,2026-07-29 05:43:45,Running,,C,Lampone Zero 560ml,2200,2110,2100,1231,4,False
M01,2026-07-29 05:43:45,2026-07-29 05:49:04,Stopped,Starvation,C,Lampone Zero 560ml,2200,0,319,0,0,False
M01,2026-07-29 05:49:04,2026-07-29 06:00:00,Running,,C,Lampone Zero 560ml,2200,2118,656,386,1,False
M01,2026-07-29 06:00:00,2026-07-29 06:57:14,Running,,A,Lampone Zero 560ml,2200,2080,3434,1984,7,False
M01,2026-07-29 06:57:14,2026-07-29 07:45:30,Running,,A,Lampone Zero 560ml,2200,2099,2896,1689,6,False
M01,2026-07-29 07:45:30,2026-07-29 07:54:10,Stopped,Buildup,A,Lampone Zero 560ml,2200,0,520,0,0,False
M01,2026-07-29 07:54:10,2026-07-29 08:29:15,Running,,A,Lampone Zero 560ml,2200,2122,2105,1241,5,False
M01,2026-07-29 08:29:15,2026-07-29 09:21:51,Running,,A,Lampone Zero 560ml,2200,2117,3156,1856,8,False
M01,2026-07-29 09:21:51,2026-07-29 09:30:06,Stopped,External,A,Lampone Zero 560ml,2200,0,495,0,0,False
M01,2026-07-29 09:30:06,2026-07-29 10:21:39,Running,,A,Lampone Zero 560ml,2200,2083,3093,1790,7,False
M01,2026-07-29 10:21:39,2026-07-29 11:17:09,Running,,A,Lampone Zero 560ml,2200,2073,3330,1918,7,False
M01,2026-07-29 11:17:09,2026-07-29 11:49:53,Running,,A,Lampone Zero 560ml,2200,2115,1964,1154,5,False
M01,2026-07-29 11:49:53,2026-07-29 12:45:26,Running,,A,Lampone Zero 560ml,2200,2090,3333,1935,7,False
M01,2026-07-29 12:45:26,2026-07-29 12:53:39,Stopped,Starvation,A,Lampone Zero 560ml,2200,0,493,0,0,False
M01,2026-07-29 12:53:39,2026-07-29 13:03:47,Stopped,Buildup,A,Lampone Zero 560ml,2200,0,608,0,0,False
M01,2026-07-29 13:03:47,2026-07-29 13:43:17,Running,,A,Lampone Zero 560ml,2200,2066,2370,1360,6,False
M01,2026-07-29 13:43:17,2026-07-29 14:00:00,Running,,A,Lampone Zero 560ml,2200,2091,1003,583,2,False
M01,2026-07-29 14:00:00,2026-07-29 14:16:18,Stopped,Changeover,B,Arancia Rossa 500ml,2400,0,978,0,0,True
M01,2026-07-29 14:16:18,2026-07-29 15:13:23,Running,,B,Arancia Rossa 500ml,2400,2266,3425,2156,8,False
M01,2026-07-29 15:13:23,2026-07-29 15:35:33,Running,,B,Arancia Rossa 500ml,2400,2319,1330,857,3,False
M01,2026-07-29 15:35:33,2026-07-29 15:41:46,Stopped,External,B,Arancia Rossa 500ml,2400,0,373,0,0,False
M01,2026-07-29 15:41:46,2026-07-29 16:22:32,Running,,B,Arancia Rossa 500ml,2400,2261,2446,1536,5,False
M01,2026-07-29 16:22:32,2026-07-29 16:33:09,Stopped,Buildup,B,Arancia Rossa 500ml,2400,0,637,0,0,False
M01,2026-07-29 16:33:09,2026-07-29 17:32:41,Running,,B,Arancia Rossa 500ml,2400,2300,3572,2282,10,False
M01,2026-07-29 17:32:41,2026-07-29 18:21:12,Running,,B,Arancia Rossa 500ml,2400,2275,2911,1840,7,False
M01,2026-07-29 18:21:12,2026-07-29 18:43:24,Running,,B,Arancia Rossa 500ml,2400,2294,1332,849,3,False
M01,2026-07-29 18:43:24,2026-07-29 19:36:10,Running,,B,Arancia Rossa 500ml,2400,2257,3166,1985,6,False
M01,2026-07-29 19:36:10,2026-07-29 19:41:55,Idle,,B,Arancia Rossa 500ml,2400,0,345,0,0,False
M01,2026-07-29 19:41:55,2026-07-29 20:07:41,Running,,B,Arancia Rossa 500ml,2400,2263,1546,972,4,False
M01,2026-07-29 20:07:41,2026-07-29 20:47:49,Running,,B,Arancia Rossa 500ml,2400,2316,2408,1549,7,False
M01,2026-07-29 20:47:49,2026-07-29 21:41:28,Running,,B,Arancia Rossa 500ml,2400,2244,3219,2007,9,False
M01,2026-07-29 21:41:28,2026-07-29 22:00:00,Running,,B,Arancia Rossa 500ml,2400,2295,1112,709,2,False
M01,2026-07-29 22:00:00,2026-07-29 22:07:32,Idle,,C,Arancia Rossa 500ml,2400,0,452,0,0,False
M01,2026-07-29 22:07:32,2026-07-29 22:54:33,Running,,C,Arancia Rossa 500ml,2400,2304,2821,1805,8,False
M01,2026-07-29 22:54:33,2026-07-29 23:49:18,Running,,C,Arancia Rossa 500ml,2400,2272,3285,2073,8,False
M01,2026-07-29 23:49:18,2026-07-29 23:57:45,Stopped,Fault,C,Arancia Rossa 500ml,2400,0,507,0,0,False
M01,2026-07-29 23:57:45,2026-07-30 00:00:00,Idle,,C,Arancia Rossa 500ml,2400,0,135,0,0,False
M01,2026-07-30 00:00:00,2026-07-30 00:02:53,Stopped,Fault,C,Arancia Rossa 500ml,2400,0,173,0,0,False
M01,2026-07-30 00:02:53,2026-07-30 00:53:10,Running,,C,Arancia Rossa 500ml,2400,2243,3017,1880,8,False
M01,2026-07-30 00:53:10,2026-07-30 01:28:16,Running,,C,Arancia Rossa 500ml,2400,2257,2106,1320,4,False
M01,2026-07-30 01:28:16,2026-07-30 01:42:19,Stopped,External,C,Arancia Rossa 500ml,2400,0,843,0,0,False
M01,2026-07-30 01:42:19,2026-07-30 01:56:13,Stopped,Starvation,C,Arancia Rossa 500ml,2400,0,834,0,0,False
M01,2026-07-30 01:56:13,2026-07-30 02:48:43,Running,,C,Arancia Rossa 500ml,2400,2259,3150,1977,8,False
M01,2026-07-30 02:48:43,2026-07-30 03:09:35,Running,,C,Arancia Rossa 500ml,2400,2234,1252,777,3,False
M01,2026-07-30 03:09:35,2026-07-30 03:14:34,Stopped,Buildup,C,Arancia Rossa 500ml,2400,0,299,0,0,False
M01,2026-07-30 03:14:34,2026-07-30 03:40:59,Running,,C,Arancia Rossa 500ml,2400,2242,1585,987,4,False
M01,2026-07-30 03:40:59,2026-07-30 04:37:29,Running,,C,Arancia Rossa 500ml,2400,2242,3390,2111,7,False
M01,2026-07-30 04:37:29,2026-07-30 05:05:03,Running,,C,Arancia Rossa 500ml,2400,2282,1654,1048,4,False
M01,2026-07-30 05:05:03,2026-07-30 05:59:36,Running,,C,Arancia Rossa 500ml,2400,2285,3273,2077,7,False
M01,2026-07-30 05:59:36,2026-07-30 06:00:00,Idle,,C,Arancia Rossa 500ml,2400,0,24,0,0,False
M01,2026-07-30 06:00:00,2026-07-30 06:30:12,Running,,A,Arancia Rossa 500ml,2400,2248,1812,1131,5,False
M01,2026-07-30 06:30:12,2026-07-30 07:20:00,Running,,A,Arancia Rossa 500ml,2400,2306,2988,1914,7,False
M01,2026-07-30 07:20:00,2026-07-30 07:28:14,Stopped,Starvation,A,Arancia Rossa 500ml,2400,0,494,0,0,False
M01,2026-07-30 07:28:14,2026-07-30 08:21:09,Running,,A,Arancia Rossa 500ml,2400,2263,3175,1996,8,False
M01,2026-07-30 08:21:09,2026-07-30 08:59:30,Running,,A,Arancia Rossa 500ml,2400,2321,2301,1484,6,False
M01,2026-07-30 08:59:30,2026-07-30 09:05:10,Stopped,Fault,A,Arancia Rossa 500ml,2400,0,340,0,0,False
M01,2026-07-30 09:05:10,2026-07-30 09:10:19,Stopped,Starvation,A,Arancia Rossa 500ml,2400,0,309,0,0,False
M01,2026-07-30 09:10:19,2026-07-30 10:09:02,Running,,A,Arancia Rossa 500ml,2400,2240,3523,2192,9,False
M01,2026-07-30 10:09:02,2026-07-30 10:47:40,Running,,A,Arancia Rossa 500ml,2400,2300,2318,1481,6,False
M01,2026-07-30 10:47:40,2026-07-30 11:26:11,Running,,A,Arancia Rossa 500ml,2400,2251,2311,1445,5,False
M01,2026-07-30 11:26:11,2026-07-30 11:46:32,Running,,A,Arancia Rossa 500ml,2400,2256,1221,765,3,False
M01,2026-07-30 11:46:32,2026-07-30 12:18:57,Running,,A,Arancia Rossa 500ml,2400,2302,1945,1244,5,False
M01,2026-07-30 12:18:57,2026-07-30 12:26:39,Idle,,A,Arancia Rossa 500ml,2400,0,462,0,0,False
M01,2026-07-30 12:26:39,2026-07-30 12:50:55,Running,,A,Arancia Rossa 500ml,2400,2317,1456,937,3,False
M01,2026-07-30 12:50:55,2026-07-30 13:19:51,Running,,A,Arancia Rossa 500ml,2400,2242,1736,1081,4,False
M01,2026-07-30 13:19:51,2026-07-30 13:48:24,Running,,A,Arancia Rossa 500ml,2400,2254,1713,1073,4,False
M01,2026-07-30 13:48:24,2026-07-30 14:00:00,Running,,A,Arancia Rossa 500ml,2400,2298,696,444,1,False
M01,2026-07-30 14:00:00,2026-07-30 14:38:20,Stopped,Changeover,B,Lampone Zero 560ml,2200,0,2300,0,0,True
M01,2026-07-30 14:38:20,2026-07-30 15:20:59,Running,,B,Lampone Zero 560ml,2200,2126,2559,1511,6,False
M01,2026-07-30 15:20:59,2026-07-30 15:36:35,Stopped,External,B,Lampone Zero 560ml,2200,0,936,0,0,False
M01,2026-07-30 15:36:35,2026-07-30 16:18:19,Running,,B,Lampone Zero 560ml,2200,2109,2504,1467,5,False
M01,2026-07-30 16:18:19,2026-07-30 16:33:21,Stopped,Fault,B,Lampone Zero 560ml,2200,0,902,0,0,False
M01,2026-07-30 16:33:21,2026-07-30 16:44:32,Idle,,B,Lampone Zero 560ml,2200,0,671,0,0,False
M01,2026-07-30 16:44:32,2026-07-30 17:37:29,Running,,B,Lampone Zero 560ml,2200,2049,3177,1808,7,False
M01,2026-07-30 17:37:29,2026-07-30 17:58:11,Running,,B,Lampone Zero 560ml,2200,2124,1242,733,3,False
M01,2026-07-30 17:58:11,2026-07-30 18:14:17,Idle,,B,Lampone Zero 560ml,2200,0,966,0,0,False
M01,2026-07-30 18:14:17,2026-07-30 19:00:29,Running,,B,Lampone Zero 560ml,2200,2057,2772,1584,6,False
M01,2026-07-30 19:00:29,2026-07-30 19:31:04,Running,,B,Lampone Zero 560ml,2200,2060,1835,1050,3,False
M01,2026-07-30 19:31:04,2026-07-30 20:28:44,Running,,B,Lampone Zero 560ml,2200,2105,3460,2023,7,False
M01,2026-07-30 20:28:44,2026-07-30 20:53:59,Running,,B,Lampone Zero 560ml,2200,2102,1515,885,3,False
M01,2026-07-30 20:53:59,2026-07-30 21:09:40,Idle,,B,Lampone Zero 560ml,2200,0,941,0,0,False
M01,2026-07-30 21:09:40,2026-07-30 21:24:05,Stopped,Starvation,B,Lampone Zero 560ml,2200,0,865,0,0,False
M01,2026-07-30 21:24:05,2026-07-30 21:50:29,Running,,B,Lampone Zero 560ml,2200,2112,1584,929,4,False
M01,2026-07-30 21:50:29,2026-07-30 22:00:00,Running,,B,Lampone Zero 560ml,2200,2074,571,329,1,False
M01,2026-07-30 22:00:00,2026-07-30 22:45:03,Running,,C,Lampone Zero 560ml,2200,2096,2703,1574,5,False
M01,2026-07-30 22:45:03,2026-07-30 23:06:32,Running,,C,Lampone Zero 560ml,2200,2061,1289,738,3,False
M01,2026-07-30 23:06:32,2026-07-30 23:49:54,Running,,C,Lampone Zero 560ml,2200,2122,2602,1534,5,False
M01,2026-07-30 23:49:54,2026-07-30 23:52:15,Stopped,External,C,Lampone Zero 560ml,2200,0,141,0,0,False
M01,2026-07-30 23:52:15,2026-07-31 00:00:00,Running,,C,Lampone Zero 560ml,2200,2104,465,272,1,False
M01,2026-07-31 00:00:00,2026-07-31 00:43:19,Running,,C,Lampone Zero 560ml,2200,2014,2599,1454,6,False
M01,2026-07-31 00:43:19,2026-07-31 00:47:31,Stopped,Buildup,C,Lampone Zero 560ml,2200,0,252,0,0,False
M01,2026-07-31 00:47:31,2026-07-31 01:39:32,Running,,C,Lampone Zero 560ml,2200,2049,3121,1776,7,False
M01,2026-07-31 01:39:32,2026-07-31 02:18:43,Running,,C,Lampone Zero 560ml,2200,1994,2351,1302,6,False
M01,2026-07-31 02:18:43,2026-07-31 02:32:57,Stopped,Starvation,C,Lampone Zero 560ml,2200,0,854,0,0,False
M01,2026-07-31 02:32:57,2026-07-31 03:03:44,Running,,C,Lampone Zero 560ml,2200,2050,1847,1052,4,False
M01,2026-07-31 03:03:44,2026-07-31 03:18:37,Stopped,Buildup,C,Lampone Zero 560ml,2200,0,893,0,0,False
M01,2026-07-31 03:18:37,2026-07-31 03:24:17,Idle,,C,Lampone Zero 560ml,2200,0,340,0,0,False
M01,2026-07-31 03:24:17,2026-07-31 04:08:38,Running,,C,Lampone Zero 560ml,2200,2029,2661,1500,6,False
M01,2026-07-31 04:08:38,2026-07-31 04:35:59,Running,,C,Lampone Zero 560ml,2200,2051,1641,935,3,False
M01,2026-07-31 04:35:59,2026-07-31 04:50:01,Stopped,External,C,Lampone Zero 560ml,2200,0,842,0,0,False
M01,2026-07-31 04:50:01,2026-07-31 05:11:07,Running,,C,Lampone Zero 560ml,2200,2020,1266,710,3,False
M01,2026-07-31 05:11:07,2026-07-31 05:33:08,Running,,C,Lampone Zero 560ml,2200,1994,1321,732,2,False
M01,2026-07-31 05:33:08,2026-07-31 05:59:12,Running,,C,Lampone Zero 560ml,2200,2024,1564,879,4,False
M01,2026-07-31 05:59:12,2026-07-31 06:00:00,Idle,,C,Lampone Zero 560ml,2200,0,48,0,0,False
M01,2026-07-31 06:00:00,2026-07-31 06:49:26,Running,,A,Lampone Zero 560ml,2200,1993,2966,1642,5,False
M01,2026-07-31 06:49:26,2026-07-31 06:52:38,Stopped,Buildup,A,Lampone Zero 560ml,2200,0,192,0,0,False
M01,2026-07-31 06:52:38,2026-07-31 07:50:04,Running,,A,Lampone Zero 560ml,2200,2005,3446,1919,8,False
M01,2026-07-31 07:50:04,2026-07-31 08:43:36,Running,,A,Lampone Zero 560ml,2200,1993,3212,1778,8,False
M01,2026-07-31 08:43:36,2026-07-31 08:56:08,Stopped,Starvation,A,Lampone Zero 560ml,2200,0,752,0,0,False
M01,2026-07-31 08:56:08,2026-07-31 09:42:23,Running,,A,Lampone Zero 560ml,2200,2019,2775,1556,5,False
M01,2026-07-31 09:42:23,2026-07-31 10:36:56,Running,,A,Lampone Zero 560ml,2200,2050,3273,1864,8,False
M01,2026-07-31 10:36:56,2026-07-31 11:35:54,Running,,A,Lampone Zero 560ml,2200,1999,3538,1965,8,False
M01,2026-07-31 11:35:54,2026-07-31 12:09:45,Running,,A,Lampone Zero 560ml,2200,2013,2031,1136,4,False
M01,2026-07-31 12:09:45,2026-07-31 13:04:00,Running,,A,Lampone Zero 560ml,2200,2059,3255,1862,8,False
M01,2026-07-31 13:04:00,2026-07-31 13:54:47,Running,,A,Lampone Zero 560ml,2200,2054,3047,1738,7,False
M01,2026-07-31 13:54:47,2026-07-31 14:00:00,Running,,A,Lampone Zero 560ml,2200,1988,313,173,1,False
M01,2026-07-31 14:00:00,2026-07-31 14:34:05,Stopped,Changeover,B,Arancia Rossa 500ml,2400,0,2045,0,0,True
M01,2026-07-31 14:34:05,2026-07-31 15:12:49,Running,,B,Arancia Rossa 500ml,2400,2232,2324,1441,5,False
M01,2026-07-31 15:12:49,2026-07-31 15:36:22,Running,,B,Arancia Rossa 500ml,2400,2227,1413,874,3,False
M01,2026-07-31 15:36:22,2026-07-31 16:16:02,Running,,B,Arancia Rossa 500ml,2400,2242,2380,1482,5,False
M01,2026-07-31 16:16:02,2026-07-31 16:37:25,Running,,B,Arancia Rossa 500ml,2400,2248,1283,801,3,False
M01,2026-07-31 16:37:25,2026-07-31 16:44:38,Stopped,Starvation,B,Arancia Rossa 500ml,2400,0,433,0,0,False
M01,2026-07-31 16:44:38,2026-07-31 16:55:29,Stopped,Buildup,B,Arancia Rossa 500ml,2400,0,651,0,0,False
M01,2026-07-31 16:55:29,2026-07-31 17:34:23,Running,,B,Arancia Rossa 500ml,2400,2234,2334,1448,5,False
M01,2026-07-31 17:34:23,2026-07-31 18:33:13,Running,,B,Arancia Rossa 500ml,2400,2187,3530,2144,7,False
M01,2026-07-31 18:33:13,2026-07-31 19:22:39,Running,,B,Arancia Rossa 500ml,2400,2240,2966,1846,6,False
M01,2026-07-31 19:22:39,2026-07-31 20:09:47,Running,,B,Arancia Rossa 500ml,2400,2237,2828,1757,7,False
M01,2026-07-31 20:09:47,2026-07-31 20:15:39,Stopped,Buildup,B,Arancia Rossa 500ml,2400,0,352,0,0,False
M01,2026-07-31 20:15:39,2026-07-31 20:33:58,Idle,,B,Arancia Rossa 500ml,2400,0,1099,0,0,False
M01,2026-07-31 20:33:58,2026-07-31 21:09:06,Running,,B,Arancia Rossa 500ml,2400,2205,2108,1291,5,False
M01,2026-07-31 21:09:06,2026-07-31 21:30:21,Running,,B,Arancia Rossa 500ml,2400,2204,1275,781,3,False
M01,2026-07-31 21:30:21,2026-07-31 21:57:52,Running,,B,Arancia Rossa 500ml,2400,2205,1651,1011,3,False
M01,2026-07-31 21:57:52,2026-07-31 22:00:00,Idle,,B,Arancia Rossa 500ml,2400,0,128,0,0,False
M01,2026-07-31 22:00:00,2026-07-31 22:34:54,Stopped,Changeover,C,Lampone Zero 560ml,2200,0,2094,0,0,True
M01,2026-07-31 22:34:54,2026-07-31 22:56:14,Running,,C,Lampone Zero 560ml,2200,2038,1280,725,3,False
M01,2026-07-31 22:56:14,2026-07-31 23:35:59,Running,,C,Lampone Zero 560ml,2200,2062,2385,1366,5,False
M01,2026-07-31 23:35:59,2026-07-31 23:57:02,Running,,C,Lampone Zero 560ml,2200,2057,1263,722,3,False
M01,2026-07-31 23:57:02,2026-08-01 00:00:00,Idle,,C,Lampone Zero 560ml,2200,0,178,0,0,False
M01,2026-08-01 00:00:00,2026-08-01 00:42:14,Running,,C,Lampone Zero 560ml,2200,1864,2534,1312,6,False
M01,2026-08-01 00:42:14,2026-08-01 01:30:05,Running,,C,Lampone Zero 560ml,2200,1853,2871,1478,5,False
M01,2026-08-01 01:30:05,2026-08-01 02:24:15,Running,,C,Lampone Zero 560ml,2200,1882,3250,1699,6,False
M01,2026-08-01 02:24:15,2026-08-01 02:47:23,Running,,C,Lampone Zero 560ml,2200,1891,1388,729,3,False
M01,2026-08-01 02:47:23,2026-08-01 03:01:14,Idle,,C,Lampone Zero 560ml,2200,0,831,0,0,False
M01,2026-08-01 03:01:14,2026-08-01 03:51:43,Running,,C,Lampone Zero 560ml,2200,1845,3029,1552,7,False
M01,2026-08-01 03:51:43,2026-08-01 04:26:49,Running,,C,Lampone Zero 560ml,2200,1860,2106,1088,5,False
M01,2026-08-01 04:26:49,2026-08-01 04:30:12,Stopped,Operator,C,Lampone Zero 560ml,2200,0,203,0,0,False
M01,2026-08-01 04:30:12,2026-08-01 05:15:26,Running,,C,Lampone Zero 560ml,2200,1859,2714,1401,5,False
M01,2026-08-01 05:15:26,2026-08-01 05:58:58,Running,,C,Lampone Zero 560ml,2200,1850,2612,1342,6,False
M01,2026-08-01 05:58:58,2026-08-01 06:00:00,Idle,,C,Lampone Zero 560ml,2200,0,62,0,0,False
M01,2026-08-01 06:00:00,2026-08-01 06:35:49,Stopped,Changeover,A,Arancia Rossa 500ml,2400,0,2149,0,0,True
M01,2026-08-01 06:35:49,2026-08-01 06:51:16,Stopped,Starvation,A,Arancia Rossa 500ml,2400,0,927,0,0,False
M01,2026-08-01 06:51:16,2026-08-01 07:49:21,Running,,A,Arancia Rossa 500ml,2400,2039,3485,1974,7,False
M01,2026-08-01 07:49:21,2026-08-01 08:14:19,Running,,A,Arancia Rossa 500ml,2400,2049,1498,853,3,False
M01,2026-08-01 08:14:19,2026-08-01 09:00:51,Running,,A,Arancia Rossa 500ml,2400,2075,2792,1609,5,False
M01,2026-08-01 09:00:51,2026-08-01 09:34:54,Running,,A,Arancia Rossa 500ml,2400,2029,2043,1151,4,False
M01,2026-08-01 09:34:54,2026-08-01 10:01:36,Running,,A,Arancia Rossa 500ml,2400,2039,1602,907,4,False
M01,2026-08-01 10:01:36,2026-08-01 10:46:06,Running,,A,Arancia Rossa 500ml,2400,2043,2670,1515,5,False
M01,2026-08-01 10:46:06,2026-08-01 11:45:48,Running,,A,Arancia Rossa 500ml,2400,2067,3582,2057,9,False
M01,2026-08-01 11:45:48,2026-08-01 12:18:31,Running,,A,Arancia Rossa 500ml,2400,2026,1963,1105,4,False
M01,2026-08-01 12:18:31,2026-08-01 12:52:22,Running,,A,Arancia Rossa 500ml,2400,2057,2031,1160,4,False
M01,2026-08-01 12:52:22,2026-08-01 13:46:03,Running,,A,Arancia Rossa 500ml,2400,2044,3221,1829,7,False
M01,2026-08-01 13:46:03,2026-08-01 14:00:00,Running,,A,Arancia Rossa 500ml,2400,2042,837,475,2,False
M01,2026-08-01 14:00:00,2026-08-01 14:16:54,Stopped,Changeover,B,Lampone Zero 560ml,2200,0,1014,0,0,True
M01,2026-08-01 14:16:54,2026-08-01 14:26:09,Stopped,Buildup,B,Lampone Zero 560ml,2200,0,555,0,0,False
M01,2026-08-01 14:26:09,2026-08-01 14:33:50,Stopped,Buildup,B,Lampone Zero 560ml,2200,0,461,0,0,False
M01,2026-08-01 14:33:50,2026-08-01 14:48:11,Stopped,Fault,B,Lampone Zero 560ml,2200,0,861,0,0,False
M01,2026-08-01 14:48:11,2026-08-01 15:34:30,Running,,B,Lampone Zero 560ml,2200,1889,2779,1458,4,False
M01,2026-08-01 15:34:30,2026-08-01 16:26:10,Running,,B,Lampone Zero 560ml,2200,1904,3100,1640,6,False
M01,2026-08-01 16:26:10,2026-08-01 16:32:32,Stopped,Starvation,B,Lampone Zero 560ml,2200,0,382,0,0,False
M01,2026-08-01 16:32:32,2026-08-01 16:53:15,Running,,B,Lampone Zero 560ml,2200,1855,1243,640,2,False
M01,2026-08-01 16:53:15,2026-08-01 16:56:24,Stopped,Starvation,B,Lampone Zero 560ml,2200,0,189,0,0,False
M01,2026-08-01 16:56:24,2026-08-01 17:07:34,Stopped,External,B,Lampone Zero 560ml,2200,0,670,0,0,False
M01,2026-08-01 17:07:34,2026-08-01 17:31:06,Running,,B,Lampone Zero 560ml,2200,1879,1412,737,3,False
M01,2026-08-01 17:31:06,2026-08-01 18:26:29,Running,,B,Lampone Zero 560ml,2200,1898,3323,1752,7,False
M01,2026-08-01 18:26:29,2026-08-01 19:13:24,Running,,B,Lampone Zero 560ml,2200,1848,2815,1445,5,False
M01,2026-08-01 19:13:24,2026-08-01 19:16:30,Stopped,External,B,Lampone Zero 560ml,2200,0,186,0,0,False
M01,2026-08-01 19:16:30,2026-08-01 20:00:25,Running,,B,Lampone Zero 560ml,2200,1887,2635,1381,5,False
M01,2026-08-01 20:00:25,2026-08-01 20:35:33,Running,,B,Lampone Zero 560ml,2200,1892,2108,1108,3,False
M01,2026-08-01 20:35:33,2026-08-01 20:48:45,Stopped,Starvation,B,Lampone Zero 560ml,2200,0,792,0,0,False
M01,2026-08-01 20:48:45,2026-08-01 21:40:20,Running,,B,Lampone Zero 560ml,2200,1889,3095,1624,5,False
M01,2026-08-01 21:40:20,2026-08-01 22:00:00,Running,,B,Lampone Zero 560ml,2200,1877,1180,615,2,False
M01,2026-08-01 22:00:00,2026-08-01 22:52:31,Running,,C,Lampone Zero 560ml,2200,1865,3151,1632,6,False
M01,2026-08-01 22:52:31,2026-08-01 23:12:59,Running,,C,Lampone Zero 560ml,2200,1912,1228,652,3,False
M01,2026-08-01 23:12:59,2026-08-01 23:51:38,Running,,C,Lampone Zero 560ml,2200,1850,2319,1192,5,False
M01,2026-08-01 23:51:38,2026-08-02 00:00:00,Running,,C,Lampone Zero 560ml,2200,1848,502,258,1,False
M01,2026-08-02 00:00:00,2026-08-02 00:30:47,Running,,C,Lampone Zero 560ml,2200,1734,1847,890,4,False
M01,2026-08-02 00:30:47,2026-08-02 00:51:03,Running,,C,Lampone Zero 560ml,2200,1742,1216,588,2,False
M01,2026-08-02 00:51:03,2026-08-02 01:50:44,Running,,C,Lampone Zero 560ml,2200,1779,3581,1770,7,False
M01,2026-08-02 01:50:44,2026-08-02 02:37:19,Running,,C,Lampone Zero 560ml,2200,1763,2795,1369,5,False
M01,2026-08-02 02:37:19,2026-08-02 02:47:50,Idle,,C,Lampone Zero 560ml,2200,0,631,0,0,False
M01,2026-08-02 02:47:50,2026-08-02 02:50:05,Stopped,Starvation,C,Lampone Zero 560ml,2200,0,135,0,0,False
M01,2026-08-02 02:50:05,2026-08-02 03:32:01,Running,,C,Lampone Zero 560ml,2200,1735,2516,1213,5,False
M01,2026-08-02 03:32:01,2026-08-02 04:24:20,Running,,C,Lampone Zero 560ml,2200,1771,3139,1544,5,False
M01,2026-08-02 04:24:20,2026-08-02 05:07:31,Running,,C,Lampone Zero 560ml,2200,1739,2591,1252,5,False
M01,2026-08-02 05:07:31,2026-08-02 05:27:50,Running,,C,Lampone Zero 560ml,2200,1724,1219,584,2,False
M01,2026-08-02 05:27:50,2026-08-02 05:59:51,Running,,C,Lampone Zero 560ml,2200,1763,1921,941,4,False
M01,2026-08-02 05:59:51,2026-08-02 06:00:00,Idle,,C,Lampone Zero 560ml,2200,0,9,0,0,False
M01,2026-08-02 06:00:00,2026-08-02 06:49:31,Running,,A,Lampone Zero 560ml,2200,1723,2971,1422,5,False
M01,2026-08-02 06:49:31,2026-08-02 07:40:45,Running,,A,Lampone Zero 560ml,2200,1721,3074,1470,6,False
M01,2026-08-02 07:40:45,2026-08-02 07:52:14,Stopped,Fault,A,Lampone Zero 560ml,2200,0,689,0,0,False
M01,2026-08-02 07:52:14,2026-08-02 07:57:24,Idle,,A,Lampone Zero 560ml,2200,0,310,0,0,False
M01,2026-08-02 07:57:24,2026-08-02 08:12:35,Stopped,External,A,Lampone Zero 560ml,2200,0,911,0,0,False
M01,2026-08-02 08:12:35,2026-08-02 08:59:44,Running,,A,Lampone Zero 560ml,2200,1760,2829,1383,6,False
M01,2026-08-02 08:59:44,2026-08-02 09:43:07,Running,,A,Lampone Zero 560ml,2200,1779,2603,1286,5,False
M01,2026-08-02 09:43:07,2026-08-02 09:52:17,Idle,,A,Lampone Zero 560ml,2200,0,550,0,0,False
M01,2026-08-02 09:52:17,2026-08-02 09:55:38,Stopped,External,A,Lampone Zero 560ml,2200,0,201,0,0,False
M01,2026-08-02 09:55:38,2026-08-02 10:13:57,Idle,,A,Lampone Zero 560ml,2200,0,1099,0,0,False
M01,2026-08-02 10:13:57,2026-08-02 10:55:42,Running,,A,Lampone Zero 560ml,2200,1730,2505,1204,4,False
M01,2026-08-02 10:55:42,2026-08-02 11:37:10,Running,,A,Lampone Zero 560ml,2200,1753,2488,1212,4,False
M01,2026-08-02 11:37:10,2026-08-02 11:48:19,Stopped,Buildup,A,Lampone Zero 560ml,2200,0,669,0,0,False
M01,2026-08-02 11:48:19,2026-08-02 12:19:23,Running,,A,Lampone Zero 560ml,2200,1735,1864,898,4,False
M01,2026-08-02 12:19:23,2026-08-02 12:46:39,Running,,A,Lampone Zero 560ml,2200,1766,1636,803,2,False
M01,2026-08-02 12:46:39,2026-08-02 13:34:12,Running,,A,Lampone Zero 560ml,2200,1720,2853,1363,5,False
M01,2026-08-02 13:34:12,2026-08-02 13:41:23,Stopped,Supplies,A,Lampone Zero 560ml,2200,0,431,0,0,False
M01,2026-08-02 13:41:23,2026-08-02 14:00:00,Running,,A,Lampone Zero 560ml,2200,1769,1117,549,2,False
M01,2026-08-02 14:00:00,2026-08-02 14:22:27,Stopped,Changeover,B,Arancia Rossa 500ml,2400,0,1347,0,0,True
M01,2026-08-02 14:22:27,2026-08-02 15:21:01,Running,,B,Arancia Rossa 500ml,2400,1875,3514,1830,6,False
M01,2026-08-02 15:21:01,2026-08-02 15:24:48,Stopped,Buildup,B,Arancia Rossa 500ml,2400,0,227,0,0,False
M01,2026-08-02 15:24:48,2026-08-02 16:18:01,Running,,B,Arancia Rossa 500ml,2400,1945,3193,1725,8,False
M01,2026-08-02 16:18:01,2026-08-02 16:42:31,Running,,B,Arancia Rossa 500ml,2400,1904,1470,777,3,False
M01,2026-08-02 16:42:31,2026-08-02 17:38:37,Running,,B,Arancia Rossa 500ml,2400,1926,3366,1801,6,False
M01,2026-08-02 17:38:37,2026-08-02 18:09:19,Running,,B,Arancia Rossa 500ml,2400,1902,1842,973,3,False
M01,2026-08-02 18:09:19,2026-08-02 18:14:34,Stopped,Starvation,B,Arancia Rossa 500ml,2400,0,315,0,0,False
M01,2026-08-02 18:14:34,2026-08-02 18:56:07,Running,,B,Arancia Rossa 500ml,2400,1893,2493,1311,5,False
M01,2026-08-02 18:56:07,2026-08-02 19:20:49,Running,,B,Arancia Rossa 500ml,2400,1949,1482,802,3,False
M01,2026-08-02 19:20:49,2026-08-02 19:34:31,Stopped,Starvation,B,Arancia Rossa 500ml,2400,0,822,0,0,False
M01,2026-08-02 19:34:31,2026-08-02 19:39:43,Stopped,Operator,B,Arancia Rossa 500ml,2400,0,312,0,0,False
M01,2026-08-02 19:39:43,2026-08-02 20:26:12,Running,,B,Arancia Rossa 500ml,2400,1936,2789,1500,6,False
M01,2026-08-02 20:26:12,2026-08-02 20:51:14,Running,,B,Arancia Rossa 500ml,2400,1920,1502,801,3,False
M01,2026-08-02 20:51:14,2026-08-02 21:02:33,Stopped,Starvation,B,Arancia Rossa 500ml,2400,0,679,0,0,False
M01,2026-08-02 21:02:33,2026-08-02 21:58:26,Running,,B,Arancia Rossa 500ml,2400,1893,3353,1763,8,False
M01,2026-08-02 21:58:26,2026-08-02 22:00:00,Idle,,B,Arancia Rossa 500ml,2400,0,94,0,0,False
M01,2026-08-02 22:00:00,2026-08-02 22:39:47,Stopped,Changeover,C,Lampone Zero 560ml,2200,0,2387,0,0,True
M01,2026-08-02 22:39:47,2026-08-02 23:29:37,Running,,C,Lampone Zero 560ml,2200,1764,2990,1465,6,False
M01,2026-08-02 23:29:37,2026-08-02 23:45:06,Stopped,Operator,C,Lampone Zero 560ml,2200,0,929,0,0,False
M01,2026-08-02 23:45:06,2026-08-02 23:58:25,Stopped,Starvation,C,Lampone Zero 560ml,2200,0,799,0,0,False
M01,2026-08-02 23:58:25,2026-08-03 00:00:00,Idle,,C,Lampone Zero 560ml,2200,0,95,0,0,False
M01,2026-08-03 00:00:00,2026-08-03 00:49:55,Running,,C,Lampone Zero 560ml,2200,2114,2995,1759,7,False
M01,2026-08-03 00:49:55,2026-08-03 01:48:27,Running,,C,Lampone Zero 560ml,2200,2115,3512,2063,9,False
M01,2026-08-03 01:48:27,2026-08-03 02:36:46,Running,,C,Lampone Zero 560ml,2200,2054,2899,1654,7,False
M01,2026-08-03 02:36:46,2026-08-03 02:52:28,Idle,,C,Lampone Zero 560ml,2200,0,942,0,0,False
M01,2026-08-03 02:52:28,2026-08-03 03:47:09,Running,,C,Lampone Zero 560ml,2200,2046,3281,1865,6,False
M01,2026-08-03 03:47:09,2026-08-03 04:45:09,Running,,C,Lampone Zero 560ml,2200,2056,3480,1987,8,False
M01,2026-08-03 04:45:09,2026-08-03 05:29:57,Running,,C,Lampone Zero 560ml,2200,2074,2688,1549,5,False
M01,2026-08-03 05:29:57,2026-08-03 05:57:43,Running,,C,Lampone Zero 560ml,2200,2068,1666,957,4,False
M01,2026-08-03 05:57:43,2026-08-03 06:00:00,Idle,,C,Lampone Zero 560ml,2200,0,137,0,0,False
M01,2026-08-03 06:00:00,2026-08-03 06:20:17,Stopped,Changeover,A,Arancia Rossa 500ml,2400,0,1217,0,0,True
M01,2026-08-03 06:20:17,2026-08-03 06:28:45,Idle,,A,Arancia Rossa 500ml,2400,0,508,0,0,False
M01,2026-08-03 06:28:45,2026-08-03 07:04:53,Running,,A,Arancia Rossa 500ml,2400,2268,2168,1366,6,False
M01,2026-08-03 07:04:53,2026-08-03 07:20:14,Stopped,Starvation,A,Arancia Rossa 500ml,2400,0,921,0,0,False
M01,2026-08-03 07:20:14,2026-08-03 07:30:25,Stopped,Starvation,A,Arancia Rossa 500ml,2400,0,611,0,0,False
M01,2026-08-03 07:30:25,2026-08-03 07:55:43,Running,,A,Arancia Rossa 500ml,2400,2282,1518,962,4,False
M01,2026-08-03 07:55:43,2026-08-03 08:26:39,Running,,A,Arancia Rossa 500ml,2400,2260,1856,1165,5,False
M01,2026-08-03 08:26:39,2026-08-03 09:00:38,Running,,A,Arancia Rossa 500ml,2400,2287,2039,1295,4,False
M01,2026-08-03 09:00:38,2026-08-03 09:31:33,Running,,A,Arancia Rossa 500ml,2400,2284,1855,1177,5,False
M01,2026-08-03 09:31:33,2026-08-03 10:10:33,Running,,A,Arancia Rossa 500ml,2400,2275,2340,1479,5,False
M01,2026-08-03 10:10:33,2026-08-03 10:30:44,Running,,A,Arancia Rossa 500ml,2400,2289,1211,770,3,False
M01,2026-08-03 10:30:44,2026-08-03 10:45:31,Stopped,Starvation,A,Arancia Rossa 500ml,2400,0,887,0,0,False
M01,2026-08-03 10:45:31,2026-08-03 11:39:09,Running,,A,Arancia Rossa 500ml,2400,2319,3218,2073,7,False
M01,2026-08-03 11:39:09,2026-08-03 12:24:01,Running,,A,Arancia Rossa 500ml,2400,2267,2692,1695,6,False
M01,2026-08-03 12:24:01,2026-08-03 12:45:59,Running,,A,Arancia Rossa 500ml,2400,2310,1318,846,4,False
M01,2026-08-03 12:45:59,2026-08-03 13:43:09,Running,,A,Arancia Rossa 500ml,2400,2250,3430,2144,7,False
M01,2026-08-03 13:43:09,2026-08-03 14:00:00,Running,,A,Arancia Rossa 500ml,2400,2250,1011,632,2,False
M01,2026-08-03 14:00:00,2026-08-03 14:32:48,Stopped,Changeover,B,Lampone Zero 560ml,2200,0,1968,0,0,True
M01,2026-08-03 14:32:48,2026-08-03 14:55:43,Running,,B,Lampone Zero 560ml,2200,2069,1375,790,3,False
M01,2026-08-03 14:55:43,2026-08-03 15:36:39,Running,,B,Lampone Zero 560ml,2200,2107,2456,1437,5,False
M01,2026-08-03 15:36:39,2026-08-03 16:20:42,Running,,B,Lampone Zero 560ml,2200,2097,2643,1540,5,False
M01,2026-08-03 16:20:42,2026-08-03 16:53:50,Running,,B,Lampone Zero 560ml,2200,2080,1988,1149,4,False
M01,2026-08-03 16:53:50,2026-08-03 17:33:26,Running,,B,Lampone Zero 560ml,2200,2088,2376,1378,4,False
M01,2026-08-03 17:33:26,2026-08-03 18:24:24,Running,,B,Lampone Zero 560ml,2200,2117,3058,1798,8,False
M01,2026-08-03 18:24:24,2026-08-03 19:16:00,Running,,B,Lampone Zero 560ml,2200,2124,3096,1827,7,False
M01,2026-08-03 19:16:00,2026-08-03 19:45:11,Running,,B,Lampone Zero 560ml,2200,2093,1751,1018,3,False
M01,2026-08-03 19:45:11,2026-08-03 19:48:49,Stopped,Buildup,B,Lampone Zero 560ml,2200,0,218,0,0,False
M01,2026-08-03 19:48:49,2026-08-03 20:47:17,Running,,B,Lampone Zero 560ml,2200,2059,3508,2006,9,False
M01,2026-08-03 20:47:17,2026-08-03 20:51:30,Stopped,Starvation,B,Lampone Zero 560ml,2200,0,253,0,0,False
M01,2026-08-03 20:51:30,2026-08-03 21:01:16,Stopped,External,B,Lampone Zero 560ml,2200,0,586,0,0,False
M01,2026-08-03 21:01:16,2026-08-03 21:15:52,Stopped,Starvation,B,Lampone Zero 560ml,2200,0,876,0,0,False
M01,2026-08-03 21:15:52,2026-08-03 21:21:03,Stopped,Starvation,B,Lampone Zero 560ml,2200,0,311,0,0,False
M01,2026-08-03 21:21:03,2026-08-03 21:41:52,Running,,B,Lampone Zero 560ml,2200,2124,1249,737,3,False
M01,2026-08-03 21:41:52,2026-08-03 21:44:22,Stopped,Starvation,B,Lampone Zero 560ml,2200,0,150,0,0,False
M01,2026-08-03 21:44:22,2026-08-03 21:48:12,Stopped,Starvation,B,Lampone Zero 560ml,2200,0,230,0,0,False
M01,2026-08-03 21:48:12,2026-08-03 22:00:00,Running,,B,Lampone Zero 560ml,2200,2103,708,414,2,False
M01,2026-08-03 22:00:00,2026-08-03 22:07:35,Stopped,Starvation,C,Lampone Zero 560ml,2200,0,455,0,0,False
M01,2026-08-03 22:07:35,2026-08-03 22:30:17,Running,,C,Lampone Zero 560ml,2200,2116,1362,801,4,False
M01,2026-08-03 22:30:17,2026-08-03 23:05:26,Running,,C,Lampone Zero 560ml,2200,2047,2109,1199,4,False
M01,2026-08-03 23:05:26,2026-08-03 23:54:24,Running,,C,Lampone Zero 560ml,2200,2045,2938,1669,7,False
M01,2026-08-03 23:54:24,2026-08-04 00:00:00,Running,,C,Lampone Zero 560ml,2200,2123,336,198,1,False
M01,2026-08-04 00:00:00,2026-08-04 00:42:48,Running,,C,Lampone Zero 560ml,2200,2079,2568,1483,6,False
M01,2026-08-04 00:42:48,2026-08-04 01:34:29,Running,,C,Lampone Zero 560ml,2200,2049,3101,1765,7,False
M01,2026-08-04 01:34:29,2026-08-04 02:29:58,Running,,C,Lampone Zero 560ml,2200,2105,3329,1947,6,False
M01,2026-08-04 02:29:58,2026-08-04 03:08:33,Running,,C,Lampone Zero 560ml,2200,2122,2315,1365,4,False
M01,2026-08-04 03:08:33,2026-08-04 03:22:07,Stopped,Fault,C,Lampone Zero 560ml,2200,0,814,0,0,False
M01,2026-08-04 03:22:07,2026-08-04 03:59:31,Running,,C,Lampone Zero 560ml,2200,2055,2244,1281,5,False
M01,2026-08-04 03:59:31,2026-08-04 04:34:27,Running,,C,Lampone Zero 560ml,2200,2109,2096,1228,4,False
M01,2026-08-04 04:34:27,2026-08-04 04:47:03,Stopped,External,C,Lampone Zero 560ml,2200,0,756,0,0,False
M01,2026-08-04 04:47:03,2026-08-04 05:00:09,Idle,,C,Lampone Zero 560ml,2200,0,786,0,0,False
M01,2026-08-04 05:00:09,2026-08-04 05:27:13,Running,,C,Lampone Zero 560ml,2200,2076,1624,937,3,False
M01,2026-08-04 05:27:13,2026-08-04 05:58:30,Running,,C,Lampone Zero 560ml,2200,2082,1877,1086,3,False
M01,2026-08-04 05:58:30,2026-08-04 06:00:00,Idle,,C,Lampone Zero 560ml,2200,0,90,0,0,False
M01,2026-08-04 06:00:00,2026-08-04 06:32:12,Stopped,Maintenance,A,Lampone Zero 560ml,2200,0,1932,0,0,True
M01,2026-08-04 06:32:12,2026-08-04 06:34:26,Stopped,External,A,Lampone Zero 560ml,2200,0,134,0,0,False
M01,2026-08-04 06:34:26,2026-08-04 07:08:49,Running,,A,Lampone Zero 560ml,2200,2119,2063,1214,5,False
M01,2026-08-04 07:08:49,2026-08-04 07:34:07,Running,,A,Lampone Zero 560ml,2200,2059,1518,868,3,False
M01,2026-08-04 07:34:07,2026-08-04 08:21:31,Running,,A,Lampone Zero 560ml,2200,2096,2844,1656,6,False
M01,2026-08-04 08:21:31,2026-08-04 08:51:48,Running,,A,Lampone Zero 560ml,2200,2057,1817,1038,5,False
M01,2026-08-04 08:51:48,2026-08-04 09:47:09,Running,,A,Lampone Zero 560ml,2200,2054,3321,1895,6,False
M01,2026-08-04 09:47:09,2026-08-04 10:43:28,Running,,A,Lampone Zero 560ml,2200,2123,3379,1993,8,False
M01,2026-08-04 10:43:28,2026-08-04 10:45:31,Stopped,External,A,Lampone Zero 560ml,2200,0,123,0,0,False
M01,2026-08-04 10:45:31,2026-08-04 11:14:19,Running,,A,Lampone Zero 560ml,2200,2105,1728,1010,4,False
M01,2026-08-04 11:14:19,2026-08-04 11:57:21,Running,,A,Lampone Zero 560ml,2200,2069,2582,1484,6,False
M01,2026-08-04 11:57:21,2026-08-04 12:55:35,Running,,A,Lampone Zero 560ml,2200,2102,3494,2040,7,False
M01,2026-08-04 12:55:35,2026-08-04 13:45:35,Running,,A,Lampone Zero 560ml,2200,2087,3000,1739,7,False
M01,2026-08-04 13:45:35,2026-08-04 14:00:00,Running,,A,Lampone Zero 560ml,2200,2053,865,493,2,False
M01,2026-08-04 14:00:00,2026-08-04 14:26:06,Stopped,Changeover,B,Arancia Rossa 500ml,2400,0,1566,0,0,True
M01,2026-08-04 14:26:06,2026-08-04 15:18:48,Running,,B,Arancia Rossa 500ml,2400,2317,3162,2035,7,False
M01,2026-08-04 15:18:48,2026-08-04 16:03:48,Running,,B,Arancia Rossa 500ml,2400,2259,2700,1694,6,False
M01,2026-08-04 16:03:48,2026-08-04 16:29:41,Running,,B,Arancia Rossa 500ml,2400,2316,1553,999,4,False
M01,2026-08-04 16:29:41,2026-08-04 16:42:35,Stopped,Starvation,B,Arancia Rossa 500ml,2400,0,774,0,0,False
M01,2026-08-04 16:42:35,2026-08-04 16:47:12,Stopped,Starvation,B,Arancia Rossa 500ml,2400,0,277,0,0,False
M01,2026-08-04 16:47:12,2026-08-04 17:00:15,Stopped,Starvation,B,Arancia Rossa 500ml,2400,0,783,0,0,False
M01,2026-08-04 17:00:15,2026-08-04 17:36:23,Running,,B,Arancia Rossa 500ml,2400,2281,2168,1374,6,False
M01,2026-08-04 17:36:23,2026-08-04 17:47:18,Stopped,Starvation,B,Arancia Rossa 500ml,2400,0,655,0,0,False
M01,2026-08-04 17:47:18,2026-08-04 17:49:51,Stopped,Starvation,B,Arancia Rossa 500ml,2400,0,153,0,0,False
M01,2026-08-04 17:49:51,2026-08-04 18:28:12,Running,,B,Arancia Rossa 500ml,2400,2263,2301,1446,6,False
M01,2026-08-04 18:28:12,2026-08-04 18:52:56,Running,,B,Arancia Rossa 500ml,2400,2283,1484,941,4,False
M01,2026-08-04 18:52:56,2026-08-04 19:34:05,Running,,B,Arancia Rossa 500ml,2400,2320,2469,1591,6,False
M01,2026-08-04 19:34:05,2026-08-04 20:23:41,Running,,B,Arancia Rossa 500ml,2400,2237,2976,1849,7,False
M01,2026-08-04 20:23:41,2026-08-04 21:06:48,Running,,B,Arancia Rossa 500ml,2400,2258,2587,1623,7,False
M01,2026-08-04 21:06:48,2026-08-04 21:39:34,Running,,B,Arancia Rossa 500ml,2400,2287,1966,1249,5,False
M01,2026-08-04 21:39:34,2026-08-04 21:59:49,Running,,B,Arancia Rossa 500ml,2400,2255,1215,761,3,False
M01,2026-08-04 21:59:49,2026-08-04 22:00:00,Idle,,B,Arancia Rossa 500ml,2400,0,11,0,0,False
M01,2026-08-04 22:00:00,2026-08-04 22:47:49,Running,,C,Arancia Rossa 500ml,2400,2291,2869,1826,8,False
M01,2026-08-04 22:47:49,2026-08-04 23:14:43,Running,,C,Arancia Rossa 500ml,2400,2232,1614,1001,4,False
M01,2026-08-04 23:14:43,2026-08-04 23:40:51,Running,,C,Arancia Rossa 500ml,2400,2252,1568,981,4,False
M01,2026-08-04 23:40:51,2026-08-04 23:49:11,Stopped,External,C,Arancia Rossa 500ml,2400,0,500,0,0,False
M01,2026-08-04 23:49:11,2026-08-05 00:00:00,Running,,C,Arancia Rossa 500ml,2400,2302,649,415,2,False
M01,2026-08-05 00:00:00,2026-08-05 00:15:34,Stopped,Starvation,C,Arancia Rossa 500ml,2400,0,934,0,0,False
M01,2026-08-05 00:15:34,2026-08-05 00:41:57,Running,,C,Arancia Rossa 500ml,2400,2256,1583,992,4,False
M01,2026-08-05 00:41:57,2026-08-05 00:48:03,Stopped,External,C,Arancia Rossa 500ml,2400,0,366,0,0,False
M01,2026-08-05 00:48:03,2026-08-05 01:30:49,Running,,C,Arancia Rossa 500ml,2400,2301,2566,1640,5,False
M01,2026-08-05 01:30:49,2026-08-05 01:55:24,Running,,C,Arancia Rossa 500ml,2400,2289,1475,938,3,False
M01,2026-08-05 01:55:24,2026-08-05 02:19:24,Running,,C,Arancia Rossa 500ml,2400,2276,1440,910,3,False
M01,2026-08-05 02:19:24,2026-08-05 03:12:45,Running,,C,Arancia Rossa 500ml,2400,2247,3201,1998,8,False
M01,2026-08-05 03:12:45,2026-08-05 03:27:26,Stopped,Buildup,C,Arancia Rossa 500ml,2400,0,881,0,0,False
M01,2026-08-05 03:27:26,2026-08-05 03:32:28,Stopped,Starvation,C,Arancia Rossa 500ml,2400,0,302,0,0,False
M01,2026-08-05 03:32:28,2026-08-05 03:46:46,Stopped,Operator,C,Arancia Rossa 500ml,2400,0,858,0,0,False
M01,2026-08-05 03:46:46,2026-08-05 04:41:06,Running,,C,Arancia Rossa 500ml,2400,2290,3260,2074,8,False
M01,2026-08-05 04:41:06,2026-08-05 04:47:20,Stopped,Starvation,C,Arancia Rossa 500ml,2400,0,374,0,0,False
M01,2026-08-05 04:47:20,2026-08-05 05:28:46,Running,,C,Arancia Rossa 500ml,2400,2231,2486,1541,6,False
M01,2026-08-05 05:28:46,2026-08-05 05:56:56,Running,,C,Arancia Rossa 500ml,2400,2283,1690,1072,5,False
M01,2026-08-05 05:56:56,2026-08-05 06:00:00,Idle,,C,Arancia Rossa 500ml,2400,0,184,0,0,False
M01,2026-08-05 06:00:00,2026-08-05 06:12:23,Stopped,Buildup,A,Arancia Rossa 500ml,2400,0,743,0,0,False
M01,2026-08-05 06:12:23,2026-08-05 06:34:41,Running,,A,Arancia Rossa 500ml,2400,2246,1338,835,3,False
M01,2026-08-05 06:34:41,2026-08-05 07:29:57,Running,,A,Arancia Rossa 500ml,2400,2309,3316,2127,9,False
M01,2026-08-05 07:29:57,2026-08-05 07:38:45,Stopped,Starvation,A,Arancia Rossa 500ml,2400,0,528,0,0,False
M01,2026-08-05 07:38:45,2026-08-05 07:50:44,Idle,,A,Arancia Rossa 500ml,2400,0,719,0,0,False
M01,2026-08-05 07:50:44,2026-08-05 07:53:18,Stopped,Fault,A,Arancia Rossa 500ml,2400,0,154,0,0,False
M01,2026-08-05 07:53:18,2026-08-05 08:14:48,Running,,A,Arancia Rossa 500ml,2400,2263,1290,811,3,False
M01,2026-08-05 08:14:48,2026-08-05 08:40:53,Running,,A,Arancia Rossa 500ml,2400,2290,1565,996,4,False
M01,2026-08-05 08:40:53,2026-08-05 09:24:14,Running,,A,Arancia Rossa 500ml,2400,2231,2601,1612,6,False
M01,2026-08-05 09:24:14,2026-08-05 10:09:20,Running,,A,Arancia Rossa 500ml,2400,2291,2706,1722,7,False
M01,2026-08-05 10:09:20,2026-08-05 11:07:53,Running,,A,Arancia Rossa 500ml,2400,2253,3513,2199,9,False
M01,2026-08-05 11:07:53,2026-08-05 11:49:06,Running,,A,Arancia Rossa 500ml,2400,2280,2473,1566,7,False
M01,2026-08-05 11:49:06,2026-08-05 11:57:24,Stopped,Fault,A,Arancia Rossa 500ml,2400,0,498,0,0,False
M01,2026-08-05 11:57:24,2026-08-05 12:34:24,Running,,A,Arancia Rossa 500ml,2400,2270,2220,1400,5,False
M01,2026-08-05 12:34:24,2026-08-05 13:25:22,Running,,A,Arancia Rossa 500ml,2400,2288,3058,1944,7,False
M01,2026-08-05 13:25:22,2026-08-05 13:48:51,Running,,A,Arancia Rossa 500ml,2400,2274,1409,890,3,False
M01,2026-08-05 13:48:51,2026-08-05 14:00:00,Running,,A,Arancia Rossa 500ml,2400,2292,669,426,2,False
M01,2026-08-05 14:00:00,2026-08-05 14:24:21,Stopped,Changeover,B,Lampone Zero 560ml,2200,0,1461,0,0,True
M01,2026-08-05 14:24:21,2026-08-05 14:52:14,Running,,B,Lampone Zero 560ml,2200,2117,1673,984,3,False
M01,2026-08-05 14:52:14,2026-08-05 15:15:28,Running,,B,Lampone Zero 560ml,2200,2079,1394,805,3,False
M01,2026-08-05 15:15:28,2026-08-05 16:12:10,Running,,B,Lampone Zero 560ml,2200,2063,3402,1950,7,False
M01,2026-08-05 16:12:10,2026-08-05 17:07:19,Running,,B,Lampone Zero 560ml,2200,2119,3309,1948,8,False
M01,2026-08-05 17:07:19,2026-08-05 17:44:29,Running,,B,Lampone Zero 560ml,2200,2064,2230,1279,5,False
M01,2026-08-05 17:44:29,2026-08-05 18:39:23,Running,,B,Lampone Zero 560ml,2200,2075,3294,1899,6,False
M01,2026-08-05 18:39:23,2026-08-05 19:04:40,Running,,B,Lampone Zero 560ml,2200,2104,1517,887,3,False
M01,2026-08-05 19:04:40,2026-08-05 19:19:00,Stopped,External,B,Lampone Zero 560ml,2200,0,860,0,0,False
M01,2026-08-05 19:19:00,2026-08-05 19:27:51,Idle,,B,Lampone Zero 560ml,2200,0,531,0,0,False
M01,2026-08-05 19:27:51,2026-08-05 20:10:29,Running,,B,Lampone Zero 560ml,2200,2048,2558,1455,5,False
M01,2026-08-05 20:10:29,2026-08-05 20:58:18,Running,,B,Lampone Zero 560ml,2200,2092,2869,1667,7,False
M01,2026-08-05 20:58:18,2026-08-05 21:22:50,Running,,B,Lampone Zero 560ml,2200,2126,1472,869,3,False
M01,2026-08-05 21:22:50,2026-08-05 21:54:20,Running,,B,Lampone Zero 560ml,2200,2122,1890,1114,5,False
M01,2026-08-05 21:54:20,2026-08-05 22:00:00,Running,,B,Lampone Zero 560ml,2200,2053,340,194,1,False
M01,2026-08-05 22:00:00,2026-08-05 22:57:02,Running,,C,Lampone Zero 560ml,2200,2127,3422,2022,7,False
M01,2026-08-05 22:57:02,2026-08-05 23:14:12,Idle,,C,Lampone Zero 560ml,2200,0,1030,0,0,False
M01,2026-08-05 23:14:12,2026-08-05 23:52:12,Running,,C,Lampone Zero 560ml,2200,2117,2280,1341,5,False
M01,2026-08-05 23:52:12,2026-08-06 00:00:00,Running,,C,Lampone Zero 560ml,2200,2087,468,271,1,False
M01,2026-08-06 00:00:00,2026-08-06 00:27:51,Running,,C,Lampone Zero 560ml,2200,2051,1671,952,3,False
M01,2026-08-06 00:27:51,2026-08-06 01:11:43,Running,,C,Lampone Zero 560ml,2200,2094,2632,1531,6,False
M01,2026-08-06 01:11:43,2026-08-06 01:18:18,Stopped,Buildup,C,Lampone Zero 560ml,2200,0,395,0,0,False
M01,2026-08-06 01:18:18,2026-08-06 02:03:36,Running,,C,Lampone Zero 560ml,2200,2117,2718,1598,6,False
M01,2026-08-06 02:03:36,2026-08-06 02:06:44,Stopped,Starvation,C,Lampone Zero 560ml,2200,0,188,0,0,False
M01,2026-08-06 02:06:44,2026-08-06 02:19:43,Stopped,Starvation,C,Lampone Zero 560ml,2200,0,779,0,0,False
M01,2026-08-06 02:19:43,2026-08-06 02:33:12,Stopped,Starvation,C,Lampone Zero 560ml,2200,0,809,0,0,False
M01,2026-08-06 02:33:12,2026-08-06 03:05:09,Running,,C,Lampone Zero 560ml,2200,2045,1917,1089,5,False
M01,2026-08-06 03:05:09,2026-08-06 03:12:11,Stopped,Fault,C,Lampone Zero 560ml,2200,0,422,0,0,False
M01,2026-08-06 03:12:11,2026-08-06 03:20:31,Stopped,Buildup,C,Lampone Zero 560ml,2200,0,500,0,0,False
M01,2026-08-06 03:20:31,2026-08-06 04:12:23,Running,,C,Lampone Zero 560ml,2200,2056,3112,1777,7,False
M01,2026-08-06 04:12:23,2026-08-06 04:20:27,Idle,,C,Lampone Zero 560ml,2200,0,484,0,0,False
M01,2026-08-06 04:20:27,2026-08-06 04:30:18,Stopped,Buildup,C,Lampone Zero 560ml,2200,0,591,0,0,False
M01,2026-08-06 04:30:18,2026-08-06 05:27:41,Running,,C,Lampone Zero 560ml,2200,2126,3443,2033,8,False
M01,2026-08-06 05:27:41,2026-08-06 05:54:28,Running,,C,Lampone Zero 560ml,2200,2055,1607,917,4,False
M01,2026-08-06 05:54:28,2026-08-06 06:00:00,Running,,C,Lampone Zero 560ml,2200,2112,332,195,1,False
M01,2026-08-06 06:00:00,2026-08-06 06:40:37,Running,,A,Lampone Zero 560ml,2200,2121,2437,1436,6,False
M01,2026-08-06 06:40:37,2026-08-06 07:22:21,Running,,A,Lampone Zero 560ml,2200,2058,2504,1431,5,False
M01,2026-08-06 07:22:21,2026-08-06 07:40:23,Idle,,A,Lampone Zero 560ml,2200,0,1082,0,0,False
M01,2026-08-06 07:40:23,2026-08-06 07:42:42,Stopped,Fault,A,Lampone Zero 560ml,2200,0,139,0,0,False
M01,2026-08-06 07:42:42,2026-08-06 08:22:15,Running,,A,Lampone Zero 560ml,2200,2114,2373,1393,5,False
M01,2026-08-06 08:22:15,2026-08-06 08:36:14,Stopped,Starvation,A,Lampone Zero 560ml,2200,0,839,0,0,False
M01,2026-08-06 08:36:14,2026-08-06 09:23:22,Running,,A,Lampone Zero 560ml,2200,2061,2828,1619,6,False
M01,2026-08-06 09:23:22,2026-08-06 10:16:21,Running,,A,Lampone Zero 560ml,2200,2105,3179,1859,8,False
M01,2026-08-06 10:16:21,2026-08-06 10:26:25,Stopped,Starvation,A,Lampone Zero 560ml,2200,0,604,0,0,False
M01,2026-08-06 10:26:25,2026-08-06 10:32:13,Stopped,Starvation,A,Lampone Zero 560ml,2200,0,348,0,0,False
M01,2026-08-06 10:32:13,2026-08-06 11:03:17,Running,,A,Lampone Zero 560ml,2200,2112,1864,1094,4,False
M01,2026-08-06 11:03:17,2026-08-06 11:44:22,Running,,A,Lampone Zero 560ml,2200,2121,2465,1452,5,False
M01,2026-08-06 11:44:22,2026-08-06 12:19:00,Running,,A,Lampone Zero 560ml,2200,2076,2078,1198,5,False
M01,2026-08-06 12:19:00,2026-08-06 12:55:38,Running,,A,Lampone Zero 560ml,2200,2056,2198,1255,5,False
M01,2026-08-06 12:55:38,2026-08-06 13:27:08,Running,,A,Lampone Zero 560ml,2200,2069,1890,1086,4,False
M01,2026-08-06 13:27:08,2026-08-06 13:52:37,Running,,A,Lampone Zero 560ml,2200,2073,1529,880,3,False
M01,2026-08-06 13:52:37,2026-08-06 13:59:58,Stopped,Starvation,A,Lampone Zero 560ml,2200,0,441,0,0,False
M01,2026-08-06 13:59:58,2026-08-06 14:00:00,Idle,,A,Lampone Zero 560ml,2200,0,2,0,0,False
M01,2026-08-06 14:00:00,2026-08-06 14:35:05,Stopped,Changeover,B,Arancia Rossa 500ml,2400,0,2105,0,0,True
M01,2026-08-06 14:35:05,2026-08-06 15:10:06,Running,,B,Arancia Rossa 500ml,2400,2232,2101,1303,5,False
M01,2026-08-06 15:10:06,2026-08-06 15:14:37,Stopped,Starvation,B,Arancia Rossa 500ml,2400,0,271,0,0,False
M01,2026-08-06 15:14:37,2026-08-06 15:40:30,Running,,B,Arancia Rossa 500ml,2400,2256,1553,973,3,False
M01,2026-08-06 15:40:30,2026-08-06 16:13:26,Running,,B,Arancia Rossa 500ml,2400,2270,1976,1246,5,False
M01,2026-08-06 16:13:26,2026-08-06 16:51:57,Running,,B,Arancia Rossa 500ml,2400,2281,2311,1464,5,False
M01,2026-08-06 16:51:57,2026-08-06 17:51:19,Running,,B,Arancia Rossa 500ml,2400,2245,3562,2221,7,False
M01,2026-08-06 17:51:19,2026-08-06 18:27:54,Running,,B,Arancia Rossa 500ml,2400,2268,2195,1383,6,False
M01,2026-08-06 18:27:54,2026-08-06 19:18:15,Running,,B,Arancia Rossa 500ml,2400,2262,3021,1898,6,False
M01,2026-08-06 19:18:15,2026-08-06 19:41:14,Running,,B,Arancia Rossa 500ml,2400,2273,1379,871,4,False
M01,2026-08-06 19:41:14,2026-08-06 20:03:59,Running,,B,Arancia Rossa 500ml,2400,2247,1365,852,3,False
M01,2026-08-06 20:03:59,2026-08-06 20:45:34,Running,,B,Arancia Rossa 500ml,2400,2303,2495,1596,7,False
M01,2026-08-06 20:45:34,2026-08-06 21:07:00,Running,,B,Arancia Rossa 500ml,2400,2299,1286,821,3,False
M01,2026-08-06 21:07:00,2026-08-06 21:21:13,Stopped,External,B,Arancia Rossa 500ml,2400,0,853,0,0,False
M01,2026-08-06 21:21:13,2026-08-06 21:32:00,Stopped,Buildup,B,Arancia Rossa 500ml,2400,0,647,0,0,False
M01,2026-08-06 21:32:00,2026-08-06 21:53:15,Running,,B,Arancia Rossa 500ml,2400,2285,1275,809,3,False
M01,2026-08-06 21:53:15,2026-08-06 22:00:00,Running,,B,Arancia Rossa 500ml,2400,2309,405,260,1,False
M01,2026-08-06 22:00:00,2026-08-06 22:44:38,Running,,C,Arancia Rossa 500ml,2400,2243,2678,1669,7,False
M01,2026-08-06 22:44:38,2026-08-06 23:43:47,Running,,C,Arancia Rossa 500ml,2400,2230,3549,2198,8,False
M01,2026-08-06 23:43:47,2026-08-07 00:00:00,Running,,C,Arancia Rossa 500ml,2400,2247,973,607,2,False
M01,2026-08-07 00:00:00,2026-08-07 00:23:25,Running,,C,Arancia Rossa 500ml,2400,2163,1405,844,4,False
M01,2026-08-07 00:23:25,2026-08-07 01:08:06,Running,,C,Arancia Rossa 500ml,2400,2182,2681,1625,6,False
M01,2026-08-07 01:08:06,2026-08-07 01:33:56,Running,,C,Arancia Rossa 500ml,2400,2244,1550,966,4,False
M01,2026-08-07 01:33:56,2026-08-07 02:04:56,Running,,C,Arancia Rossa 500ml,2400,2176,1860,1124,5,False
M01,2026-08-07 02:04:56,2026-08-07 02:26:56,Running,,C,Arancia Rossa 500ml,2400,2176,1320,798,3,False
M01,2026-08-07 02:26:56,2026-08-07 02:33:40,Stopped,Operator,C,Arancia Rossa 500ml,2400,0,404,0,0,False
M01,2026-08-07 02:33:40,2026-08-07 02:54:57,Running,,C,Arancia Rossa 500ml,2400,2162,1277,767,3,False
M01,2026-08-07 02:54:57,2026-08-07 03:51:59,Running,,C,Arancia Rossa 500ml,2400,2200,3422,2091,7,False
M01,2026-08-07 03:51:59,2026-08-07 04:00:33,Stopped,External,C,Arancia Rossa 500ml,2400,0,514,0,0,False
M01,2026-08-07 04:00:33,2026-08-07 04:54:26,Running,,C,Arancia Rossa 500ml,2400,2177,3233,1955,8,False
M01,2026-08-07 04:54:26,2026-08-07 05:07:46,Stopped,Starvation,C,Arancia Rossa 500ml,2400,0,800,0,0,False
M01,2026-08-07 05:07:46,2026-08-07 05:40:30,Running,,C,Arancia Rossa 500ml,2400,2245,1964,1225,4,False
M01,2026-08-07 05:40:30,2026-08-07 05:50:21,Stopped,Starvation,C,Arancia Rossa 500ml,2400,0,591,0,0,False
M01,2026-08-07 05:50:21,2026-08-07 06:00:00,Running,,C,Arancia Rossa 500ml,2400,2235,579,359,1,False
M01,2026-08-07 06:00:00,2026-08-07 06:47:27,Running,,A,Arancia Rossa 500ml,2400,2243,2847,1774,7,False
M01,2026-08-07 06:47:27,2026-08-07 07:11:29,Running,,A,Arancia Rossa 500ml,2400,2208,1442,884,4,False
M01,2026-08-07 07:11:29,2026-08-07 08:10:28,Running,,A,Arancia Rossa 500ml,2400,2223,3539,2185,8,False
M01,2026-08-07 08:10:28,2026-08-07 08:22:45,Stopped,Starvation,A,Arancia Rossa 500ml,2400,0,737,0,0,False
M01,2026-08-07 08:22:45,2026-08-07 08:56:44,Running,,A,Arancia Rossa 500ml,2400,2183,2039,1236,5,False
M01,2026-08-07 08:56:44,2026-08-07 09:09:44,Stopped,Starvation,A,Arancia Rossa 500ml,2400,0,780,0,0,False
M01,2026-08-07 09:09:44,2026-08-07 09:16:32,Stopped,Operator,A,Arancia Rossa 500ml,2400,0,408,0,0,False
M01,2026-08-07 09:16:32,2026-08-07 09:29:47,Stopped,External,A,Arancia Rossa 500ml,2400,0,795,0,0,False
M01,2026-08-07 09:29:47,2026-08-07 09:40:03,Stopped,Starvation,A,Arancia Rossa 500ml,2400,0,616,0,0,False
M01,2026-08-07 09:40:03,2026-08-07 09:47:46,Stopped,Starvation,A,Arancia Rossa 500ml,2400,0,463,0,0,False
M01,2026-08-07 09:47:46,2026-08-07 10:45:05,Running,,A,Arancia Rossa 500ml,2400,2249,3439,2148,8,False
M01,2026-08-07 10:45:05,2026-08-07 11:41:53,Running,,A,Arancia Rossa 500ml,2400,2184,3408,2068,9,False
M01,2026-08-07 11:41:53,2026-08-07 12:12:08,Running,,A,Arancia Rossa 500ml,2400,2178,1815,1098,4,False
M01,2026-08-07 12:12:08,2026-08-07 12:41:25,Running,,A,Arancia Rossa 500ml,2400,2219,1757,1083,3,False
M01,2026-08-07 12:41:25,2026-08-07 12:52:46,Stopped,Supplies,A,Arancia Rossa 500ml,2400,0,681,0,0,False
M01,2026-08-07 12:52:46,2026-08-07 13:17:03,Running,,A,Arancia Rossa 500ml,2400,2178,1457,881,3,False
M01,2026-08-07 13:17:03,2026-08-07 13:58:19,Running,,A,Arancia Rossa 500ml,2400,2172,2476,1494,6,False
M01,2026-08-07 13:58:19,2026-08-07 14:00:00,Idle,,A,Arancia Rossa 500ml,2400,0,101,0,0,False
M01,2026-08-07 14:00:00,2026-08-07 14:36:12,Stopped,Changeover,B,Lampone Zero 560ml,2200,0,2172,0,0,True
M01,2026-08-07 14:36:12,2026-08-07 15:27:45,Running,,B,Lampone Zero 560ml,2200,2034,3093,1748,8,False
M01,2026-08-07 15:27:45,2026-08-07 15:49:53,Running,,B,Lampone Zero 560ml,2200,2016,1328,744,3,False
M01,2026-08-07 15:49:53,2026-08-07 16:26:10,Running,,B,Lampone Zero 560ml,2200,2015,2177,1219,5,False
M01,2026-08-07 16:26:10,2026-08-07 17:13:37,Running,,B,Lampone Zero 560ml,2200,2010,2847,1590,6,False
M01,2026-08-07 17:13:37,2026-08-07 18:06:27,Running,,B,Lampone Zero 560ml,2200,2020,3170,1779,8,False
M01,2026-08-07 18:06:27,2026-08-07 18:57:40,Running,,B,Lampone Zero 560ml,2200,2044,3073,1745,8,False
M01,2026-08-07 18:57:40,2026-08-07 19:35:22,Running,,B,Lampone Zero 560ml,2200,2044,2262,1284,4,False
M01,2026-08-07 19:35:22,2026-08-07 20:08:37,Running,,B,Lampone Zero 560ml,2200,1985,1995,1100,3,False
M01,2026-08-07 20:08:37,2026-08-07 20:28:41,Running,,B,Lampone Zero 560ml,2200,2041,1204,683,2,False
M01,2026-08-07 20:28:41,2026-08-07 20:56:37,Running,,B,Lampone Zero 560ml,2200,2016,1676,939,4,False
M01,2026-08-07 20:56:37,2026-08-07 21:00:50,Stopped,External,B,Lampone Zero 560ml,2200,0,253,0,0,False
M01,2026-08-07 21:00:50,2026-08-07 21:44:39,Running,,B,Lampone Zero 560ml,2200,2060,2629,1504,5,False
M01,2026-08-07 21:44:39,2026-08-07 22:00:00,Running,,B,Lampone Zero 560ml,2200,2055,921,526,2,False
M01,2026-08-07 22:00:00,2026-08-07 22:15:08,Stopped,Fault,C,Lampone Zero 560ml,2200,0,908,0,0,False
M01,2026-08-07 22:15:08,2026-08-07 22:38:14,Running,,C,Lampone Zero 560ml,2200,2038,1386,785,3,False
M01,2026-08-07 22:38:14,2026-08-07 22:49:40,Stopped,Starvation,C,Lampone Zero 560ml,2200,0,686,0,0,False
M01,2026-08-07 22:49:40,2026-08-07 23:39:37,Running,,C,Lampone Zero 560ml,2200,2011,2997,1674,7,False
M01,2026-08-07 23:39:37,2026-08-07 23:53:06,Stopped,Starvation,C,Lampone Zero 560ml,2200,0,809,0,0,False
M01,2026-08-07 23:53:06,2026-08-08 00:00:00,Running,,C,Lampone Zero 560ml,2200,2009,414,231,1,False
M01,2026-08-08 00:00:00,2026-08-08 00:47:55,Running,,C,Lampone Zero 560ml,2200,1889,2875,1509,5,False
M01,2026-08-08 00:47:55,2026-08-08 01:26:48,Running,,C,Lampone Zero 560ml,2200,1838,2333,1191,4,False
M01,2026-08-08 01:26:48,2026-08-08 01:54:00,Running,,C,Lampone Zero 560ml,2200,1868,1632,847,3,False
M01,2026-08-08 01:54:00,2026-08-08 02:42:05,Running,,C,Lampone Zero 560ml,2200,1897,2885,1520,6,False
M01,2026-08-08 02:42:05,2026-08-08 02:51:07,Stopped,Starvation,C,Lampone Zero 560ml,2200,0,542,0,0,False
M01,2026-08-08 02:51:07,2026-08-08 03:45:31,Running,,C,Lampone Zero 560ml,2200,1878,3264,1703,7,False
M01,2026-08-08 03:45:31,2026-08-08 04:44:55,Running,,C,Lampone Zero 560ml,2200,1844,3564,1826,7,False
M01,2026-08-08 04:44:55,2026-08-08 05:09:15,Running,,C,Lampone Zero 560ml,2200,1876,1460,761,3,False
M01,2026-08-08 05:09:15,2026-08-08 05:48:24,Running,,C,Lampone Zero 560ml,2200,1860,2349,1214,4,False
M01,2026-08-08 05:48:24,2026-08-08 05:54:56,Stopped,Fault,C,Lampone Zero 560ml,2200,0,392,0,0,False
M01,2026-08-08 05:54:56,2026-08-08 06:00:00,Running,,C,Lampone Zero 560ml,2200,1855,304,157,1,False
M01,2026-08-08 06:00:00,2026-08-08 06:51:42,Running,,A,Lampone Zero 560ml,2200,1883,3102,1623,7,False
M01,2026-08-08 06:51:42,2026-08-08 07:32:37,Running,,A,Lampone Zero 560ml,2200,1851,2455,1262,4,False
M01,2026-08-08 07:32:37,2026-08-08 07:53:05,Running,,A,Lampone Zero 560ml,2200,1887,1228,644,3,False
M01,2026-08-08 07:53:05,2026-08-08 08:36:21,Running,,A,Lampone Zero 560ml,2200,1860,2596,1341,6,False
M01,2026-08-08 08:36:21,2026-08-08 09:08:21,Running,,A,Lampone Zero 560ml,2200,1887,1920,1006,4,False
M01,2026-08-08 09:08:21,2026-08-08 09:29:34,Running,,A,Lampone Zero 560ml,2200,1850,1273,654,2,False
M01,2026-08-08 09:29:34,2026-08-08 09:33:20,Stopped,Starvation,A,Lampone Zero 560ml,2200,0,226,0,0,False
M01,2026-08-08 09:33:20,2026-08-08 09:40:28,Stopped,Starvation,A,Lampone Zero 560ml,2200,0,428,0,0,False
M01,2026-08-08 09:40:28,2026-08-08 10:05:41,Running,,A,Lampone Zero 560ml,2200,1874,1513,788,3,False
M01,2026-08-08 10:05:41,2026-08-08 10:53:59,Running,,A,Lampone Zero 560ml,2200,1870,2898,1505,5,False
M01,2026-08-08 10:53:59,2026-08-08 11:01:50,Stopped,External,A,Lampone Zero 560ml,2200,0,471,0,0,False
M01,2026-08-08 11:01:50,2026-08-08 12:01:10,Running,,A,Lampone Zero 560ml,2200,1854,3560,1833,8,False
M01,2026-08-08 12:01:10,2026-08-08 12:55:04,Running,,A,Lampone Zero 560ml,2200,1895,3234,1702,6,False
M01,2026-08-08 12:55:04,2026-08-08 13:43:14,Running,,A,Lampone Zero 560ml,2200,1903,2890,1528,6,False
M01,2026-08-08 13:43:14,2026-08-08 13:48:17,Stopped,Starvation,A,Lampone Zero 560ml,2200,0,303,0,0,False
M01,2026-08-08 13:48:17,2026-08-08 14:00:00,Running,,A,Lampone Zero 560ml,2200,1883,703,368,1,False
M01,2026-08-08 14:00:00,2026-08-08 14:25:53,Stopped,Changeover,B,Arancia Rossa 500ml,2400,0,1553,0,0,True
M01,2026-08-08 14:25:53,2026-08-08 15:11:25,Running,,B,Arancia Rossa 500ml,2400,2024,2732,1536,5,False
M01,2026-08-08 15:11:25,2026-08-08 16:05:35,Running,,B,Arancia Rossa 500ml,2400,2054,3250,1854,6,False
M01,2026-08-08 16:05:35,2026-08-08 16:36:39,Running,,B,Arancia Rossa 500ml,2400,2065,1864,1069,4,False
M01,2026-08-08 16:36:39,2026-08-08 16:48:48,Stopped,Starvation,B,Arancia Rossa 500ml,2400,0,729,0,0,False
M01,2026-08-08 16:48:48,2026-08-08 17:48:27,Running,,B,Arancia Rossa 500ml,2400,2056,3579,2044,7,False
M01,2026-08-08 17:48:27,2026-08-08 18:10:43,Running,,B,Arancia Rossa 500ml,2400,2026,1336,752,3,False
M01,2026-08-08 18:10:43,2026-08-08 18:21:14,Stopped,Starvation,B,Arancia Rossa 500ml,2400,0,631,0,0,False
M01,2026-08-08 18:21:14,2026-08-08 19:11:42,Running,,B,Arancia Rossa 500ml,2400,2074,3028,1744,7,False
M01,2026-08-08 19:11:42,2026-08-08 19:19:04,Stopped,Supplies,B,Arancia Rossa 500ml,2400,0,442,0,0,False
M01,2026-08-08 19:19:04,2026-08-08 19:44:29,Running,,B,Arancia Rossa 500ml,2400,2074,1525,879,3,False
M01,2026-08-08 19:44:29,2026-08-08 20:00:02,Stopped,Starvation,B,Arancia Rossa 500ml,2400,0,933,0,0,False
M01,2026-08-08 20:00:02,2026-08-08 20:29:15,Running,,B,Arancia Rossa 500ml,2400,2059,1753,1003,3,False
M01,2026-08-08 20:29:15,2026-08-08 21:00:04,Running,,B,Arancia Rossa 500ml,2400,2010,1849,1032,4,False
M01,2026-08-08 21:00:04,2026-08-08 21:26:09,Running,,B,Arancia Rossa 500ml,2400,2024,1565,880,3,False
M01,2026-08-08 21:26:09,2026-08-08 21:57:28,Running,,B,Arancia Rossa 500ml,2400,2028,1879,1059,4,False
M01,2026-08-08 21:57:28,2026-08-08 22:00:00,Idle,,B,Arancia Rossa 500ml,2400,0,152,0,0,False
M01,2026-08-08 22:00:00,2026-08-08 22:06:34,Stopped,Operator,C,Arancia Rossa 500ml,2400,0,394,0,0,False
M01,2026-08-08 22:06:34,2026-08-08 22:36:25,Running,,C,Arancia Rossa 500ml,2400,2075,1791,1032,4,False
M01,2026-08-08 22:36:25,2026-08-08 23:12:55,Running,,C,Arancia Rossa 500ml,2400,2014,2190,1225,5,False
M01,2026-08-08 23:12:55,2026-08-08 23:36:37,Running,,C,Arancia Rossa 500ml,2400,2023,1422,799,3,False
M01,2026-08-08 23:36:37,2026-08-08 23:47:53,Stopped,Starvation,C,Arancia Rossa 500ml,2400,0,676,0,0,False
M01,2026-08-08 23:47:53,2026-08-09 00:00:00,Running,,C,Arancia Rossa 500ml,2400,2034,727,411,1,False
M01,2026-08-09 00:00:00,2026-08-09 00:45:51,Running,,C,Arancia Rossa 500ml,2400,1879,2751,1436,5,False
M01,2026-08-09 00:45:51,2026-08-09 01:01:33,Idle,,C,Arancia Rossa 500ml,2400,0,942,0,0,False
M01,2026-08-09 01:01:33,2026-08-09 01:17:01,Stopped,Buildup,C,Arancia Rossa 500ml,2400,0,928,0,0,False
M01,2026-08-09 01:17:01,2026-08-09 02:02:45,Running,,C,Arancia Rossa 500ml,2400,1933,2744,1473,4,False
M01,2026-08-09 02:02:45,2026-08-09 02:39:33,Running,,C,Arancia Rossa 500ml,2400,1918,2208,1176,4,False
M01,2026-08-09 02:39:33,2026-08-09 03:39:28,Running,,C,Arancia Rossa 500ml,2400,1912,3595,1909,7,False
M01,2026-08-09 03:39:28,2026-08-09 03:45:39,Stopped,Starvation,C,Arancia Rossa 500ml,2400,0,371,0,0,False
M01,2026-08-09 03:45:39,2026-08-09 04:09:04,Running,,C,Arancia Rossa 500ml,2400,1871,1405,730,3,False
M01,2026-08-09 04:09:04,2026-08-09 04:35:34,Running,,C,Arancia Rossa 500ml,2400,1911,1590,844,3,False
M01,2026-08-09 04:35:34,2026-08-09 05:14:23,Running,,C,Arancia Rossa 500ml,2400,1907,2329,1234,5,False
M01,2026-08-09 05:14:23,2026-08-09 05:46:08,Running,,C,Arancia Rossa 500ml,2400,1882,1905,996,3,False
M01,2026-08-09 05:46:08,2026-08-09 06:00:00,Running,,C,Arancia Rossa 500ml,2400,1900,832,439,2,False
M01,2026-08-09 06:00:00,2026-08-09 06:42:00,Running,,A,Arancia Rossa 500ml,2400,1915,2520,1340,5,False
M01,2026-08-09 06:42:00,2026-08-09 07:36:52,Running,,A,Arancia Rossa 500ml,2400,1885,3292,1724,5,False
M01,2026-08-09 07:36:52,2026-08-09 08:33:27,Running,,A,Arancia Rossa 500ml,2400,1928,3395,1818,8,False
M01,2026-08-09 08:33:27,2026-08-09 08:40:17,Stopped,Buildup,A,Arancia Rossa 500ml,2400,0,410,0,0,False
M01,2026-08-09 08:40:17,2026-08-09 09:28:53,Running,,A,Arancia Rossa 500ml,2400,1872,2916,1516,6,False
M01,2026-08-09 09:28:53,2026-08-09 10:23:15,Running,,A,Arancia Rossa 500ml,2400,1886,3262,1709,6,False
M01,2026-08-09 10:23:15,2026-08-09 10:55:17,Running,,A,Arancia Rossa 500ml,2400,1880,1922,1004,4,False
M01,2026-08-09 10:55:17,2026-08-09 11:25:14,Running,,A,Arancia Rossa 500ml,2400,1871,1797,934,4,False
M01,2026-08-09 11:25:14,2026-08-09 11:38:41,Stopped,Operator,A,Arancia Rossa 500ml,2400,0,807,0,0,False
M01,2026-08-09 11:38:41,2026-08-09 12:02:13,Running,,A,Arancia Rossa 500ml,2400,1885,1412,739,3,False
M01,2026-08-09 12:02:13,2026-08-09 12:31:12,Running,,A,Arancia Rossa 500ml,2400,1912,1739,924,4,False
M01,2026-08-09 12:31:12,2026-08-09 12:55:21,Running,,A,Arancia Rossa 500ml,2400,1871,1449,753,3,False
M01,2026-08-09 12:55:21,2026-08-09 13:30:24,Running,,A,Arancia Rossa 500ml,2400,1913,2103,1118,4,False
M01,2026-08-09 13:30:24,2026-08-09 13:40:21,Stopped,Starvation,A,Arancia Rossa 500ml,2400,0,597,0,0,False
M01,2026-08-09 13:40:21,2026-08-09 14:00:00,Running,,A,Arancia Rossa 500ml,2400,1874,1179,614,2,False
M01,2026-08-09 14:00:00,2026-08-09 14:31:18,Stopped,Changeover,B,Lampone Zero 560ml,2200,0,1878,0,0,True
M01,2026-08-09 14:31:18,2026-08-09 15:17:43,Running,,B,Lampone Zero 560ml,2200,1733,2785,1341,5,False
M01,2026-08-09 15:17:43,2026-08-09 16:12:58,Running,,B,Lampone Zero 560ml,2200,1752,3315,1613,6,False
M01,2026-08-09 16:12:58,2026-08-09 16:51:44,Running,,B,Lampone Zero 560ml,2200,1779,2326,1149,5,False
M01,2026-08-09 16:51:44,2026-08-09 16:59:34,Stopped,Starvation,B,Lampone Zero 560ml,2200,0,470,0,0,False
M01,2026-08-09 16:59:34,2026-08-09 17:37:56,Running,,B,Lampone Zero 560ml,2200,1716,2302,1097,4,False
M01,2026-08-09 17:37:56,2026-08-09 18:13:14,Running,,B,Lampone Zero 560ml,2200,1744,2118,1026,4,False
M01,2026-08-09 18:13:14,2026-08-09 18:38:32,Running,,B,Lampone Zero 560ml,2200,1736,1518,732,3,False
M01,2026-08-09 18:38:32,2026-08-09 19:08:55,Running,,B,Lampone Zero 560ml,2200,1728,1823,875,3,False
M01,2026-08-09 19:08:55,2026-08-09 19:50:44,Running,,B,Lampone Zero 560ml,2200,1760,2509,1227,5,False
M01,2026-08-09 19:50:44,2026-08-09 20:48:51,Running,,B,Lampone Zero 560ml,2200,1727,3487,1673,6,False
M01,2026-08-09 20:48:51,2026-08-09 21:28:41,Running,,B,Lampone Zero 560ml,2200,1782,2390,1183,5,False
M01,2026-08-09 21:28:41,2026-08-09 21:57:09,Running,,B,Lampone Zero 560ml,2200,1746,1708,828,3,False
M01,2026-08-09 21:57:09,2026-08-09 22:00:00,Idle,,B,Lampone Zero 560ml,2200,0,171,0,0,False
M01,2026-08-09 22:00:00,2026-08-09 22:15:42,Stopped,Changeover,C,Arancia Rossa 500ml,2400,0,942,0,0,True
M01,2026-08-09 22:15:42,2026-08-09 22:45:58,Running,,C,Arancia Rossa 500ml,2400,1885,1816,951,4,False
M01,2026-08-09 22:45:58,2026-08-09 23:29:26,Running,,C,Arancia Rossa 500ml,2400,1890,2608,1369,5,False
M01,2026-08-09 23:29:26,2026-08-09 23:52:45,Running,,C,Arancia Rossa 500ml,2400,1924,1399,748,3,False
M01,2026-08-09 23:52:45,2026-08-09 23:57:53,Stopped,Buildup,C,Arancia Rossa 500ml,2400,0,308,0,0,False
M01,2026-08-09 23:57:53,2026-08-10 00:00:00,Idle,,C,Arancia Rossa 500ml,2400,0,127,0,0,False
M01,2026-08-10 00:00:00,2026-08-10 00:40:51,Running,,C,Arancia Rossa 500ml,2400,2241,2451,1526,5,False
M01,2026-08-10 00:40:51,2026-08-10 01:20:01,Running,,C,Arancia Rossa 500ml,2400,2238,2350,1461,6,False
M01,2026-08-10 01:20:01,2026-08-10 01:58:59,Running,,C,Arancia Rossa 500ml,2400,2256,2338,1465,5,False
M01,2026-08-10 01:58:59,2026-08-10 02:44:30,Running,,C,Arancia Rossa 500ml,2400,2290,2731,1737,7,False
M01,2026-08-10 02:44:30,2026-08-10 03:15:55,Running,,C,Arancia Rossa 500ml,2400,2230,1885,1168,4,False
M01,2026-08-10 03:15:55,2026-08-10 04:10:15,Running,,C,Arancia Rossa 500ml,2400,2271,3260,2057,8,False
M01,2026-08-10 04:10:15,2026-08-10 04:53:03,Running,,C,Arancia Rossa 500ml,2400,2256,2568,1609,7,False
M01,2026-08-10 04:53:03,2026-08-10 04:56:15,Stopped,Supplies,C,Arancia Rossa 500ml,2400,0,192,0,0,False
M01,2026-08-10 04:56:15,2026-08-10 05:41:39,Running,,C,Arancia Rossa 500ml,2400,2248,2724,1701,7,False
M01,2026-08-10 05:41:39,2026-08-10 06:00:00,Running,,C,Arancia Rossa 500ml,2400,2234,1101,683,3,False
M01,2026-08-10 06:00:00,2026-08-10 06:20:23,Stopped,Changeover,A,Lampone Zero 560ml,2200,0,1223,0,0,True
M01,2026-08-10 06:20:23,2026-08-10 06:55:17,Running,,A,Lampone Zero 560ml,2200,2119,2094,1233,4,False
M01,2026-08-10 06:55:17,2026-08-10 07:04:24,Stopped,Starvation,A,Lampone Zero 560ml,2200,0,547,0,0,False
M01,2026-08-10 07:04:24,2026-08-10 07:12:12,Idle,,A,Lampone Zero 560ml,2200,0,468,0,0,False
M01,2026-08-10 07:12:12,2026-08-10 08:07:49,Running,,A,Lampone Zero 560ml,2200,2075,3337,1923,8,False
M01,2026-08-10 08:07:49,2026-08-10 08:13:03,Stopped,Starvation,A,Lampone Zero 560ml,2200,0,314,0,0,False
M01,2026-08-10 08:13:03,2026-08-10 09:05:31,Running,,A,Lampone Zero 560ml,2200,2042,3148,1786,7,False
M01,2026-08-10 09:05:31,2026-08-10 09:09:12,Stopped,External,A,Lampone Zero 560ml,2200,0,221,0,0,False
M01,2026-08-10 09:09:12,2026-08-10 09:19:04,Idle,,A,Lampone Zero 560ml,2200,0,592,0,0,False
M01,2026-08-10 09:19:04,2026-08-10 09:45:39,Running,,A,Lampone Zero 560ml,2200,2109,1595,934,4,False
M01,2026-08-10 09:45:39,2026-08-10 09:53:19,Idle,,A,Lampone Zero 560ml,2200,0,460,0,0,False
M01,2026-08-10 09:53:19,2026-08-10 10:27:03,Running,,A,Lampone Zero 560ml,2200,2044,2024,1149,5,False
M01,2026-08-10 10:27:03,2026-08-10 11:19:57,Running,,A,Lampone Zero 560ml,2200,2111,3174,1861,7,False
M01,2026-08-10 11:19:57,2026-08-10 12:17:11,Running,,A,Lampone Zero 560ml,2200,2064,3434,1969,7,False
M01,2026-08-10 12:17:11,2026-08-10 12:59:09,Running,,A,Lampone Zero 560ml,2200,2089,2518,1461,5,False
M01,2026-08-10 12:59:09,2026-08-10 13:39:38,Running,,A,Lampone Zero 560ml,2200,2063,2429,1392,5,False
M01,2026-08-10 13:39:38,2026-08-10 13:59:40,Running,,A,Lampone Zero 560ml,2200,2093,1202,699,3,False
M01,2026-08-10 13:59:40,2026-08-10 14:00:00,Idle,,A,Lampone Zero 560ml,2200,0,20,0,0,False
M01,2026-08-10 14:00:00,2026-08-10 14:37:44,Stopped,Changeover,B,Arancia Rossa 500ml,2400,0,2264,0,0,True
M01,2026-08-10 14:37:44,2026-08-10 14:40:35,Stopped,External,B,Arancia Rossa 500ml,2400,0,171,0,0,False
M01,2026-08-10 14:40:35,2026-08-10 15:09:16,Running,,B,Arancia Rossa 500ml,2400,2242,1721,1072,3,False
M01,2026-08-10 15:09:16,2026-08-10 15:40:33,Running,,B,Arancia Rossa 500ml,2400,2272,1877,1185,4,False
M01,2026-08-10 15:40:33,2026-08-10 16:34:36,Running,,B,Arancia Rossa 500ml,2400,2287,3243,2060,9,False
M01,2026-08-10 16:34:36,2026-08-10 17:09:52,Running,,B,Arancia Rossa 500ml,2400,2294,2116,1348,5,False
M01,2026-08-10 17:09:52,2026-08-10 18:03:50,Running,,B,Arancia Rossa 500ml,2400,2296,3238,2065,8,False
M01,2026-08-10 18:03:50,2026-08-10 18:38:52,Running,,B,Arancia Rossa 500ml,2400,2291,2102,1338,6,False
M01,2026-08-10 18:38:52,2026-08-10 19:09:53,Running,,B,Arancia Rossa 500ml,2400,2232,1861,1154,5,False
M01,2026-08-10 19:09:53,2026-08-10 19:37:52,Running,,B,Arancia Rossa 500ml,2400,2251,1679,1050,4,False
M01,2026-08-10 19:37:52,2026-08-10 20:18:09,Running,,B,Arancia Rossa 500ml,2400,2270,2417,1524,6,False
M01,2026-08-10 20:18:09,2026-08-10 20:28:32,Stopped,External,B,Arancia Rossa 500ml,2400,0,623,0,0,False
M01,2026-08-10 20:28:32,2026-08-10 21:11:56,Running,,B,Arancia Rossa 500ml,2400,2302,2604,1665,5,False
M01,2026-08-10 21:11:56,2026-08-10 21:24:32,Stopped,Starvation,B,Arancia Rossa 500ml,2400,0,756,0,0,False
M01,2026-08-10 21:24:32,2026-08-10 21:55:42,Running,,B,Arancia Rossa 500ml,2400,2251,1870,1169,5,False
M01,2026-08-10 21:55:42,2026-08-10 22:00:00,Idle,,B,Arancia Rossa 500ml,2400,0,258,0,0,False
M01,2026-08-10 22:00:00,2026-08-10 22:15:00,Stopped,Changeover,C,Lampone Zero 560ml,2200,0,900,0,0,True
M01,2026-08-10 22:15:00,2026-08-10 22:23:23,Stopped,Operator,C,Lampone Zero 560ml,2200,0,503,0,0,False
M01,2026-08-10 22:23:23,2026-08-10 23:01:23,Running,,C,Lampone Zero 560ml,2200,2090,2280,1324,4,False
M01,2026-08-10 23:01:23,2026-08-10 23:13:32,Stopped,Fault,C,Lampone Zero 560ml,2200,0,729,0,0,False
M01,2026-08-10 23:13:32,2026-08-10 23:54:40,Running,,C,Lampone Zero 560ml,2200,2045,2468,1402,5,False
M01,2026-08-10 23:54:40,2026-08-11 00:00:00,Running,,C,Lampone Zero 560ml,2200,2042,320,182,1,False
M01,2026-08-11 00:00:00,2026-08-11 00:18:35,Idle,,C,Lampone Zero 560ml,2200,0,1115,0,0,False
M01,2026-08-11 00:18:35,2026-08-11 00:50:43,Running,,C,Lampone Zero 560ml,2200,2062,1928,1104,4,False
M01,2026-08-11 00:50:43,2026-08-11 01:47:29,Running,,C,Lampone Zero 560ml,2200,2082,3406,1970,7,False
M01,2026-08-11 01:47:29,2026-08-11 01:54:08,Stopped,Starvation,C,Lampone Zero 560ml,2200,0,399,0,0,False
M01,2026-08-11 01:54:08,2026-08-11 02:47:27,Running,,C,Lampone Zero 560ml,2200,2051,3199,1823,7,False
M01,2026-08-11 02:47:27,2026-08-11 02:55:51,Stopped,Starvation,C,Lampone Zero 560ml,2200,0,504,0,0,False
M01,2026-08-11 02:55:51,2026-08-11 03:41:35,Running,,C,Lampone Zero 560ml,2200,2075,2744,1582,7,False
M01,2026-08-11 03:41:35,2026-08-11 04:04:25,Running,,C,Lampone Zero 560ml,2200,2092,1370,796,3,False
M01,2026-08-11 04:04:25,2026-08-11 05:01:31,Running,,C,Lampone Zero 560ml,2200,2074,3426,1974,7,False
M01,2026-08-11 05:01:31,2026-08-11 05:34:33,Running,,C,Lampone Zero 560ml,2200,2068,1982,1139,4,False
M01,2026-08-11 05:34:33,2026-08-11 05:39:32,Stopped,Supplies,C,Lampone Zero 560ml,2200,0,299,0,0,False
M01,2026-08-11 05:39:32,2026-08-11 05:59:35,Running,,C,Lampone Zero 560ml,2200,2054,1203,686,2,False
M01,2026-08-11 05:59:35,2026-08-11 06:00:00,Idle,,C,Lampone Zero 560ml,2200,0,25,0,0,False
M01,2026-08-11 06:00:00,2026-08-11 06:17:46,Stopped,Changeover,A,Arancia Rossa 500ml,2400,0,1066,0,0,True
M01,2026-08-11 06:17:46,2026-08-11 06:50:45,Stopped,Maintenance,A,Arancia Rossa 500ml,2400,0,1979,0,0,True
M01,2026-08-11 06:50:45,2026-08-11 06:57:04,Stopped,External,A,Arancia Rossa 500ml,2400,0,379,0,0,False
M01,2026-08-11 06:57:04,2026-08-11 07:11:11,Stopped,External,A,Arancia Rossa 500ml,2400,0,847,0,0,False
M01,2026-08-11 07:11:11,2026-08-11 07:43:50,Running,,A,Arancia Rossa 500ml,2400,2276,1959,1239,5,False
M01,2026-08-11 07:43:50,2026-08-11 08:30:57,Running,,A,Arancia Rossa 500ml,2400,2272,2827,1784,7,False
M01,2026-08-11 08:30:57,2026-08-11 09:06:02,Running,,A,Arancia Rossa 500ml,2400,2305,2105,1348,5,False
M01,2026-08-11 09:06:02,2026-08-11 10:00:29,Running,,A,Arancia Rossa 500ml,2400,2234,3267,2027,7,False
M01,2026-08-11 10:00:29,2026-08-11 10:54:29,Running,,A,Arancia Rossa 500ml,2400,2316,3240,2084,8,False
M01,2026-08-11 10:54:29,2026-08-11 11:51:37,Running,,A,Arancia Rossa 500ml,2400,2233,3428,2126,7,False
M01,2026-08-11 11:51:37,2026-08-11 12:04:19,Idle,,A,Arancia Rossa 500ml,2400,0,762,0,0,False
M01,2026-08-11 12:04:19,2026-08-11 12:49:12,Running,,A,Arancia Rossa 500ml,2400,2252,2693,1685,6,False
M01,2026-08-11 12:49:12,2026-08-11 13:37:35,Running,,A,Arancia Rossa 500ml,2400,2228,2903,1797,6,False
M01,2026-08-11 13:37:35,2026-08-11 13:58:45,Running,,A,Arancia Rossa 500ml,2400,2247,1270,793,3,False
M01,2026-08-11 13:58:45,2026-08-11 14:00:00,Idle,,A,Arancia Rossa 500ml,2400,0,75,0,0,False
M01,2026-08-11 14:00:00,2026-08-11 14:15:47,Stopped,Changeover,B,Lampone Zero 560ml,2200,0,947,0,0,True
M01,2026-08-11 14:15:47,2026-08-11 14:19:01,Stopped,Starvation,B,Lampone Zero 560ml,2200,0,194,0,0,False
M01,2026-08-11 14:19:01,2026-08-11 14:31:47,Stopped,Buildup,B,Lampone Zero 560ml,2200,0,766,0,0,False
M01,2026-08-11 14:31:47,2026-08-11 15:05:08,Running,,B,Lampone Zero 560ml,2200,2072,2001,1152,4,False
M01,2026-08-11 15:05:08,2026-08-11 16:00:08,Running,,B,Lampone Zero 560ml,2200,2094,3300,1920,8,False
M01,2026-08-11 16:00:08,2026-08-11 16:40:46,Running,,B,Lampone Zero 560ml,2200,2095,2438,1419,5,False
M01,2026-08-11 16:40:46,2026-08-11 16:52:33,Stopped,Buildup,B,Lampone Zero 560ml,2200,0,707,0,0,False
M01,2026-08-11 16:52:33,2026-08-11 17:23:23,Running,,B,Lampone Zero 560ml,2200,2063,1850,1060,4,False
M01,2026-08-11 17:23:23,2026-08-11 18:14:00,Running,,B,Lampone Zero 560ml,2200,2092,3037,1765,8,False
M01,2026-08-11 18:14:00,2026-08-11 18:46:53,Running,,B,Lampone Zero 560ml,2200,2086,1973,1143,4,False
M01,2026-08-11 18:46:53,2026-08-11 19:42:55,Running,,B,Lampone Zero 560ml,2200,2121,3362,1981,7,False
M01,2026-08-11 19:42:55,2026-08-11 20:27:43,Running,,B,Lampone Zero 560ml,2200,2107,2688,1573,6,False
M01,2026-08-11 20:27:43,2026-08-11 20:33:08,Idle,,B,Lampone Zero 560ml,2200,0,325,0,0,False
M01,2026-08-11 20:33:08,2026-08-11 21:07:29,Running,,B,Lampone Zero 560ml,2200,2076,2061,1189,4,False
M01,2026-08-11 21:07:29,2026-08-11 21:50:22,Running,,B,Lampone Zero 560ml,2200,2092,2573,1495,6,False
M01,2026-08-11 21:50:22,2026-08-11 21:55:26,Stopped,Operator,B,Lampone Zero 560ml,2200,0,304,0,0,False
M01,2026-08-11 21:55:26,2026-08-11 22:00:00,Idle,,B,Lampone Zero 560ml,2200,0,274,0,0,False
M01,2026-08-11 22:00:00,2026-08-11 22:51:17,Running,,C,Lampone Zero 560ml,2200,2051,3077,1753,7,False
M01,2026-08-11 22:51:17,2026-08-11 23:42:20,Running,,C,Lampone Zero 560ml,2200,2055,3063,1748,7,False
M01,2026-08-11 23:42:20,2026-08-12 00:00:00,Running,,C,Lampone Zero 560ml,2200,2114,1060,622,3,False
M01,2026-08-12 00:00:00,2026-08-12 00:53:24,Running,,C,Lampone Zero 560ml,2200,2094,3204,1864,6,False
M01,2026-08-12 00:53:24,2026-08-12 00:57:48,Stopped,External,C,Lampone Zero 560ml,2200,0,264,0,0,False
M01,2026-08-12 00:57:48,2026-08-12 01:30:13,Running,,C,Lampone Zero 560ml,2200,2053,1945,1109,5,False
M01,2026-08-12 01:30:13,2026-08-12 01:53:37,Running,,C,Lampone Zero 560ml,2200,2120,1404,827,3,False
M01,2026-08-12 01:53:37,2026-08-12 01:59:47,Idle,,C,Lampone Zero 560ml,2200,0,370,0,0,False
M01,2026-08-12 01:59:47,2026-08-12 02:29:56,Running,,C,Lampone Zero 560ml,2200,2112,1809,1061,4,False
M01,2026-08-12 02:29:56,2026-08-12 03:17:57,Running,,C,Lampone Zero 560ml,2200,2074,2881,1660,6,False
M01,2026-08-12 03:17:57,2026-08-12 04:07:05,Running,,C,Lampone Zero 560ml,2200,2116,2948,1733,7,False
M01,2026-08-12 04:07:05,2026-08-12 05:04:06,Running,,C,Lampone Zero 560ml,2200,2060,3421,1958,7,False
M01,2026-08-12 05:04:06,2026-08-12 05:12:39,Stopped,Starvation,C,Lampone Zero 560ml,2200,0,513,0,0,False
M01,2026-08-12 05:12:39,2026-08-12 05:25:45,Stopped,Supplies,C,Lampone Zero 560ml,2200,0,786,0,0,False
M01,2026-08-12 05:25:45,2026-08-12 05:55:40,Running,,C,Lampone Zero 560ml,2200,2047,1795,1021,3,False
M01,2026-08-12 05:55:40,2026-08-12 06:00:00,Idle,,C,Lampone Zero 560ml,2200,0,260,0,0,False
M01,2026-08-12 06:00:00,2026-08-12 06:46:14,Running,,A,Lampone Zero 560ml,2200,2045,2774,1576,5,False
M01,2026-08-12 06:46:14,2026-08-12 07:18:56,Running,,A,Lampone Zero 560ml,2200,2056,1962,1121,4,False
M01,2026-08-12 07:18:56,2026-08-12 07:45:32,Running,,A,Lampone Zero 560ml,2200,2076,1596,920,4,False
M01,2026-08-12 07:45:32,2026-08-12 08:10:13,Running,,A,Lampone Zero 560ml,2200,2090,1481,860,3,False
M01,2026-08-12 08:10:13,2026-08-12 08:36:33,Running,,A,Lampone Zero 560ml,2200,2115,1580,928,3,False
M01,2026-08-12 08:36:33,2026-08-12 08:44:08,Stopped,Starvation,A,Lampone Zero 560ml,2200,0,455,0,0,False
M01,2026-08-12 08:44:08,2026-08-12 08:53:23,Stopped,Starvation,A,Lampone Zero 560ml,2200,0,555,0,0,False
M01,2026-08-12 08:53:23,2026-08-12 09:48:49,Running,,A,Lampone Zero 560ml,2200,2095,3326,1936,8,False
M01,2026-08-12 09:48:49,2026-08-12 10:48:09,Running,,A,Lampone Zero 560ml,2200,2081,3560,2058,9,False
M01,2026-08-12 10:48:09,2026-08-12 10:54:29,Stopped,Starvation,A,Lampone Zero 560ml,2200,0,380,0,0,False
M01,2026-08-12 10:54:29,2026-08-12 11:24:56,Running,,A,Lampone Zero 560ml,2200,2047,1827,1039,4,False
M01,2026-08-12 11:24:56,2026-08-12 12:04:44,Running,,A,Lampone Zero 560ml,2200,2044,2388,1356,5,False
M01,2026-08-12 12:04:44,2026-08-12 13:01:53,Running,,A,Lampone Zero 560ml,2200,2052,3429,1955,7,False
M01,2026-08-12 13:01:53,2026-08-12 13:42:54,Running,,A,Lampone Zero 560ml,2200,2068,2461,1414,6,False
M01,2026-08-12 13:42:54,2026-08-12 13:55:14,Stopped,Starvation,A,Lampone Zero 560ml,2200,0,740,0,0,False
M01,2026-08-12 13:55:14,2026-08-12 14:00:00,Idle,,A,Lampone Zero 560ml,2200,0,286,0,0,False
M01,2026-08-12 14:00:00,2026-08-12 14:18:12,Stopped,Changeover,B,Arancia Rossa 500ml,2400,0,1092,0,0,True
M01,2026-08-12 14:18:12,2026-08-12 14:25:37,Stopped,Supplies,B,Arancia Rossa 500ml,2400,0,445,0,0,False
M01,2026-08-12 14:25:37,2026-08-12 15:02:58,Running,,B,Arancia Rossa 500ml,2400,2259,2241,1406,5,False
M01,2026-08-12 15:02:58,2026-08-12 15:34:46,Running,,B,Arancia Rossa 500ml,2400,2309,1908,1224,4,False
M01,2026-08-12 15:34:46,2026-08-12 15:59:58,Running,,B,Arancia Rossa 500ml,2400,2270,1512,953,4,False
M01,2026-08-12 15:59:58,2026-08-12 16:20:41,Running,,B,Arancia Rossa 500ml,2400,2225,1243,768,3,False
M01,2026-08-12 16:20:41,2026-08-12 16:34:20,Stopped,Starvation,B,Arancia Rossa 500ml,2400,0,819,0,0,False
M01,2026-08-12 16:34:20,2026-08-12 17:03:09,Running,,B,Arancia Rossa 500ml,2400,2235,1729,1073,3,False
M01,2026-08-12 17:03:09,2026-08-12 17:11:30,Stopped,Starvation,B,Arancia Rossa 500ml,2400,0,501,0,0,False
M01,2026-08-12 17:11:30,2026-08-12 17:35:52,Running,,B,Arancia Rossa 500ml,2400,2310,1462,938,4,False
M01,2026-08-12 17:35:52,2026-08-12 17:59:53,Running,,B,Arancia Rossa 500ml,2400,2248,1441,900,3,False
M01,2026-08-12 17:59:53,2026-08-12 18:51:38,Running,,B,Arancia Rossa 500ml,2400,2293,3105,1978,9,False
M01,2026-08-12 18:51:38,2026-08-12 19:27:43,Running,,B,Arancia Rossa 500ml,2400,2296,2165,1381,6,False
M01,2026-08-12 19:27:43,2026-08-12 20:06:24,Running,,B,Arancia Rossa 500ml,2400,2264,2321,1460,5,False
M01,2026-08-12 20:06:24,2026-08-12 20:17:57,Stopped,Starvation,B,Arancia Rossa 500ml,2400,0,693,0,0,False
M01,2026-08-12 20:17:57,2026-08-12 21:07:01,Running,,B,Arancia Rossa 500ml,2400,2288,2944,1871,8,False
M01,2026-08-12 21:07:01,2026-08-12 21:58:09,Running,,B,Arancia Rossa 500ml,2400,2273,3068,1937,6,False
M01,2026-08-12 21:58:09,2026-08-12 22:00:00,Idle,,B,Arancia Rossa 500ml,2400,0,111,0,0,False
M01,2026-08-12 22:00:00,2026-08-12 22:37:33,Stopped,Changeover,C,Lampone Zero 560ml,2200,0,2253,0,0,True
M01,2026-08-12 22:37:33,2026-08-12 22:53:10,Stopped,Buildup,C,Lampone Zero 560ml,2200,0,937,0,0,False
M01,2026-08-12 22:53:10,2026-08-12 23:22:07,Running,,C,Lampone Zero 560ml,2200,2101,1737,1014,4,False
M01,2026-08-12 23:22:07,2026-08-12 23:50:21,Running,,C,Lampone Zero 560ml,2200,2074,1694,976,4,False
M01,2026-08-12 23:50:21,2026-08-13 00:00:00,Running,,C,Lampone Zero 560ml,2200,2107,579,339,1,False
M01,2026-08-13 00:00:00,2026-08-13 00:09:26,Stopped,Starvation,C,Lampone Zero 560ml,2200,0,566,0,0,False
M01,2026-08-13 00:09:26,2026-08-13 00:40:13,Running,,C,Lampone Zero 560ml,2200,2051,1847,1052,3,False
M01,2026-08-13 00:40:13,2026-08-13 01:15:03,Running,,C,Lampone Zero 560ml,2200,2064,2090,1198,4,False
M01,2026-08-13 01:15:03,2026-08-13 02:03:39,Running,,C,Lampone Zero 560ml,2200,2074,2916,1680,6,False
M01,2026-08-13 02:03:39,2026-08-13 02:17:45,Stopped,Starvation,C,Lampone Zero 560ml,2200,0,846,0,0,False
M01,2026-08-13 02:17:45,2026-08-13 03:01:42,Running,,C,Lampone Zero 560ml,2200,2050,2637,1502,7,False
M01,2026-08-13 03:01:42,2026-08-13 03:07:36,Stopped,Starvation,C,Lampone Zero 560ml,2200,0,354,0,0,False
M01,2026-08-13 03:07:36,2026-08-13 03:26:36,Idle,,C,Lampone Zero 560ml,2200,0,1140,0,0,False
M01,2026-08-13 03:26:36,2026-08-13 04:25:20,Running,,C,Lampone Zero 560ml,2200,2094,3524,2050,9,False
M01,2026-08-13 04:25:20,2026-08-13 05:11:20,Running,,C,Lampone Zero 560ml,2200,2109,2760,1617,6,False
M01,2026-08-13 05:11:20,2026-08-13 05:17:55,Stopped,External,C,Lampone Zero 560ml,2200,0,395,0,0,False
M01,2026-08-13 05:17:55,2026-08-13 05:38:42,Running,,C,Lampone Zero 560ml,2200,2040,1247,707,3,False
M01,2026-08-13 05:38:42,2026-08-13 05:59:21,Running,,C,Lampone Zero 560ml,2200,2094,1239,721,3,False
M01,2026-08-13 05:59:21,2026-08-13 06:00:00,Idle,,C,Lampone Zero 560ml,2200,0,39,0,0,False
M01,2026-08-13 06:00:00,2026-08-13 06:24:16,Stopped,Changeover,A,Arancia Rossa 500ml,2400,0,1456,0,0,True
M01,2026-08-13 06:24:16,2026-08-13 06:26:51,Stopped,Starvation,A,Arancia Rossa 500ml,2400,0,155,0,0,False
M01,2026-08-13 06:26:51,2026-08-13 06:50:03,Running,,A,Arancia Rossa 500ml,2400,2277,1392,880,4,False
M01,2026-08-13 06:50:03,2026-08-13 07:06:02,Idle,,A,Arancia Rossa 500ml,2400,0,959,0,0,False
M01,2026-08-13 07:06:02,2026-08-13 07:46:32,Running,,A,Arancia Rossa 500ml,2400,2266,2430,1530,5,False
M01,2026-08-13 07:46:32,2026-08-13 08:13:16,Running,,A,Arancia Rossa 500ml,2400,2233,1604,995,4,False
M01,2026-08-13 08:13:16,2026-08-13 08:37:28,Running,,A,Arancia Rossa 500ml,2400,2282,1452,920,3,False
M01,2026-08-13 08:37:28,2026-08-13 08:43:58,Stopped,Operator,A,Arancia Rossa 500ml,2400,0,390,0,0,False
M01,2026-08-13 08:43:58,2026-08-13 09:10:02,Running,,A,Arancia Rossa 500ml,2400,2227,1564,968,4,False
M01,2026-08-13 09:10:02,2026-08-13 10:00:04,Running,,A,Arancia Rossa 500ml,2400,2295,3002,1914,8,False
M01,2026-08-13 10:00:04,2026-08-13 10:12:46,Stopped,Starvation,A,Arancia Rossa 500ml,2400,0,762,0,0,False
M01,2026-08-13 10:12:46,2026-08-13 10:52:49,Running,,A,Arancia Rossa 500ml,2400,2240,2403,1495,5,False
M01,2026-08-13 10:52:49,2026-08-13 11:48:37,Running,,A,Arancia Rossa 500ml,2400,2290,3348,2130,7,False
M01,2026-08-13 11:48:37,2026-08-13 12:37:49,Running,,A,Arancia Rossa 500ml,2400,2284,2952,1873,7,False
M01,2026-08-13 12:37:49,2026-08-13 13:09:58,Running,,A,Arancia Rossa 500ml,2400,2286,1929,1225,5,False
M01,2026-08-13 13:09:58,2026-08-13 13:40:12,Running,,A,Arancia Rossa 500ml,2400,2252,1814,1135,4,False
M01,2026-08-13 13:40:12,2026-08-13 13:55:13,Stopped,External,A,Arancia Rossa 500ml,2400,0,901,0,0,False
M01,2026-08-13 13:55:13,2026-08-13 14:00:00,Idle,,A,Arancia Rossa 500ml,2400,0,287,0,0,False
M01,2026-08-13 14:00:00,2026-08-13 14:21:28,Stopped,Changeover,B,Lampone Zero 560ml,2200,0,1288,0,0,True
M01,2026-08-13 14:21:28,2026-08-13 15:15:04,Running,,B,Lampone Zero 560ml,2200,2052,3216,1833,7,False
M01,2026-08-13 15:15:04,2026-08-13 15:38:06,Running,,B,Lampone Zero 560ml,2200,2045,1382,785,3,False
M01,2026-08-13 15:38:06,2026-08-13 15:51:54,Stopped,External,B,Lampone Zero 560ml,2200,0,828,0,0,False
M01,2026-08-13 15:51:54,2026-08-13 16:25:50,Running,,B,Lampone Zero 560ml,2200,2047,2036,1158,4,False
M01,2026-08-13 16:25:50,2026-08-13 16:35:26,Stopped,Starvation,B,Lampone Zero 560ml,2200,0,576,0,0,False
M01,2026-08-13 16:35:26,2026-08-13 16:48:17,Stopped,Operator,B,Lampone Zero 560ml,2200,0,771,0,0,False
M01,2026-08-13 16:48:17,2026-08-13 17:24:06,Running,,B,Lampone Zero 560ml,2200,2079,2149,1241,5,False
M01,2026-08-13 17:24:06,2026-08-13 18:17:50,Running,,B,Lampone Zero 560ml,2200,2106,3224,1886,8,False
M01,2026-08-13 18:17:50,2026-08-13 18:53:59,Running,,B,Lampone Zero 560ml,2200,2052,2169,1236,5,False
M01,2026-08-13 18:53:59,2026-08-13 18:58:04,Stopped,Starvation,B,Lampone Zero 560ml,2200,0,245,0,0,False
M01,2026-08-13 18:58:04,2026-08-13 19:09:01,Stopped,External,B,Lampone Zero 560ml,2200,0,657,0,0,False
M01,2026-08-13 19:09:01,2026-08-13 19:20:25,Stopped,Operator,B,Lampone Zero 560ml,2200,0,684,0,0,False
M01,2026-08-13 19:20:25,2026-08-13 20:10:54,Running,,B,Lampone Zero 560ml,2200,2039,3029,1716,7,False
M01,2026-08-13 20:10:54,2026-08-13 20:59:16,Running,,B,Lampone Zero 560ml,2200,2060,2902,1661,5,False
M01,2026-08-13 20:59:16,2026-08-13 21:10:04,Idle,,B,Lampone Zero 560ml,2200,0,648,0,0,False
M01,2026-08-13 21:10:04,2026-08-13 21:39:12,Running,,B,Lampone Zero 560ml,2200,2079,1748,1009,4,False
M01,2026-08-13 21:39:12,2026-08-13 21:51:54,Stopped,External,B,Lampone Zero 560ml,2200,0,762,0,0,False
M01,2026-08-13 21:51:54,2026-08-13 22:00:00,Running,,B,Lampone Zero 560ml,2200,2062,486,278,1,False
M01,2026-08-13 22:00:00,2026-08-13 22:34:59,Stopped,Changeover,C,Arancia Rossa 500ml,2400,0,2099,0,0,True
M01,2026-08-13 22:34:59,2026-08-13 23:26:39,Running,,C,Arancia Rossa 500ml,2400,2246,3100,1934,6,False
M01,2026-08-13 23:26:39,2026-08-13 23:49:26,Running,,C,Arancia Rossa 500ml,2400,2257,1367,857,4,False
M01,2026-08-13 23:49:26,2026-08-14 00:00:00,Running,,C,Arancia Rossa 500ml,2400,2254,634,397,2,False
M01,2026-08-14 00:00:00,2026-08-14 00:25:55,Running,,C,Arancia Rossa 500ml,2400,2169,1555,937,3,False
M01,2026-08-14 00:25:55,2026-08-14 00:35:56,Idle,,C,Arancia Rossa 500ml,2400,0,601,0,0,False
M01,2026-08-14 00:35:56,2026-08-14 01:15:26,Running,,C,Arancia Rossa 500ml,2400,2185,2370,1438,6,False
M01,2026-08-14 01:15:26,2026-08-14 02:04:35,Running,,C,Arancia Rossa 500ml,2400,2161,2949,1770,6,False
M01,2026-08-14 02:04:35,2026-08-14 02:37:16,Running,,C,Arancia Rossa 500ml,2400,2206,1961,1202,4,False
M01,2026-08-14 02:37:16,2026-08-14 03:35:20,Running,,C,Arancia Rossa 500ml,2400,2210,3484,2139,8,False
M01,2026-08-14 03:35:20,2026-08-14 04:05:02,Running,,C,Arancia Rossa 500ml,2400,2206,1782,1092,5,False
M01,2026-08-14 04:05:02,2026-08-14 04:17:07,Stopped,Starvation,C,Arancia Rossa 500ml,2400,0,725,0,0,False
M01,2026-08-14 04:17:07,2026-08-14 04:26:55,Idle,,C,Arancia Rossa 500ml,2400,0,588,0,0,False
M01,2026-08-14 04:26:55,2026-08-14 04:35:45,Stopped,Starvation,C,Arancia Rossa 500ml,2400,0,530,0,0,False
M01,2026-08-14 04:35:45,2026-08-14 05:30:10,Running,,C,Arancia Rossa 500ml,2400,2238,3265,2030,9,False
M01,2026-08-14 05:30:10,2026-08-14 05:53:33,Running,,C,Arancia Rossa 500ml,2400,2242,1403,874,3,False
M01,2026-08-14 05:53:33,2026-08-14 06:00:00,Running,,C,Arancia Rossa 500ml,2400,2205,387,237,1,False
M01,2026-08-14 06:00:00,2026-08-14 06:37:16,Stopped,Changeover,A,Lampone Zero 560ml,2200,0,2236,0,0,True
M01,2026-08-14 06:37:16,2026-08-14 06:51:56,Stopped,Fault,A,Lampone Zero 560ml,2200,0,880,0,0,False
M01,2026-08-14 06:51:56,2026-08-14 07:13:50,Running,,A,Lampone Zero 560ml,2200,2007,1314,733,3,False
M01,2026-08-14 07:13:50,2026-08-14 08:00:07,Running,,A,Lampone Zero 560ml,2200,2017,2777,1556,7,False
M01,2026-08-14 08:00:07,2026-08-14 08:55:37,Running,,A,Lampone Zero 560ml,2200,2041,3330,1888,6,False
M01,2026-08-14 08:55:37,2026-08-14 09:49:27,Running,,A,Lampone Zero 560ml,2200,2048,3230,1838,6,False
M01,2026-08-14 09:49:27,2026-08-14 10:34:44,Running,,A,Lampone Zero 560ml,2200,1994,2717,1505,6,False
M01,2026-08-14 10:34:44,2026-08-14 11:32:49,Running,,A,Lampone Zero 560ml,2200,2016,3485,1952,8,False
M01,2026-08-14 11:32:49,2026-08-14 12:26:50,Running,,A,Lampone Zero 560ml,2200,1987,3241,1789,8,False
M01,2026-08-14 12:26:50,2026-08-14 13:26:33,Running,,A,Lampone Zero 560ml,2200,2048,3583,2038,9,False
M01,2026-08-14 13:26:33,2026-08-14 13:54:15,Running,,A,Lampone Zero 560ml,2200,1987,1662,917,3,False
M01,2026-08-14 13:54:15,2026-08-14 14:00:00,Running,,A,Lampone Zero 560ml,2200,1980,345,190,1,False
M01,2026-08-14 14:00:00,2026-08-14 14:23:14,Stopped,Changeover,B,Arancia Rossa 500ml,2400,0,1394,0,0,True
M01,2026-08-14 14:23:14,2026-08-14 14:27:22,Stopped,Starvation,B,Arancia Rossa 500ml,2400,0,248,0,0,False
M01,2026-08-14 14:27:22,2026-08-14 14:58:53,Running,,B,Arancia Rossa 500ml,2400,2203,1891,1157,4,False
M01,2026-08-14 14:58:53,2026-08-14 15:33:02,Running,,B,Arancia Rossa 500ml,2400,2196,2049,1250,5,False
M01,2026-08-14 15:33:02,2026-08-14 16:25:17,Running,,B,Arancia Rossa 500ml,2400,2218,3135,1932,9,False
M01,2026-08-14 16:25:17,2026-08-14 17:21:11,Running,,B,Arancia Rossa 500ml,2400,2178,3354,2029,8,False
M01,2026-08-14 17:21:11,2026-08-14 17:34:54,Stopped,Supplies,B,Arancia Rossa 500ml,2400,0,823,0,0,False
M01,2026-08-14 17:34:54,2026-08-14 18:16:39,Running,,B,Arancia Rossa 500ml,2400,2228,2505,1550,7,False
M01,2026-08-14 18:16:39,2026-08-14 18:30:24,Stopped,Starvation,B,Arancia Rossa 500ml,2400,0,825,0,0,False
M01,2026-08-14 18:30:24,2026-08-14 18:54:59,Running,,B,Arancia Rossa 500ml,2400,2241,1475,918,4,False
M01,2026-08-14 18:54:59,2026-08-14 19:26:44,Running,,B,Arancia Rossa 500ml,2400,2188,1905,1158,5,False
M01,2026-08-14 19:26:44,2026-08-14 20:01:02,Running,,B,Arancia Rossa 500ml,2400,2192,2058,1253,6,False
M01,2026-08-14 20:01:02,2026-08-14 20:24:37,Running,,B,Arancia Rossa 500ml,2400,2197,1415,864,3,False
M01,2026-08-14 20:24:37,2026-08-14 21:00:08,Running,,B,Arancia Rossa 500ml,2400,2178,2131,1289,4,False
M01,2026-08-14 21:00:08,2026-08-14 21:13:59,Stopped,Fault,B,Arancia Rossa 500ml,2400,0,831,0,0,False
M01,2026-08-14 21:13:59,2026-08-14 21:20:10,Stopped,Fault,B,Arancia Rossa 500ml,2400,0,371,0,0,False
M01,2026-08-14 21:20:10,2026-08-14 21:48:00,Running,,B,Arancia Rossa 500ml,2400,2204,1670,1022,4,False
M01,2026-08-14 21:48:00,2026-08-14 21:59:09,Stopped,Starvation,B,Arancia Rossa 500ml,2400,0,669,0,0,False
M01,2026-08-14 21:59:09,2026-08-14 22:00:00,Idle,,B,Arancia Rossa 500ml,2400,0,51,0,0,False
M01,2026-08-14 22:00:00,2026-08-14 22:29:00,Stopped,Changeover,C,Lampone Zero 560ml,2200,0,1740,0,0,True
M01,2026-08-14 22:29:00,2026-08-14 22:34:11,Stopped,External,C,Lampone Zero 560ml,2200,0,311,0,0,False
M01,2026-08-14 22:34:11,2026-08-14 23:01:24,Running,,C,Lampone Zero 560ml,2200,2034,1633,923,3,False
M01,2026-08-14 23:01:24,2026-08-14 23:25:26,Running,,C,Lampone Zero 560ml,2200,1978,1442,792,2,False
M01,2026-08-14 23:25:26,2026-08-14 23:57:55,Running,,C,Lampone Zero 560ml,2200,2021,1949,1094,4,False
M01,2026-08-14 23:57:55,2026-08-15 00:00:00,Idle,,C,Lampone Zero 560ml,2200,0,125,0,0,False
M01,2026-08-15 00:00:00,2026-08-15 00:26:29,Running,,C,Lampone Zero 560ml,2200,1862,1589,822,3,False
M01,2026-08-15 00:26:29,2026-08-15 01:02:44,Running,,C,Lampone Zero 560ml,2200,1839,2175,1111,4,False
M01,2026-08-15 01:02:44,2026-08-15 01:30:33,Running,,C,Lampone Zero 560ml,2200,1893,1669,878,3,False
M01,2026-08-15 01:30:33,2026-08-15 01:53:41,Running,,C,Lampone Zero 560ml,2200,1855,1388,715,3,False
M01,2026-08-15 01:53:41,2026-08-15 02:42:12,Running,,C,Lampone Zero 560ml,2200,1903,2911,1539,6,False
M01,2026-08-15 02:42:12,2026-08-15 03:02:30,Running,,C,Lampone Zero 560ml,2200,1852,1218,627,3,False
M01,2026-08-15 03:02:30,2026-08-15 03:07:53,Stopped,Starvation,C,Lampone Zero 560ml,2200,0,323,0,0,False
M01,2026-08-15 03:07:53,2026-08-15 03:28:01,Running,,C,Lampone Zero 560ml,2200,1867,1208,626,2,False
M01,2026-08-15 03:28:01,2026-08-15 03:55:02,Running,,C,Lampone Zero 560ml,2200,1900,1621,856,4,False
M01,2026-08-15 03:55:02,2026-08-15 04:22:43,Running,,C,Lampone Zero 560ml,2200,1886,1661,870,3,False
M01,2026-08-15 04:22:43,2026-08-15 04:55:23,Running,,C,Lampone Zero 560ml,2200,1860,1960,1013,4,False
M01,2026-08-15 04:55:23,2026-08-15 05:32:01,Running,,C,Lampone Zero 560ml,2200,1903,2198,1162,5,False
M01,2026-08-15 05:32:01,2026-08-15 05:52:13,Running,,C,Lampone Zero 560ml,2200,1891,1212,637,2,False
M01,2026-08-15 05:52:13,2026-08-15 06:00:00,Running,,C,Lampone Zero 560ml,2200,1841,467,239,1,False
M01,2026-08-15 06:00:00,2026-08-15 06:29:34,Stopped,Changeover,A,Arancia Rossa 500ml,2400,0,1774,0,0,True
M01,2026-08-15 06:29:34,2026-08-15 06:54:51,Running,,A,Arancia Rossa 500ml,2400,2053,1517,865,3,False
M01,2026-08-15 06:54:51,2026-08-15 07:08:49,Stopped,Starvation,A,Arancia Rossa 500ml,2400,0,838,0,0,False
M01,2026-08-15 07:08:49,2026-08-15 07:32:40,Running,,A,Arancia Rossa 500ml,2400,2008,1431,798,3,False
M01,2026-08-15 07:32:40,2026-08-15 07:38:06,Stopped,Supplies,A,Arancia Rossa 500ml,2400,0,326,0,0,False
M01,2026-08-15 07:38:06,2026-08-15 08:01:07,Running,,A,Arancia Rossa 500ml,2400,2060,1381,790,3,False
M01,2026-08-15 08:01:07,2026-08-15 08:23:29,Running,,A,Arancia Rossa 500ml,2400,2079,1342,775,3,False
M01,2026-08-15 08:23:29,2026-08-15 09:01:03,Running,,A,Arancia Rossa 500ml,2400,2033,2254,1273,5,False
M01,2026-08-15 09:01:03,2026-08-15 09:39:23,Running,,A,Arancia Rossa 500ml,2400,2002,2300,1279,4,False
M01,2026-08-15 09:39:23,2026-08-15 09:53:30,Idle,,A,Arancia Rossa 500ml,2400,0,847,0,0,False
M01,2026-08-15 09:53:30,2026-08-15 10:03:35,Stopped,Buildup,A,Arancia Rossa 500ml,2400,0,605,0,0,False
M01,2026-08-15 10:03:35,2026-08-15 10:37:49,Running,,A,Arancia Rossa 500ml,2400,2023,2054,1154,4,False
M01,2026-08-15 10:37:49,2026-08-15 11:17:21,Running,,A,Arancia Rossa 500ml,2400,2005,2372,1321,5,False
M01,2026-08-15 11:17:21,2026-08-15 12:08:32,Running,,A,Arancia Rossa 500ml,2400,2001,3071,1707,7,False
M01,2026-08-15 12:08:32,2026-08-15 12:16:15,Idle,,A,Arancia Rossa 500ml,2400,0,463,0,0,False
M01,2026-08-15 12:16:15,2026-08-15 13:03:59,Running,,A,Arancia Rossa 500ml,2400,2039,2864,1622,5,False
M01,2026-08-15 13:03:59,2026-08-15 13:48:44,Running,,A,Arancia Rossa 500ml,2400,2042,2685,1523,6,False
M01,2026-08-15 13:48:44,2026-08-15 13:54:52,Stopped,Operator,A,Arancia Rossa 500ml,2400,0,368,0,0,False
M01,2026-08-15 13:54:52,2026-08-15 13:59:08,Stopped,Supplies,A,Arancia Rossa 500ml,2400,0,256,0,0,False
M01,2026-08-15 13:59:08,2026-08-15 14:00:00,Idle,,A,Arancia Rossa 500ml,2400,0,52,0,0,False
M01,2026-08-15 14:00:00,2026-08-15 14:37:50,Stopped,Changeover,B,Lampone Zero 560ml,2200,0,2270,0,0,True
M01,2026-08-15 14:37:50,2026-08-15 15:26:44,Running,,B,Lampone Zero 560ml,2200,1854,2934,1511,7,False
M01,2026-08-15 15:26:44,2026-08-15 15:32:25,Stopped,Buildup,B,Lampone Zero 560ml,2200,0,341,0,0,False
M01,2026-08-15 15:32:25,2026-08-15 16:20:35,Running,,B,Lampone Zero 560ml,2200,1839,2890,1476,6,False
M01,2026-08-15 16:20:35,2026-08-15 16:57:32,Running,,B,Lampone Zero 560ml,2200,1855,2217,1142,5,False
M01,2026-08-15 16:57:32,2026-08-15 17:31:40,Running,,B,Lampone Zero 560ml,2200,1867,2048,1062,3,False
M01,2026-08-15 17:31:40,2026-08-15 18:00:29,Running,,B,Lampone Zero 560ml,2200,1886,1729,906,3,False
M01,2026-08-15 18:00:29,2026-08-15 18:23:29,Running,,B,Lampone Zero 560ml,2200,1901,1380,729,3,False
M01,2026-08-15 18:23:29,2026-08-15 18:29:47,Stopped,Operator,B,Lampone Zero 560ml,2200,0,378,0,0,False
M01,2026-08-15 18:29:47,2026-08-15 18:53:03,Running,,B,Lampone Zero 560ml,2200,1882,1396,730,3,False
M01,2026-08-15 18:53:03,2026-08-15 19:29:55,Running,,B,Lampone Zero 560ml,2200,1865,2212,1146,4,False
M01,2026-08-15 19:29:55,2026-08-15 20:11:16,Running,,B,Lampone Zero 560ml,2200,1888,2481,1301,6,False
M01,2026-08-15 20:11:16,2026-08-15 20:52:07,Running,,B,Lampone Zero 560ml,2200,1878,2451,1279,5,False
M01,2026-08-15 20:52:07,2026-08-15 21:35:22,Running,,B,Lampone Zero 560ml,2200,1844,2595,1329,5,False
M01,2026-08-15 21:35:22,2026-08-15 21:57:43,Running,,B,Lampone Zero 560ml,2200,1873,1341,698,3,False
M01,2026-08-15 21:57:43,2026-08-15 22:00:00,Idle,,B,Lampone Zero 560ml,2200,0,137,0,0,False
M01,2026-08-15 22:00:00,2026-08-15 22:32:49,Stopped,Changeover,C,Arancia Rossa 500ml,2400,0,1969,0,0,True
M01,2026-08-15 22:32:49,2026-08-15 22:37:41,Stopped,Starvation,C,Arancia Rossa 500ml,2400,0,292,0,0,False
M01,2026-08-15 22:37:41,2026-08-15 23:12:25,Running,,C,Arancia Rossa 500ml,2400,2062,2084,1194,5,False
M01,2026-08-15 23:12:25,2026-08-15 23:21:02,Stopped,Fault,C,Arancia Rossa 500ml,2400,0,517,0,0,False
M01,2026-08-15 23:21:02,2026-08-15 23:57:53,Running,,C,Arancia Rossa 500ml,2400,2007,2211,1233,4,False
M01,2026-08-15 23:57:53,2026-08-16 00:00:00,Idle,,C,Arancia Rossa 500ml,2400,0,127,0,0,False
M01,2026-08-16 00:00:00,2026-08-16 00:59:50,Running,,C,Arancia Rossa 500ml,2400,1917,3590,1912,8,False
M01,2026-08-16 00:59:50,2026-08-16 01:09:33,Stopped,Fault,C,Arancia Rossa 500ml,2400,0,583,0,0,False
M01,2026-08-16 01:09:33,2026-08-16 02:00:13,Running,,C,Arancia Rossa 500ml,2400,1932,3040,1631,7,False
M01,2026-08-16 02:00:13,2026-08-16 02:25:43,Running,,C,Arancia Rossa 500ml,2400,1921,1530,816,4,False
M01,2026-08-16 02:25:43,2026-08-16 03:08:55,Running,,C,Arancia Rossa 500ml,2400,1883,2592,1356,6,False
M01,2026-08-16 03:08:55,2026-08-16 03:18:52,Stopped,Buildup,C,Arancia Rossa 500ml,2400,0,597,0,0,False
M01,2026-08-16 03:18:52,2026-08-16 03:38:53,Running,,C,Arancia Rossa 500ml,2400,1877,1201,626,2,False
M01,2026-08-16 03:38:53,2026-08-16 04:06:20,Running,,C,Arancia Rossa 500ml,2400,1924,1647,880,4,False
M01,2026-08-16 04:06:20,2026-08-16 04:46:11,Running,,C,Arancia Rossa 500ml,2400,1891,2391,1256,5,False
M01,2026-08-16 04:46:11,2026-08-16 05:21:00,Running,,C,Arancia Rossa 500ml,2400,1871,2089,1086,4,False
M01,2026-08-16 05:21:00,2026-08-16 05:27:33,Idle,,C,Arancia Rossa 500ml,2400,0,393,0,0,False
M01,2026-08-16 05:27:33,2026-08-16 05:58:09,Running,,C,Arancia Rossa 500ml,2400,1937,1836,988,4,False
M01,2026-08-16 05:58:09,2026-08-16 06:00:00,Idle,,C,Arancia Rossa 500ml,2400,0,111,0,0,False
M01,2026-08-16 06:00:00,2026-08-16 06:24:44,Stopped,Changeover,A,Lampone Zero 560ml,2200,0,1484,0,0,True
M01,2026-08-16 06:24:44,2026-08-16 07:10:45,Running,,A,Lampone Zero 560ml,2200,1752,2761,1344,6,False
M01,2026-08-16 07:10:45,2026-08-16 08:07:11,Running,,A,Lampone Zero 560ml,2200,1722,3386,1620,7,False
M01,2026-08-16 08:07:11,2026-08-16 09:05:00,Running,,A,Lampone Zero 560ml,2200,1763,3469,1699,7,False
M01,2026-08-16 09:05:00,2026-08-16 09:37:18,Running,,A,Lampone Zero 560ml,2200,1714,1938,923,4,False
M01,2026-08-16 09:37:18,2026-08-16 10:32:01,Running,,A,Lampone Zero 560ml,2200,1725,3283,1573,6,False
M01,2026-08-16 10:32:01,2026-08-16 11:15:11,Running,,A,Lampone Zero 560ml,2200,1740,2590,1252,4,False
M01,2026-08-16 11:15:11,2026-08-16 12:05:26,Running,,A,Lampone Zero 560ml,2200,1768,3015,1481,5,False
M01,2026-08-16 12:05:26,2026-08-16 12:35:19,Running,,A,Lampone Zero 560ml,2200,1721,1793,857,3,False
M01,2026-08-16 12:35:19,2026-08-16 12:56:20,Running,,A,Lampone Zero 560ml,2200,1758,1261,616,3,False
M01,2026-08-16 12:56:20,2026-08-16 13:07:46,Stopped,External,A,Lampone Zero 560ml,2200,0,686,0,0,False
M01,2026-08-16 13:07:46,2026-08-16 13:47:30,Running,,A,Lampone Zero 560ml,2200,1743,2384,1154,5,False
M01,2026-08-16 13:47:30,2026-08-16 13:52:14,Stopped,Starvation,A,Lampone Zero 560ml,2200,0,284,0,0,False
M01,2026-08-16 13:52:14,2026-08-16 14:00:00,Running,,A,Lampone Zero 560ml,2200,1738,466,225,1,False
M01,2026-08-16 14:00:00,2026-08-16 14:29:09,Stopped,Changeover,B,Arancia Rossa 500ml,2400,0,1749,0,0,True
M01,2026-08-16 14:29:09,2026-08-16 14:59:45,Running,,B,Arancia Rossa 500ml,2400,1889,1836,963,3,False
M01,2026-08-16 14:59:45,2026-08-16 15:28:26,Running,,B,Arancia Rossa 500ml,2400,1923,1721,919,3,False
M01,2026-08-16 15:28:26,2026-08-16 15:53:36,Running,,B,Arancia Rossa 500ml,2400,1924,1510,807,3,False
M01,2026-08-16 15:53:36,2026-08-16 15:56:35,Stopped,Buildup,B,Arancia Rossa 500ml,2400,0,179,0,0,False
M01,2026-08-16 15:56:35,2026-08-16 16:08:32,Stopped,Starvation,B,Arancia Rossa 500ml,2400,0,717,0,0,False
M01,2026-08-16 16:08:32,2026-08-16 16:39:28,Running,,B,Arancia Rossa 500ml,2400,1871,1856,965,4,False
M01,2026-08-16 16:39:28,2026-08-16 17:37:17,Running,,B,Arancia Rossa 500ml,2400,1874,3469,1806,7,False
M01,2026-08-16 17:37:17,2026-08-16 18:02:20,Running,,B,Arancia Rossa 500ml,2400,1922,1503,802,3,False
M01,2026-08-16 18:02:20,2026-08-16 18:40:16,Running,,B,Arancia Rossa 500ml,2400,1889,2276,1194,5,False
M01,2026-08-16 18:40:16,2026-08-16 18:50:16,Idle,,B,Arancia Rossa 500ml,2400,0,600,0,0,False
M01,2026-08-16 18:50:16,2026-08-16 19:42:39,Running,,B,Arancia Rossa 500ml,2400,1910,3143,1668,6,False
M01,2026-08-16 19:42:39,2026-08-16 20:21:09,Running,,B,Arancia Rossa 500ml,2400,1915,2310,1229,4,False
M01,2026-08-16 20:21:09,2026-08-16 20:56:08,Running,,B,Arancia Rossa 500ml,2400,1881,2099,1097,4,False
M01,2026-08-16 20:56:08,2026-08-16 21:52:09,Running,,B,Arancia Rossa 500ml,2400,1920,3361,1793,7,False
M01,2026-08-16 21:52:09,2026-08-16 21:54:20,Stopped,External,B,Arancia Rossa 500ml,2400,0,131,0,0,False
M01,2026-08-16 21:54:20,2026-08-16 21:57:15,Stopped,Starvation,B,Arancia Rossa 500ml,2400,0,175,0,0,False
M01,2026-08-16 21:57:15,2026-08-16 22:00:00,Idle,,B,Arancia Rossa 500ml,2400,0,165,0,0,False
M01,2026-08-16 22:00:00,2026-08-16 22:15:36,Stopped,Changeover,C,Lampone Zero 560ml,2200,0,936,0,0,True
M01,2026-08-16 22:15:36,2026-08-16 22:19:37,Stopped,Fault,C,Lampone Zero 560ml,2200,0,241,0,0,False
M01,2026-08-16 22:19:37,2026-08-16 22:50:53,Running,,C,Lampone Zero 560ml,2200,1769,1876,922,3,False
M01,2026-08-16 22:50:53,2026-08-16 23:14:52,Running,,C,Lampone Zero 560ml,2200,1737,1439,694,2,False
M01,2026-08-16 23:14:52,2026-08-16 23:38:27,Running,,C,Lampone Zero 560ml,2200,1771,1415,696,2,False
M01,2026-08-16 23:38:27,2026-08-16 23:59:43,Running,,C,Lampone Zero 560ml,2200,1715,1276,608,2,False
M01,2026-08-16 23:59:43,2026-08-17 00:00:00,Idle,,C,Lampone Zero 560ml,2200,0,17,0,0,False
M01,2026-08-17 00:00:00,2026-08-17 00:02:25,Stopped,Supplies,C,Lampone Zero 560ml,2200,0,145,0,0,False
M01,2026-08-17 00:02:25,2026-08-17 00:06:41,Stopped,Starvation,C,Lampone Zero 560ml,2200,0,256,0,0,False
M01,2026-08-17 00:06:41,2026-08-17 00:43:56,Running,,C,Lampone Zero 560ml,2200,2101,2235,1304,4,False
M01,2026-08-17 00:43:56,2026-08-17 00:48:59,Stopped,Buildup,C,Lampone Zero 560ml,2200,0,303,0,0,False
M01,2026-08-17 00:48:59,2026-08-17 01:19:29,Running,,C,Lampone Zero 560ml,2200,2103,1830,1069,4,False
M01,2026-08-17 01:19:29,2026-08-17 02:02:10,Running,,C,Lampone Zero 560ml,2200,2080,2561,1480,5,False
M01,2026-08-17 02:02:10,2026-08-17 02:10:54,Idle,,C,Lampone Zero 560ml,2200,0,524,0,0,False
M01,2026-08-17 02:10:54,2026-08-17 02:24:32,Stopped,Fault,C,Lampone Zero 560ml,2200,0,818,0,0,False
M01,2026-08-17 02:24:32,2026-08-17 03:09:01,Running,,C,Lampone Zero 560ml,2200,2111,2669,1565,6,False
M01,2026-08-17 03:09:01,2026-08-17 03:40:44,Running,,C,Lampone Zero 560ml,2200,2073,1903,1096,4,False
M01,2026-08-17 03:40:44,2026-08-17 04:15:41,Running,,C,Lampone Zero 560ml,2200,2072,2097,1207,5,False
M01,2026-08-17 04:15:41,2026-08-17 05:04:30,Running,,C,Lampone Zero 560ml,2200,2115,2929,1721,6,False
M01,2026-08-17 05:04:30,2026-08-17 05:36:26,Running,,C,Lampone Zero 560ml,2200,2050,1916,1091,4,False
M01,2026-08-17 05:36:26,2026-08-17 05:59:58,Running,,C,Lampone Zero 560ml,2200,2074,1412,813,3,False
M01,2026-08-17 05:59:58,2026-08-17 06:00:00,Idle,,C,Lampone Zero 560ml,2200,0,2,0,0,False
M01,2026-08-17 06:00:00,2026-08-17 06:33:40,Stopped,Changeover,A,Arancia Rossa 500ml,2400,0,2020,0,0,True
M01,2026-08-17 06:33:40,2026-08-17 07:22:10,Running,,A,Arancia Rossa 500ml,2400,2295,2910,1855,8,False
M01,2026-08-17 07:22:10,2026-08-17 08:02:43,Running,,A,Arancia Rossa 500ml,2400,2301,2433,1555,7,False
M01,2026-08-17 08:02:43,2026-08-17 09:00:40,Running,,A,Arancia Rossa 500ml,2400,2270,3477,2192,9,False
M01,2026-08-17 09:00:40,2026-08-17 09:55:26,Running,,A,Arancia Rossa 500ml,2400,2287,3286,2088,9,False
M01,2026-08-17 09:55:26,2026-08-17 10:40:48,Running,,A,Arancia Rossa 500ml,2400,2230,2722,1686,7,False
M01,2026-08-17 10:40:48,2026-08-17 11:31:21,Running,,A,Arancia Rossa 500ml,2400,2277,3033,1918,7,False
M01,2026-08-17 11:31:21,2026-08-17 12:17:09,Running,,A,Arancia Rossa 500ml,2400,2265,2748,1729,7,False
M01,2026-08-17 12:17:09,2026-08-17 12:30:11,Stopped,Starvation,A,Arancia Rossa 500ml,2400,0,782,0,0,False
M01,2026-08-17 12:30:11,2026-08-17 12:53:33,Running,,A,Arancia Rossa 500ml,2400,2227,1402,867,3,False
M01,2026-08-17 12:53:33,2026-08-17 13:45:36,Running,,A,Arancia Rossa 500ml,2400,2278,3123,1976,7,False
M01,2026-08-17 13:45:36,2026-08-17 13:56:23,Stopped,Starvation,A,Arancia Rossa 500ml,2400,0,647,0,0,False
M01,2026-08-17 13:56:23,2026-08-17 14:00:00,Idle,,A,Arancia Rossa 500ml,2400,0,217,0,0,False
M01,2026-08-17 14:00:00,2026-08-17 14:15:29,Stopped,Changeover,B,Lampone Zero 560ml,2200,0,929,0,0,True
M01,2026-08-17 14:15:29,2026-08-17 14:24:16,Idle,,B,Lampone Zero 560ml,2200,0,527,0,0,False
M01,2026-08-17 14:24:16,2026-08-17 15:18:24,Running,,B,Lampone Zero 560ml,2200,2080,3248,1877,8,False
M01,2026-08-17 15:18:24,2026-08-17 15:58:53,Running,,B,Lampone Zero 560ml,2200,2112,2429,1425,5,False
M01,2026-08-17 15:58:53,2026-08-17 16:36:54,Running,,B,Lampone Zero 560ml,2200,2059,2281,1305,5,False
M01,2026-08-17 16:36:54,2026-08-17 17:33:35,Running,,B,Lampone Zero 560ml,2200,2048,3401,1935,8,False
M01,2026-08-17 17:33:35,2026-08-17 17:59:49,Running,,B,Lampone Zero 560ml,2200,2051,1574,897,3,False
M01,2026-08-17 17:59:49,2026-08-17 18:53:57,Running,,B,Lampone Zero 560ml,2200,2058,3248,1857,6,False
M01,2026-08-17 18:53:57,2026-08-17 19:36:49,Running,,B,Lampone Zero 560ml,2200,2115,2572,1511,6,False
M01,2026-08-17 19:36:49,2026-08-17 19:43:13,Stopped,Fault,B,Lampone Zero 560ml,2200,0,384,0,0,False
M01,2026-08-17 19:43:13,2026-08-17 20:15:34,Running,,B,Lampone Zero 560ml,2200,2050,1941,1105,4,False
M01,2026-08-17 20:15:34,2026-08-17 20:39:07,Running,,B,Lampone Zero 560ml,2200,2103,1413,825,4,False
M01,2026-08-17 20:39:07,2026-08-17 21:33:26,Running,,B,Lampone Zero 560ml,2200,2103,3259,1904,7,False
M01,2026-08-17 21:33:26,2026-08-17 21:55:04,Running,,B,Lampone Zero 560ml,2200,2099,1298,757,3,False
M01,2026-08-17 21:55:04,2026-08-17 22:00:00,Idle,,B,Lampone Zero 560ml,2200,0,296,0,0,False
M01,2026-08-17 22:00:00,2026-08-17 22:33:56,Stopped,Changeover,C,Arancia Rossa 500ml,2400,0,2036,0,0,True
M01,2026-08-17 22:33:56,2026-08-17 22:39:23,Stopped,Buildup,C,Arancia Rossa 500ml,2400,0,327,0,0,False
M01,2026-08-17 22:39:23,2026-08-17 22:51:06,Idle,,C,Arancia Rossa 500ml,2400,0,703,0,0,False
M01,2026-08-17 22:51:06,2026-08-17 22:56:08,Stopped,Starvation,C,Arancia Rossa 500ml,2400,0,302,0,0,False
M01,2026-08-17 22:56:08,2026-08-17 23:00:57,Stopped,Starvation,C,Arancia Rossa 500ml,2400,0,289,0,0,False
M01,2026-08-17 23:00:57,2026-08-17 23:39:21,Running,,C,Arancia Rossa 500ml,2400,2307,2304,1476,6,False
M01,2026-08-17 23:39:21,2026-08-17 23:59:22,Running,,C,Arancia Rossa 500ml,2400,2238,1201,747,3,False
M01,2026-08-17 23:59:22,2026-08-18 00:00:00,Idle,,C,Arancia Rossa 500ml,2400,0,38,0,0,False
M01,2026-08-18 00:00:00,2026-08-18 00:42:00,Running,,C,Arancia Rossa 500ml,2400,2276,2520,1593,6,False
M01,2026-08-18 00:42:00,2026-08-18 01:25:36,Running,,C,Arancia Rossa 500ml,2400,2302,2616,1673,6,False
M01,2026-08-18 01:25:36,2026-08-18 01:47:41,Running,,C,Arancia Rossa 500ml,2400,2242,1325,825,3,False
M01,2026-08-18 01:47:41,2026-08-18 02:43:57,Running,,C,Arancia Rossa 500ml,2400,2282,3376,2140,8,False
M01,2026-08-18 02:43:57,2026-08-18 02:53:53,Stopped,Starvation,C,Arancia Rossa 500ml,2400,0,596,0,0,False
M01,2026-08-18 02:53:53,2026-08-18 03:29:27,Running,,C,Arancia Rossa 500ml,2400,2235,2134,1325,5,False
M01,2026-08-18 03:29:27,2026-08-18 03:41:45,Stopped,External,C,Arancia Rossa 500ml,2400,0,738,0,0,False
M01,2026-08-18 03:41:45,2026-08-18 04:33:57,Running,,C,Arancia Rossa 500ml,2400,2300,3132,2001,6,False
M01,2026-08-18 04:33:57,2026-08-18 04:57:48,Running,,C,Arancia Rossa 500ml,2400,2299,1431,914,3,False
M01,2026-08-18 04:57:48,2026-08-18 05:57:02,Running,,C,Arancia Rossa 500ml,2400,2295,3554,2266,10,False
M01,2026-08-18 05:57:02,2026-08-18 06:00:00,Idle,,C,Arancia Rossa 500ml,2400,0,178,0,0,False
M01,2026-08-18 06:00:00,2026-08-18 06:30:43,Stopped,Changeover,A,Lampone Zero 560ml,2200,0,1843,0,0,True
M01,2026-08-18 06:30:43,2026-08-18 07:29:02,Stopped,Maintenance,A,Lampone Zero 560ml,2200,0,3499,0,0,True
M01,2026-08-18 07:29:02,2026-08-18 08:29:00,Running,,A,Lampone Zero 560ml,2200,2032,3598,2031,7,False
M01,2026-08-18 08:29:00,2026-08-18 09:08:32,Running,,A,Lampone Zero 560ml,2200,2045,2372,1347,5,False
M01,2026-08-18 09:08:32,2026-08-18 09:19:30,Stopped,Starvation,A,Lampone Zero 560ml,2200,0,658,0,0,False
M01,2026-08-18 09:19:30,2026-08-18 09:27:26,Idle,,A,Lampone Zero 560ml,2200,0,476,0,0,False
M01,2026-08-18 09:27:26,2026-08-18 10:03:38,Running,,A,Lampone Zero 560ml,2200,2038,2172,1230,6,False
M01,2026-08-18 10:03:38,2026-08-18 10:27:22,Running,,A,Lampone Zero 560ml,2200,2110,1424,835,3,False
M01,2026-08-18 10:27:22,2026-08-18 10:51:51,Running,,A,Lampone Zero 560ml,2200,2113,1469,862,3,False
M01,2026-08-18 10:51:51,2026-08-18 11:31:31,Running,,A,Lampone Zero 560ml,2200,2047,2380,1353,4,False
M01,2026-08-18 11:31:31,2026-08-18 12:19:42,Running,,A,Lampone Zero 560ml,2200,2088,2891,1677,7,False
M01,2026-08-18 12:19:42,2026-08-18 12:34:09,Stopped,Buildup,A,Lampone Zero 560ml,2200,0,867,0,0,False
M01,2026-08-18 12:34:09,2026-08-18 12:40:15,Stopped,Fault,A,Lampone Zero 560ml,2200,0,366,0,0,False
M01,2026-08-18 12:40:15,2026-08-18 13:32:51,Running,,A,Lampone Zero 560ml,2200,2095,3156,1837,7,False
M01,2026-08-18 13:32:51,2026-08-18 13:54:51,Running,,A,Lampone Zero 560ml,2200,2052,1320,752,2,False
M01,2026-08-18 13:54:51,2026-08-18 13:58:20,Stopped,Starvation,A,Lampone Zero 560ml,2200,0,209,0,0,False
M01,2026-08-18 13:58:20,2026-08-18 14:00:00,Idle,,A,Lampone Zero 560ml,2200,0,100,0,0,False
M01,2026-08-18 14:00:00,2026-08-18 14:28:22,Stopped,Changeover,B,Arancia Rossa 500ml,2400,0,1702,0,0,True
M01,2026-08-18 14:28:22,2026-08-18 14:34:09,Stopped,External,B,Arancia Rossa 500ml,2400,0,347,0,0,False
M01,2026-08-18 14:34:09,2026-08-18 14:42:34,Idle,,B,Arancia Rossa 500ml,2400,0,505,0,0,False
M01,2026-08-18 14:42:34,2026-08-18 15:23:59,Running,,B,Arancia Rossa 500ml,2400,2283,2485,1576,6,False
M01,2026-08-18 15:23:59,2026-08-18 15:36:54,Stopped,Starvation,B,Arancia Rossa 500ml,2400,0,775,0,0,False
M01,2026-08-18 15:36:54,2026-08-18 16:07:26,Running,,B,Arancia Rossa 500ml,2400,2224,1832,1132,5,False
M01,2026-08-18 16:07:26,2026-08-18 16:21:08,Stopped,External,B,Arancia Rossa 500ml,2400,0,822,0,0,False
M01,2026-08-18 16:21:08,2026-08-18 16:42:07,Running,,B,Arancia Rossa 500ml,2400,2249,1259,787,3,False
M01,2026-08-18 16:42:07,2026-08-18 16:58:54,Running,,B,Arancia Rossa 500ml,2400,2239,1007,626,3,False
M01,2026-08-18 16:58:54,2026-08-18 18:30:56,Stopped,Fault,B,Arancia Rossa 500ml,2400,0,5522,0,0,False
M01,2026-08-18 18:30:56,2026-08-18 19:23:36,Running,,B,Arancia Rossa 500ml,2400,2231,3160,1958,6,False
M01,2026-08-18 19:23:36,2026-08-18 19:37:37,Stopped,Starvation,B,Arancia Rossa 500ml,2400,0,841,0,0,False
M01,2026-08-18 19:37:37,2026-08-18 19:56:45,Idle,,B,Arancia Rossa 500ml,2400,0,1148,0,0,False
M01,2026-08-18 19:56:45,2026-08-18 20:40:08,Running,,B,Arancia Rossa 500ml,2400,2259,2603,1633,6,False
M01,2026-08-18 20:40:08,2026-08-18 21:23:15,Running,,B,Arancia Rossa 500ml,2400,2238,2587,1608,5,False
M01,2026-08-18 21:23:15,2026-08-18 21:25:43,Stopped,Fault,B,Arancia Rossa 500ml,2400,0,148,0,0,False
M01,2026-08-18 21:25:43,2026-08-18 21:49:29,Running,,B,Arancia Rossa 500ml,2400,2253,1426,892,4,False
M01,2026-08-18 21:49:29,2026-08-18 22:00:00,Running,,B,Arancia Rossa 500ml,2400,2264,631,397,2,False
M01,2026-08-18 22:00:00,2026-08-18 22:29:34,Stopped,Changeover,C,Lampone Zero 560ml,2200,0,1774,0,0,True
M01,2026-08-18 22:29:34,2026-08-18 22:52:24,Running,,C,Lampone Zero 560ml,2200,2031,1370,773,3,False
M01,2026-08-18 22:52:24,2026-08-18 23:44:04,Running,,C,Lampone Zero 560ml,2200,2055,3100,1770,6,False
M01,2026-08-18 23:44:04,2026-08-19 00:00:00,Running,,C,Lampone Zero 560ml,2200,2059,956,547,2,False
M01,2026-08-19 00:00:00,2026-08-19 00:14:22,Stopped,External,C,Lampone Zero 560ml,2200,0,862,0,0,False
M01,2026-08-19 00:14:22,2026-08-19 00:37:13,Running,,C,Lampone Zero 560ml,2200,2100,1371,800,3,False
M01,2026-08-19 00:37:13,2026-08-19 01:20:19,Running,,C,Lampone Zero 560ml,2200,2042,2586,1467,4,False
M01,2026-08-19 01:20:19,2026-08-19 01:24:04,Stopped,External,C,Lampone Zero 560ml,2200,0,225,0,0,False
M01,2026-08-19 01:24:04,2026-08-19 02:06:55,Running,,C,Lampone Zero 560ml,2200,2063,2571,1473,5,False
M01,2026-08-19 02:06:55,2026-08-19 02:12:59,Stopped,External,C,Lampone Zero 560ml,2200,0,364,0,0,False
M01,2026-08-19 02:12:59,2026-08-19 02:50:00,Running,,C,Lampone Zero 560ml,2200,2046,2221,1262,5,False
M01,2026-08-19 02:50:00,2026-08-19 03:15:04,Running,,C,Lampone Zero 560ml,2200,2097,1504,876,3,False
M01,2026-08-19 03:15:04,2026-08-19 04:04:58,Running,,C,Lampone Zero 560ml,2200,2046,2994,1702,8,False
M01,2026-08-19 04:04:58,2026-08-19 04:35:43,Running,,C,Lampone Zero 560ml,2200,2101,1845,1077,4,False
M01,2026-08-19 04:35:43,2026-08-19 04:42:39,Stopped,Starvation,C,Lampone Zero 560ml,2200,0,416,0,0,False
M01,2026-08-19 04:42:39,2026-08-19 05:15:47,Running,,C,Lampone Zero 560ml,2200,2097,1988,1158,5,False
M01,2026-08-19 05:15:47,2026-08-19 05:51:44,Running,,C,Lampone Zero 560ml,2200,2058,2157,1233,5,False
M01,2026-08-19 05:51:44,2026-08-19 06:00:00,Running,,C,Lampone Zero 560ml,2200,2048,496,282,1,False
M01,2026-08-19 06:00:00,2026-08-19 06:37:07,Stopped,Changeover,A,Arancia Rossa 500ml,2400,0,2227,0,0,True
M01,2026-08-19 06:37:07,2026-08-19 06:58:17,Running,,A,Arancia Rossa 500ml,2400,2274,1270,802,4,False
M01,2026-08-19 06:58:17,2026-08-19 07:30:02,Running,,A,Arancia Rossa 500ml,2400,2266,1905,1199,5,False
M01,2026-08-19 07:30:02,2026-08-19 08:19:34,Running,,A,Arancia Rossa 500ml,2400,2284,2972,1886,8,False
M01,2026-08-19 08:19:34,2026-08-19 08:32:32,Stopped,Supplies,A,Arancia Rossa 500ml,2400,0,778,0,0,False
M01,2026-08-19 08:32:32,2026-08-19 09:25:35,Running,,A,Arancia Rossa 500ml,2400,2270,3183,2007,7,False
M01,2026-08-19 09:25:35,2026-08-19 10:24:21,Running,,A,Arancia Rossa 500ml,2400,2256,3526,2210,9,False
M01,2026-08-19 10:24:21,2026-08-19 10:46:49,Running,,A,Arancia Rossa 500ml,2400,2295,1348,859,4,False
M01,2026-08-19 10:46:49,2026-08-19 11:25:22,Running,,A,Arancia Rossa 500ml,2400,2289,2313,1471,5,False
M01,2026-08-19 11:25:22,2026-08-19 11:51:50,Running,,A,Arancia Rossa 500ml,2400,2294,1588,1012,3,False
M01,2026-08-19 11:51:50,2026-08-19 12:35:09,Running,,A,Arancia Rossa 500ml,2400,2249,2599,1624,6,False
M01,2026-08-19 12:35:09,2026-08-19 13:18:13,Running,,A,Arancia Rossa 500ml,2400,2226,2584,1598,5,False
M01,2026-08-19 13:18:13,2026-08-19 13:44:54,Running,,A,Arancia Rossa 500ml,2400,2299,1601,1022,4,False
M01,2026-08-19 13:44:54,2026-08-19 14:00:00,Running,,A,Arancia Rossa 500ml,2400,2238,906,563,3,False
M01,2026-08-19 14:00:00,2026-08-19 14:20:26,Stopped,Changeover,B,Lampone Zero 560ml,2200,0,1226,0,0,True
M01,2026-08-19 14:20:26,2026-08-19 14:45:15,Running,,B,Lampone Zero 560ml,2200,2070,1489,856,3,False
M01,2026-08-19 14:45:15,2026-08-19 15:25:58,Running,,B,Lampone Zero 560ml,2200,2041,2443,1385,5,False
M01,2026-08-19 15:25:58,2026-08-19 15:53:18,Running,,B,Lampone Zero 560ml,2200,2083,1640,949,3,False
M01,2026-08-19 15:53:18,2026-08-19 16:38:53,Running,,B,Lampone Zero 560ml,2200,2048,2735,1556,6,False
M01,2026-08-19 16:38:53,2026-08-19 17:09:34,Running,,B,Lampone Zero 560ml,2200,2110,1841,1079,4,False
M01,2026-08-19 17:09:34,2026-08-19 17:39:08,Running,,B,Lampone Zero 560ml,2200,2100,1774,1035,4,False
M01,2026-08-19 17:39:08,2026-08-19 17:50:41,Stopped,Starvation,B,Lampone Zero 560ml,2200,0,693,0,0,False
M01,2026-08-19 17:50:41,2026-08-19 18:06:33,Stopped,Starvation,B,Lampone Zero 560ml,2200,0,952,0,0,False
M01,2026-08-19 18:06:33,2026-08-19 18:27:01,Running,,B,Lampone Zero 560ml,2200,2051,1228,700,3,False
M01,2026-08-19 18:27:01,2026-08-19 19:18:21,Running,,B,Lampone Zero 560ml,2200,2049,3080,1753,6,False
M01,2026-08-19 19:18:21,2026-08-19 19:28:25,Idle,,B,Lampone Zero 560ml,2200,0,604,0,0,False
M01,2026-08-19 19:28:25,2026-08-19 19:39:37,Stopped,Starvation,B,Lampone Zero 560ml,2200,0,672,0,0,False
M01,2026-08-19 19:39:37,2026-08-19 19:53:29,Stopped,Starvation,B,Lampone Zero 560ml,2200,0,832,0,0,False
M01,2026-08-19 19:53:29,2026-08-19 19:57:06,Stopped,Fault,B,Lampone Zero 560ml,2200,0,217,0,0,False
M01,2026-08-19 19:57:06,2026-08-19 20:54:14,Running,,B,Lampone Zero 560ml,2200,2051,3428,1953,9,False
M01,2026-08-19 20:54:14,2026-08-19 21:53:50,Running,,B,Lampone Zero 560ml,2200,2100,3576,2086,9,False
M01,2026-08-19 21:53:50,2026-08-19 21:59:49,Stopped,Fault,B,Lampone Zero 560ml,2200,0,359,0,0,False
M01,2026-08-19 21:59:49,2026-08-19 22:00:00,Idle,,B,Lampone Zero 560ml,2200,0,11,0,0,False
M01,2026-08-19 22:00:00,2026-08-19 22:28:59,Running,,C,Lampone Zero 560ml,2200,2033,1739,982,3,False
M01,2026-08-19 22:28:59,2026-08-19 22:35:58,Idle,,C,Lampone Zero 560ml,2200,0,419,0,0,False
M01,2026-08-19 22:35:58,2026-08-19 23:35:23,Running,,C,Lampone Zero 560ml,2200,2031,3565,2011,6,False
M01,2026-08-19 23:35:23,2026-08-19 23:56:19,Running,,C,Lampone Zero 560ml,2200,2035,1256,710,3,False
M01,2026-08-19 23:56:19,2026-08-20 00:00:00,Idle,,C,Lampone Zero 560ml,2200,0,221,0,0,False
M01,2026-08-20 00:00:00,2026-08-20 00:48:28,Running,,C,Lampone Zero 560ml,2200,2032,2908,1641,6,False
M01,2026-08-20 00:48:28,2026-08-20 01:28:17,Running,,C,Lampone Zero 560ml,2200,2049,2389,1360,5,False
M01,2026-08-20 01:28:17,2026-08-20 01:54:19,Running,,C,Lampone Zero 560ml,2200,2110,1562,916,3,False
M01,2026-08-20 01:54:19,2026-08-20 02:50:24,Running,,C,Lampone Zero 560ml,2200,2066,3365,1931,7,False
M01,2026-08-20 02:50:24,2026-08-20 03:49:10,Running,,C,Lampone Zero 560ml,2200,2110,3526,2067,7,False
M01,2026-08-20 03:49:10,2026-08-20 04:46:29,Running,,C,Lampone Zero 560ml,2200,2072,3439,1979,7,False
M01,2026-08-20 04:46:29,2026-08-20 05:14:51,Running,,C,Lampone Zero 560ml,2200,2051,1702,970,3,False
M01,2026-08-20 05:14:51,2026-08-20 05:50:12,Running,,C,Lampone Zero 560ml,2200,2045,2121,1205,5,False
M01,2026-08-20 05:50:12,2026-08-20 06:00:00,Running,,C,Lampone Zero 560ml,2200,2064,588,337,1,False
M01,2026-08-20 06:00:00,2026-08-20 06:22:02,Running,,A,Lampone Zero 560ml,2200,2109,1322,774,3,False
M01,2026-08-20 06:22:02,2026-08-20 07:19:44,Running,,A,Lampone Zero 560ml,2200,2043,3462,1965,8,False
M01,2026-08-20 07:19:44,2026-08-20 08:07:19,Running,,A,Lampone Zero 560ml,2200,2035,2855,1614,7,False
M01,2026-08-20 08:07:19,2026-08-20 08:41:08,Running,,A,Lampone Zero 560ml,2200,2065,2029,1164,5,False
M01,2026-08-20 08:41:08,2026-08-20 09:02:10,Running,,A,Lampone Zero 560ml,2200,2051,1262,719,2,False
M01,2026-08-20 09:02:10,2026-08-20 09:30:08,Running,,A,Lampone Zero 560ml,2200,2068,1678,964,4,False
M01,2026-08-20 09:30:08,2026-08-20 10:00:54,Running,,A,Lampone Zero 560ml,2200,2110,1846,1082,4,False
M01,2026-08-20 10:00:54,2026-08-20 10:24:58,Running,,A,Lampone Zero 560ml,2200,2064,1444,828,3,False
M01,2026-08-20 10:24:58,2026-08-20 10:55:31,Running,,A,Lampone Zero 560ml,2200,2037,1833,1037,5,False
M01,2026-08-20 10:55:31,2026-08-20 11:09:19,Stopped,Buildup,A,Lampone Zero 560ml,2200,0,828,0,0,False
M01,2026-08-20 11:09:19,2026-08-20 12:06:45,Running,,A,Lampone Zero 560ml,2200,2085,3446,1996,8,False
M01,2026-08-20 12:06:45,2026-08-20 12:18:09,Stopped,Starvation,A,Lampone Zero 560ml,2200,0,684,0,0,False
M01,2026-08-20 12:18:09,2026-08-20 12:23:57,Stopped,Starvation,A,Lampone Zero 560ml,2200,0,348,0,0,False
M01,2026-08-20 12:23:57,2026-08-20 12:52:32,Running,,A,Lampone Zero 560ml,2200,2036,1715,970,4,False
M01,2026-08-20 12:52:32,2026-08-20 13:40:49,Running,,A,Lampone Zero 560ml,2200,2067,2897,1663,6,False
M01,2026-08-20 13:40:49,2026-08-20 14:00:00,Running,,A,Lampone Zero 560ml,2200,2050,1151,655,3,False
M01,2026-08-20 14:00:00,2026-08-20 14:28:09,Stopped,Changeover,B,Arancia Rossa 500ml,2400,0,1689,0,0,True
M01,2026-08-20 14:28:09,2026-08-20 14:33:17,Stopped,Operator,B,Arancia Rossa 500ml,2400,0,308,0,0,False
M01,2026-08-20 14:33:17,2026-08-20 15:30:41,Running,,B,Arancia Rossa 500ml,2400,2243,3444,2146,7,False
M01,2026-08-20 15:30:41,2026-08-20 16:11:43,Running,,B,Arancia Rossa 500ml,2400,2218,2462,1517,6,False
M01,2026-08-20 16:11:43,2026-08-20 16:43:54,Running,,B,Arancia Rossa 500ml,2400,2239,1931,1201,5,False
M01,2026-08-20 16:43:54,2026-08-20 16:58:18,Stopped,Starvation,B,Arancia Rossa 500ml,2400,0,864,0,0,False
M01,2026-08-20 16:58:18,2026-08-20 17:17:29,Idle,,B,Arancia Rossa 500ml,2400,0,1151,0,0,False
M01,2026-08-20 17:17:29,2026-08-20 17:30:33,Idle,,B,Arancia Rossa 500ml,2400,0,784,0,0,False
M01,2026-08-20 17:30:33,2026-08-20 18:05:48,Running,,B,Arancia Rossa 500ml,2400,2294,2115,1348,4,False
M01,2026-08-20 18:05:48,2026-08-20 18:17:47,Stopped,External,B,Arancia Rossa 500ml,2400,0,719,0,0,False
M01,2026-08-20 18:17:47,2026-08-20 18:58:23,Running,,B,Arancia Rossa 500ml,2400,2236,2436,1513,5,False
M01,2026-08-20 18:58:23,2026-08-20 19:09:49,Stopped,External,B,Arancia Rossa 500ml,2400,0,686,0,0,False
M01,2026-08-20 19:09:49,2026-08-20 19:39:33,Running,,B,Arancia Rossa 500ml,2400,2246,1784,1113,4,False
M01,2026-08-20 19:39:33,2026-08-20 19:47:10,Stopped,Fault,B,Arancia Rossa 500ml,2400,0,457,0,0,False
M01,2026-08-20 19:47:10,2026-08-20 19:57:13,Stopped,Starvation,B,Arancia Rossa 500ml,2400,0,603,0,0,False
M01,2026-08-20 19:57:13,2026-08-20 20:47:55,Running,,B,Arancia Rossa 500ml,2400,2269,3042,1917,6,False
M01,2026-08-20 20:47:55,2026-08-20 20:54:28,Stopped,External,B,Arancia Rossa 500ml,2400,0,393,0,0,False
M01,2026-08-20 20:54:28,2026-08-20 21:14:57,Running,,B,Arancia Rossa 500ml,2400,2278,1229,778,3,False
M01,2026-08-20 21:14:57,2026-08-20 21:34:12,Idle,,B,Arancia Rossa 500ml,2400,0,1155,0,0,False
M01,2026-08-20 21:34:12,2026-08-20 21:57:32,Running,,B,Arancia Rossa 500ml,2400,2213,1400,861,3,False
M01,2026-08-20 21:57:32,2026-08-20 22:00:00,Idle,,B,Arancia Rossa 500ml,2400,0,148,0,0,False
M01,2026-08-20 22:00:00,2026-08-20 22:06:50,Stopped,External,C,Arancia Rossa 500ml,2400,0,410,0,0,False
M01,2026-08-20 22:06:50,2026-08-20 22:15:10,Stopped,Starvation,C,Arancia Rossa 500ml,2400,0,500,0,0,False
M01,2026-08-20 22:15:10,2026-08-20 22:54:23,Running,,C,Arancia Rossa 500ml,2400,2271,2353,1484,5,False
M01,2026-08-20 22:54:23,2026-08-20 23:53:38,Running,,C,Arancia Rossa 500ml,2400,2262,3555,2234,10,False
M01,2026-08-20 23:53:38,2026-08-21 00:00:00,Running,,C,Arancia Rossa 500ml,2400,2271,382,241,1,False
M01,2026-08-21 00:00:00,2026-08-21 00:59:22,Running,,C,Arancia Rossa 500ml,2400,2171,3562,2148,7,False
M01,2026-08-21 00:59:22,2026-08-21 01:49:22,Running,,C,Arancia Rossa 500ml,2400,2174,3000,1812,7,False
M01,2026-08-21 01:49:22,2026-08-21 02:09:59,Running,,C,Arancia Rossa 500ml,2400,2206,1237,758,3,False
M01,2026-08-21 02:09:59,2026-08-21 03:08:06,Running,,C,Arancia Rossa 500ml,2400,2184,3487,2115,8,False
M01,2026-08-21 03:08:06,2026-08-21 03:38:43,Running,,C,Arancia Rossa 500ml,2400,2183,1837,1114,5,False
M01,2026-08-21 03:38:43,2026-08-21 04:28:48,Running,,C,Arancia Rossa 500ml,2400,2210,3005,1845,6,False
M01,2026-08-21 04:28:48,2026-08-21 04:35:21,Stopped,Operator,C,Arancia Rossa 500ml,2400,0,393,0,0,False
M01,2026-08-21 04:35:21,2026-08-21 05:26:38,Running,,C,Arancia Rossa 500ml,2400,2204,3077,1884,6,False
M01,2026-08-21 05:26:38,2026-08-21 05:58:34,Running,,C,Arancia Rossa 500ml,2400,2218,1916,1180,4,False
M01,2026-08-21 05:58:34,2026-08-21 06:00:00,Idle,,C,Arancia Rossa 500ml,2400,0,86,0,0,False
M01,2026-08-21 06:00:00,2026-08-21 06:14:13,Stopped,Buildup,A,Arancia Rossa 500ml,2400,0,853,0,0,False
M01,2026-08-21 06:14:13,2026-08-21 06:27:47,Stopped,Operator,A,Arancia Rossa 500ml,2400,0,814,0,0,False
M01,2026-08-21 06:27:47,2026-08-21 06:41:05,Stopped,External,A,Arancia Rossa 500ml,2400,0,798,0,0,False
M01,2026-08-21 06:41:05,2026-08-21 07:36:35,Running,,A,Arancia Rossa 500ml,2400,2213,3330,2047,8,False
M01,2026-08-21 07:36:35,2026-08-21 07:47:00,Idle,,A,Arancia Rossa 500ml,2400,0,625,0,0,False
M01,2026-08-21 07:47:00,2026-08-21 08:21:03,Running,,A,Arancia Rossa 500ml,2400,2186,2043,1241,4,False
M01,2026-08-21 08:21:03,2026-08-21 08:48:44,Running,,A,Arancia Rossa 500ml,2400,2198,1661,1014,4,False
M01,2026-08-21 08:48:44,2026-08-21 09:23:02,Running,,A,Arancia Rossa 500ml,2400,2195,2058,1255,5,False
M01,2026-08-21 09:23:02,2026-08-21 09:51:40,Running,,A,Arancia Rossa 500ml,2400,2225,1718,1062,4,False
M01,2026-08-21 09:51:40,2026-08-21 10:41:03,Running,,A,Arancia Rossa 500ml,2400,2183,2963,1797,7,False
M01,2026-08-21 10:41:03,2026-08-21 11:19:28,Running,,A,Arancia Rossa 500ml,2400,2163,2305,1385,6,False
M01,2026-08-21 11:19:28,2026-08-21 12:14:37,Running,,A,Arancia Rossa 500ml,2400,2210,3309,2031,9,False
M01,2026-08-21 12:14:37,2026-08-21 12:55:37,Running,,A,Arancia Rossa 500ml,2400,2190,2460,1496,7,False
M01,2026-08-21 12:55:37,2026-08-21 13:02:21,Stopped,Starvation,A,Arancia Rossa 500ml,2400,0,404,0,0,False
M01,2026-08-21 13:02:21,2026-08-21 13:56:53,Running,,A,Arancia Rossa 500ml,2400,2163,3272,1966,7,False
M01,2026-08-21 13:56:53,2026-08-21 14:00:00,Idle,,A,Arancia Rossa 500ml,2400,0,187,0,0,False
M01,2026-08-21 14:00:00,2026-08-21 14:20:24,Stopped,Changeover,B,Lampone Zero 560ml,2200,0,1224,0,0,True
M01,2026-08-21 14:20:24,2026-08-21 14:25:01,Stopped,Buildup,B,Lampone Zero 560ml,2200,0,277,0,0,False
M01,2026-08-21 14:25:01,2026-08-21 15:12:58,Running,,B,Lampone Zero 560ml,2200,1975,2877,1578,7,False
M01,2026-08-21 15:12:58,2026-08-21 15:39:40,Running,,B,Lampone Zero 560ml,2200,1982,1602,882,3,False
M01,2026-08-21 15:39:40,2026-08-21 16:02:17,Running,,B,Lampone Zero 560ml,2200,2015,1357,760,3,False
M01,2026-08-21 16:02:17,2026-08-21 16:16:53,Stopped,Starvation,B,Lampone Zero 560ml,2200,0,876,0,0,False
M01,2026-08-21 16:16:53,2026-08-21 17:13:22,Running,,B,Lampone Zero 560ml,2200,1976,3389,1860,8,False
M01,2026-08-21 17:13:22,2026-08-21 18:01:15,Running,,B,Lampone Zero 560ml,2200,1998,2873,1595,6,False
M01,2026-08-21 18:01:15,2026-08-21 18:34:03,Running,,B,Lampone Zero 560ml,2200,1993,1968,1090,3,False
M01,2026-08-21 18:34:03,2026-08-21 18:46:37,Stopped,Starvation,B,Lampone Zero 560ml,2200,0,754,0,0,False
M01,2026-08-21 18:46:37,2026-08-21 19:21:32,Running,,B,Lampone Zero 560ml,2200,2016,2095,1173,5,False
M01,2026-08-21 19:21:32,2026-08-21 20:14:46,Running,,B,Lampone Zero 560ml,2200,2046,3194,1815,6,False
M01,2026-08-21 20:14:46,2026-08-21 21:08:19,Running,,B,Lampone Zero 560ml,2200,2021,3213,1804,7,False
M01,2026-08-21 21:08:19,2026-08-21 21:40:30,Running,,B,Lampone Zero 560ml,2200,1975,1931,1059,4,False
M01,2026-08-21 21:40:30,2026-08-21 22:00:00,Running,,B,Lampone Zero 560ml,2200,1968,1170,640,3,False
M01,2026-08-21 22:00:00,2026-08-21 22:57:26,Running,,C,Lampone Zero 560ml,2200,2041,3446,1954,9,False
M01,2026-08-21 22:57:26,2026-08-21 23:36:53,Running,,C,Lampone Zero 560ml,2200,1992,2367,1310,4,False
M01,2026-08-21 23:36:53,2026-08-21 23:40:21,Stopped,External,C,Lampone Zero 560ml,2200,0,208,0,0,False
M01,2026-08-21 23:40:21,2026-08-21 23:50:33,Stopped,Operator,C,Lampone Zero 560ml,2200,0,612,0,0,False
M01,2026-08-21 23:50:33,2026-08-22 00:00:00,Running,,C,Lampone Zero 560ml,2200,1981,567,312,1,False
M01,2026-08-22 00:00:00,2026-08-22 00:04:52,Stopped,Buildup,C,Lampone Zero 560ml,2200,0,292,0,0,False
M01,2026-08-22 00:04:52,2026-08-22 00:17:06,Stopped,Supplies,C,Lampone Zero 560ml,2200,0,734,0,0,False
M01,2026-08-22 00:17:06,2026-08-22 00:51:18,Running,,C,Lampone Zero 560ml,2200,1886,2052,1075,4,False
M01,2026-08-22 00:51:18,2026-08-22 01:39:39,Running,,C,Lampone Zero 560ml,2200,1886,2901,1520,5,False
M01,2026-08-22 01:39:39,2026-08-22 01:50:15,Stopped,Starvation,C,Lampone Zero 560ml,2200,0,636,0,0,False
M01,2026-08-22 01:50:15,2026-08-22 02:01:44,Stopped,Starvation,C,Lampone Zero 560ml,2200,0,689,0,0,False
M01,2026-08-22 02:01:44,2026-08-22 02:11:44,Stopped,Buildup,C,Lampone Zero 560ml,2200,0,600,0,0,False
M01,2026-08-22 02:11:44,2026-08-22 02:16:19,Stopped,Operator,C,Lampone Zero 560ml,2200,0,275,0,0,False
M01,2026-08-22 02:16:19,2026-08-22 02:18:29,Stopped,External,C,Lampone Zero 560ml,2200,0,130,0,0,False
M01,2026-08-22 02:18:29,2026-08-22 02:30:34,Stopped,Starvation,C,Lampone Zero 560ml,2200,0,725,0,0,False
M01,2026-08-22 02:30:34,2026-08-22 02:57:02,Running,,C,Lampone Zero 560ml,2200,1889,1588,833,3,False
M01,2026-08-22 02:57:02,2026-08-22 03:38:23,Running,,C,Lampone Zero 560ml,2200,1855,2481,1278,5,False
M01,2026-08-22 03:38:23,2026-08-22 04:25:02,Running,,C,Lampone Zero 560ml,2200,1884,2799,1465,7,False
M01,2026-08-22 04:25:02,2026-08-22 04:59:48,Running,,C,Lampone Zero 560ml,2200,1880,2086,1089,4,False
M01,2026-08-22 04:59:48,2026-08-22 05:01:57,Stopped,Starvation,C,Lampone Zero 560ml,2200,0,129,0,0,False
M01,2026-08-22 05:01:57,2026-08-22 05:22:43,Running,,C,Lampone Zero 560ml,2200,1842,1246,638,2,False
M01,2026-08-22 05:22:43,2026-08-22 05:44:06,Running,,C,Lampone Zero 560ml,2200,1829,1283,652,2,False
M01,2026-08-22 05:44:06,2026-08-22 05:58:09,Idle,,C,Lampone Zero 560ml,2200,0,843,0,0,False
M01,2026-08-22 05:58:09,2026-08-22 06:00:00,Idle,,C,Lampone Zero 560ml,2200,0,111,0,0,False
M01,2026-08-22 06:00:00,2026-08-22 06:22:36,Running,,A,Lampone Zero 560ml,2200,1853,1356,698,3,False
M01,2026-08-22 06:22:36,2026-08-22 07:15:36,Running,,A,Lampone Zero 560ml,2200,1832,3180,1618,7,False
M01,2026-08-22 07:15:36,2026-08-22 07:29:15,Stopped,Buildup,A,Lampone Zero 560ml,2200,0,819,0,0,False
M01,2026-08-22 07:29:15,2026-08-22 07:53:50,Running,,A,Lampone Zero 560ml,2200,1874,1475,768,4,False
M01,2026-08-22 07:53:50,2026-08-22 08:36:12,Running,,A,Lampone Zero 560ml,2200,1881,2542,1328,5,False
M01,2026-08-22 08:36:12,2026-08-22 09:00:56,Running,,A,Lampone Zero 560ml,2200,1875,1484,773,3,False
M01,2026-08-22 09:00:56,2026-08-22 09:33:34,Running,,A,Lampone Zero 560ml,2200,1824,1958,992,3,False
M01,2026-08-22 09:33:34,2026-08-22 09:44:50,Stopped,Buildup,A,Lampone Zero 560ml,2200,0,676,0,0,False
M01,2026-08-22 09:44:50,2026-08-22 10:42:18,Running,,A,Lampone Zero 560ml,2200,1849,3448,1771,6,False
M01,2026-08-22 10:42:18,2026-08-22 11:37:40,Running,,A,Lampone Zero 560ml,2200,1853,3322,1710,8,False
M01,2026-08-22 11:37:40,2026-08-22 12:03:36,Running,,A,Lampone Zero 560ml,2200,1839,1556,795,4,False
M01,2026-08-22 12:03:36,2026-08-22 12:17:17,Stopped,Fault,A,Lampone Zero 560ml,2200,0,821,0,0,False
M01,2026-08-22 12:17:17,2026-08-22 12:45:39,Running,,A,Lampone Zero 560ml,2200,1831,1702,866,4,False
M01,2026-08-22 12:45:39,2026-08-22 13:23:52,Running,,A,Lampone Zero 560ml,2200,1882,2293,1199,5,False
M01,2026-08-22 13:23:52,2026-08-22 13:34:53,Stopped,Operator,A,Lampone Zero 560ml,2200,0,661,0,0,False
M01,2026-08-22 13:34:53,2026-08-22 13:57:03,Running,,A,Lampone Zero 560ml,2200,1880,1330,695,3,False
M01,2026-08-22 13:57:03,2026-08-22 14:00:00,Idle,,A,Lampone Zero 560ml,2200,0,177,0,0,False
M01,2026-08-22 14:00:00,2026-08-22 14:33:39,Stopped,Changeover,B,Arancia Rossa 500ml,2400,0,2019,0,0,True
M01,2026-08-22 14:33:39,2026-08-22 15:03:02,Running,,B,Arancia Rossa 500ml,2400,1994,1763,977,4,False
M01,2026-08-22 15:03:02,2026-08-22 15:17:24,Stopped,Fault,B,Arancia Rossa 500ml,2400,0,862,0,0,False
M01,2026-08-22 15:17:24,2026-08-22 15:56:31,Running,,B,Arancia Rossa 500ml,2400,2036,2347,1327,5,False
M01,2026-08-22 15:56:31,2026-08-22 16:09:03,Stopped,Supplies,B,Arancia Rossa 500ml,2400,0,752,0,0,False
M01,2026-08-22 16:09:03,2026-08-22 16:32:16,Running,,B,Arancia Rossa 500ml,2400,2057,1393,796,3,False
M01,2026-08-22 16:32:16,2026-08-22 17:26:27,Running,,B,Arancia Rossa 500ml,2400,1989,3251,1796,8,False
M01,2026-08-22 17:26:27,2026-08-22 18:18:50,Running,,B,Arancia Rossa 500ml,2400,2021,3143,1764,8,False
M01,2026-08-22 18:18:50,2026-08-22 18:23:01,Stopped,External,B,Arancia Rossa 500ml,2400,0,251,0,0,False
M01,2026-08-22 18:23:01,2026-08-22 19:21:50,Running,,B,Arancia Rossa 500ml,2400,2025,3529,1985,8,False
M01,2026-08-22 19:21:50,2026-08-22 19:29:13,Stopped,Starvation,B,Arancia Rossa 500ml,2400,0,443,0,0,False
M01,2026-08-22 19:29:13,2026-08-22 19:42:57,Stopped,Fault,B,Arancia Rossa 500ml,2400,0,824,0,0,False
M01,2026-08-22 19:42:57,2026-08-22 19:58:38,Stopped,Starvation,B,Arancia Rossa 500ml,2400,0,941,0,0,False
M01,2026-08-22 19:58:38,2026-08-22 20:57:11,Running,,B,Arancia Rossa 500ml,2400,2044,3513,1995,8,False
M01,2026-08-22 20:57:11,2026-08-22 21:12:01,Stopped,Starvation,B,Arancia Rossa 500ml,2400,0,890,0,0,False
M01,2026-08-22 21:12:01,2026-08-22 21:39:27,Running,,B,Arancia Rossa 500ml,2400,2046,1646,935,3,False
M01,2026-08-22 21:39:27,2026-08-22 21:59:38,Running,,B,Arancia Rossa 500ml,2400,2011,1211,676,3,False
M01,2026-08-22 21:59:38,2026-08-22 22:00:00,Idle,,B,Arancia Rossa 500ml,2400,0,22,0,0,False
M01,2026-08-22 22:00:00,2026-08-22 22:15:58,Stopped,Changeover,C,Lampone Zero 560ml,2200,0,958,0,0,True
M01,2026-08-22 22:15:58,2026-08-22 22:30:45,Stopped,External,C,Lampone Zero 560ml,2200,0,887,0,0,False
M01,2026-08-22 22:30:45,2026-08-22 23:21:31,Running,,C,Lampone Zero 560ml,2200,1833,3046,1551,7,False
M01,2026-08-22 23:21:31,2026-08-22 23:34:32,Stopped,Fault,C,Lampone Zero 560ml,2200,0,781,0,0,False
M01,2026-08-22 23:34:32,2026-08-22 23:59:58,Running,,C,Lampone Zero 560ml,2200,1896,1526,804,3,False
M01,2026-08-22 23:59:58,2026-08-23 00:00:00,Idle,,C,Lampone Zero 560ml,2200,0,2,0,0,False
M01,2026-08-23 00:00:00,2026-08-23 00:26:37,Running,,C,Lampone Zero 560ml,2200,1738,1597,771,2,False
M01,2026-08-23 00:26:37,2026-08-23 00:47:07,Running,,C,Lampone Zero 560ml,2200,1733,1230,592,3,False
M01,2026-08-23 00:47:07,2026-08-23 00:53:51,Stopped,Starvation,C,Lampone Zero 560ml,2200,0,404,0,0,False
M01,2026-08-23 00:53:51,2026-08-23 01:23:49,Running,,C,Lampone Zero 560ml,2200,1727,1798,863,3,False
M01,2026-08-23 01:23:49,2026-08-23 01:30:01,Stopped,Starvation,C,Lampone Zero 560ml,2200,0,372,0,0,False
M01,2026-08-23 01:30:01,2026-08-23 01:39:18,Stopped,External,C,Lampone Zero 560ml,2200,0,557,0,0,False
M01,2026-08-23 01:39:18,2026-08-23 01:49:42,Idle,,C,Lampone Zero 560ml,2200,0,624,0,0,False
M01,2026-08-23 01:49:42,2026-08-23 01:57:36,Stopped,Fault,C,Lampone Zero 560ml,2200,0,474,0,0,False
M01,2026-08-23 01:57:36,2026-08-23 02:33:33,Running,,C,Lampone Zero 560ml,2200,1708,2157,1023,4,False
M01,2026-08-23 02:33:33,2026-08-23 03:19:26,Running,,C,Lampone Zero 560ml,2200,1745,2753,1334,5,False
M01,2026-08-23 03:19:26,2026-08-23 04:17:55,Running,,C,Lampone Zero 560ml,2200,1703,3509,1660,6,False
M01,2026-08-23 04:17:55,2026-08-23 05:11:23,Running,,C,Lampone Zero 560ml,2200,1729,3208,1541,7,False
M01,2026-08-23 05:11:23,2026-08-23 05:25:22,Stopped,Starvation,C,Lampone Zero 560ml,2200,0,839,0,0,False
M01,2026-08-23 05:25:22,2026-08-23 05:51:05,Running,,C,Lampone Zero 560ml,2200,1725,1543,739,2,False
M01,2026-08-23 05:51:05,2026-08-23 06:00:00,Running,,C,Lampone Zero 560ml,2200,1729,535,257,1,False
M01,2026-08-23 06:00:00,2026-08-23 06:32:49,Stopped,Changeover,A,Arancia Rossa 500ml,2400,0,1969,0,0,True
M01,2026-08-23 06:32:49,2026-08-23 06:58:09,Running,,A,Arancia Rossa 500ml,2400,1884,1520,795,3,False
M01,2026-08-23 06:58:09,2026-08-23 07:56:14,Running,,A,Arancia Rossa 500ml,2400,1918,3485,1857,8,False
M01,2026-08-23 07:56:14,2026-08-23 08:54:46,Running,,A,Arancia Rossa 500ml,2400,1899,3512,1853,7,False
M01,2026-08-23 08:54:46,2026-08-23 09:20:46,Running,,A,Arancia Rossa 500ml,2400,1860,1560,806,2,False
M01,2026-08-23 09:20:46,2026-08-23 10:18:14,Running,,A,Arancia Rossa 500ml,2400,1888,3448,1808,7,False
M01,2026-08-23 10:18:14,2026-08-23 11:08:55,Running,,A,Arancia Rossa 500ml,2400,1884,3041,1591,7,False
M01,2026-08-23 11:08:55,2026-08-23 12:04:10,Running,,A,Arancia Rossa 500ml,2400,1929,3315,1776,7,False
M01,2026-08-23 12:04:10,2026-08-23 12:45:13,Running,,A,Arancia Rossa 500ml,2400,1868,2463,1278,6,False
M01,2026-08-23 12:45:13,2026-08-23 13:00:55,Stopped,Buildup,A,Arancia Rossa 500ml,2400,0,942,0,0,False
M01,2026-08-23 13:00:55,2026-08-23 13:32:10,Running,,A,Arancia Rossa 500ml,2400,1928,1875,1004,4,False
M01,2026-08-23 13:32:10,2026-08-23 13:50:14,Idle,,A,Arancia Rossa 500ml,2400,0,1084,0,0,False
M01,2026-08-23 13:50:14,2026-08-23 14:00:00,Running,,A,Arancia Rossa 500ml,2400,1909,586,311,1,False
M01,2026-08-23 14:00:00,2026-08-23 14:31:43,Stopped,Changeover,B,Lampone Zero 560ml,2200,0,1903,0,0,True
M01,2026-08-23 14:31:43,2026-08-23 15:27:49,Running,,B,Lampone Zero 560ml,2200,1729,3366,1617,6,False
M01,2026-08-23 15:27:49,2026-08-23 16:18:09,Running,,B,Lampone Zero 560ml,2200,1718,3020,1441,5,False
M01,2026-08-23 16:18:09,2026-08-23 16:45:22,Running,,B,Lampone Zero 560ml,2200,1755,1633,796,3,False
M01,2026-08-23 16:45:22,2026-08-23 16:58:32,Stopped,Buildup,B,Lampone Zero 560ml,2200,0,790,0,0,False
M01,2026-08-23 16:58:32,2026-08-23 17:01:41,Stopped,Fault,B,Lampone Zero 560ml,2200,0,189,0,0,False
M01,2026-08-23 17:01:41,2026-08-23 17:54:46,Running,,B,Lampone Zero 560ml,2200,1740,3185,1539,5,False
M01,2026-08-23 17:54:46,2026-08-23 18:04:13,Stopped,Starvation,B,Lampone Zero 560ml,2200,0,567,0,0,False
M01,2026-08-23 18:04:13,2026-08-23 18:50:05,Running,,B,Lampone Zero 560ml,2200,1712,2752,1309,5,False
M01,2026-08-23 18:50:05,2026-08-23 19:22:31,Running,,B,Lampone Zero 560ml,2200,1703,1946,921,4,False
M01,2026-08-23 19:22:31,2026-08-23 19:44:21,Running,,B,Lampone Zero 560ml,2200,1761,1310,641,2,False
M01,2026-08-23 19:44:21,2026-08-23 20:31:27,Running,,B,Lampone Zero 560ml,2200,1713,2826,1345,4,False
M01,2026-08-23 20:31:27,2026-08-23 20:41:58,Stopped,Operator,B,Lampone Zero 560ml,2200,0,631,0,0,False
M01,2026-08-23 20:41:58,2026-08-23 21:14:38,Running,,B,Lampone Zero 560ml,2200,1702,1960,927,4,False
M01,2026-08-23 21:14:38,2026-08-23 21:19:49,Stopped,Starvation,B,Lampone Zero 560ml,2200,0,311,0,0,False
M01,2026-08-23 21:19:49,2026-08-23 21:53:22,Running,,B,Lampone Zero 560ml,2200,1736,2013,971,4,False
M01,2026-08-23 21:53:22,2026-08-23 22:00:00,Running,,B,Lampone Zero 560ml,2200,1701,398,188,1,False
M01,2026-08-23 22:00:00,2026-08-23 22:31:45,Running,,C,Lampone Zero 560ml,2200,1745,1905,923,4,False
M01,2026-08-23 22:31:45,2026-08-23 23:03:24,Running,,C,Lampone Zero 560ml,2200,1727,1899,911,3,False
M01,2026-08-23 23:03:24,2026-08-23 23:09:17,Stopped,External,C,Lampone Zero 560ml,2200,0,353,0,0,False
M01,2026-08-23 23:09:17,2026-08-23 23:42:51,Running,,C,Lampone Zero 560ml,2200,1720,2014,962,3,False
M01,2026-08-23 23:42:51,2026-08-24 00:00:00,Running,,C,Lampone Zero 560ml,2200,1732,1029,495,2,False
M01,2026-08-24 00:00:00,2026-08-24 00:44:04,Running,,C,Lampone Zero 560ml,2200,2067,2644,1518,6,False
M01,2026-08-24 00:44:04,2026-08-24 00:53:04,Stopped,External,C,Lampone Zero 560ml,2200,0,540,0,0,False
M01,2026-08-24 00:53:04,2026-08-24 01:26:47,Running,,C,Lampone Zero 560ml,2200,2034,2023,1143,4,False
M01,2026-08-24 01:26:47,2026-08-24 02:11:07,Running,,C,Lampone Zero 560ml,2200,2058,2660,1521,5,False
M01,2026-08-24 02:11:07,2026-08-24 02:22:26,Stopped,Buildup,C,Lampone Zero 560ml,2200,0,679,0,0,False
M01,2026-08-24 02:22:26,2026-08-24 02:45:16,Running,,C,Lampone Zero 560ml,2200,2101,1370,800,3,False
M01,2026-08-24 02:45:16,2026-08-24 03:16:21,Running,,C,Lampone Zero 560ml,2200,2041,1865,1057,4,False
M01,2026-08-24 03:16:21,2026-08-24 03:48:53,Running,,C,Lampone Zero 560ml,2200,2102,1952,1140,4,False
M01,2026-08-24 03:48:53,2026-08-24 04:16:52,Running,,C,Lampone Zero 560ml,2200,2047,1679,955,4,False
M01,2026-08-24 04:16:52,2026-08-24 04:44:02,Running,,C,Lampone Zero 560ml,2200,2046,1630,926,3,False
M01,2026-08-24 04:44:02,2026-08-24 04:54:29,Stopped,External,C,Lampone Zero 560ml,2200,0,627,0,0,False
M01,2026-08-24 04:54:29,2026-08-24 05:25:13,Running,,C,Lampone Zero 560ml,2200,2063,1844,1057,3,False
M01,2026-08-24 05:25:13,2026-08-24 05:39:45,Idle,,C,Lampone Zero 560ml,2200,0,872,0,0,False
M01,2026-08-24 05:39:45,2026-08-24 05:59:55,Running,,C,Lampone Zero 560ml,2200,2084,1210,700,3,False
M01,2026-08-24 05:59:55,2026-08-24 06:00:00,Idle,,C,Lampone Zero 560ml,2200,0,5,0,0,False
M01,2026-08-24 06:00:00,2026-08-24 06:30:08,Running,,A,Lampone Zero 560ml,2200,2099,1808,1054,4,False
M01,2026-08-24 06:30:08,2026-08-24 07:25:19,Running,,A,Lampone Zero 560ml,2200,2050,3311,1885,8,False
M01,2026-08-24 07:25:19,2026-08-24 07:48:10,Running,,A,Lampone Zero 560ml,2200,2043,1371,778,3,False
M01,2026-08-24 07:48:10,2026-08-24 07:59:28,Stopped,External,A,Lampone Zero 560ml,2200,0,678,0,0,False
M01,2026-08-24 07:59:28,2026-08-24 08:01:55,Stopped,Operator,A,Lampone Zero 560ml,2200,0,147,0,0,False
M01,2026-08-24 08:01:55,2026-08-24 08:32:32,Running,,A,Lampone Zero 560ml,2200,2033,1837,1037,4,False
M01,2026-08-24 08:32:32,2026-08-24 09:22:32,Running,,A,Lampone Zero 560ml,2200,2085,3000,1738,5,False
M01,2026-08-24 09:22:32,2026-08-24 10:20:01,Running,,A,Lampone Zero 560ml,2200,2081,3449,1994,8,False
M01,2026-08-24 10:20:01,2026-08-24 11:09:53,Running,,A,Lampone Zero 560ml,2200,2088,2992,1735,7,False
M01,2026-08-24 11:09:53,2026-08-24 11:45:06,Running,,A,Lampone Zero 560ml,2200,2038,2113,1196,5,False
M01,2026-08-24 11:45:06,2026-08-24 11:59:05,Stopped,External,A,Lampone Zero 560ml,2200,0,839,0,0,False
M01,2026-08-24 11:59:05,2026-08-24 12:29:09,Running,,A,Lampone Zero 560ml,2200,2084,1804,1044,4,False
M01,2026-08-24 12:29:09,2026-08-24 13:16:22,Running,,A,Lampone Zero 560ml,2200,2067,2833,1627,5,False
M01,2026-08-24 13:16:22,2026-08-24 13:25:45,Stopped,Fault,A,Lampone Zero 560ml,2200,0,563,0,0,False
M01,2026-08-24 13:25:45,2026-08-24 13:52:32,Running,,A,Lampone Zero 560ml,2200,2034,1607,908,4,False
M01,2026-08-24 13:52:32,2026-08-24 14:00:00,Running,,A,Lampone Zero 560ml,2200,2075,448,258,1,False
M01,2026-08-24 14:00:00,2026-08-24 14:16:54,Stopped,Changeover,B,Arancia Rossa 500ml,2400,0,1014,0,0,True
M01,2026-08-24 14:16:54,2026-08-24 15:11:05,Running,,B,Arancia Rossa 500ml,2400,2272,3251,2052,9,False
M01,2026-08-24 15:11:05,2026-08-24 15:36:46,Running,,B,Arancia Rossa 500ml,2400,2242,1541,960,4,False
M01,2026-08-24 15:36:46,2026-08-24 15:48:00,Stopped,External,B,Arancia Rossa 500ml,2400,0,674,0,0,False
M01,2026-08-24 15:48:00,2026-08-24 16:12:15,Running,,B,Arancia Rossa 500ml,2400,2217,1455,896,3,False
M01,2026-08-24 16:12:15,2026-08-24 16:54:36,Running,,B,Arancia Rossa 500ml,2400,2212,2541,1561,5,False
M01,2026-08-24 16:54:36,2026-08-24 17:03:20,Stopped,Buildup,B,Arancia Rossa 500ml,2400,0,524,0,0,False
M01,2026-08-24 17:03:20,2026-08-24 17:46:20,Running,,B,Arancia Rossa 500ml,2400,2217,2580,1589,7,False
M01,2026-08-24 17:46:20,2026-08-24 18:41:43,Running,,B,Arancia Rossa 500ml,2400,2250,3323,2077,9,False
M01,2026-08-24 18:41:43,2026-08-24 19:31:22,Running,,B,Arancia Rossa 500ml,2400,2226,2979,1842,7,False
M01,2026-08-24 19:31:22,2026-08-24 20:23:31,Running,,B,Arancia Rossa 500ml,2400,2236,3129,1943,8,False
M01,2026-08-24 20:23:31,2026-08-24 20:31:18,Stopped,Starvation,B,Arancia Rossa 500ml,2400,0,467,0,0,False
M01,2026-08-24 20:31:18,2026-08-24 20:52:26,Running,,B,Arancia Rossa 500ml,2400,2284,1268,804,3,False
M01,2026-08-24 20:52:26,2026-08-24 21:47:56,Running,,B,Arancia Rossa 500ml,2400,2283,3330,2112,8,False
M01,2026-08-24 21:47:56,2026-08-24 22:00:00,Running,,B,Arancia Rossa 500ml,2400,2205,724,443,2,False
M01,2026-08-24 22:00:00,2026-08-24 22:57:23,Running,,C,Arancia Rossa 500ml,2400,2208,3443,2112,9,False
M01,2026-08-24 22:57:23,2026-08-24 23:10:22,Stopped,Operator,C,Arancia Rossa 500ml,2400,0,779,0,0,False
M01,2026-08-24 23:10:22,2026-08-24 23:21:27,Idle,,C,Arancia Rossa 500ml,2400,0,665,0,0,False
M01,2026-08-24 23:21:27,2026-08-24 23:56:24,Running,,C,Arancia Rossa 500ml,2400,2210,2097,1287,5,False
M01,2026-08-24 23:56:24,2026-08-25 00:00:00,Idle,,C,Arancia Rossa 500ml,2400,0,216,0,0,False
M01,2026-08-25 00:00:00,2026-08-25 00:54:42,Running,,C,Arancia Rossa 500ml,2400,2208,3282,2013,7,False
M01,2026-08-25 00:54:42,2026-08-25 01:34:14,Running,,C,Arancia Rossa 500ml,2400,2270,2372,1496,7,False
M01,2026-08-25 01:34:14,2026-08-25 02:30:23,Running,,C,Arancia Rossa 500ml,2400,2278,3369,2132,9,False
M01,2026-08-25 02:30:23,2026-08-25 03:03:38,Running,,C,Arancia Rossa 500ml,2400,2265,1995,1255,5,False
M01,2026-08-25 03:03:38,2026-08-25 03:16:32,Idle,,C,Arancia Rossa 500ml,2400,0,774,0,0,False
M01,2026-08-25 03:16:32,2026-08-25 04:05:02,Running,,C,Arancia Rossa 500ml,2400,2253,2910,1821,6,False
M01,2026-08-25 04:05:02,2026-08-25 04:14:13,Stopped,External,C,Arancia Rossa 500ml,2400,0,551,0,0,False
M01,2026-08-25 04:14:13,2026-08-25 04:45:24,Running,,C,Arancia Rossa 500ml,2400,2284,1871,1187,5,False
M01,2026-08-25 04:45:24,2026-08-25 04:51:13,Stopped,External,C,Arancia Rossa 500ml,2400,0,349,0,0,False
M01,2026-08-25 04:51:13,2026-08-25 04:55:27,Stopped,Buildup,C,Arancia Rossa 500ml,2400,0,254,0,0,False
M01,2026-08-25 04:55:27,2026-08-25 05:20:05,Running,,C,Arancia Rossa 500ml,2400,2272,1478,933,4,False
M01,2026-08-25 05:20:05,2026-08-25 05:47:42,Running,,C,Arancia Rossa 500ml,2400,2237,1657,1030,4,False
M01,2026-08-25 05:47:42,2026-08-25 06:00:00,Running,,C,Arancia Rossa 500ml,2400,2246,738,460,2,False
M01,2026-08-25 06:00:00,2026-08-25 06:52:39,Stopped,Maintenance,A,Arancia Rossa 500ml,2400,0,3159,0,0,True
M01,2026-08-25 06:52:39,2026-08-25 07:50:44,Running,,A,Arancia Rossa 500ml,2400,2247,3485,2175,10,False
M01,2026-08-25 07:50:44,2026-08-25 08:42:55,Running,,A,Arancia Rossa 500ml,2400,2242,3131,1950,7,False
M01,2026-08-25 08:42:55,2026-08-25 09:17:15,Running,,A,Arancia Rossa 500ml,2400,2205,2060,1262,5,False
M01,2026-08-25 09:17:15,2026-08-25 10:10:43,Running,,A,Arancia Rossa 500ml,2400,2288,3208,2039,8,False
M01,2026-08-25 10:10:43,2026-08-25 10:33:18,Running,,A,Arancia Rossa 500ml,2400,2249,1355,846,4,False
M01,2026-08-25 10:33:18,2026-08-25 11:13:17,Running,,A,Arancia Rossa 500ml,2400,2263,2399,1508,6,False
M01,2026-08-25 11:13:17,2026-08-25 11:45:38,Running,,A,Arancia Rossa 500ml,2400,2266,1941,1222,4,False
M01,2026-08-25 11:45:38,2026-08-25 12:16:29,Running,,A,Arancia Rossa 500ml,2400,2260,1851,1162,5,False
M01,2026-08-25 12:16:29,2026-08-25 13:15:38,Running,,A,Arancia Rossa 500ml,2400,2287,3549,2255,9,False
M01,2026-08-25 13:15:38,2026-08-25 13:40:47,Running,,A,Arancia Rossa 500ml,2400,2290,1509,960,3,False
M01,2026-08-25 13:40:47,2026-08-25 14:00:00,Running,,A,Arancia Rossa 500ml,2400,2239,1153,717,3,False
M01,2026-08-25 14:00:00,2026-08-25 14:19:01,Stopped,Changeover,B,Lampone Zero 560ml,2200,0,1141,0,0,True
M01,2026-08-25 14:19:01,2026-08-25 14:34:03,Idle,,B,Lampone Zero 560ml,2200,0,902,0,0,False
M01,2026-08-25 14:34:03,2026-08-25 15:32:09,Running,,B,Lampone Zero 560ml,2200,2050,3486,1985,9,False
M01,2026-08-25 15:32:09,2026-08-25 16:18:06,Running,,B,Lampone Zero 560ml,2200,2076,2757,1590,5,False
M01,2026-08-25 16:18:06,2026-08-25 17:07:26,Running,,B,Lampone Zero 560ml,2200,2101,2960,1727,6,False
M01,2026-08-25 17:07:26,2026-08-25 18:04:40,Running,,B,Lampone Zero 560ml,2200,2029,3434,1935,7,False
M01,2026-08-25 18:04:40,2026-08-25 18:30:52,Running,,B,Lampone Zero 560ml,2200,2050,1572,895,4,False
M01,2026-08-25 18:30:52,2026-08-25 18:35:01,Stopped,Starvation,B,Lampone Zero 560ml,2200,0,249,0,0,False
M01,2026-08-25 18:35:01,2026-08-25 18:58:42,Running,,B,Lampone Zero 560ml,2200,2093,1421,826,3,False
M01,2026-08-25 18:58:42,2026-08-25 19:05:17,Stopped,Starvation,B,Lampone Zero 560ml,2200,0,395,0,0,False
M01,2026-08-25 19:05:17,2026-08-25 19:27:47,Running,,B,Lampone Zero 560ml,2200,2044,1350,766,3,False
M01,2026-08-25 19:27:47,2026-08-25 20:12:10,Running,,B,Lampone Zero 560ml,2200,2046,2663,1513,7,False
M01,2026-08-25 20:12:10,2026-08-25 20:48:07,Running,,B,Lampone Zero 560ml,2200,2101,2157,1259,5,False
M01,2026-08-25 20:48:07,2026-08-25 20:57:26,Stopped,Starvation,B,Lampone Zero 560ml,2200,0,559,0,0,False
M01,2026-08-25 20:57:26,2026-08-25 21:32:23,Running,,B,Lampone Zero 560ml,2200,2068,2097,1205,5,False
M01,2026-08-25 21:32:23,2026-08-25 21:47:31,Stopped,Starvation,B,Lampone Zero 560ml,2200,0,908,0,0,False
M01,2026-08-25 21:47:31,2026-08-25 22:00:00,Running,,B,Lampone Zero 560ml,2200,2082,749,433,2,False
M01,2026-08-25 22:00:00,2026-08-25 22:30:33,Running,,C,Lampone Zero 560ml,2200,2029,1833,1033,3,False
M01,2026-08-25 22:30:33,2026-08-25 23:08:12,Running,,C,Lampone Zero 560ml,2200,2087,2259,1310,4,False
M01,2026-08-25 23:08:12,2026-08-25 23:35:43,Running,,C,Lampone Zero 560ml,2200,2059,1651,944,4,False
M01,2026-08-25 23:35:43,2026-08-25 23:39:29,Stopped,Starvation,C,Lampone Zero 560ml,2200,0,226,0,0,False
M01,2026-08-25 23:39:29,2026-08-25 23:46:12,Stopped,Supplies,C,Lampone Zero 560ml,2200,0,403,0,0,False
M01,2026-08-25 23:46:12,2026-08-25 23:49:36,Stopped,Starvation,C,Lampone Zero 560ml,2200,0,204,0,0,False
M01,2026-08-25 23:49:36,2026-08-25 23:54:32,Stopped,External,C,Lampone Zero 560ml,2200,0,296,0,0,False
M01,2026-08-25 23:54:32,2026-08-26 00:00:00,Running,,C,Lampone Zero 560ml,2200,2031,328,185,1,False
M01,2026-08-26 00:00:00,2026-08-26 00:34:32,Running,,C,Lampone Zero 560ml,2200,2027,2072,1167,4,False
M01,2026-08-26 00:34:32,2026-08-26 01:10:06,Running,,C,Lampone Zero 560ml,2200,2040,2134,1209,5,False
M01,2026-08-26 01:10:06,2026-08-26 01:58:28,Running,,C,Lampone Zero 560ml,2200,2036,2902,1641,7,False
M01,2026-08-26 01:58:28,2026-08-26 02:13:41,Stopped,Starvation,C,Lampone Zero 560ml,2200,0,913,0,0,False
M01,2026-08-26 02:13:41,2026-08-26 03:06:16,Running,,C,Lampone Zero 560ml,2200,2094,3155,1835,8,False
M01,2026-08-26 03:06:16,2026-08-26 03:50:38,Running,,C,Lampone Zero 560ml,2200,2020,2662,1494,5,False
M01,2026-08-26 03:50:38,2026-08-26 03:53:50,Stopped,External,C,Lampone Zero 560ml,2200,0,192,0,0,False
M01,2026-08-26 03:53:50,2026-08-26 04:09:14,Stopped,Fault,C,Lampone Zero 560ml,2200,0,924,0,0,False
M01,2026-08-26 04:09:14,2026-08-26 04:17:55,Stopped,External,C,Lampone Zero 560ml,2200,0,521,0,0,False
M01,2026-08-26 04:17:55,2026-08-26 04:39:31,Running,,C,Lampone Zero 560ml,2200,2058,1296,741,3,False
M01,2026-08-26 04:39:31,2026-08-26 05:25:53,Running,,C,Lampone Zero 560ml,2200,2044,2782,1580,6,False
M01,2026-08-26 05:25:53,2026-08-26 05:54:55,Running,,C,Lampone Zero 560ml,2200,2043,1742,989,4,False
M01,2026-08-26 05:54:55,2026-08-26 05:59:51,Stopped,Starvation,C,Lampone Zero 560ml,2200,0,296,0,0,False
M01,2026-08-26 05:59:51,2026-08-26 06:00:00,Idle,,C,Lampone Zero 560ml,2200,0,9,0,0,False
M01,2026-08-26 06:00:00,2026-08-26 06:39:55,Running,,A,Lampone Zero 560ml,2200,2033,2395,1353,5,False
M01,2026-08-26 06:39:55,2026-08-26 07:38:00,Running,,A,Lampone Zero 560ml,2200,2021,3485,1956,7,False
M01,2026-08-26 07:38:00,2026-08-26 08:18:54,Running,,A,Lampone Zero 560ml,2200,2058,2454,1403,6,False
M01,2026-08-26 08:18:54,2026-08-26 09:08:46,Running,,A,Lampone Zero 560ml,2200,2068,2992,1719,7,False
M01,2026-08-26 09:08:46,2026-08-26 10:00:33,Running,,A,Lampone Zero 560ml,2200,2091,3107,1805,7,False
M01,2026-08-26 10:00:33,2026-08-26 10:57:40,Running,,A,Lampone Zero 560ml,2200,2098,3427,1997,9,False
M01,2026-08-26 10:57:40,2026-08-26 11:03:19,Stopped,Buildup,A,Lampone Zero 560ml,2200,0,339,0,0,False
M01,2026-08-26 11:03:19,2026-08-26 11:38:12,Running,,A,Lampone Zero 560ml,2200,2066,2093,1201,4,False
M01,2026-08-26 11:38:12,2026-08-26 12:10:31,Running,,A,Lampone Zero 560ml,2200,2073,1939,1117,4,False
M01,2026-08-26 12:10:31,2026-08-26 12:31:34,Running,,A,Lampone Zero 560ml,2200,2040,1263,716,3,False
M01,2026-08-26 12:31:34,2026-08-26 13:21:41,Running,,A,Lampone Zero 560ml,2200,2017,3007,1685,8,False
M01,2026-08-26 13:21:41,2026-08-26 13:46:14,Running,,A,Lampone Zero 560ml,2200,2055,1473,841,3,False
M01,2026-08-26 13:46:14,2026-08-26 13:58:46,Stopped,Starvation,A,Lampone Zero 560ml,2200,0,752,0,0,False
M01,2026-08-26 13:58:46,2026-08-26 14:00:00,Idle,,A,Lampone Zero 560ml,2200,0,74,0,0,False
M01,2026-08-26 14:00:00,2026-08-26 14:39:36,Stopped,Changeover,B,Arancia Rossa 500ml,2400,0,2376,0,0,True
M01,2026-08-26 14:39:36,2026-08-26 15:20:42,Running,,B,Arancia Rossa 500ml,2400,2279,2466,1561,6,False
M01,2026-08-26 15:20:42,2026-08-26 15:30:06,Stopped,Supplies,B,Arancia Rossa 500ml,2400,0,564,0,0,False
M01,2026-08-26 15:30:06,2026-08-26 16:03:23,Running,,B,Arancia Rossa 500ml,2400,2228,1997,1236,5,False
M01,2026-08-26 16:03:23,2026-08-26 16:51:39,Running,,B,Arancia Rossa 500ml,2400,2284,2896,1837,7,False
M01,2026-08-26 16:51:39,2026-08-26 17:33:07,Running,,B,Arancia Rossa 500ml,2400,2254,2488,1558,6,False
M01,2026-08-26 17:33:07,2026-08-26 17:48:29,Stopped,Starvation,B,Arancia Rossa 500ml,2400,0,922,0,0,False
M01,2026-08-26 17:48:29,2026-08-26 18:02:36,Idle,,B,Arancia Rossa 500ml,2400,0,847,0,0,False
M01,2026-08-26 18:02:36,2026-08-26 18:47:10,Running,,B,Arancia Rossa 500ml,2400,2211,2674,1642,7,False
M01,2026-08-26 18:47:10,2026-08-26 19:37:37,Running,,B,Arancia Rossa 500ml,2400,2278,3027,1915,8,False
M01,2026-08-26 19:37:37,2026-08-26 20:29:31,Running,,B,Arancia Rossa 500ml,2400,2278,3114,1970,9,False
M01,2026-08-26 20:29:31,2026-08-26 21:04:15,Running,,B,Arancia Rossa 500ml,2400,2260,2084,1308,6,False
M01,2026-08-26 21:04:15,2026-08-26 21:49:39,Running,,B,Arancia Rossa 500ml,2400,2272,2724,1719,8,False
M01,2026-08-26 21:49:39,2026-08-26 22:00:00,Running,,B,Arancia Rossa 500ml,2400,2220,621,383,2,False
M01,2026-08-26 22:00:00,2026-08-26 22:54:15,Running,,C,Arancia Rossa 500ml,2400,2239,3255,2024,7,False
M01,2026-08-26 22:54:15,2026-08-26 22:59:46,Stopped,Fault,C,Arancia Rossa 500ml,2400,0,331,0,0,False
M01,2026-08-26 22:59:46,2026-08-26 23:24:28,Running,,C,Arancia Rossa 500ml,2400,2281,1482,939,4,False
M01,2026-08-26 23:24:28,2026-08-26 23:34:28,Stopped,Starvation,C,Arancia Rossa 500ml,2400,0,600,0,0,False
M01,2026-08-26 23:34:28,2026-08-26 23:38:08,Stopped,Buildup,C,Arancia Rossa 500ml,2400,0,220,0,0,False
M01,2026-08-26 23:38:08,2026-08-26 23:58:40,Running,,C,Arancia Rossa 500ml,2400,2227,1232,762,3,False
M01,2026-08-26 23:58:40,2026-08-27 00:00:00,Idle,,C,Arancia Rossa 500ml,2400,0,80,0,0,False
M01,2026-08-27 00:00:00,2026-08-27 00:28:02,Running,,C,Arancia Rossa 500ml,2400,2235,1682,1044,4,False
M01,2026-08-27 00:28:02,2026-08-27 01:20:14,Running,,C,Arancia Rossa 500ml,2400,2266,3132,1971,7,False
M01,2026-08-27 01:20:14,2026-08-27 02:03:04,Running,,C,Arancia Rossa 500ml,2400,2259,2570,1613,5,False
M01,2026-08-27 02:03:04,2026-08-27 02:35:37,Running,,C,Arancia Rossa 500ml,2400,2258,1953,1225,4,False
M01,2026-08-27 02:35:37,2026-08-27 03:34:03,Running,,C,Arancia Rossa 500ml,2400,2236,3506,2178,9,False
M01,2026-08-27 03:34:03,2026-08-27 03:39:52,Stopped,Buildup,C,Arancia Rossa 500ml,2400,0,349,0,0,False
M01,2026-08-27 03:39:52,2026-08-27 04:37:41,Running,,C,Arancia Rossa 500ml,2400,2224,3469,2143,10,False
M01,2026-08-27 04:37:41,2026-08-27 05:03:07,Running,,C,Arancia Rossa 500ml,2400,2283,1526,968,3,False
M01,2026-08-27 05:03:07,2026-08-27 05:06:00,Stopped,Supplies,C,Arancia Rossa 500ml,2400,0,173,0,0,False
M01,2026-08-27 05:06:00,2026-08-27 05:36:35,Running,,C,Arancia Rossa 500ml,2400,2258,1835,1151,5,False
M01,2026-08-27 05:36:35,2026-08-27 05:52:01,Stopped,Starvation,C,Arancia Rossa 500ml,2400,0,926,0,0,False
M01,2026-08-27 05:52:01,2026-08-27 05:54:19,Stopped,External,C,Arancia Rossa 500ml,2400,0,138,0,0,False
M01,2026-08-27 05:54:19,2026-08-27 06:00:00,Running,,C,Arancia Rossa 500ml,2400,2226,341,211,1,False
M01,2026-08-27 06:00:00,2026-08-27 06:13:10,Stopped,Fault,A,Arancia Rossa 500ml,2400,0,790,0,0,False
M01,2026-08-27 06:13:10,2026-08-27 06:36:16,Running,,A,Arancia Rossa 500ml,2400,2250,1386,866,3,False
M01,2026-08-27 06:36:16,2026-08-27 07:29:34,Running,,A,Arancia Rossa 500ml,2400,2286,3198,2031,8,False
M01,2026-08-27 07:29:34,2026-08-27 07:49:37,Running,,A,Arancia Rossa 500ml,2400,2272,1203,759,3,False
M01,2026-08-27 07:49:37,2026-08-27 08:13:55,Running,,A,Arancia Rossa 500ml,2400,2204,1458,893,3,False
M01,2026-08-27 08:13:55,2026-08-27 08:37:46,Running,,A,Arancia Rossa 500ml,2400,2206,1431,877,3,False
M01,2026-08-27 08:37:46,2026-08-27 09:18:00,Running,,A,Arancia Rossa 500ml,2400,2269,2414,1521,6,False
M01,2026-08-27 09:18:00,2026-08-27 09:54:27,Running,,A,Arancia Rossa 500ml,2400,2275,2187,1382,6,False
M01,2026-08-27 09:54:27,2026-08-27 10:16:03,Running,,A,Arancia Rossa 500ml,2400,2234,1296,804,3,False
M01,2026-08-27 10:16:03,2026-08-27 10:49:49,Running,,A,Arancia Rossa 500ml,2400,2203,2026,1240,5,False
M01,2026-08-27 10:49:49,2026-08-27 11:06:45,Idle,,A,Arancia Rossa 500ml,2400,0,1016,0,0,False
M01,2026-08-27 11:06:45,2026-08-27 11:35:09,Running,,A,Arancia Rossa 500ml,2400,2237,1704,1059,4,False
M01,2026-08-27 11:35:09,2026-08-27 12:28:23,Running,,A,Arancia Rossa 500ml,2400,2245,3194,1992,6,False
M01,2026-08-27 12:28:23,2026-08-27 12:41:22,Stopped,External,A,Arancia Rossa 500ml,2400,0,779,0,0,False
M01,2026-08-27 12:41:22,2026-08-27 13:30:31,Running,,A,Arancia Rossa 500ml,2400,2283,2949,1870,8,False
M01,2026-08-27 13:30:31,2026-08-27 13:56:22,Running,,A,Arancia Rossa 500ml,2400,2239,1551,965,4,False
M01,2026-08-27 13:56:22,2026-08-27 14:00:00,Idle,,A,Arancia Rossa 500ml,2400,0,218,0,0,False
M01,2026-08-27 14:00:00,2026-08-27 14:24:12,Stopped,Changeover,B,Lampone Zero 560ml,2200,0,1452,0,0,True
M01,2026-08-27 14:24:12,2026-08-27 14:46:06,Running,,B,Lampone Zero 560ml,2200,2096,1314,765,3,False
M01,2026-08-27 14:46:06,2026-08-27 15:02:01,Stopped,External,B,Lampone Zero 560ml,2200,0,955,0,0,False
M01,2026-08-27 15:02:01,2026-08-27 15:39:06,Running,,B,Lampone Zero 560ml,2200,2054,2225,1269,5,False
M01,2026-08-27 15:39:06,2026-08-27 15:48:34,Stopped,External,B,Lampone Zero 560ml,2200,0,568,0,0,False
M01,2026-08-27 15:48:34,2026-08-27 15:55:20,Stopped,Starvation,B,Lampone Zero 560ml,2200,0,406,0,0,False
M01,2026-08-27 15:55:20,2026-08-27 16:32:22,Running,,B,Lampone Zero 560ml,2200,2097,2222,1294,5,False
M01,2026-08-27 16:32:22,2026-08-27 17:12:52,Running,,B,Lampone Zero 560ml,2200,2025,2430,1367,4,False
M01,2026-08-27 17:12:52,2026-08-27 17:24:17,Stopped,External,B,Lampone Zero 560ml,2200,0,685,0,0,False
M01,2026-08-27 17:24:17,2026-08-27 18:01:32,Running,,B,Lampone Zero 560ml,2200,2078,2235,1290,5,False
M01,2026-08-27 18:01:32,2026-08-27 19:00:40,Running,,B,Lampone Zero 560ml,2200,2046,3548,2016,9,False
M01,2026-08-27 19:00:40,2026-08-27 19:24:08,Running,,B,Lampone Zero 560ml,2200,2021,1408,790,3,False
M01,2026-08-27 19:24:08,2026-08-27 20:23:13,Running,,B,Lampone Zero 560ml,2200,2029,3545,1998,7,False
M01,2026-08-27 20:23:13,2026-08-27 21:03:44,Running,,B,Lampone Zero 560ml,2200,2055,2431,1388,5,False
M01,2026-08-27 21:03:44,2026-08-27 21:15:09,Stopped,External,B,Lampone Zero 560ml,2200,0,685,0,0,False
M01,2026-08-27 21:15:09,2026-08-27 21:35:26,Running,,B,Lampone Zero 560ml,2200,2063,1217,697,3,False
M01,2026-08-27 21:35:26,2026-08-27 21:56:24,Running,,B,Lampone Zero 560ml,2200,2094,1258,732,3,False
M01,2026-08-27 21:56:24,2026-08-27 22:00:00,Idle,,B,Lampone Zero 560ml,2200,0,216,0,0,False
M01,2026-08-27 22:00:00,2026-08-27 22:11:44,Stopped,External,C,Lampone Zero 560ml,2200,0,704,0,0,False
M01,2026-08-27 22:11:44,2026-08-27 23:03:06,Running,,C,Lampone Zero 560ml,2200,2029,3082,1737,7,False
M01,2026-08-27 23:03:06,2026-08-27 23:28:17,Running,,C,Lampone Zero 560ml,2200,2030,1511,852,4,False
M01,2026-08-27 23:28:17,2026-08-27 23:31:16,Stopped,Buildup,C,Lampone Zero 560ml,2200,0,179,0,0,False
M01,2026-08-27 23:31:16,2026-08-27 23:33:19,Stopped,External,C,Lampone Zero 560ml,2200,0,123,0,0,False
M01,2026-08-27 23:33:19,2026-08-27 23:56:31,Running,,C,Lampone Zero 560ml,2200,2055,1392,795,3,False
M01,2026-08-27 23:56:31,2026-08-28 00:00:00,Idle,,C,Lampone Zero 560ml,2200,0,209,0,0,False
M01,2026-08-28 00:00:00,2026-08-28 00:34:32,Running,,C,Lampone Zero 560ml,2200,1958,2072,1127,4,False
M01,2026-08-28 00:34:32,2026-08-28 01:01:06,Running,,C,Lampone Zero 560ml,2200,1983,1594,878,3,False
M01,2026-08-28 01:01:06,2026-08-28 01:43:49,Running,,C,Lampone Zero 560ml,2200,2032,2563,1447,6,False
M01,2026-08-28 01:43:49,2026-08-28 02:05:42,Running,,C,Lampone Zero 560ml,2200,1962,1313,716,2,False
M01,2026-08-28 02:05:42,2026-08-28 02:54:04,Running,,C,Lampone Zero 560ml,2200,1988,2902,1603,7,False
M01,2026-08-28 02:54:04,2026-08-28 03:04:37,Stopped,External,C,Lampone Zero 560ml,2200,0,633,0,0,False
M01,2026-08-28 03:04:37,2026-08-28 03:50:55,Running,,C,Lampone Zero 560ml,2200,1999,2778,1543,7,False
M01,2026-08-28 03:50:55,2026-08-28 04:04:38,Idle,,C,Lampone Zero 560ml,2200,0,823,0,0,False
M01,2026-08-28 04:04:38,2026-08-28 04:20:27,Idle,,C,Lampone Zero 560ml,2200,0,949,0,0,False
M01,2026-08-28 04:20:27,2026-08-28 04:35:48,Stopped,Operator,C,Lampone Zero 560ml,2200,0,921,0,0,False
M01,2026-08-28 04:35:48,2026-08-28 05:25:39,Running,,C,Lampone Zero 560ml,2200,2007,2991,1667,5,False
M01,2026-08-28 05:25:39,2026-08-28 05:27:47,Stopped,External,C,Lampone Zero 560ml,2200,0,128,0,0,False
M01,2026-08-28 05:27:47,2026-08-28 05:59:59,Running,,C,Lampone Zero 560ml,2200,1980,1932,1063,3,False
M01,2026-08-28 05:59:59,2026-08-28 06:00:00,Idle,,C,Lampone Zero 560ml,2200,0,1,0,0,False
M01,2026-08-28 06:00:00,2026-08-28 06:04:35,Stopped,Starvation,A,Lampone Zero 560ml,2200,0,275,0,0,False
M01,2026-08-28 06:04:35,2026-08-28 06:30:26,Running,,A,Lampone Zero 560ml,2200,2028,1551,874,4,False
M01,2026-08-28 06:30:26,2026-08-28 07:01:47,Running,,A,Lampone Zero 560ml,2200,2022,1881,1056,5,False
M01,2026-08-28 07:01:47,2026-08-28 08:01:16,Running,,A,Lampone Zero 560ml,2200,1985,3569,1968,9,False
M01,2026-08-28 08:01:16,2026-08-28 08:30:17,Running,,A,Lampone Zero 560ml,2200,2008,1741,971,4,False
M01,2026-08-28 08:30:17,2026-08-28 08:35:22,Stopped,Operator,A,Lampone Zero 560ml,2200,0,305,0,0,False
M01,2026-08-28 08:35:22,2026-08-28 09:19:47,Running,,A,Lampone Zero 560ml,2200,1960,2665,1451,7,False
M01,2026-08-28 09:19:47,2026-08-28 09:47:29,Running,,A,Lampone Zero 560ml,2200,2026,1662,935,4,False
M01,2026-08-28 09:47:29,2026-08-28 10:39:53,Running,,A,Lampone Zero 560ml,2200,2001,3144,1748,6,False
M01,2026-08-28 10:39:53,2026-08-28 11:10:48,Running,,A,Lampone Zero 560ml,2200,2007,1855,1034,4,False
M01,2026-08-28 11:10:48,2026-08-28 11:21:26,Stopped,Starvation,A,Lampone Zero 560ml,2200,0,638,0,0,False
M01,2026-08-28 11:21:26,2026-08-28 11:24:40,Stopped,External,A,Lampone Zero 560ml,2200,0,194,0,0,False
M01,2026-08-28 11:24:40,2026-08-28 11:36:45,Idle,,A,Lampone Zero 560ml,2200,0,725,0,0,False
M01,2026-08-28 11:36:45,2026-08-28 12:05:22,Running,,A,Lampone Zero 560ml,2200,1965,1717,937,3,False
M01,2026-08-28 12:05:22,2026-08-28 13:00:25,Running,,A,Lampone Zero 560ml,2200,1990,3303,1826,8,False
M01,2026-08-28 13:00:25,2026-08-28 13:59:55,Running,,A,Lampone Zero 560ml,2200,1982,3570,1965,7,False
M01,2026-08-28 13:59:55,2026-08-28 14:00:00,Idle,,A,Lampone Zero 560ml,2200,0,5,0,0,False
M01,2026-08-28 14:00:00,2026-08-28 14:34:32,Stopped,Changeover,B,Arancia Rossa 500ml,2400,0,2072,0,0,True
M01,2026-08-28 14:34:32,2026-08-28 14:37:42,Stopped,Fault,B,Arancia Rossa 500ml,2400,0,190,0,0,False
M01,2026-08-28 14:37:42,2026-08-28 15:01:00,Running,,B,Arancia Rossa 500ml,2400,2200,1398,854,3,False
M01,2026-08-28 15:01:00,2026-08-28 15:21:51,Running,,B,Arancia Rossa 500ml,2400,2209,1251,768,2,False
M01,2026-08-28 15:21:51,2026-08-28 15:50:32,Running,,B,Arancia Rossa 500ml,2400,2200,1721,1052,5,False
M01,2026-08-28 15:50:32,2026-08-28 16:04:34,Idle,,B,Arancia Rossa 500ml,2400,0,842,0,0,False
M01,2026-08-28 16:04:34,2026-08-28 16:17:25,Idle,,B,Arancia Rossa 500ml,2400,0,771,0,0,False
M01,2026-08-28 16:17:25,2026-08-28 16:37:29,Running,,B,Arancia Rossa 500ml,2400,2181,1204,729,3,False
M01,2026-08-28 16:37:29,2026-08-28 17:02:08,Running,,B,Arancia Rossa 500ml,2400,2176,1479,894,3,False
M01,2026-08-28 17:02:08,2026-08-28 17:39:27,Running,,B,Arancia Rossa 500ml,2400,2185,2239,1359,4,False
M01,2026-08-28 17:39:27,2026-08-28 17:52:13,Stopped,Operator,B,Arancia Rossa 500ml,2400,0,766,0,0,False
M01,2026-08-28 17:52:13,2026-08-28 18:03:34,Stopped,Supplies,B,Arancia Rossa 500ml,2400,0,681,0,0,False
M01,2026-08-28 18:03:34,2026-08-28 18:49:54,Running,,B,Arancia Rossa 500ml,2400,2171,2780,1676,5,False
M01,2026-08-28 18:49:54,2026-08-28 19:39:31,Running,,B,Arancia Rossa 500ml,2400,2204,2977,1823,8,False
M01,2026-08-28 19:39:31,2026-08-28 20:13:59,Running,,B,Arancia Rossa 500ml,2400,2204,2068,1266,4,False
M01,2026-08-28 20:13:59,2026-08-28 20:37:24,Running,,B,Arancia Rossa 500ml,2400,2186,1405,853,3,False
M01,2026-08-28 20:37:24,2026-08-28 21:28:46,Running,,B,Arancia Rossa 500ml,2400,2189,3082,1874,7,False
M01,2026-08-28 21:28:46,2026-08-28 21:41:53,Stopped,Starvation,B,Arancia Rossa 500ml,2400,0,787,0,0,False
M01,2026-08-28 21:41:53,2026-08-28 21:58:40,Idle,,B,Arancia Rossa 500ml,2400,0,1007,0,0,False
M01,2026-08-28 21:58:40,2026-08-28 22:00:00,Idle,,B,Arancia Rossa 500ml,2400,0,80,0,0,False
M01,2026-08-28 22:00:00,2026-08-28 22:51:48,Running,,C,Arancia Rossa 500ml,2400,2214,3108,1911,8,False
M01,2026-08-28 22:51:48,2026-08-28 22:59:56,Stopped,Buildup,C,Arancia Rossa 500ml,2400,0,488,0,0,False
M01,2026-08-28 22:59:56,2026-08-28 23:28:30,Running,,C,Arancia Rossa 500ml,2400,2131,1714,1015,5,False
M01,2026-08-28 23:28:30,2026-08-28 23:52:20,Running,,C,Arancia Rossa 500ml,2400,2208,1430,877,3,False
M01,2026-08-28 23:52:20,2026-08-29 00:00:00,Running,,C,Arancia Rossa 500ml,2400,2203,460,281,1,False
M01,2026-08-29 00:00:00,2026-08-29 00:39:28,Running,,C,Arancia Rossa 500ml,2400,2014,2368,1325,6,False
M01,2026-08-29 00:39:28,2026-08-29 01:10:05,Running,,C,Arancia Rossa 500ml,2400,1999,1837,1020,4,False
M01,2026-08-29 01:10:05,2026-08-29 01:21:15,Stopped,Starvation,C,Arancia Rossa 500ml,2400,0,670,0,0,False
M01,2026-08-29 01:21:15,2026-08-29 02:10:56,Running,,C,Arancia Rossa 500ml,2400,1982,2981,1641,5,False
M01,2026-08-29 02:10:56,2026-08-29 02:29:29,Idle,,C,Arancia Rossa 500ml,2400,0,1113,0,0,False
M01,2026-08-29 02:29:29,2026-08-29 03:12:02,Running,,C,Arancia Rossa 500ml,2400,2014,2553,1428,5,False
M01,2026-08-29 03:12:02,2026-08-29 03:21:23,Idle,,C,Arancia Rossa 500ml,2400,0,561,0,0,False
M01,2026-08-29 03:21:23,2026-08-29 03:57:27,Running,,C,Arancia Rossa 500ml,2400,2020,2164,1214,5,False
M01,2026-08-29 03:57:27,2026-08-29 04:11:12,Stopped,Fault,C,Arancia Rossa 500ml,2400,0,825,0,0,False
M01,2026-08-29 04:11:12,2026-08-29 04:34:04,Running,,C,Arancia Rossa 500ml,2400,2009,1372,766,3,False
M01,2026-08-29 04:34:04,2026-08-29 04:47:32,Stopped,Buildup,C,Arancia Rossa 500ml,2400,0,808,0,0,False
M01,2026-08-29 04:47:32,2026-08-29 05:22:06,Running,,C,Arancia Rossa 500ml,2400,2054,2074,1183,5,False
M01,2026-08-29 05:22:06,2026-08-29 05:58:02,Running,,C,Arancia Rossa 500ml,2400,1979,2156,1185,5,False
M01,2026-08-29 05:58:02,2026-08-29 06:00:00,Idle,,C,Arancia Rossa 500ml,2400,0,118,0,0,False
M01,2026-08-29 06:00:00,2026-08-29 06:30:55,Running,,A,Arancia Rossa 500ml,2400,2029,1855,1045,5,False
M01,2026-08-29 06:30:55,2026-08-29 06:57:10,Running,,A,Arancia Rossa 500ml,2400,2018,1575,883,3,False
M01,2026-08-29 06:57:10,2026-08-29 07:37:57,Running,,A,Arancia Rossa 500ml,2400,1998,2447,1358,5,False
M01,2026-08-29 07:37:57,2026-08-29 08:20:27,Running,,A,Arancia Rossa 500ml,2400,2053,2550,1454,7,False
M01,2026-08-29 08:20:27,2026-08-29 08:59:35,Running,,A,Arancia Rossa 500ml,2400,2046,2348,1334,5,False
M01,2026-08-29 08:59:35,2026-08-29 09:30:04,Running,,A,Arancia Rossa 500ml,2400,2029,1829,1031,5,False
M01,2026-08-29 09:30:04,2026-08-29 10:14:09,Running,,A,Arancia Rossa 500ml,2400,2050,2645,1506,6,False
M01,2026-08-29 10:14:09,2026-08-29 10:21:36,Stopped,Starvation,A,Arancia Rossa 500ml,2400,0,447,0,0,False
M01,2026-08-29 10:21:36,2026-08-29 11:16:13,Running,,A,Arancia Rossa 500ml,2400,2051,3277,1867,6,False
M01,2026-08-29 11:16:13,2026-08-29 12:03:11,Running,,A,Arancia Rossa 500ml,2400,2052,2818,1606,6,False
M01,2026-08-29 12:03:11,2026-08-29 12:11:35,Stopped,Starvation,A,Arancia Rossa 500ml,2400,0,504,0,0,False
M01,2026-08-29 12:11:35,2026-08-29 12:43:14,Running,,A,Arancia Rossa 500ml,2400,2024,1899,1068,4,False
M01,2026-08-29 12:43:14,2026-08-29 12:56:30,Stopped,Starvation,A,Arancia Rossa 500ml,2400,0,796,0,0,False
M01,2026-08-29 12:56:30,2026-08-29 13:12:29,Stopped,External,A,Arancia Rossa 500ml,2400,0,959,0,0,False
M01,2026-08-29 13:12:29,2026-08-29 13:57:48,Running,,A,Arancia Rossa 500ml,2400,2031,2719,1534,5,False
M01,2026-08-29 13:57:48,2026-08-29 14:00:00,Idle,,A,Arancia Rossa 500ml,2400,0,132,0,0,False
M01,2026-08-29 14:00:00,2026-08-29 14:20:19,Stopped,Changeover,B,Lampone Zero 560ml,2200,0,1219,0,0,True
M01,2026-08-29 14:20:19,2026-08-29 14:53:41,Running,,B,Lampone Zero 560ml,2200,1815,2002,1009,4,False
M01,2026-08-29 14:53:41,2026-08-29 15:04:47,Stopped,Supplies,B,Lampone Zero 560ml,2200,0,666,0,0,False
M01,2026-08-29 15:04:47,2026-08-29 15:14:27,Stopped,Operator,B,Lampone Zero 560ml,2200,0,580,0,0,False
M01,2026-08-29 15:14:27,2026-08-29 15:24:23,Idle,,B,Lampone Zero 560ml,2200,0,596,0,0,False
M01,2026-08-29 15:24:23,2026-08-29 15:33:30,Stopped,Starvation,B,Lampone Zero 560ml,2200,0,547,0,0,False
M01,2026-08-29 15:33:30,2026-08-29 16:26:07,Running,,B,Lampone Zero 560ml,2200,1842,3157,1615,7,False
M01,2026-08-29 16:26:07,2026-08-29 17:05:16,Running,,B,Lampone Zero 560ml,2200,1823,2349,1190,5,False
M01,2026-08-29 17:05:16,2026-08-29 17:32:53,Running,,B,Lampone Zero 560ml,2200,1853,1657,853,3,False
M01,2026-08-29 17:32:53,2026-08-29 18:25:36,Running,,B,Lampone Zero 560ml,2200,1864,3163,1638,7,False
M01,2026-08-29 18:25:36,2026-08-29 18:37:28,Stopped,External,B,Lampone Zero 560ml,2200,0,712,0,0,False
M01,2026-08-29 18:37:28,2026-08-29 19:25:57,Running,,B,Lampone Zero 560ml,2200,1863,2909,1505,6,False
M01,2026-08-29 19:25:57,2026-08-29 19:40:05,Stopped,Buildup,B,Lampone Zero 560ml,2200,0,848,0,0,False
M01,2026-08-29 19:40:05,2026-08-29 20:31:40,Running,,B,Lampone Zero 560ml,2200,1869,3095,1607,6,False
M01,2026-08-29 20:31:40,2026-08-29 21:18:47,Running,,B,Lampone Zero 560ml,2200,1818,2827,1428,5,False
M01,2026-08-29 21:18:47,2026-08-29 21:43:53,Running,,B,Lampone Zero 560ml,2200,1830,1506,766,3,False
M01,2026-08-29 21:43:53,2026-08-29 22:00:00,Running,,B,Lampone Zero 560ml,2200,1857,967,499,2,False
M01,2026-08-29 22:00:00,2026-08-29 22:38:32,Running,,C,Lampone Zero 560ml,2200,1830,2312,1175,4,False
M01,2026-08-29 22:38:32,2026-08-29 22:48:49,Stopped,Operator,C,Lampone Zero 560ml,2200,0,617,0,0,False
M01,2026-08-29 22:48:49,2026-08-29 23:47:12,Running,,C,Lampone Zero 560ml,2200,1843,3503,1793,7,False
M01,2026-08-29 23:47:12,2026-08-30 00:00:00,Running,,C,Lampone Zero 560ml,2200,1852,768,395,2,False
M01,2026-08-30 00:00:00,2026-08-30 00:15:13,Stopped,Starvation,C,Lampone Zero 560ml,2200,0,913,0,0,False
M01,2026-08-30 00:15:13,2026-08-30 00:31:17,Stopped,Starvation,C,Lampone Zero 560ml,2200,0,964,0,0,False
M01,2026-08-30 00:31:17,2026-08-30 00:33:47,Stopped,Supplies,C,Lampone Zero 560ml,2200,0,150,0,0,False
M01,2026-08-30 00:33:47,2026-08-30 01:12:55,Running,,C,Lampone Zero 560ml,2200,1733,2348,1130,4,False
M01,2026-08-30 01:12:55,2026-08-30 01:52:49,Running,,C,Lampone Zero 560ml,2200,1705,2394,1134,4,False
M01,2026-08-30 01:52:49,2026-08-30 02:20:31,Running,,C,Lampone Zero 560ml,2200,1729,1662,798,3,False
M01,2026-08-30 02:20:31,2026-08-30 02:42:59,Running,,C,Lampone Zero 560ml,2200,1693,1348,634,3,False
M01,2026-08-30 02:42:59,2026-08-30 03:10:06,Running,,C,Lampone Zero 560ml,2200,1695,1627,766,3,False
M01,2026-08-30 03:10:06,2026-08-30 03:57:36,Running,,C,Lampone Zero 560ml,2200,1705,2850,1350,4,False
M01,2026-08-30 03:57:36,2026-08-30 04:44:56,Running,,C,Lampone Zero 560ml,2200,1712,2840,1351,6,False
M01,2026-08-30 04:44:56,2026-08-30 05:20:51,Running,,C,Lampone Zero 560ml,2200,1736,2155,1039,4,False
M01,2026-08-30 05:20:51,2026-08-30 05:29:36,Stopped,Starvation,C,Lampone Zero 560ml,2200,0,525,0,0,False
M01,2026-08-30 05:29:36,2026-08-30 05:58:03,Running,,C,Lampone Zero 560ml,2200,1690,1707,801,3,False
M01,2026-08-30 05:58:03,2026-08-30 06:00:00,Idle,,C,Lampone Zero 560ml,2200,0,117,0,0,False
M01,2026-08-30 06:00:00,2026-08-30 06:09:58,Stopped,Starvation,A,Lampone Zero 560ml,2200,0,598,0,0,False
M01,2026-08-30 06:09:58,2026-08-30 07:06:24,Running,,A,Lampone Zero 560ml,2200,1714,3386,1612,6,False
M01,2026-08-30 07:06:24,2026-08-30 07:38:15,Running,,A,Lampone Zero 560ml,2200,1730,1911,918,4,False
M01,2026-08-30 07:38:15,2026-08-30 08:15:22,Running,,A,Lampone Zero 560ml,2200,1695,2227,1049,5,False
M01,2026-08-30 08:15:22,2026-08-30 08:46:07,Running,,A,Lampone Zero 560ml,2200,1713,1845,878,3,False
M01,2026-08-30 08:46:07,2026-08-30 09:24:35,Running,,A,Lampone Zero 560ml,2200,1705,2308,1093,4,False
M01,2026-08-30 09:24:35,2026-08-30 10:09:33,Running,,A,Lampone Zero 560ml,2200,1738,2698,1303,4,False
M01,2026-08-30 10:09:33,2026-08-30 10:23:34,Stopped,Fault,A,Lampone Zero 560ml,2200,0,841,0,0,False
M01,2026-08-30 10:23:34,2026-08-30 10:29:03,Stopped,Supplies,A,Lampone Zero 560ml,2200,0,329,0,0,False
M01,2026-08-30 10:29:03,2026-08-30 11:23:08,Running,,A,Lampone Zero 560ml,2200,1755,3245,1582,7,False
M01,2026-08-30 11:23:08,2026-08-30 12:12:08,Running,,A,Lampone Zero 560ml,2200,1750,2940,1429,6,False
M01,2026-08-30 12:12:08,2026-08-30 12:16:25,Stopped,External,A,Lampone Zero 560ml,2200,0,257,0,0,False
M01,2026-08-30 12:16:25,2026-08-30 12:25:45,Stopped,External,A,Lampone Zero 560ml,2200,0,560,0,0,False
M01,2026-08-30 12:25:45,2026-08-30 12:31:09,Stopped,Fault,A,Lampone Zero 560ml,2200,0,324,0,0,False
M01,2026-08-30 12:31:09,2026-08-30 12:52:07,Running,,A,Lampone Zero 560ml,2200,1746,1258,610,3,False
M01,2026-08-30 12:52:07,2026-08-30 13:29:02,Running,,A,Lampone Zero 560ml,2200,1731,2215,1065,4,False
M01,2026-08-30 13:29:02,2026-08-30 13:57:27,Running,,A,Lampone Zero 560ml,2200,1696,1705,803,3,False
M01,2026-08-30 13:57:27,2026-08-30 14:00:00,Idle,,A,Lampone Zero 560ml,2200,0,153,0,0,False
M01,2026-08-30 14:00:00,2026-08-30 14:27:24,Stopped,Changeover,B,Arancia Rossa 500ml,2400,0,1644,0,0,True
M01,2026-08-30 14:27:24,2026-08-30 15:04:35,Running,,B,Arancia Rossa 500ml,2400,1898,2231,1176,4,False
M01,2026-08-30 15:04:35,2026-08-30 15:55:12,Running,,B,Arancia Rossa 500ml,2400,1908,3037,1610,6,False
M01,2026-08-30 15:55:12,2026-08-30 16:07:41,Stopped,Buildup,B,Arancia Rossa 500ml,2400,0,749,0,0,False
M01,2026-08-30 16:07:41,2026-08-30 16:30:46,Running,,B,Arancia Rossa 500ml,2400,1899,1385,731,3,False
M01,2026-08-30 16:30:46,2026-08-30 17:16:57,Running,,B,Arancia Rossa 500ml,2400,1878,2771,1446,5,False
M01,2026-08-30 17:16:57,2026-08-30 17:47:54,Running,,B,Arancia Rossa 500ml,2400,1876,1857,968,3,False
M01,2026-08-30 17:47:54,2026-08-30 18:41:00,Running,,B,Arancia Rossa 500ml,2400,1855,3186,1642,6,False
M01,2026-08-30 18:41:00,2026-08-30 19:32:49,Running,,B,Arancia Rossa 500ml,2400,1905,3109,1645,6,False
M01,2026-08-30 19:32:49,2026-08-30 20:29:18,Running,,B,Arancia Rossa 500ml,2400,1913,3389,1801,8,False
M01,2026-08-30 20:29:18,2026-08-30 20:52:56,Running,,B,Arancia Rossa 500ml,2400,1853,1418,730,3,False
M01,2026-08-30 20:52:56,2026-08-30 21:05:34,Stopped,Buildup,B,Arancia Rossa 500ml,2400,0,758,0,0,False
M01,2026-08-30 21:05:34,2026-08-30 21:14:16,Stopped,External,B,Arancia Rossa 500ml,2400,0,522,0,0,False
M01,2026-08-30 21:14:16,2026-08-30 21:34:51,Running,,B,Arancia Rossa 500ml,2400,1906,1235,654,3,False
M01,2026-08-30 21:34:51,2026-08-30 21:56:19,Running,,B,Arancia Rossa 500ml,2400,1895,1288,678,3,False
M01,2026-08-30 21:56:19,2026-08-30 22:00:00,Idle,,B,Arancia Rossa 500ml,2400,0,221,0,0,False
M01,2026-08-30 22:00:00,2026-08-30 22:36:56,Stopped,Changeover,C,Lampone Zero 560ml,2200,0,2216,0,0,True
M01,2026-08-30 22:36:56,2026-08-30 23:18:39,Running,,C,Lampone Zero 560ml,2200,1750,2503,1217,5,False
M01,2026-08-30 23:18:39,2026-08-30 23:58:32,Running,,C,Lampone Zero 560ml,2200,1718,2393,1142,4,False
M01,2026-08-30 23:58:32,2026-08-31 00:00:00,Idle,,C,Lampone Zero 560ml,2200,0,88,0,0,False
M01,2026-08-31 00:00:00,2026-08-31 00:37:19,Running,,C,Lampone Zero 560ml,2200,2085,2239,1297,5,False
M01,2026-08-31 00:37:19,2026-08-31 00:53:19,Stopped,Starvation,C,Lampone Zero 560ml,2200,0,960,0,0,False
M01,2026-08-31 00:53:19,2026-08-31 01:30:09,Running,,C,Lampone Zero 560ml,2200,2062,2210,1266,5,False
M01,2026-08-31 01:30:09,2026-08-31 02:24:55,Running,,C,Lampone Zero 560ml,2200,2061,3286,1881,6,False
M01,2026-08-31 02:24:55,2026-08-31 03:15:39,Running,,C,Lampone Zero 560ml,2200,2072,3044,1752,6,False
M01,2026-08-31 03:15:39,2026-08-31 03:46:22,Running,,C,Lampone Zero 560ml,2200,2074,1843,1062,4,False
M01,2026-08-31 03:46:22,2026-08-31 04:15:53,Running,,C,Lampone Zero 560ml,2200,2009,1771,988,4,False
M01,2026-08-31 04:15:53,2026-08-31 04:25:38,Stopped,External,C,Lampone Zero 560ml,2200,0,585,0,0,False
M01,2026-08-31 04:25:38,2026-08-31 04:39:20,Stopped,Supplies,C,Lampone Zero 560ml,2200,0,822,0,0,False
M01,2026-08-31 04:39:20,2026-08-31 05:06:45,Running,,C,Lampone Zero 560ml,2200,2079,1645,950,4,False
M01,2026-08-31 05:06:45,2026-08-31 05:10:32,Stopped,Starvation,C,Lampone Zero 560ml,2200,0,227,0,0,False
M01,2026-08-31 05:10:32,2026-08-31 05:23:51,Stopped,Fault,C,Lampone Zero 560ml,2200,0,799,0,0,False
M01,2026-08-31 05:23:51,2026-08-31 05:51:31,Running,,C,Lampone Zero 560ml,2200,2056,1660,948,4,False
M01,2026-08-31 05:51:31,2026-08-31 06:00:00,Running,,C,Lampone Zero 560ml,2200,2049,509,290,1,False
M01,2026-08-31 06:00:00,2026-08-31 06:17:47,Stopped,Changeover,A,Arancia Rossa 500ml,2400,0,1067,0,0,True
M01,2026-08-31 06:17:47,2026-08-31 06:53:34,Running,,A,Arancia Rossa 500ml,2400,2277,2147,1358,5,False
M01,2026-08-31 06:53:34,2026-08-31 06:58:31,Stopped,Starvation,A,Arancia Rossa 500ml,2400,0,297,0,0,False
M01,2026-08-31 06:58:31,2026-08-31 07:54:21,Running,,A,Arancia Rossa 500ml,2400,2214,3350,2060,8,False
M01,2026-08-31 07:54:21,2026-08-31 08:26:09,Running,,A,Arancia Rossa 500ml,2400,2238,1908,1186,5,False
M01,2026-08-31 08:26:09,2026-08-31 08:43:20,Idle,,A,Arancia Rossa 500ml,2400,0,1031,0,0,False
M01,2026-08-31 08:43:20,2026-08-31 09:20:56,Running,,A,Arancia Rossa 500ml,2400,2249,2256,1409,6,False
M01,2026-08-31 09:20:56,2026-08-31 10:04:20,Running,,A,Arancia Rossa 500ml,2400,2189,2604,1583,6,False
M01,2026-08-31 10:04:20,2026-08-31 10:42:17,Running,,A,Arancia Rossa 500ml,2400,2261,2277,1430,5,False
M01,2026-08-31 10:42:17,2026-08-31 11:08:36,Running,,A,Arancia Rossa 500ml,2400,2200,1579,965,4,False
M01,2026-08-31 11:08:36,2026-08-31 11:59:46,Running,,A,Arancia Rossa 500ml,2400,2204,3070,1880,8,False
M01,2026-08-31 11:59:46,2026-08-31 12:38:27,Running,,A,Arancia Rossa 500ml,2400,2224,2321,1434,5,False
M01,2026-08-31 12:38:27,2026-08-31 13:18:17,Running,,A,Arancia Rossa 500ml,2400,2205,2390,1464,5,False
M01,2026-08-31 13:18:17,2026-08-31 13:56:10,Running,,A,Arancia Rossa 500ml,2400,2262,2273,1428,5,False
M01,2026-08-31 13:56:10,2026-08-31 14:00:00,Idle,,A,Arancia Rossa 500ml,2400,0,230,0,0,False
M01,2026-08-31 14:00:00,2026-08-31 14:24:45,Stopped,Changeover,B,Lampone Zero 560ml,2200,0,1485,0,0,True
M01,2026-08-31 14:24:45,2026-08-31 14:30:23,Stopped,Starvation,B,Lampone Zero 560ml,2200,0,338,0,0,False
M01,2026-08-31 14:30:23,2026-08-31 15:21:57,Running,,B,Lampone Zero 560ml,2200,2037,3094,1751,6,False
M01,2026-08-31 15:21:57,2026-08-31 15:44:35,Running,,B,Lampone Zero 560ml,2200,2009,1358,758,3,False
M01,2026-08-31 15:44:35,2026-08-31 15:51:35,Stopped,External,B,Lampone Zero 560ml,2200,0,420,0,0,False
M01,2026-08-31 15:51:35,2026-08-31 16:42:32,Running,,B,Lampone Zero 560ml,2200,2049,3057,1740,5,False
M01,2026-08-31 16:42:32,2026-08-31 17:13:23,Running,,B,Lampone Zero 560ml,2200,2038,1851,1048,3,False
M01,2026-08-31 17:13:23,2026-08-31 17:46:38,Running,,B,Lampone Zero 560ml,2200,2085,1995,1155,4,False
M01,2026-08-31 17:46:38,2026-08-31 18:43:42,Running,,B,Lampone Zero 560ml,2200,2024,3424,1925,9,False
M01,2026-08-31 18:43:42,2026-08-31 19:27:46,Running,,B,Lampone Zero 560ml,2200,2023,2644,1486,5,False
M01,2026-08-31 19:27:46,2026-08-31 20:26:03,Running,,B,Lampone Zero 560ml,2200,2026,3497,1968,7,False
M01,2026-08-31 20:26:03,2026-08-31 21:19:02,Running,,B,Lampone Zero 560ml,2200,2061,3179,1820,8,False
M01,2026-08-31 21:19:02,2026-08-31 21:34:46,Idle,,B,Lampone Zero 560ml,2200,0,944,0,0,False
M01,2026-08-31 21:34:46,2026-08-31 21:56:07,Running,,B,Lampone Zero 560ml,2200,2009,1281,715,2,False
M01,2026-08-31 21:56:07,2026-08-31 22:00:00,Idle,,B,Lampone Zero 560ml,2200,0,233,0,0,False
M01,2026-08-31 22:00:00,2026-08-31 22:51:25,Running,,C,Lampone Zero 560ml,2200,2072,3085,1776,6,False
M01,2026-08-31 22:51:25,2026-08-31 23:11:24,Idle,,C,Lampone Zero 560ml,2200,0,1199,0,0,False
M01,2026-08-31 23:11:24,2026-08-31 23:50:27,Running,,C,Lampone Zero 560ml,2200,2022,2343,1316,4,False
M01,2026-08-31 23:50:27,2026-09-01 00:00:00,Running,,C,Lampone Zero 560ml,2200,2078,573,331,1,False
M01,2026-09-01 00:00:00,2026-09-01 00:02:32,Stopped,Starvation,C,Lampone Zero 560ml,2200,0,152,0,0,False
M01,2026-09-01 00:02:32,2026-09-01 00:30:46,Running,,C,Lampone Zero 560ml,2200,2058,1694,968,4,False
M01,2026-09-01 00:30:46,2026-09-01 00:43:43,Stopped,Starvation,C,Lampone Zero 560ml,2200,0,777,0,0,False
M01,2026-09-01 00:43:43,2026-09-01 01:06:34,Running,,C,Lampone Zero 560ml,2200,2038,1371,776,2,False
M01,2026-09-01 01:06:34,2026-09-01 01:28:27,Running,,C,Lampone Zero 560ml,2200,2072,1313,756,3,False
M01,2026-09-01 01:28:27,2026-09-01 02:27:56,Running,,C,Lampone Zero 560ml,2200,2083,3569,2065,7,False
M01,2026-09-01 02:27:56,2026-09-01 02:54:06,Running,,C,Lampone Zero 560ml,2200,2023,1570,882,3,False
M01,2026-09-01 02:54:06,2026-09-01 03:27:02,Running,,C,Lampone Zero 560ml,2200,2080,1976,1142,5,False
M01,2026-09-01 03:27:02,2026-09-01 03:41:45,Stopped,Starvation,C,Lampone Zero 560ml,2200,0,883,0,0,False
M01,2026-09-01 03:41:45,2026-09-01 04:12:08,Running,,C,Lampone Zero 560ml,2200,2022,1823,1024,3,False
M01,2026-09-01 04:12:08,2026-09-01 04:37:18,Running,,C,Lampone Zero 560ml,2200,2068,1510,867,3,False
M01,2026-09-01 04:37:18,2026-09-01 05:37:17,Running,,C,Lampone Zero 560ml,2200,2040,3599,2039,7,False
M01,2026-09-01 05:37:17,2026-09-01 05:59:22,Running,,C,Lampone Zero 560ml,2200,2033,1325,748,3,False
M01,2026-09-01 05:59:22,2026-09-01 06:00:00,Idle,,C,Lampone Zero 560ml,2200,0,38,0,0,False
M01,2026-09-01 06:00:00,2026-09-01 06:53:21,Stopped,Maintenance,A,Lampone Zero 560ml,2200,0,3201,0,0,True
M01,2026-09-01 06:53:21,2026-09-01 07:25:00,Running,,A,Lampone Zero 560ml,2200,2045,1899,1079,4,False
M01,2026-09-01 07:25:00,2026-09-01 07:33:01,Stopped,Fault,A,Lampone Zero 560ml,2200,0,481,0,0,False
M01,2026-09-01 07:33:01,2026-09-01 07:58:24,Running,,A,Lampone Zero 560ml,2200,2014,1523,852,3,False
M01,2026-09-01 07:58:24,2026-09-01 08:09:32,Stopped,External,A,Lampone Zero 560ml,2200,0,668,0,0,False
M01,2026-09-01 08:09:32,2026-09-01 08:13:49,Stopped,External,A,Lampone Zero 560ml,2200,0,257,0,0,False
M01,2026-09-01 08:13:49,2026-09-01 08:51:17,Running,,A,Lampone Zero 560ml,2200,2009,2248,1255,6,False
M01,2026-09-01 08:51:17,2026-09-01 09:20:12,Running,,A,Lampone Zero 560ml,2200,2020,1735,974,3,False
M01,2026-09-01 09:20:12,2026-09-01 09:32:29,Idle,,A,Lampone Zero 560ml,2200,0,737,0,0,False
M01,2026-09-01 09:32:29,2026-09-01 10:27:27,Running,,A,Lampone Zero 560ml,2200,2004,3298,1836,6,False
M01,2026-09-01 10:27:27,2026-09-01 10:32:09,Stopped,External,A,Lampone Zero 560ml,2200,0,282,0,0,False
M01,2026-09-01 10:32:09,2026-09-01 11:27:19,Running,,A,Lampone Zero 560ml,2200,2076,3310,1909,8,False
M01,2026-09-01 11:27:19,2026-09-01 11:32:43,Stopped,Starvation,A,Lampone Zero 560ml,2200,0,324,0,0,False
M01,2026-09-01 11:32:43,2026-09-01 11:59:56,Running,,A,Lampone Zero 560ml,2200,2007,1633,910,4,False
M01,2026-09-01 11:59:56,2026-09-01 12:20:32,Running,,A,Lampone Zero 560ml,2200,2079,1236,714,3,False
M01,2026-09-01 12:20:32,2026-09-01 13:12:37,Running,,A,Lampone Zero 560ml,2200,2015,3125,1749,8,False
M01,2026-09-01 13:12:37,2026-09-01 13:36:22,Running,,A,Lampone Zero 560ml,2200,2069,1425,819,3,False
M01,2026-09-01 13:36:22,2026-09-01 13:44:36,Stopped,External,A,Lampone Zero 560ml,2200,0,494,0,0,False
M01,2026-09-01 13:44:36,2026-09-01 13:52:28,Stopped,Starvation,A,Lampone Zero 560ml,2200,0,472,0,0,False
M01,2026-09-01 13:52:28,2026-09-01 14:00:00,Running,,A,Lampone Zero 560ml,2200,2058,452,258,1,False
M01,2026-09-01 14:00:00,2026-09-01 14:18:41,Stopped,Changeover,B,Arancia Rossa 500ml,2400,0,1121,0,0,True
M01,2026-09-01 14:18:41,2026-09-01 14:48:04,Running,,B,Arancia Rossa 500ml,2400,2261,1763,1107,4,False
M01,2026-09-01 14:48:04,2026-09-01 15:08:47,Running,,B,Arancia Rossa 500ml,2400,2236,1243,772,3,False
M01,2026-09-01 15:08:47,2026-09-01 15:16:35,Stopped,External,B,Arancia Rossa 500ml,2400,0,468,0,0,False
M01,2026-09-01 15:16:35,2026-09-01 15:51:53,Running,,B,Arancia Rossa 500ml,2400,2198,2118,1293,5,False
M01,2026-09-01 15:51:53,2026-09-01 16:50:01,Running,,B,Arancia Rossa 500ml,2400,2188,3488,2120,7,False
M01,2026-09-01 16:50:01,2026-09-01 17:14:49,Running,,B,Arancia Rossa 500ml,2400,2190,1488,905,4,False
M01,2026-09-01 17:14:49,2026-09-01 17:22:35,Stopped,Supplies,B,Arancia Rossa 500ml,2400,0,466,0,0,False
M01,2026-09-01 17:22:35,2026-09-01 18:09:14,Running,,B,Arancia Rossa 500ml,2400,2206,2799,1715,7,False
M01,2026-09-01 18:09:14,2026-09-01 18:40:25,Running,,B,Arancia Rossa 500ml,2400,2200,1871,1143,5,False
M01,2026-09-01 18:40:25,2026-09-01 19:00:31,Running,,B,Arancia Rossa 500ml,2400,2244,1206,752,3,False
M01,2026-09-01 19:00:31,2026-09-01 19:25:05,Running,,B,Arancia Rossa 500ml,2400,2265,1474,927,4,False
M01,2026-09-01 19:25:05,2026-09-01 19:29:55,Stopped,Starvation,B,Arancia Rossa 500ml,2400,0,290,0,0,False
M01,2026-09-01 19:29:55,2026-09-01 20:24:45,Running,,B,Arancia Rossa 500ml,2400,2273,3290,2077,8,False
M01,2026-09-01 20:24:45,2026-09-01 21:02:11,Running,,B,Arancia Rossa 500ml,2400,2207,2246,1377,6,False
M01,2026-09-01 21:02:11,2026-09-01 21:45:35,Running,,B,Arancia Rossa 500ml,2400,2198,2604,1590,7,False
M01,2026-09-01 21:45:35,2026-09-01 22:00:00,Running,,B,Arancia Rossa 500ml,2400,2230,865,536,2,False
M01,2026-09-01 22:00:00,2026-09-01 22:17:30,Stopped,Changeover,C,Lampone Zero 560ml,2200,0,1050,0,0,True
M01,2026-09-01 22:17:30,2026-09-01 22:37:06,Idle,,C,Lampone Zero 560ml,2200,0,1176,0,0,False
M01,2026-09-01 22:37:06,2026-09-01 23:03:28,Running,,C,Lampone Zero 560ml,2200,2080,1582,914,3,False
M01,2026-09-01 23:03:28,2026-09-01 23:30:01,Running,,C,Lampone Zero 560ml,2200,2051,1593,908,4,False
M01,2026-09-01 23:30:01,2026-09-01 23:55:41,Running,,C,Lampone Zero 560ml,2200,2083,1540,891,4,False
M01,2026-09-01 23:55:41,2026-09-02 00:00:00,Idle,,C,Lampone Zero 560ml,2200,0,259,0,0,False
M01,2026-09-02 00:00:00,2026-09-02 00:35:17,Running,,C,Lampone Zero 560ml,2200,2041,2117,1200,5,False
M01,2026-09-02 00:35:17,2026-09-02 01:21:24,Running,,C,Lampone Zero 560ml,2200,2009,2767,1544,5,False
M01,2026-09-02 01:21:24,2026-09-02 01:35:27,Stopped,Fault,C,Lampone Zero 560ml,2200,0,843,0,0,False
M01,2026-09-02 01:35:27,2026-09-02 02:07:15,Running,,C,Lampone Zero 560ml,2200,2002,1908,1061,4,False
M01,2026-09-02 02:07:15,2026-09-02 02:20:31,Idle,,C,Lampone Zero 560ml,2200,0,796,0,0,False
M01,2026-09-02 02:20:31,2026-09-02 02:59:37,Running,,C,Lampone Zero 560ml,2200,2074,2346,1352,6,False
M01,2026-09-02 02:59:37,2026-09-02 03:56:59,Running,,C,Lampone Zero 560ml,2200,2026,3442,1937,7,False
M01,2026-09-02 03:56:59,2026-09-02 04:28:14,Running,,C,Lampone Zero 560ml,2200,2010,1875,1047,5,False
M01,2026-09-02 04:28:14,2026-09-02 04:32:14,Stopped,Operator,C,Lampone Zero 560ml,2200,0,240,0,0,False
M01,2026-09-02 04:32:14,2026-09-02 05:10:46,Running,,C,Lampone Zero 560ml,2200,2055,2312,1320,4,False
M01,2026-09-02 05:10:46,2026-09-02 05:43:19,Running,,C,Lampone Zero 560ml,2200,2056,1953,1115,5,False
M01,2026-09-02 05:43:19,2026-09-02 06:00:00,Running,,C,Lampone Zero 560ml,2200,2023,1001,563,2,False
M01,2026-09-02 06:00:00,2026-09-02 06:32:56,Stopped,Changeover,A,Arancia Rossa 500ml,2400,0,1976,0,0,True
M01,2026-09-02 06:32:56,2026-09-02 06:36:22,Stopped,External,A,Arancia Rossa 500ml,2400,0,206,0,0,False
M01,2026-09-02 06:36:22,2026-09-02 07:08:28,Running,,A,Arancia Rossa 500ml,2400,2206,1926,1180,5,False
M01,2026-09-02 07:08:28,2026-09-02 07:32:00,Running,,A,Arancia Rossa 500ml,2400,2253,1412,884,4,False
M01,2026-09-02 07:32:00,2026-09-02 08:28:39,Running,,A,Arancia Rossa 500ml,2400,2185,3399,2063,8,False
M01,2026-09-02 08:28:39,2026-09-02 08:58:46,Running,,A,Arancia Rossa 500ml,2400,2192,1807,1100,5,False
M01,2026-09-02 08:58:46,2026-09-02 09:20:08,Running,,A,Arancia Rossa 500ml,2400,2262,1282,806,3,False
M01,2026-09-02 09:20:08,2026-09-02 10:00:18,Running,,A,Arancia Rossa 500ml,2400,2215,2410,1483,6,False
M01,2026-09-02 10:00:18,2026-09-02 10:52:09,Running,,A,Arancia Rossa 500ml,2400,2260,3111,1953,8,False
M01,2026-09-02 10:52:09,2026-09-02 11:36:00,Running,,A,Arancia Rossa 500ml,2400,2187,2631,1598,6,False
M01,2026-09-02 11:36:00,2026-09-02 12:20:46,Running,,A,Arancia Rossa 500ml,2400,2195,2686,1638,6,False
M01,2026-09-02 12:20:46,2026-09-02 12:56:54,Running,,A,Arancia Rossa 500ml,2400,2252,2168,1356,6,False
M01,2026-09-02 12:56:54,2026-09-02 13:11:00,Stopped,External,A,Arancia Rossa 500ml,2400,0,846,0,0,False
M01,2026-09-02 13:11:00,2026-09-02 13:17:45,Stopped,External,A,Arancia Rossa 500ml,2400,0,405,0,0,False
M01,2026-09-02 13:17:45,2026-09-02 13:41:19,Running,,A,Arancia Rossa 500ml,2400,2244,1414,881,4,False
M01,2026-09-02 13:41:19,2026-09-02 14:00:00,Running,,A,Arancia Rossa 500ml,2400,2214,1121,689,3,False
M01,2026-09-02 14:00:00,2026-09-02 14:22:49,Stopped,Changeover,B,Lampone Zero 560ml,2200,0,1369,0,0,True
M01,2026-09-02 14:22:49,2026-09-02 15:01:42,Running,,B,Lampone Zero 560ml,2200,2016,2333,1306,4,False
M01,2026-09-02 15:01:42,2026-09-02 15:33:42,Running,,B,Lampone Zero 560ml,2200,2066,1920,1102,4,False
M01,2026-09-02 15:33:42,2026-09-02 16:32:09,Running,,B,Lampone Zero 560ml,2200,2054,3507,2001,8,False
M01,2026-09-02 16:32:09,2026-09-02 16:35:50,Stopped,External,B,Lampone Zero 560ml,2200,0,221,0,0,False
M01,2026-09-02 16:35:50,2026-09-02 17:16:30,Running,,B,Lampone Zero 560ml,2200,2081,2440,1410,6,False
M01,2026-09-02 17:16:30,2026-09-02 17:42:21,Running,,B,Lampone Zero 560ml,2200,2007,1551,865,3,False
M01,2026-09-02 17:42:21,2026-09-02 17:44:44,Stopped,Starvation,B,Lampone Zero 560ml,2200,0,143,0,0,False
M01,2026-09-02 17:44:44,2026-09-02 18:33:14,Running,,B,Lampone Zero 560ml,2200,2020,2910,1633,6,False
M01,2026-09-02 18:33:14,2026-09-02 19:20:07,Running,,B,Lampone Zero 560ml,2200,2039,2813,1593,5,False
M01,2026-09-02 19:20:07,2026-09-02 19:26:46,Stopped,Operator,B,Lampone Zero 560ml,2200,0,399,0,0,False
M01,2026-09-02 19:26:46,2026-09-02 20:20:45,Running,,B,Lampone Zero 560ml,2200,2039,3239,1835,8,False
M01,2026-09-02 20:20:45,2026-09-02 20:59:26,Running,,B,Lampone Zero 560ml,2200,2060,2321,1328,6,False
M01,2026-09-02 20:59:26,2026-09-02 21:39:25,Running,,B,Lampone Zero 560ml,2200,2058,2399,1371,5,False
M01,2026-09-02 21:39:25,2026-09-02 21:46:50,Stopped,External,B,Lampone Zero 560ml,2200,0,445,0,0,False
M01,2026-09-02 21:46:50,2026-09-02 22:00:00,Running,,B,Lampone Zero 560ml,2200,2055,790,451,2,False
M01,2026-09-02 22:00:00,2026-09-02 22:30:12,Running,,C,Lampone Zero 560ml,2200,2015,1812,1014,4,False
M01,2026-09-02 22:30:12,2026-09-02 23:22:10,Running,,C,Lampone Zero 560ml,2200,2023,3118,1752,8,False
M01,2026-09-02 23:22:10,2026-09-02 23:44:19,Running,,C,Lampone Zero 560ml,2200,2040,1329,753,3,False
M01,2026-09-02 23:44:19,2026-09-02 23:59:26,Idle,,C,Lampone Zero 560ml,2200,0,907,0,0,False
M01,2026-09-02 23:59:26,2026-09-03 00:00:00,Idle,,C,Lampone Zero 560ml,2200,0,34,0,0,False
M01,2026-09-03 00:00:00,2026-09-03 00:15:55,Stopped,Fault,C,Lampone Zero 560ml,2200,0,955,0,0,False
M01,2026-09-03 00:15:55,2026-09-03 01:13:47,Running,,C,Lampone Zero 560ml,2200,2047,3472,1974,9,False
M01,2026-09-03 01:13:47,2026-09-03 01:39:53,Running,,C,Lampone Zero 560ml,2200,2018,1566,878,4,False
M01,2026-09-03 01:39:53,2026-09-03 02:00:30,Running,,C,Lampone Zero 560ml,2200,2040,1237,701,3,False
M01,2026-09-03 02:00:30,2026-09-03 02:48:01,Running,,C,Lampone Zero 560ml,2200,2051,2851,1624,6,False
M01,2026-09-03 02:48:01,2026-09-03 03:46:16,Running,,C,Lampone Zero 560ml,2200,2052,3495,1992,8,False
M01,2026-09-03 03:46:16,2026-09-03 04:40:10,Running,,C,Lampone Zero 560ml,2200,2026,3234,1820,7,False
M01,2026-09-03 04:40:10,2026-09-03 05:28:59,Running,,C,Lampone Zero 560ml,2200,2046,2929,1665,7,False
M01,2026-09-03 05:28:59,2026-09-03 05:54:37,Running,,C,Lampone Zero 560ml,2200,2008,1538,858,3,False
M01,2026-09-03 05:54:37,2026-09-03 06:00:00,Running,,C,Lampone Zero 560ml,2200,2005,323,180,1,False
M01,2026-09-03 06:00:00,2026-09-03 06:04:54,Stopped,Fault,A,Lampone Zero 560ml,2200,0,294,0,0,False
M01,2026-09-03 06:04:54,2026-09-03 06:33:54,Running,,A,Lampone Zero 560ml,2200,2007,1740,970,4,False
M01,2026-09-03 06:33:54,2026-09-03 07:26:09,Running,,A,Lampone Zero 560ml,2200,2056,3135,1790,8,False
M01,2026-09-03 07:26:09,2026-09-03 07:41:17,Stopped,Buildup,A,Lampone Zero 560ml,2200,0,908,0,0,False
M01,2026-09-03 07:41:17,2026-09-03 07:58:16,Idle,,A,Lampone Zero 560ml,2200,0,1019,0,0,False
M01,2026-09-03 07:58:16,2026-09-03 08:32:33,Running,,A,Lampone Zero 560ml,2200,2043,2057,1167,4,False
M01,2026-09-03 08:32:33,2026-09-03 09:00:57,Running,,A,Lampone Zero 560ml,2200,2012,1704,952,4,False
M01,2026-09-03 09:00:57,2026-09-03 09:56:28,Running,,A,Lampone Zero 560ml,2200,2039,3331,1887,8,False
M01,2026-09-03 09:56:28,2026-09-03 10:10:14,Stopped,External,A,Lampone Zero 560ml,2200,0,826,0,0,False
M01,2026-09-03 10:10:14,2026-09-03 10:18:39,Stopped,External,A,Lampone Zero 560ml,2200,0,505,0,0,False
M01,2026-09-03 10:18:39,2026-09-03 10:57:56,Running,,A,Lampone Zero 560ml,2200,2017,2357,1321,4,False
M01,2026-09-03 10:57:56,2026-09-03 11:35:29,Running,,A,Lampone Zero 560ml,2200,2062,2253,1290,5,False
M01,2026-09-03 11:35:29,2026-09-03 11:51:39,Idle,,A,Lampone Zero 560ml,2200,0,970,0,0,False
M01,2026-09-03 11:51:39,2026-09-03 12:47:57,Running,,A,Lampone Zero 560ml,2200,2040,3378,1914,8,False
M01,2026-09-03 12:47:57,2026-09-03 13:30:34,Running,,A,Lampone Zero 560ml,2200,2057,2557,1461,6,False
M01,2026-09-03 13:30:34,2026-09-03 13:55:35,Running,,A,Lampone Zero 560ml,2200,2062,1501,860,3,False
M01,2026-09-03 13:55:35,2026-09-03 14:00:00,Idle,,A,Lampone Zero 560ml,2200,0,265,0,0,False
M01,2026-09-03 14:00:00,2026-09-03 14:23:47,Stopped,Changeover,B,Arancia Rossa 500ml,2400,0,1427,0,0,True
M01,2026-09-03 14:23:47,2026-09-03 14:28:03,Stopped,Starvation,B,Arancia Rossa 500ml,2400,0,256,0,0,False
M01,2026-09-03 14:28:03,2026-09-03 15:06:38,Running,,B,Arancia Rossa 500ml,2400,2213,2315,1423,6,False
M01,2026-09-03 15:06:38,2026-09-03 15:49:44,Running,,B,Arancia Rossa 500ml,2400,2213,2586,1590,7,False
M01,2026-09-03 15:49:44,2026-09-03 16:30:32,Running,,B,Arancia Rossa 500ml,2400,2252,2448,1531,5,False
M01,2026-09-03 16:30:32,2026-09-03 16:42:40,Idle,,B,Arancia Rossa 500ml,2400,0,728,0,0,False
M01,2026-09-03 16:42:40,2026-09-03 17:31:24,Running,,B,Arancia Rossa 500ml,2400,2254,2924,1831,7,False
M01,2026-09-03 17:31:24,2026-09-03 18:20:18,Running,,B,Arancia Rossa 500ml,2400,2234,2934,1821,7,False
M01,2026-09-03 18:20:18,2026-09-03 18:56:42,Running,,B,Arancia Rossa 500ml,2400,2190,2184,1329,5,False
M01,2026-09-03 18:56:42,2026-09-03 19:42:43,Running,,B,Arancia Rossa 500ml,2400,2229,2761,1710,8,False
M01,2026-09-03 19:42:43,2026-09-03 20:29:22,Running,,B,Arancia Rossa 500ml,2400,2203,2799,1713,7,False
M01,2026-09-03 20:29:22,2026-09-03 21:15:16,Running,,B,Arancia Rossa 500ml,2400,2266,2754,1733,8,False
M01,2026-09-03 21:15:16,2026-09-03 21:18:55,Stopped,Starvation,B,Arancia Rossa 500ml,2400,0,219,0,0,False
M01,2026-09-03 21:18:55,2026-09-03 21:53:49,Running,,B,Arancia Rossa 500ml,2400,2185,2094,1271,5,False
M01,2026-09-03 21:53:49,2026-09-03 21:56:06,Stopped,Starvation,B,Arancia Rossa 500ml,2400,0,137,0,0,False
M01,2026-09-03 21:56:06,2026-09-03 22:00:00,Idle,,B,Arancia Rossa 500ml,2400,0,234,0,0,False
M01,2026-09-03 22:00:00,2026-09-03 22:36:16,Stopped,Changeover,C,Lampone Zero 560ml,2200,0,2176,0,0,True
M01,2026-09-03 22:36:16,2026-09-03 22:39:53,Stopped,External,C,Lampone Zero 560ml,2200,0,217,0,0,False
M01,2026-09-03 22:39:53,2026-09-03 23:18:32,Running,,C,Lampone Zero 560ml,2200,2073,2319,1335,5,False
M01,2026-09-03 23:18:32,2026-09-03 23:38:49,Running,,C,Lampone Zero 560ml,2200,2055,1217,695,3,False
M01,2026-09-03 23:38:49,2026-09-03 23:59:43,Running,,C,Lampone Zero 560ml,2200,2040,1254,711,3,False
M01,2026-09-03 23:59:43,2026-09-04 00:00:00,Idle,,C,Lampone Zero 560ml,2200,0,17,0,0,False
M01,2026-09-04 00:00:00,2026-09-04 00:53:57,Running,,C,Lampone Zero 560ml,2200,1965,3237,1767,7,False
M01,2026-09-04 00:53:57,2026-09-04 01:06:37,Stopped,Operator,C,Lampone Zero 560ml,2200,0,760,0,0,False
M01,2026-09-04 01:06:37,2026-09-04 02:04:40,Running,,C,Lampone Zero 560ml,2200,1987,3483,1922,7,False
M01,2026-09-04 02:04:40,2026-09-04 02:43:58,Running,,C,Lampone Zero 560ml,2200,1991,2358,1304,6,False
M01,2026-09-04 02:43:58,2026-09-04 03:26:03,Running,,C,Lampone Zero 560ml,2200,1960,2525,1375,6,False
M01,2026-09-04 03:26:03,2026-09-04 04:13:54,Running,,C,Lampone Zero 560ml,2200,1953,2871,1558,5,False
M01,2026-09-04 04:13:54,2026-09-04 04:20:25,Stopped,Starvation,C,Lampone Zero 560ml,2200,0,391,0,0,False
M01,2026-09-04 04:20:25,2026-09-04 04:34:00,Stopped,Fault,C,Lampone Zero 560ml,2200,0,815,0,0,False
M01,2026-09-04 04:34:00,2026-09-04 05:03:41,Running,,C,Lampone Zero 560ml,2200,1943,1781,961,3,False
M01,2026-09-04 05:03:41,2026-09-04 05:52:17,Running,,C,Lampone Zero 560ml,2200,1951,2916,1580,6,False
M01,2026-09-04 05:52:17,2026-09-04 06:00:00,Running,,C,Lampone Zero 560ml,2200,1944,463,250,1,False
M01,2026-09-04 06:00:00,2026-09-04 06:32:32,Stopped,Changeover,A,Arancia Rossa 500ml,2400,0,1952,0,0,True
M01,2026-09-04 06:32:32,2026-09-04 07:08:23,Running,,A,Arancia Rossa 500ml,2400,2165,2151,1294,6,False
M01,2026-09-04 07:08:23,2026-09-04 07:54:30,Running,,A,Arancia Rossa 500ml,2400,2149,2767,1652,7,False
M01,2026-09-04 07:54:30,2026-09-04 08:02:47,Stopped,Starvation,A,Arancia Rossa 500ml,2400,0,497,0,0,False
M01,2026-09-04 08:02:47,2026-09-04 08:15:55,Idle,,A,Arancia Rossa 500ml,2400,0,788,0,0,False
M01,2026-09-04 08:15:55,2026-09-04 08:47:02,Running,,A,Arancia Rossa 500ml,2400,2142,1867,1111,5,False
M01,2026-09-04 08:47:02,2026-09-04 09:19:03,Running,,A,Arancia Rossa 500ml,2400,2147,1921,1146,5,False
M01,2026-09-04 09:19:03,2026-09-04 10:07:25,Running,,A,Arancia Rossa 500ml,2400,2151,2902,1734,6,False
M01,2026-09-04 10:07:25,2026-09-04 10:55:09,Running,,A,Arancia Rossa 500ml,2400,2123,2864,1689,6,False
M01,2026-09-04 10:55:09,2026-09-04 11:24:02,Running,,A,Arancia Rossa 500ml,2400,2190,1733,1054,4,False
M01,2026-09-04 11:24:02,2026-09-04 11:37:06,Stopped,Buildup,A,Arancia Rossa 500ml,2400,0,784,0,0,False
M01,2026-09-04 11:37:06,2026-09-04 12:25:24,Running,,A,Arancia Rossa 500ml,2400,2186,2898,1760,6,False
M01,2026-09-04 12:25:24,2026-09-04 12:31:05,Idle,,A,Arancia Rossa 500ml,2400,0,341,0,0,False
M01,2026-09-04 12:31:05,2026-09-04 12:49:39,Idle,,A,Arancia Rossa 500ml,2400,0,1114,0,0,False
M01,2026-09-04 12:49:39,2026-09-04 13:11:30,Running,,A,Arancia Rossa 500ml,2400,2191,1311,798,3,False
M01,2026-09-04 13:11:30,2026-09-04 13:49:18,Running,,A,Arancia Rossa 500ml,2400,2116,2268,1333,5,False
M01,2026-09-04 13:49:18,2026-09-04 14:00:00,Running,,A,Arancia Rossa 500ml,2400,2134,642,381,1,False
M01,2026-09-04 14:00:00,2026-09-04 14:17:16,Stopped,Changeover,B,Lampone Zero 560ml,2200,0,1036,0,0,True
M01,2026-09-04 14:17:16,2026-09-04 14:40:23,Running,,B,Lampone Zero 560ml,2200,2000,1387,771,3,False
M01,2026-09-04 14:40:23,2026-09-04 14:47:28,Idle,,B,Lampone Zero 560ml,2200,0,425,0,0,False
M01,2026-09-04 14:47:28,2026-09-04 15:37:22,Running,,B,Lampone Zero 560ml,2200,1987,2994,1653,8,False
M01,2026-09-04 15:37:22,2026-09-04 16:34:53,Running,,B,Lampone Zero 560ml,2200,1945,3451,1864,7,False
M01,2026-09-04 16:34:53,2026-09-04 17:20:46,Running,,B,Lampone Zero 560ml,2200,2010,2753,1537,6,False
M01,2026-09-04 17:20:46,2026-09-04 17:24:05,Stopped,Starvation,B,Lampone Zero 560ml,2200,0,199,0,0,False
M01,2026-09-04 17:24:05,2026-09-04 18:10:47,Running,,B,Lampone Zero 560ml,2200,1944,2802,1513,6,False
M01,2026-09-04 18:10:47,2026-09-04 18:54:52,Running,,B,Lampone Zero 560ml,2200,1989,2645,1461,6,False
M01,2026-09-04 18:54:52,2026-09-04 19:48:41,Running,,B,Lampone Zero 560ml,2200,1971,3229,1768,8,False
M01,2026-09-04 19:48:41,2026-09-04 20:20:59,Running,,B,Lampone Zero 560ml,2200,1957,1938,1054,5,False
M01,2026-09-04 20:20:59,2026-09-04 20:24:43,Stopped,Starvation,B,Lampone Zero 560ml,2200,0,224,0,0,False
M01,2026-09-04 20:24:43,2026-09-04 20:47:18,Running,,B,Lampone Zero 560ml,2200,1956,1355,736,3,False
M01,2026-09-04 20:47:18,2026-09-04 20:58:56,Stopped,External,B,Lampone Zero 560ml,2200,0,698,0,0,False
M01,2026-09-04 20:58:56,2026-09-04 21:21:40,Running,,B,Lampone Zero 560ml,2200,1988,1364,753,3,False
M01,2026-09-04 21:21:40,2026-09-04 21:42:21,Running,,B,Lampone Zero 560ml,2200,1981,1241,683,3,False
M01,2026-09-04 21:42:21,2026-09-04 21:52:25,Stopped,Starvation,B,Lampone Zero 560ml,2200,0,604,0,0,False
M01,2026-09-04 21:52:25,2026-09-04 22:00:00,Running,,B,Lampone Zero 560ml,2200,1960,455,248,1,False
M01,2026-09-04 22:00:00,2026-09-04 22:48:01,Running,,C,Lampone Zero 560ml,2200,1950,2881,1561,7,False
M01,2026-09-04 22:48:01,2026-09-04 22:57:09,Idle,,C,Lampone Zero 560ml,2200,0,548,0,0,False
M01,2026-09-04 22:57:09,2026-09-04 23:13:16,Stopped,Buildup,C,Lampone Zero 560ml,2200,0,967,0,0,False
M01,2026-09-04 23:13:16,2026-09-04 23:28:02,Stopped,Buildup,C,Lampone Zero 560ml,2200,0,886,0,0,False
M01,2026-09-04 23:28:02,2026-09-04 23:31:28,Stopped,Starvation,C,Lampone Zero 560ml,2200,0,206,0,0,False
M01,2026-09-04 23:31:28,2026-09-04 23:56:42,Running,,C,Lampone Zero 560ml,2200,1985,1514,835,4,False
M01,2026-09-04 23:56:42,2026-09-05 00:00:00,Idle,,C,Lampone Zero 560ml,2200,0,198,0,0,False
M01,2026-09-05 00:00:00,2026-09-05 00:32:55,Running,,C,Lampone Zero 560ml,2200,1827,1975,1002,3,False
M01,2026-09-05 00:32:55,2026-09-05 01:06:56,Running,,C,Lampone Zero 560ml,2200,1832,2041,1039,4,False
M01,2026-09-05 01:06:56,2026-09-05 01:33:54,Running,,C,Lampone Zero 560ml,2200,1845,1618,829,3,False
M01,2026-09-05 01:33:54,2026-09-05 01:46:19,Stopped,Fault,C,Lampone Zero 560ml,2200,0,745,0,0,False
M01,2026-09-05 01:46:19,2026-09-05 01:55:31,Stopped,Supplies,C,Lampone Zero 560ml,2200,0,552,0,0,False
M01,2026-09-05 01:55:31,2026-09-05 02:32:32,Running,,C,Lampone Zero 560ml,2200,1855,2221,1144,5,False
M01,2026-09-05 02:32:32,2026-09-05 03:19:33,Running,,C,Lampone Zero 560ml,2200,1835,2821,1438,5,False
M01,2026-09-05 03:19:33,2026-09-05 04:15:47,Running,,C,Lampone Zero 560ml,2200,1835,3374,1720,6,False
M01,2026-09-05 04:15:47,2026-09-05 04:23:28,Stopped,External,C,Lampone Zero 560ml,2200,0,461,0,0,False
M01,2026-09-05 04:23:28,2026-09-05 04:53:14,Running,,C,Lampone Zero 560ml,2200,1833,1786,909,4,False
M01,2026-09-05 04:53:14,2026-09-05 05:01:24,Stopped,External,C,Lampone Zero 560ml,2200,0,490,0,0,False
M01,2026-09-05 05:01:24,2026-09-05 05:13:00,Stopped,Starvation,C,Lampone Zero 560ml,2200,0,696,0,0,False
M01,2026-09-05 05:13:00,2026-09-05 05:35:23,Running,,C,Lampone Zero 560ml,2200,1801,1343,672,3,False
M01,2026-09-05 05:35:23,2026-09-05 05:50:27,Idle,,C,Lampone Zero 560ml,2200,0,904,0,0,False
M01,2026-09-05 05:50:27,2026-09-05 06:00:00,Running,,C,Lampone Zero 560ml,2200,1826,573,291,1,False
M01,2026-09-05 06:00:00,2026-09-05 06:48:04,Running,,A,Lampone Zero 560ml,2200,1860,2884,1490,5,False
M01,2026-09-05 06:48:04,2026-09-05 07:34:12,Running,,A,Lampone Zero 560ml,2200,1838,2768,1413,6,False
M01,2026-09-05 07:34:12,2026-09-05 07:47:41,Stopped,External,A,Lampone Zero 560ml,2200,0,809,0,0,False
M01,2026-09-05 07:47:41,2026-09-05 08:04:13,Idle,,A,Lampone Zero 560ml,2200,0,992,0,0,False
M01,2026-09-05 08:04:13,2026-09-05 08:51:05,Running,,A,Lampone Zero 560ml,2200,1803,2812,1408,5,False
M01,2026-09-05 08:51:05,2026-09-05 09:25:51,Running,,A,Lampone Zero 560ml,2200,1826,2086,1058,4,False
M01,2026-09-05 09:25:51,2026-09-05 10:15:20,Running,,A,Lampone Zero 560ml,2200,1862,2969,1536,6,False
M01,2026-09-05 10:15:20,2026-09-05 11:12:15,Running,,A,Lampone Zero 560ml,2200,1854,3415,1759,8,False
M01,2026-09-05 11:12:15,2026-09-05 11:50:23,Running,,A,Lampone Zero 560ml,2200,1796,2288,1141,4,False
M01,2026-09-05 11:50:23,2026-09-05 12:43:49,Running,,A,Lampone Zero 560ml,2200,1795,3206,1599,7,False
M01,2026-09-05 12:43:49,2026-09-05 13:19:19,Running,,A,Lampone Zero 560ml,2200,1823,2130,1079,4,False
M01,2026-09-05 13:19:19,2026-09-05 13:39:29,Running,,A,Lampone Zero 560ml,2200,1832,1210,616,2,False
M01,2026-09-05 13:39:29,2026-09-05 13:59:58,Running,,A,Lampone Zero 560ml,2200,1833,1229,626,3,False
M01,2026-09-05 13:59:58,2026-09-05 14:00:00,Idle,,A,Lampone Zero 560ml,2200,0,2,0,0,False
M01,2026-09-05 14:00:00,2026-09-05 14:30:41,Stopped,Changeover,B,Arancia Rossa 500ml,2400,0,1841,0,0,True
M01,2026-09-05 14:30:41,2026-09-05 15:25:23,Running,,B,Arancia Rossa 500ml,2400,1993,3282,1817,8,False
M01,2026-09-05 15:25:23,2026-09-05 15:32:10,Stopped,Starvation,B,Arancia Rossa 500ml,2400,0,407,0,0,False
M01,2026-09-05 15:32:10,2026-09-05 16:13:06,Running,,B,Arancia Rossa 500ml,2400,1976,2456,1348,5,False
M01,2026-09-05 16:13:06,2026-09-05 16:30:28,Idle,,B,Arancia Rossa 500ml,2400,0,1042,0,0,False
M01,2026-09-05 16:30:28,2026-09-05 17:23:07,Running,,B,Arancia Rossa 500ml,2400,1967,3159,1726,6,False
M01,2026-09-05 17:23:07,2026-09-05 18:14:52,Running,,B,Arancia Rossa 500ml,2400,2030,3105,1751,8,False
M01,2026-09-05 18:14:52,2026-09-05 18:41:22,Running,,B,Arancia Rossa 500ml,2400,2035,1590,899,4,False
M01,2026-09-05 18:41:22,2026-09-05 19:14:36,Running,,B,Arancia Rossa 500ml,2400,1999,1994,1107,4,False
M01,2026-09-05 19:14:36,2026-09-05 19:37:05,Running,,B,Arancia Rossa 500ml,2400,2014,1349,755,3,False
M01,2026-09-05 19:37:05,2026-09-05 20:36:14,Running,,B,Arancia Rossa 500ml,2400,1970,3549,1942,8,False
M01,2026-09-05 20:36:14,2026-09-05 21:16:58,Running,,B,Arancia Rossa 500ml,2400,1959,2444,1330,5,False
M01,2026-09-05 21:16:58,2026-09-05 21:19:07,Stopped,Starvation,B,Arancia Rossa 500ml,2400,0,129,0,0,False
M01,2026-09-05 21:19:07,2026-09-05 21:23:18,Stopped,Buildup,B,Arancia Rossa 500ml,2400,0,251,0,0,False
M01,2026-09-05 21:23:18,2026-09-05 21:51:17,Running,,B,Arancia Rossa 500ml,2400,2021,1679,943,4,False
M01,2026-09-05 21:51:17,2026-09-05 22:00:00,Running,,B,Arancia Rossa 500ml,2400,2029,523,295,1,False
M01,2026-09-05 22:00:00,2026-09-05 22:55:26,Running,,C,Arancia Rossa 500ml,2400,2001,3326,1849,6,False
M01,2026-09-05 22:55:26,2026-09-05 23:07:51,Stopped,External,C,Arancia Rossa 500ml,2400,0,745,0,0,False
M01,2026-09-05 23:07:51,2026-09-05 23:33:45,Running,,C,Arancia Rossa 500ml,2400,2022,1554,873,3,False
M01,2026-09-05 23:33:45,2026-09-05 23:59:51,Running,,C,Arancia Rossa 500ml,2400,2029,1566,883,4,False
M01,2026-09-05 23:59:51,2026-09-06 00:00:00,Idle,,C,Arancia Rossa 500ml,2400,0,9,0,0,False
M01,2026-09-06 00:00:00,2026-09-06 00:09:18,Stopped,Fault,C,Arancia Rossa 500ml,2400,0,558,0,0,False
M01,2026-09-06 00:09:18,2026-09-06 00:35:25,Running,,C,Arancia Rossa 500ml,2400,1884,1567,820,3,False
M01,2026-09-06 00:35:25,2026-09-06 01:15:39,Running,,C,Arancia Rossa 500ml,2400,1886,2414,1265,4,False
M01,2026-09-06 01:15:39,2026-09-06 02:11:15,Running,,C,Arancia Rossa 500ml,2400,1841,3336,1706,6,False
M01,2026-09-06 02:11:15,2026-09-06 02:48:08,Running,,C,Arancia Rossa 500ml,2400,1891,2213,1162,5,False
M01,2026-09-06 02:48:08,2026-09-06 03:24:30,Running,,C,Arancia Rossa 500ml,2400,1889,2182,1145,5,False
M01,2026-09-06 03:24:30,2026-09-06 04:04:25,Running,,C,Arancia Rossa 500ml,2400,1858,2395,1236,5,False
M01,2026-09-06 04:04:25,2026-09-06 04:42:44,Running,,C,Arancia Rossa 500ml,2400,1846,2299,1179,5,False
M01,2026-09-06 04:42:44,2026-09-06 05:08:50,Running,,C,Arancia Rossa 500ml,2400,1853,1566,806,3,False
M01,2026-09-06 05:08:50,2026-09-06 05:48:36,Running,,C,Arancia Rossa 500ml,2400,1849,2386,1225,6,False
M01,2026-09-06 05:48:36,2026-09-06 06:00:00,Running,,C,Arancia Rossa 500ml,2400,1838,684,349,1,False
M01,2026-09-06 06:00:00,2026-09-06 06:49:10,Running,,A,Arancia Rossa 500ml,2400,1881,2950,1541,6,False
M01,2026-09-06 06:49:10,2026-09-06 07:26:59,Running,,A,Arancia Rossa 500ml,2400,1860,2269,1172,4,False
M01,2026-09-06 07:26:59,2026-09-06 07:35:17,Idle,,A,Arancia Rossa 500ml,2400,0,498,0,0,False
M01,2026-09-06 07:35:17,2026-09-06 08:27:58,Running,,A,Arancia Rossa 500ml,2400,1854,3161,1628,6,False
M01,2026-09-06 08:27:58,2026-09-06 09:17:24,Running,,A,Arancia Rossa 500ml,2400,1892,2966,1559,7,False
M01,2026-09-06 09:17:24,2026-09-06 09:27:47,Stopped,External,A,Arancia Rossa 500ml,2400,0,623,0,0,False
M01,2026-09-06 09:27:47,2026-09-06 09:50:09,Running,,A,Arancia Rossa 500ml,2400,1844,1342,687,3,False
M01,2026-09-06 09:50:09,2026-09-06 10:05:16,Stopped,Buildup,A,Arancia Rossa 500ml,2400,0,907,0,0,False
M01,2026-09-06 10:05:16,2026-09-06 10:12:32,Stopped,Operator,A,Arancia Rossa 500ml,2400,0,436,0,0,False
M01,2026-09-06 10:12:32,2026-09-06 10:41:27,Running,,A,Arancia Rossa 500ml,2400,1878,1735,905,4,False
M01,2026-09-06 10:41:27,2026-09-06 11:20:52,Running,,A,Arancia Rossa 500ml,2400,1833,2365,1204,5,False
M01,2026-09-06 11:20:52,2026-09-06 12:20:35,Running,,A,Arancia Rossa 500ml,2400,1828,3583,1819,6,False
M01,2026-09-06 12:20:35,2026-09-06 13:12:09,Running,,A,Arancia Rossa 500ml,2400,1847,3094,1587,7,False
M01,2026-09-06 13:12:09,2026-09-06 13:14:15,Stopped,Buildup,A,Arancia Rossa 500ml,2400,0,126,0,0,False
M01,2026-09-06 13:14:15,2026-09-06 13:51:42,Running,,A,Arancia Rossa 500ml,2400,1887,2247,1178,4,False
M01,2026-09-06 13:51:42,2026-09-06 13:59:45,Idle,,A,Arancia Rossa 500ml,2400,0,483,0,0,False
M01,2026-09-06 13:59:45,2026-09-06 14:00:00,Idle,,A,Arancia Rossa 500ml,2400,0,15,0,0,False
M01,2026-09-06 14:00:00,2026-09-06 14:27:39,Stopped,Changeover,B,Lampone Zero 560ml,2200,0,1659,0,0,True
M01,2026-09-06 14:27:39,2026-09-06 14:33:29,Stopped,Starvation,B,Lampone Zero 560ml,2200,0,350,0,0,False
M01,2026-09-06 14:33:29,2026-09-06 15:13:14,Running,,B,Lampone Zero 560ml,2200,1736,2385,1150,5,False
M01,2026-09-06 15:13:14,2026-09-06 15:59:46,Running,,B,Lampone Zero 560ml,2200,1722,2792,1336,6,False
M01,2026-09-06 15:59:46,2026-09-06 16:23:26,Running,,B,Lampone Zero 560ml,2200,1716,1420,677,3,False
M01,2026-09-06 16:23:26,2026-09-06 16:56:44,Running,,B,Lampone Zero 560ml,2200,1733,1998,962,4,False
M01,2026-09-06 16:56:44,2026-09-06 17:10:39,Stopped,Starvation,B,Lampone Zero 560ml,2200,0,835,0,0,False
M01,2026-09-06 17:10:39,2026-09-06 18:06:40,Running,,B,Lampone Zero 560ml,2200,1728,3361,1613,5,False
M01,2026-09-06 18:06:40,2026-09-06 18:26:15,Idle,,B,Lampone Zero 560ml,2200,0,1175,0,0,False
M01,2026-09-06 18:26:15,2026-09-06 18:54:25,Running,,B,Lampone Zero 560ml,2200,1698,1690,797,4,False
M01,2026-09-06 18:54:25,2026-09-06 19:21:12,Running,,B,Lampone Zero 560ml,2200,1690,1607,754,4,False
M01,2026-09-06 19:21:12,2026-09-06 20:17:51,Running,,B,Lampone Zero 560ml,2200,1689,3399,1595,6,False
M01,2026-09-06 20:17:51,2026-09-06 20:45:29,Running,,B,Lampone Zero 560ml,2200,1675,1658,771,3,False
M01,2026-09-06 20:45:29,2026-09-06 21:23:32,Running,,B,Lampone Zero 560ml,2200,1691,2283,1072,4,False
M01,2026-09-06 21:23:32,2026-09-06 21:35:53,Stopped,Supplies,B,Lampone Zero 560ml,2200,0,741,0,0,False
M01,2026-09-06 21:35:53,2026-09-06 21:59:24,Running,,B,Lampone Zero 560ml,2200,1713,1411,671,2,False
M01,2026-09-06 21:59:24,2026-09-06 22:00:00,Idle,,B,Lampone Zero 560ml,2200,0,36,0,0,False
M01,2026-09-06 22:00:00,2026-09-06 22:38:07,Stopped,Changeover,C,Arancia Rossa 500ml,2400,0,2287,0,0,True
M01,2026-09-06 22:38:07,2026-09-06 23:20:21,Running,,C,Arancia Rossa 500ml,2400,1846,2534,1299,4,False
M01,2026-09-06 23:20:21,2026-09-06 23:55:50,Running,,C,Arancia Rossa 500ml,2400,1893,2129,1119,4,False
M01,2026-09-06 23:55:50,2026-09-07 00:00:00,Idle,,C,Arancia Rossa 500ml,2400,0,250,0,0,False
M01,2026-09-07 00:00:00,2026-09-07 00:48:03,Running,,C,Arancia Rossa 500ml,2400,2212,2883,1771,6,False
M01,2026-09-07 00:48:03,2026-09-07 01:40:13,Running,,C,Arancia Rossa 500ml,2400,2233,3130,1941,9,False
M01,2026-09-07 01:40:13,2026-09-07 01:52:11,Stopped,Starvation,C,Arancia Rossa 500ml,2400,0,718,0,0,False
M01,2026-09-07 01:52:11,2026-09-07 02:49:32,Running,,C,Arancia Rossa 500ml,2400,2194,3441,2097,8,False
M01,2026-09-07 02:49:32,2026-09-07 03:00:37,Stopped,External,C,Arancia Rossa 500ml,2400,0,665,0,0,False
M01,2026-09-07 03:00:37,2026-09-07 03:43:03,Running,,C,Arancia Rossa 500ml,2400,2216,2546,1567,6,False
M01,2026-09-07 03:43:03,2026-09-07 04:11:05,Running,,C,Arancia Rossa 500ml,2400,2245,1682,1049,4,False
M01,2026-09-07 04:11:05,2026-09-07 04:18:29,Stopped,Fault,C,Arancia Rossa 500ml,2400,0,444,0,0,False
M01,2026-09-07 04:18:29,2026-09-07 04:51:57,Running,,C,Arancia Rossa 500ml,2400,2248,2008,1254,5,False
M01,2026-09-07 04:51:57,2026-09-07 05:32:47,Running,,C,Arancia Rossa 500ml,2400,2245,2450,1528,7,False
M01,2026-09-07 05:32:47,2026-09-07 05:55:49,Running,,C,Arancia Rossa 500ml,2400,2234,1382,858,3,False
M01,2026-09-07 05:55:49,2026-09-07 06:00:00,Idle,,C,Arancia Rossa 500ml,2400,0,251,0,0,False
M01,2026-09-07 06:00:00,2026-09-07 06:39:18,Stopped,Changeover,A,Lampone Zero 560ml,2200,0,2358,0,0,True
M01,2026-09-07 06:39:18,2026-09-07 07:32:26,Running,,A,Lampone Zero 560ml,2200,2045,3188,1811,7,False
M01,2026-09-07 07:32:26,2026-09-07 08:05:06,Running,,A,Lampone Zero 560ml,2200,2060,1960,1122,4,False
M01,2026-09-07 08:05:06,2026-09-07 08:28:05,Running,,A,Lampone Zero 560ml,2200,2036,1379,780,3,False
M01,2026-09-07 08:28:05,2026-09-07 08:58:31,Running,,A,Lampone Zero 560ml,2200,2055,1826,1042,4,False
M01,2026-09-07 08:58:31,2026-09-07 09:02:47,Stopped,Buildup,A,Lampone Zero 560ml,2200,0,256,0,0,False
M01,2026-09-07 09:02:47,2026-09-07 10:02:42,Running,,A,Lampone Zero 560ml,2200,2005,3595,2002,9,False
M01,2026-09-07 10:02:42,2026-09-07 10:43:52,Running,,A,Lampone Zero 560ml,2200,2029,2470,1392,5,False
M01,2026-09-07 10:43:52,2026-09-07 11:38:41,Running,,A,Lampone Zero 560ml,2200,2002,3289,1829,8,False
M01,2026-09-07 11:38:41,2026-09-07 12:33:53,Running,,A,Lampone Zero 560ml,2200,2002,3312,1842,8,False
M01,2026-09-07 12:33:53,2026-09-07 13:02:35,Running,,A,Lampone Zero 560ml,2200,2004,1722,959,4,False
M01,2026-09-07 13:02:35,2026-09-07 13:41:35,Running,,A,Lampone Zero 560ml,2200,2042,2340,1327,5,False
M01,2026-09-07 13:41:35,2026-09-07 14:00:00,Running,,A,Lampone Zero 560ml,2200,2034,1105,624,3,False
M01,2026-09-07 14:00:00,2026-09-07 14:19:10,Stopped,Changeover,B,Arancia Rossa 500ml,2400,0,1150,0,0,True
M01,2026-09-07 14:19:10,2026-09-07 14:51:46,Running,,B,Arancia Rossa 500ml,2400,2170,1956,1179,5,False
M01,2026-09-07 14:51:46,2026-09-07 15:40:57,Running,,B,Arancia Rossa 500ml,2400,2254,2951,1848,7,False
M01,2026-09-07 15:40:57,2026-09-07 16:26:00,Running,,B,Arancia Rossa 500ml,2400,2201,2703,1653,6,False
M01,2026-09-07 16:26:00,2026-09-07 17:19:29,Running,,B,Arancia Rossa 500ml,2400,2197,3209,1958,9,False
M01,2026-09-07 17:19:29,2026-09-07 17:29:07,Stopped,Starvation,B,Arancia Rossa 500ml,2400,0,578,0,0,False
M01,2026-09-07 17:29:07,2026-09-07 17:56:17,Running,,B,Arancia Rossa 500ml,2400,2252,1630,1020,5,False
M01,2026-09-07 17:56:17,2026-09-07 18:17:01,Running,,B,Arancia Rossa 500ml,2400,2198,1244,760,3,False
M01,2026-09-07 18:17:01,2026-09-07 19:08:40,Running,,B,Arancia Rossa 500ml,2400,2221,3099,1912,8,False
M01,2026-09-07 19:08:40,2026-09-07 19:54:03,Running,,B,Arancia Rossa 500ml,2400,2211,2723,1672,7,False
M01,2026-09-07 19:54:03,2026-09-07 20:27:45,Running,,B,Arancia Rossa 500ml,2400,2256,2022,1267,5,False
M01,2026-09-07 20:27:45,2026-09-07 20:37:03,Idle,,B,Arancia Rossa 500ml,2400,0,558,0,0,False
M01,2026-09-07 20:37:03,2026-09-07 20:40:48,Stopped,Operator,B,Arancia Rossa 500ml,2400,0,225,0,0,False
M01,2026-09-07 20:40:48,2026-09-07 20:45:08,Stopped,Starvation,B,Arancia Rossa 500ml,2400,0,260,0,0,False
M01,2026-09-07 20:45:08,2026-09-07 21:44:47,Running,,B,Arancia Rossa 500ml,2400,2207,3579,2194,9,False
M01,2026-09-07 21:44:47,2026-09-07 22:00:00,Running,,B,Arancia Rossa 500ml,2400,2233,913,566,2,False
M01,2026-09-07 22:00:00,2026-09-07 22:36:56,Stopped,Changeover,C,Lampone Zero 560ml,2200,0,2216,0,0,True
M01,2026-09-07 22:36:56,2026-09-07 23:11:10,Running,,C,Lampone Zero 560ml,2200,1998,2054,1140,4,False
M01,2026-09-07 23:11:10,2026-09-07 23:38:10,Running,,C,Lampone Zero 560ml,2200,2053,1620,924,3,False
M01,2026-09-07 23:38:10,2026-09-07 23:58:32,Running,,C,Lampone Zero 560ml,2200,2033,1222,690,3,False
M01,2026-09-07 23:58:32,2026-09-08 00:00:00,Idle,,C,Lampone Zero 560ml,2200,0,88,0,0,False
M01,2026-09-08 00:00:00,2026-09-08 00:50:08,Running,,C,Lampone Zero 560ml,2200,2012,3008,1681,6,False
M01,2026-09-08 00:50:08,2026-09-08 01:45:20,Running,,C,Lampone Zero 560ml,2200,2004,3312,1844,8,False
M01,2026-09-08 01:45:20,2026-09-08 01:58:14,Idle,,C,Lampone Zero 560ml,2200,0,774,0,0,False
M01,2026-09-08 01:58:14,2026-09-08 02:20:41,Running,,C,Lampone Zero 560ml,2200,1988,1347,744,2,False
M01,2026-09-08 02:20:41,2026-09-08 02:51:31,Running,,C,Lampone Zero 560ml,2200,2030,1850,1043,3,False
M01,2026-09-08 02:51:31,2026-09-08 03:27:39,Running,,C,Lampone Zero 560ml,2200,2041,2168,1229,5,False
M01,2026-09-08 03:27:39,2026-09-08 03:43:06,Stopped,Starvation,C,Lampone Zero 560ml,2200,0,927,0,0,False
M01,2026-09-08 03:43:06,2026-09-08 04:15:49,Running,,C,Lampone Zero 560ml,2200,2007,1963,1094,4,False
M01,2026-09-08 04:15:49,2026-09-08 04:29:35,Stopped,External,C,Lampone Zero 560ml,2200,0,826,0,0,False
M01,2026-09-08 04:29:35,2026-09-08 04:52:28,Running,,C,Lampone Zero 560ml,2200,1997,1373,762,4,False
M01,2026-09-08 04:52:28,2026-09-08 05:31:41,Running,,C,Lampone Zero 560ml,2200,1993,2353,1303,6,False
M01,2026-09-08 05:31:41,2026-09-08 05:42:25,Stopped,Starvation,C,Lampone Zero 560ml,2200,0,644,0,0,False
M01,2026-09-08 05:42:25,2026-09-08 06:00:00,Running,,C,Lampone Zero 560ml,2200,2039,1055,598,2,False
M01,2026-09-08 06:00:00,2026-09-08 06:39:14,Stopped,Changeover,A,Arancia Rossa 500ml,2400,0,2354,0,0,True
M01,2026-09-08 06:39:14,2026-09-08 07:15:06,Stopped,Maintenance,A,Arancia Rossa 500ml,2400,0,2152,0,0,True
M01,2026-09-08 07:15:06,2026-09-08 07:49:18,Running,,A,Arancia Rossa 500ml,2400,2254,2052,1285,5,False
M01,2026-09-08 07:49:18,2026-09-08 08:34:42,Running,,A,Arancia Rossa 500ml,2400,2238,2724,1693,7,False
M01,2026-09-08 08:34:42,2026-09-08 09:25:50,Running,,A,Arancia Rossa 500ml,2400,2192,3068,1868,7,False
M01,2026-09-08 09:25:50,2026-09-08 09:32:25,Stopped,Buildup,A,Arancia Rossa 500ml,2400,0,395,0,0,False
M01,2026-09-08 09:32:25,2026-09-08 10:31:51,Running,,A,Arancia Rossa 500ml,2400,2233,3566,2212,10,False
M01,2026-09-08 10:31:51,2026-09-08 10:42:47,Stopped,Starvation,A,Arancia Rossa 500ml,2400,0,656,0,0,False
M01,2026-09-08 10:42:47,2026-09-08 10:50:26,Stopped,External,A,Arancia Rossa 500ml,2400,0,459,0,0,False
M01,2026-09-08 10:50:26,2026-09-08 11:28:34,Running,,A,Arancia Rossa 500ml,2400,2221,2288,1412,5,False
M01,2026-09-08 11:28:34,2026-09-08 12:20:27,Running,,A,Arancia Rossa 500ml,2400,2251,3113,1946,8,False
M01,2026-09-08 12:20:27,2026-09-08 13:05:07,Running,,A,Arancia Rossa 500ml,2400,2215,2680,1649,7,False
M01,2026-09-08 13:05:07,2026-09-08 13:09:33,Stopped,External,A,Arancia Rossa 500ml,2400,0,266,0,0,False
M01,2026-09-08 13:09:33,2026-09-08 13:14:58,Idle,,A,Arancia Rossa 500ml,2400,0,325,0,0,False
M01,2026-09-08 13:14:58,2026-09-08 13:38:20,Running,,A,Arancia Rossa 500ml,2400,2232,1402,869,3,False
M01,2026-09-08 13:38:20,2026-09-08 13:58:26,Running,,A,Arancia Rossa 500ml,2400,2210,1206,740,2,False
M01,2026-09-08 13:58:26,2026-09-08 14:00:00,Idle,,A,Arancia Rossa 500ml,2400,0,94,0,0,False
M01,2026-09-08 14:00:00,2026-09-08 14:20:50,Stopped,Changeover,B,Lampone Zero 560ml,2200,0,1250,0,0,True
M01,2026-09-08 14:20:50,2026-09-08 14:58:38,Running,,B,Lampone Zero 560ml,2200,2005,2268,1263,6,False
M01,2026-09-08 14:58:38,2026-09-08 15:14:41,Stopped,Buildup,B,Lampone Zero 560ml,2200,0,963,0,0,False
M01,2026-09-08 15:14:41,2026-09-08 15:43:05,Running,,B,Lampone Zero 560ml,2200,2058,1704,974,4,False
M01,2026-09-08 15:43:05,2026-09-08 15:51:22,Stopped,Supplies,B,Lampone Zero 560ml,2200,0,497,0,0,False
M01,2026-09-08 15:51:22,2026-09-08 16:43:37,Running,,B,Lampone Zero 560ml,2200,2063,3135,1797,6,False
M01,2026-09-08 16:43:37,2026-09-08 17:29:24,Running,,B,Lampone Zero 560ml,2200,2046,2747,1561,7,False
M01,2026-09-08 17:29:24,2026-09-08 17:58:51,Running,,B,Lampone Zero 560ml,2200,2040,1767,1001,4,False
M01,2026-09-08 17:58:51,2026-09-08 18:51:32,Running,,B,Lampone Zero 560ml,2200,2063,3161,1811,8,False
M01,2026-09-08 18:51:32,2026-09-08 19:29:20,Running,,B,Lampone Zero 560ml,2200,2067,2268,1302,6,False
M01,2026-09-08 19:29:20,2026-09-08 19:41:59,Stopped,Starvation,B,Lampone Zero 560ml,2200,0,759,0,0,False
M01,2026-09-08 19:41:59,2026-09-08 19:59:59,Idle,,B,Lampone Zero 560ml,2200,0,1080,0,0,False
M01,2026-09-08 19:59:59,2026-09-08 20:55:57,Running,,B,Lampone Zero 560ml,2200,2026,3358,1890,8,False
M01,2026-09-08 20:55:57,2026-09-08 20:58:26,Stopped,Starvation,B,Lampone Zero 560ml,2200,0,149,0,0,False
M01,2026-09-08 20:58:26,2026-09-08 21:20:36,Running,,B,Lampone Zero 560ml,2200,2066,1330,763,3,False
M01,2026-09-08 21:20:36,2026-09-08 21:42:48,Running,,B,Lampone Zero 560ml,2200,2048,1332,758,2,False
M01,2026-09-08 21:42:48,2026-09-08 21:56:49,Stopped,Starvation,B,Lampone Zero 560ml,2200,0,841,0,0,False
M01,2026-09-08 21:56:49,2026-09-08 22:00:00,Idle,,B,Lampone Zero 560ml,2200,0,191,0,0,False
M01,2026-09-08 22:00:00,2026-09-08 22:35:59,Running,,C,Lampone Zero 560ml,2200,1992,2159,1195,4,False
M01,2026-09-08 22:35:59,2026-09-08 23:22:31,Running,,C,Lampone Zero 560ml,2200,2046,2792,1587,6,False
M01,2026-09-08 23:22:31,2026-09-08 23:46:24,Running,,C,Lampone Zero 560ml,2200,2029,1433,808,3,False
M01,2026-09-08 23:46:24,2026-09-09 00:00:00,Running,,C,Lampone Zero 560ml,2200,1995,816,452,2,False
M01,2026-09-09 00:00:00,2026-09-09 00:12:05,Idle,,C,Lampone Zero 560ml,2200,0,725,0,0,False
M01,2026-09-09 00:12:05,2026-09-09 01:00:12,Running,,C,Lampone Zero 560ml,2200,1987,2887,1593,6,False
M01,2026-09-09 01:00:12,2026-09-09 01:33:30,Running,,C,Lampone Zero 560ml,2200,2025,1998,1124,5,False
M01,2026-09-09 01:33:30,2026-09-09 02:30:36,Running,,C,Lampone Zero 560ml,2200,2053,3426,1954,8,False
M01,2026-09-09 02:30:36,2026-09-09 02:42:32,Stopped,External,C,Lampone Zero 560ml,2200,0,716,0,0,False
M01,2026-09-09 02:42:32,2026-09-09 03:10:27,Running,,C,Lampone Zero 560ml,2200,2049,1675,953,3,False
M01,2026-09-09 03:10:27,2026-09-09 03:40:51,Running,,C,Lampone Zero 560ml,2200,1988,1824,1007,5,False
M01,2026-09-09 03:40:51,2026-09-09 03:44:43,Stopped,Buildup,C,Lampone Zero 560ml,2200,0,232,0,0,False
M01,2026-09-09 03:44:43,2026-09-09 03:58:05,Stopped,Buildup,C,Lampone Zero 560ml,2200,0,802,0,0,False
M01,2026-09-09 03:58:05,2026-09-09 04:20:08,Running,,C,Lampone Zero 560ml,2200,2045,1323,752,4,False
M01,2026-09-09 04:20:08,2026-09-09 05:00:41,Running,,C,Lampone Zero 560ml,2200,1991,2433,1346,5,False
M01,2026-09-09 05:00:41,2026-09-09 05:24:34,Running,,C,Lampone Zero 560ml,2200,1995,1433,794,4,False
M01,2026-09-09 05:24:34,2026-09-09 05:54:13,Running,,C,Lampone Zero 560ml,2200,1987,1779,982,5,False
M01,2026-09-09 05:54:13,2026-09-09 06:00:00,Running,,C,Lampone Zero 560ml,2200,1985,347,191,1,False
M01,2026-09-09 06:00:00,2026-09-09 06:35:06,Running,,A,Lampone Zero 560ml,2200,2021,2106,1182,4,False
M01,2026-09-09 06:35:06,2026-09-09 06:42:10,Stopped,Starvation,A,Lampone Zero 560ml,2200,0,424,0,0,False
M01,2026-09-09 06:42:10,2026-09-09 06:57:06,Stopped,Buildup,A,Lampone Zero 560ml,2200,0,896,0,0,False
M01,2026-09-09 06:57:06,2026-09-09 07:27:13,Running,,A,Lampone Zero 560ml,2200,2039,1807,1023,4,False
M01,2026-09-09 07:27:13,2026-09-09 07:52:47,Running,,A,Lampone Zero 560ml,2200,2014,1534,858,3,False
M01,2026-09-09 07:52:47,2026-09-09 08:04:44,Idle,,A,Lampone Zero 560ml,2200,0,717,0,0,False
M01,2026-09-09 08:04:44,2026-09-09 08:37:09,Running,,A,Lampone Zero 560ml,2200,2018,1945,1090,5,False
M01,2026-09-09 08:37:09,2026-09-09 09:07:20,Running,,A,Lampone Zero 560ml,2200,2040,1811,1026,4,False
M01,2026-09-09 09:07:20,2026-09-09 09:46:38,Running,,A,Lampone Zero 560ml,2200,1990,2358,1303,6,False
M01,2026-09-09 09:46:38,2026-09-09 10:25:13,Running,,A,Lampone Zero 560ml,2200,2004,2315,1289,5,False
M01,2026-09-09 10:25:13,2026-09-09 11:20:55,Running,,A,Lampone Zero 560ml,2200,2057,3342,1910,8,False
M01,2026-09-09 11:20:55,2026-09-09 11:29:22,Stopped,External,A,Lampone Zero 560ml,2200,0,507,0,0,False
M01,2026-09-09 11:29:22,2026-09-09 12:04:34,Running,,A,Lampone Zero 560ml,2200,2019,2112,1184,5,False
M01,2026-09-09 12:04:34,2026-09-09 12:40:54,Running,,A,Lampone Zero 560ml,2200,2033,2180,1231,5,False
M01,2026-09-09 12:40:54,2026-09-09 12:52:38,Stopped,Supplies,A,Lampone Zero 560ml,2200,0,704,0,0,False
M01,2026-09-09 12:52:38,2026-09-09 13:34:48,Running,,A,Lampone Zero 560ml,2200,2031,2530,1427,5,False
M01,2026-09-09 13:34:48,2026-09-09 13:55:34,Running,,A,Lampone Zero 560ml,2200,2026,1246,701,3,False
M01,2026-09-09 13:55:34,2026-09-09 14:00:00,Idle,,A,Lampone Zero 560ml,2200,0,266,0,0,False
M01,2026-09-09 14:00:00,2026-09-09 14:24:41,Stopped,Changeover,B,Arancia Rossa 500ml,2400,0,1481,0,0,True
M01,2026-09-09 14:24:41,2026-09-09 14:54:41,Running,,B,Arancia Rossa 500ml,2400,2195,1800,1098,4,False
M01,2026-09-09 14:54:41,2026-09-09 15:49:08,Running,,B,Arancia Rossa 500ml,2400,2165,3267,1965,9,False
M01,2026-09-09 15:49:08,2026-09-09 16:37:18,Running,,B,Arancia Rossa 500ml,2400,2179,2890,1749,8,False
M01,2026-09-09 16:37:18,2026-09-09 16:48:09,Stopped,Starvation,B,Arancia Rossa 500ml,2400,0,651,0,0,False
M01,2026-09-09 16:48:09,2026-09-09 17:14:34,Running,,B,Arancia Rossa 500ml,2400,2228,1585,981,4,False
M01,2026-09-09 17:14:34,2026-09-09 17:28:18,Stopped,Fault,B,Arancia Rossa 500ml,2400,0,824,0,0,False
M01,2026-09-09 17:28:18,2026-09-09 17:48:18,Running,,B,Arancia Rossa 500ml,2400,2209,1200,736,3,False
M01,2026-09-09 17:48:18,2026-09-09 18:11:36,Running,,B,Arancia Rossa 500ml,2400,2170,1398,843,3,False
M01,2026-09-09 18:11:36,2026-09-09 18:32:22,Running,,B,Arancia Rossa 500ml,2400,2210,1246,765,3,False
M01,2026-09-09 18:32:22,2026-09-09 18:42:15,Idle,,B,Arancia Rossa 500ml,2400,0,593,0,0,False
M01,2026-09-09 18:42:15,2026-09-09 18:44:35,Stopped,Operator,B,Arancia Rossa 500ml,2400,0,140,0,0,False
M01,2026-09-09 18:44:35,2026-09-09 19:15:12,Running,,B,Arancia Rossa 500ml,2400,2232,1837,1139,4,False
M01,2026-09-09 19:15:12,2026-09-09 19:22:55,Stopped,External,B,Arancia Rossa 500ml,2400,0,463,0,0,False
M01,2026-09-09 19:22:55,2026-09-09 19:54:54,Running,,B,Arancia Rossa 500ml,2400,2237,1919,1192,5,False
M01,2026-09-09 19:54:54,2026-09-09 19:57:01,Stopped,Starvation,B,Arancia Rossa 500ml,2400,0,127,0,0,False
M01,2026-09-09 19:57:01,2026-09-09 20:55:34,Running,,B,Arancia Rossa 500ml,2400,2188,3513,2135,7,False
M01,2026-09-09 20:55:34,2026-09-09 21:48:36,Running,,B,Arancia Rossa 500ml,2400,2218,3182,1960,9,False
M01,2026-09-09 21:48:36,2026-09-09 21:59:45,Stopped,Buildup,B,Arancia Rossa 500ml,2400,0,669,0,0,False
M01,2026-09-09 21:59:45,2026-09-09 22:00:00,Idle,,B,Arancia Rossa 500ml,2400,0,15,0,0,False
M01,2026-09-09 22:00:00,2026-09-09 22:31:53,Stopped,Changeover,C,Lampone Zero 560ml,2200,0,1913,0,0,True
M01,2026-09-09 22:31:53,2026-09-09 22:40:48,Stopped,Starvation,C,Lampone Zero 560ml,2200,0,535,0,0,False
M01,2026-09-09 22:40:48,2026-09-09 23:14:38,Running,,C,Lampone Zero 560ml,2200,2027,2030,1143,4,False
M01,2026-09-09 23:14:38,2026-09-09 23:44:02,Running,,C,Lampone Zero 560ml,2200,2033,1764,996,3,False
M01,2026-09-09 23:44:02,2026-09-09 23:53:11,Stopped,External,C,Lampone Zero 560ml,2200,0,549,0,0,False
M01,2026-09-09 23:53:11,2026-09-10 00:00:00,Running,,C,Lampone Zero 560ml,2200,2039,409,232,1,False
M01,2026-09-10 00:00:00,2026-09-10 00:07:13,Stopped,Starvation,C,Lampone Zero 560ml,2200,0,433,0,0,False
M01,2026-09-10 00:07:13,2026-09-10 00:54:47,Running,,C,Lampone Zero 560ml,2200,2032,2854,1611,6,False
M01,2026-09-10 00:54:47,2026-09-10 01:22:38,Running,,C,Lampone Zero 560ml,2200,2001,1671,929,3,False
M01,2026-09-10 01:22:38,2026-09-10 02:04:13,Running,,C,Lampone Zero 560ml,2200,2050,2495,1421,7,False
M01,2026-09-10 02:04:13,2026-09-10 02:40:29,Running,,C,Lampone Zero 560ml,2200,2023,2176,1223,4,False
M01,2026-09-10 02:40:29,2026-09-10 03:05:14,Running,,C,Lampone Zero 560ml,2200,2002,1485,826,3,False
M01,2026-09-10 03:05:14,2026-09-10 03:35:06,Running,,C,Lampone Zero 560ml,2200,2042,1792,1016,4,False
M01,2026-09-10 03:35:06,2026-09-10 04:27:09,Running,,C,Lampone Zero 560ml,2200,2047,3123,1776,8,False
M01,2026-09-10 04:27:09,2026-09-10 05:11:24,Running,,C,Lampone Zero 560ml,2200,1997,2655,1473,6,False
M01,2026-09-10 05:11:24,2026-09-10 05:36:40,Running,,C,Lampone Zero 560ml,2200,2035,1516,857,4,False
M01,2026-09-10 05:36:40,2026-09-10 05:47:47,Stopped,External,C,Lampone Zero 560ml,2200,0,667,0,0,False
M01,2026-09-10 05:47:47,2026-09-10 06:00:00,Running,,C,Lampone Zero 560ml,2200,2027,733,413,2,False
M01,2026-09-10 06:00:00,2026-09-10 06:20:04,Stopped,Changeover,A,Arancia Rossa 500ml,2400,0,1204,0,0,True
M01,2026-09-10 06:20:04,2026-09-10 07:16:31,Running,,A,Arancia Rossa 500ml,2400,2185,3387,2056,8,False
M01,2026-09-10 07:16:31,2026-09-10 08:00:18,Running,,A,Arancia Rossa 500ml,2400,2234,2627,1630,7,False
M01,2026-09-10 08:00:18,2026-09-10 08:09:20,Stopped,Buildup,A,Arancia Rossa 500ml,2400,0,542,0,0,False
M01,2026-09-10 08:09:20,2026-09-10 08:27:30,Idle,,A,Arancia Rossa 500ml,2400,0,1090,0,0,False
M01,2026-09-10 08:27:30,2026-09-10 08:50:28,Running,,A,Arancia Rossa 500ml,2400,2166,1378,829,3,False
M01,2026-09-10 08:50:28,2026-09-10 09:39:49,Running,,A,Arancia Rossa 500ml,2400,2215,2961,1822,7,False
M01,2026-09-10 09:39:49,2026-09-10 10:31:42,Running,,A,Arancia Rossa 500ml,2400,2191,3113,1895,9,False
M01,2026-09-10 10:31:42,2026-09-10 10:44:45,Stopped,External,A,Arancia Rossa 500ml,2400,0,783,0,0,False
M01,2026-09-10 10:44:45,2026-09-10 11:10:09,Running,,A,Arancia Rossa 500ml,2400,2242,1524,949,3,False
M01,2026-09-10 11:10:09,2026-09-10 12:08:04,Running,,A,Arancia Rossa 500ml,2400,2211,3475,2134,9,False
M01,2026-09-10 12:08:04,2026-09-10 12:42:07,Running,,A,Arancia Rossa 500ml,2400,2241,2043,1272,5,False
M01,2026-09-10 12:42:07,2026-09-10 13:22:28,Running,,A,Arancia Rossa 500ml,2400,2220,2421,1493,5,False
M01,2026-09-10 13:22:28,2026-09-10 13:42:51,Running,,A,Arancia Rossa 500ml,2400,2166,1223,736,3,False
M01,2026-09-10 13:42:51,2026-09-10 14:00:00,Running,,A,Arancia Rossa 500ml,2400,2199,1029,629,3,False
M01,2026-09-10 14:00:00,2026-09-10 14:18:48,Stopped,Changeover,B,Lampone Zero 560ml,2200,0,1128,0,0,True
M01,2026-09-10 14:18:48,2026-09-10 15:18:21,Running,,B,Lampone Zero 560ml,2200,2000,3573,1985,8,False
M01,2026-09-10 15:18:21,2026-09-10 15:53:13,Running,,B,Lampone Zero 560ml,2200,2014,2092,1170,5,False
M01,2026-09-10 15:53:13,2026-09-10 16:02:56,Idle,,B,Lampone Zero 560ml,2200,0,583,0,0,False
M01,2026-09-10 16:02:56,2026-09-10 16:24:08,Running,,B,Lampone Zero 560ml,2200,2048,1272,724,2,False
M01,2026-09-10 16:24:08,2026-09-10 16:47:20,Running,,B,Lampone Zero 560ml,2200,2027,1392,784,4,False
M01,2026-09-10 16:47:20,2026-09-10 16:51:42,Stopped,Supplies,B,Lampone Zero 560ml,2200,0,262,0,0,False
M01,2026-09-10 16:51:42,2026-09-10 16:52:32,Idle,,B,Lampone Zero 560ml,2200,0,50,0,0,False
M01,2026-09-10 16:52:32,2026-09-10 18:03:04,Stopped,Fault,B,Lampone Zero 560ml,2200,0,4232,0,0,False
M01,2026-09-10 18:03:04,2026-09-10 18:40:33,Running,,B,Lampone Zero 560ml,2200,2051,2249,1281,4,False
M01,2026-09-10 18:40:33,2026-09-10 19:12:03,Running,,B,Lampone Zero 560ml,2200,1999,1890,1049,4,False
M01,2026-09-10 19:12:03,2026-09-10 19:50:04,Running,,B,Lampone Zero 560ml,2200,2058,2281,1304,5,False
M01,2026-09-10 19:50:04,2026-09-10 20:33:19,Running,,B,Lampone Zero 560ml,2200,2017,2595,1454,5,False
M01,2026-09-10 20:33:19,2026-09-10 20:49:19,Stopped,Starvation,B,Lampone Zero 560ml,2200,0,960,0,0,False
M01,2026-09-10 20:49:19,2026-09-10 21:10:21,Running,,B,Lampone Zero 560ml,2200,1987,1262,697,3,False
M01,2026-09-10 21:10:21,2026-09-10 21:56:07,Running,,B,Lampone Zero 560ml,2200,2040,2746,1556,7,False
M01,2026-09-10 21:56:07,2026-09-10 22:00:00,Idle,,B,Lampone Zero 560ml,2200,0,233,0,0,False
M01,2026-09-10 22:00:00,2026-09-10 22:30:50,Stopped,Changeover,C,Arancia Rossa 500ml,2400,0,1850,0,0,True
M01,2026-09-10 22:30:50,2026-09-10 22:51:16,Running,,C,Arancia Rossa 500ml,2400,2166,1226,738,3,False
M01,2026-09-10 22:51:16,2026-09-10 23:23:16,Running,,C,Arancia Rossa 500ml,2400,2236,1920,1193,5,False
M01,2026-09-10 23:23:16,2026-09-10 23:29:44,Idle,,C,Arancia Rossa 500ml,2400,0,388,0,0,False
M01,2026-09-10 23:29:44,2026-09-10 23:31:58,Stopped,Fault,C,Arancia Rossa 500ml,2400,0,134,0,0,False
M01,2026-09-10 23:31:58,2026-09-10 23:59:52,Running,,C,Arancia Rossa 500ml,2400,2182,1674,1015,4,False
M01,2026-09-10 23:59:52,2026-09-11 00:00:00,Idle,,C,Arancia Rossa 500ml,2400,0,8,0,0,False
M01,2026-09-11 00:00:00,2026-09-11 00:08:07,Stopped,Starvation,C,Arancia Rossa 500ml,2400,0,487,0,0,False
M01,2026-09-11 00:08:07,2026-09-11 00:55:51,Running,,C,Arancia Rossa 500ml,2400,2109,2864,1678,7,False
M01,2026-09-11 00:55:51,2026-09-11 01:02:14,Stopped,External,C,Arancia Rossa 500ml,2400,0,383,0,0,False
M01,2026-09-11 01:02:14,2026-09-11 01:55:59,Running,,C,Arancia Rossa 500ml,2400,2158,3225,1933,9,False
M01,2026-09-11 01:55:59,2026-09-11 02:36:09,Running,,C,Arancia Rossa 500ml,2400,2144,2410,1435,5,False
M01,2026-09-11 02:36:09,2026-09-11 03:14:09,Running,,C,Arancia Rossa 500ml,2400,2151,2280,1362,5,False
M01,2026-09-11 03:14:09,2026-09-11 03:53:20,Running,,C,Arancia Rossa 500ml,2400,2095,2351,1368,6,False
M01,2026-09-11 03:53:20,2026-09-11 04:20:58,Running,,C,Arancia Rossa 500ml,2400,2102,1658,968,4,False
M01,2026-09-11 04:20:58,2026-09-11 04:28:30,Stopped,Operator,C,Arancia Rossa 500ml,2400,0,452,0,0,False
M01,2026-09-11 04:28:30,2026-09-11 05:26:17,Running,,C,Arancia Rossa 500ml,2400,2118,3467,2040,8,False
M01,2026-09-11 05:26:17,2026-09-11 05:58:35,Running,,C,Arancia Rossa 500ml,2400,2120,1938,1141,4,False
M01,2026-09-11 05:58:35,2026-09-11 06:00:00,Idle,,C,Arancia Rossa 500ml,2400,0,85,0,0,False
M01,2026-09-11 06:00:00,2026-09-11 06:15:30,Stopped,Changeover,A,Lampone Zero 560ml,2200,0,930,0,0,True
M01,2026-09-11 06:15:30,2026-09-11 06:28:43,Stopped,Starvation,A,Lampone Zero 560ml,2200,0,793,0,0,False
M01,2026-09-11 06:28:43,2026-09-11 06:53:27,Running,,A,Lampone Zero 560ml,2200,1952,1484,805,3,False
M01,2026-09-11 06:53:27,2026-09-11 07:53:09,Running,,A,Lampone Zero 560ml,2200,1976,3582,1966,9,False
M01,2026-09-11 07:53:09,2026-09-11 08:28:48,Running,,A,Lampone Zero 560ml,2200,1939,2139,1152,4,False
M01,2026-09-11 08:28:48,2026-09-11 09:21:34,Running,,A,Lampone Zero 560ml,2200,1984,3166,1745,7,False
M01,2026-09-11 09:21:34,2026-09-11 09:42:57,Running,,A,Lampone Zero 560ml,2200,1937,1283,690,3,False
M01,2026-09-11 09:42:57,2026-09-11 10:25:28,Running,,A,Lampone Zero 560ml,2200,1991,2551,1411,5,False
M01,2026-09-11 10:25:28,2026-09-11 10:50:54,Running,,A,Lampone Zero 560ml,2200,1988,1526,843,4,False
M01,2026-09-11 10:50:54,2026-09-11 11:39:13,Running,,A,Lampone Zero 560ml,2200,1990,2899,1603,7,False
M01,2026-09-11 11:39:13,2026-09-11 11:55:31,Stopped,Operator,A,Lampone Zero 560ml,2200,0,978,0,0,False
M01,2026-09-11 11:55:31,2026-09-11 12:23:08,Running,,A,Lampone Zero 560ml,2200,1985,1657,914,3,False
M01,2026-09-11 12:23:08,2026-09-11 12:43:34,Running,,A,Lampone Zero 560ml,2200,1991,1226,678,3,False
M01,2026-09-11 12:43:34,2026-09-11 13:24:59,Running,,A,Lampone Zero 560ml,2200,1957,2485,1351,5,False
M01,2026-09-11 13:24:59,2026-09-11 13:46:14,Running,,A,Lampone Zero 560ml,2200,1967,1275,697,3,False
M01,2026-09-11 13:46:14,2026-09-11 14:00:00,Running,,A,Lampone Zero 560ml,2200,1980,826,454,2,False
M01,2026-09-11 14:00:00,2026-09-11 14:37:24,Stopped,Changeover,B,Arancia Rossa 500ml,2400,0,2244,0,0,True
M01,2026-09-11 14:37:24,2026-09-11 14:51:59,Idle,,B,Arancia Rossa 500ml,2400,0,875,0,0,False
M01,2026-09-11 14:51:59,2026-09-11 15:07:41,Stopped,Buildup,B,Arancia Rossa 500ml,2400,0,942,0,0,False
M01,2026-09-11 15:07:41,2026-09-11 15:30:36,Running,,B,Arancia Rossa 500ml,2400,2172,1375,830,3,False
M01,2026-09-11 15:30:36,2026-09-11 16:16:49,Running,,B,Arancia Rossa 500ml,2400,2155,2773,1660,6,False
M01,2026-09-11 16:16:49,2026-09-11 16:27:00,Stopped,Operator,B,Arancia Rossa 500ml,2400,0,611,0,0,False
M01,2026-09-11 16:27:00,2026-09-11 17:00:33,Running,,B,Arancia Rossa 500ml,2400,2178,2013,1218,6,False
M01,2026-09-11 17:00:33,2026-09-11 17:06:26,Stopped,Starvation,B,Arancia Rossa 500ml,2400,0,353,0,0,False
M01,2026-09-11 17:06:26,2026-09-11 17:52:11,Running,,B,Arancia Rossa 500ml,2400,2103,2745,1604,6,False
M01,2026-09-11 17:52:11,2026-09-11 18:32:27,Running,,B,Arancia Rossa 500ml,2400,2161,2416,1450,5,False
M01,2026-09-11 18:32:27,2026-09-11 18:48:21,Stopped,Starvation,B,Arancia Rossa 500ml,2400,0,954,0,0,False
M01,2026-09-11 18:48:21,2026-09-11 19:07:10,Idle,,B,Arancia Rossa 500ml,2400,0,1129,0,0,False
M01,2026-09-11 19:07:10,2026-09-11 19:18:41,Stopped,Buildup,B,Arancia Rossa 500ml,2400,0,691,0,0,False
M01,2026-09-11 19:18:41,2026-09-11 20:07:56,Running,,B,Arancia Rossa 500ml,2400,2116,2955,1737,8,False
M01,2026-09-11 20:07:56,2026-09-11 20:40:37,Running,,B,Arancia Rossa 500ml,2400,2125,1961,1158,4,False
M01,2026-09-11 20:40:37,2026-09-11 21:10:20,Running,,B,Arancia Rossa 500ml,2400,2156,1783,1068,5,False
M01,2026-09-11 21:10:20,2026-09-11 21:47:53,Running,,B,Arancia Rossa 500ml,2400,2096,2253,1312,4,False
M01,2026-09-11 21:47:53,2026-09-11 22:00:00,Running,,B,Arancia Rossa 500ml,2400,2173,727,439,2,False
M01,2026-09-11 22:00:00,2026-09-11 22:38:02,Running,,C,Arancia Rossa 500ml,2400,2163,2282,1371,5,False
M01,2026-09-11 22:38:02,2026-09-11 23:10:12,Running,,C,Arancia Rossa 500ml,2400,2134,1930,1144,5,False
M01,2026-09-11 23:10:12,2026-09-11 23:37:16,Running,,C,Arancia Rossa 500ml,2400,2163,1624,976,4,False
M01,2026-09-11 23:37:16,2026-09-11 23:58:28,Running,,C,Arancia Rossa 500ml,2400,2148,1272,759,3,False
M01,2026-09-11 23:58:28,2026-09-12 00:00:00,Idle,,C,Arancia Rossa 500ml,2400,0,92,0,0,False
M01,2026-09-12 00:00:00,2026-09-12 00:29:10,Running,,C,Arancia Rossa 500ml,2400,2012,1750,978,4,False
M01,2026-09-12 00:29:10,2026-09-12 00:44:19,Stopped,External,C,Arancia Rossa 500ml,2400,0,909,0,0,False
M01,2026-09-12 00:44:19,2026-09-12 00:58:24,Stopped,Starvation,C,Arancia Rossa 500ml,2400,0,845,0,0,False
M01,2026-09-12 00:58:24,2026-09-12 01:07:28,Stopped,Operator,C,Arancia Rossa 500ml,2400,0,544,0,0,False
M01,2026-09-12 01:07:28,2026-09-12 01:10:55,Stopped,External,C,Arancia Rossa 500ml,2400,0,207,0,0,False
M01,2026-09-12 01:10:55,2026-09-12 02:03:14,Running,,C,Arancia Rossa 500ml,2400,2014,3139,1756,7,False
M01,2026-09-12 02:03:14,2026-09-12 02:33:03,Running,,C,Arancia Rossa 500ml,2400,1955,1789,972,4,False
M01,2026-09-12 02:33:03,2026-09-12 02:53:50,Running,,C,Arancia Rossa 500ml,2400,2006,1247,695,3,False
M01,2026-09-12 02:53:50,2026-09-12 03:51:39,Running,,C,Arancia Rossa 500ml,2400,1950,3469,1879,8,False
M01,2026-09-12 03:51:39,2026-09-12 03:57:46,Stopped,External,C,Arancia Rossa 500ml,2400,0,367,0,0,False
M01,2026-09-12 03:57:46,2026-09-12 04:45:02,Running,,C,Arancia Rossa 500ml,2400,2013,2836,1586,7,False
M01,2026-09-12 04:45:02,2026-09-12 05:32:43,Running,,C,Arancia Rossa 500ml,2400,1963,2861,1560,5,False
M01,2026-09-12 05:32:43,2026-09-12 05:45:37,Stopped,External,C,Arancia Rossa 500ml,2400,0,774,0,0,False
M01,2026-09-12 05:45:37,2026-09-12 05:57:29,Stopped,Starvation,C,Arancia Rossa 500ml,2400,0,712,0,0,False
M01,2026-09-12 05:57:29,2026-09-12 06:00:00,Idle,,C,Arancia Rossa 500ml,2400,0,151,0,0,False
M01,2026-09-12 06:00:00,2026-09-12 06:14:28,Stopped,Buildup,A,Arancia Rossa 500ml,2400,0,868,0,0,False
M01,2026-09-12 06:14:28,2026-09-12 06:51:50,Running,,A,Arancia Rossa 500ml,2400,2008,2242,1251,6,False
M01,2026-09-12 06:51:50,2026-09-12 06:54:17,Stopped,Buildup,A,Arancia Rossa 500ml,2400,0,147,0,0,False
M01,2026-09-12 06:54:17,2026-09-12 06:56:59,Stopped,Operator,A,Arancia Rossa 500ml,2400,0,162,0,0,False
M01,2026-09-12 06:56:59,2026-09-12 07:48:07,Running,,A,Arancia Rossa 500ml,2400,1987,3068,1693,6,False
M01,2026-09-12 07:48:07,2026-09-12 08:20:30,Running,,A,Arancia Rossa 500ml,2400,1940,1943,1047,5,False
M01,2026-09-12 08:20:30,2026-09-12 09:06:54,Running,,A,Arancia Rossa 500ml,2400,1975,2784,1527,6,False
M01,2026-09-12 09:06:54,2026-09-12 09:49:50,Running,,A,Arancia Rossa 500ml,2400,1986,2576,1421,5,False
M01,2026-09-12 09:49:50,2026-09-12 10:05:54,Stopped,External,A,Arancia Rossa 500ml,2400,0,964,0,0,False
M01,2026-09-12 10:05:54,2026-09-12 10:35:33,Running,,A,Arancia Rossa 500ml,2400,2004,1779,990,3,False
M01,2026-09-12 10:35:33,2026-09-12 10:38:36,Stopped,Buildup,A,Arancia Rossa 500ml,2400,0,183,0,0,False
M01,2026-09-12 10:38:36,2026-09-12 11:23:38,Running,,A,Arancia Rossa 500ml,2400,1989,2702,1493,6,False
M01,2026-09-12 11:23:38,2026-09-12 11:46:41,Running,,A,Arancia Rossa 500ml,2400,1966,1383,755,3,False
M01,2026-09-12 11:46:41,2026-09-12 12:20:45,Running,,A,Arancia Rossa 500ml,2400,2006,2044,1139,4,False
M01,2026-09-12 12:20:45,2026-09-12 12:50:42,Running,,A,Arancia Rossa 500ml,2400,1977,1797,987,3,False
M01,2026-09-12 12:50:42,2026-09-12 13:38:36,Running,,A,Arancia Rossa 500ml,2400,2003,2874,1599,7,False
M01,2026-09-12 13:38:36,2026-09-12 13:59:00,Running,,A,Arancia Rossa 500ml,2400,1947,1224,662,3,False
M01,2026-09-12 13:59:00,2026-09-12 14:00:00,Idle,,A,Arancia Rossa 500ml,2400,0,60,0,0,False
M01,2026-09-12 14:00:00,2026-09-12 14:32:05,Stopped,Changeover,B,Lampone Zero 560ml,2200,0,1925,0,0,True
M01,2026-09-12 14:32:05,2026-09-12 14:59:01,Running,,B,Lampone Zero 560ml,2200,1807,1616,811,3,False
M01,2026-09-12 14:59:01,2026-09-12 15:28:44,Running,,B,Lampone Zero 560ml,2200,1781,1783,882,3,False
M01,2026-09-12 15:28:44,2026-09-12 15:43:43,Stopped,Supplies,B,Lampone Zero 560ml,2200,0,899,0,0,False
M01,2026-09-12 15:43:43,2026-09-12 16:08:53,Running,,B,Lampone Zero 560ml,2200,1781,1510,747,3,False
M01,2026-09-12 16:08:53,2026-09-12 17:06:44,Running,,B,Lampone Zero 560ml,2200,1829,3471,1763,6,False
M01,2026-09-12 17:06:44,2026-09-12 17:10:23,Stopped,Starvation,B,Lampone Zero 560ml,2200,0,219,0,0,False
M01,2026-09-12 17:10:23,2026-09-12 18:03:51,Running,,B,Lampone Zero 560ml,2200,1796,3208,1600,6,False
M01,2026-09-12 18:03:51,2026-09-12 18:41:44,Running,,B,Lampone Zero 560ml,2200,1783,2273,1126,5,False
M01,2026-09-12 18:41:44,2026-09-12 19:20:39,Running,,B,Lampone Zero 560ml,2200,1793,2335,1163,5,False
M01,2026-09-12 19:20:39,2026-09-12 19:54:35,Running,,B,Lampone Zero 560ml,2200,1841,2036,1041,3,False
M01,2026-09-12 19:54:35,2026-09-12 20:21:37,Running,,B,Lampone Zero 560ml,2200,1843,1622,830,3,False
M01,2026-09-12 20:21:37,2026-09-12 20:24:37,Stopped,Operator,B,Lampone Zero 560ml,2200,0,180,0,0,False
M01,2026-09-12 20:24:37,2026-09-12 20:29:25,Stopped,Starvation,B,Lampone Zero 560ml,2200,0,288,0,0,False
M01,2026-09-12 20:29:25,2026-09-12 21:00:14,Running,,B,Lampone Zero 560ml,2200,1820,1849,935,4,False
M01,2026-09-12 21:00:14,2026-09-12 21:04:59,Stopped,External,B,Lampone Zero 560ml,2200,0,285,0,0,False
M01,2026-09-12 21:04:59,2026-09-12 21:16:45,Stopped,External,B,Lampone Zero 560ml,2200,0,706,0,0,False
M01,2026-09-12 21:16:45,2026-09-12 21:55:21,Running,,B,Lampone Zero 560ml,2200,1834,2316,1180,5,False
M01,2026-09-12 21:55:21,2026-09-12 22:00:00,Idle,,B,Lampone Zero 560ml,2200,0,279,0,0,False
M01,2026-09-12 22:00:00,2026-09-12 22:20:37,Running,,C,Lampone Zero 560ml,2200,1827,1237,628,2,False
M01,2026-09-12 22:20:37,2026-09-12 22:53:11,Running,,C,Lampone Zero 560ml,2200,1795,1954,974,4,False
M01,2026-09-12 22:53:11,2026-09-12 23:50:35,Running,,C,Lampone Zero 560ml,2200,1836,3444,1756,8,False
M01,2026-09-12 23:50:35,2026-09-13 00:00:00,Running,,C,Lampone Zero 560ml,2200,1808,565,284,1,False
M01,2026-09-13 00:00:00,2026-09-13 00:38:00,Running,,C,Lampone Zero 560ml,2200,1711,2280,1084,5,False
M01,2026-09-13 00:38:00,2026-09-13 01:25:31,Running,,C,Lampone Zero 560ml,2200,1722,2851,1364,6,False
M01,2026-09-13 01:25:31,2026-09-13 02:10:45,Running,,C,Lampone Zero 560ml,2200,1681,2714,1267,6,False
M01,2026-09-13 02:10:45,2026-09-13 02:20:51,Idle,,C,Lampone Zero 560ml,2200,0,606,0,0,False
M01,2026-09-13 02:20:51,2026-09-13 03:05:35,Running,,C,Lampone Zero 560ml,2200,1684,2684,1256,5,False
M01,2026-09-13 03:05:35,2026-09-13 03:10:36,Stopped,Buildup,C,Lampone Zero 560ml,2200,0,301,0,0,False
M01,2026-09-13 03:10:36,2026-09-13 03:20:26,Stopped,External,C,Lampone Zero 560ml,2200,0,590,0,0,False
M01,2026-09-13 03:20:26,2026-09-13 03:51:46,Running,,C,Lampone Zero 560ml,2200,1660,1880,867,3,False
M01,2026-09-13 03:51:46,2026-09-13 04:51:07,Running,,C,Lampone Zero 560ml,2200,1718,3561,1699,7,False
M01,2026-09-13 04:51:07,2026-09-13 04:58:05,Stopped,Starvation,C,Lampone Zero 560ml,2200,0,418,0,0,False
M01,2026-09-13 04:58:05,2026-09-13 05:10:54,Stopped,Buildup,C,Lampone Zero 560ml,2200,0,769,0,0,False
M01,2026-09-13 05:10:54,2026-09-13 05:41:00,Running,,C,Lampone Zero 560ml,2200,1686,1806,846,3,False
M01,2026-09-13 05:41:00,2026-09-13 05:53:04,Stopped,Fault,C,Lampone Zero 560ml,2200,0,724,0,0,False
M01,2026-09-13 05:53:04,2026-09-13 06:00:00,Running,,C,Lampone Zero 560ml,2200,1661,416,192,1,False
M01,2026-09-13 06:00:00,2026-09-13 06:16:03,Stopped,External,A,Lampone Zero 560ml,2200,0,963,0,0,False
M01,2026-09-13 06:16:03,2026-09-13 06:43:45,Running,,A,Lampone Zero 560ml,2200,1718,1662,793,3,False
M01,2026-09-13 06:43:45,2026-09-13 07:00:01,Stopped,Operator,A,Lampone Zero 560ml,2200,0,976,0,0,False
M01,2026-09-13 07:00:01,2026-09-13 07:25:11,Running,,A,Lampone Zero 560ml,2200,1676,1510,703,3,False
M01,2026-09-13 07:25:11,2026-09-13 08:07:01,Running,,A,Lampone Zero 560ml,2200,1709,2510,1192,4,False
M01,2026-09-13 08:07:01,2026-09-13 08:28:40,Running,,A,Lampone Zero 560ml,2200,1681,1299,607,2,False
M01,2026-09-13 08:28:40,2026-09-13 08:57:37,Running,,A,Lampone Zero 560ml,2200,1674,1737,808,3,False
M01,2026-09-13 08:57:37,2026-09-13 09:27:52,Running,,A,Lampone Zero 560ml,2200,1678,1815,846,3,False
M01,2026-09-13 09:27:52,2026-09-13 09:39:23,Idle,,A,Lampone Zero 560ml,2200,0,691,0,0,False
M01,2026-09-13 09:39:23,2026-09-13 10:27:54,Running,,A,Lampone Zero 560ml,2200,1699,2911,1374,5,False
M01,2026-09-13 10:27:54,2026-09-13 11:22:25,Running,,A,Lampone Zero 560ml,2200,1675,3271,1522,5,False
M01,2026-09-13 11:22:25,2026-09-13 12:11:58,Running,,A,Lampone Zero 560ml,2200,1671,2973,1380,4,False
M01,2026-09-13 12:11:58,2026-09-13 12:28:07,Stopped,External,A,Lampone Zero 560ml,2200,0,969,0,0,False
M01,2026-09-13 12:28:07,2026-09-13 12:41:09,Stopped,Fault,A,Lampone Zero 560ml,2200,0,782,0,0,False
M01,2026-09-13 12:41:09,2026-09-13 13:12:04,Running,,A,Lampone Zero 560ml,2200,1690,1855,871,3,False
M01,2026-09-13 13:12:04,2026-09-13 13:26:46,Stopped,Buildup,A,Lampone Zero 560ml,2200,0,882,0,0,False
M01,2026-09-13 13:26:46,2026-09-13 13:55:05,Running,,A,Lampone Zero 560ml,2200,1711,1699,807,3,False
M01,2026-09-13 13:55:05,2026-09-13 14:00:00,Idle,,A,Lampone Zero 560ml,2200,0,295,0,0,False
M01,2026-09-13 14:00:00,2026-09-13 14:18:03,Stopped,Changeover,B,Arancia Rossa 500ml,2400,0,1083,0,0,True
M01,2026-09-13 14:18:03,2026-09-13 15:13:01,Running,,B,Arancia Rossa 500ml,2400,1819,3298,1666,7,False
M01,2026-09-13 15:13:01,2026-09-13 16:03:08,Running,,B,Arancia Rossa 500ml,2400,1821,3007,1521,7,False
M01,2026-09-13 16:03:08,2026-09-13 17:01:25,Running,,B,Arancia Rossa 500ml,2400,1880,3497,1826,8,False
M01,2026-09-13 17:01:25,2026-09-13 17:51:36,Running,,B,Arancia Rossa 500ml,2400,1829,3011,1530,6,False
M01,2026-09-13 17:51:36,2026-09-13 18:18:13,Running,,B,Arancia Rossa 500ml,2400,1837,1597,815,3,False
M01,2026-09-13 18:18:13,2026-09-13 18:43:47,Running,,B,Arancia Rossa 500ml,2400,1823,1534,777,3,False
M01,2026-09-13 18:43:47,2026-09-13 19:21:34,Running,,B,Arancia Rossa 500ml,2400,1835,2267,1156,4,False
M01,2026-09-13 19:21:34,2026-09-13 19:27:33,Stopped,External,B,Arancia Rossa 500ml,2400,0,359,0,0,False
M01,2026-09-13 19:27:33,2026-09-13 19:43:24,Stopped,Starvation,B,Arancia Rossa 500ml,2400,0,951,0,0,False
M01,2026-09-13 19:43:24,2026-09-13 20:22:52,Running,,B,Arancia Rossa 500ml,2400,1839,2368,1210,6,False
M01,2026-09-13 20:22:52,2026-09-13 20:33:43,Stopped,Starvation,B,Arancia Rossa 500ml,2400,0,651,0,0,False
M01,2026-09-13 20:33:43,2026-09-13 21:14:16,Running,,B,Arancia Rossa 500ml,2400,1855,2433,1254,6,False
M01,2026-09-13 21:14:16,2026-09-13 21:49:29,Running,,B,Arancia Rossa 500ml,2400,1872,2113,1099,5,False
M01,2026-09-13 21:49:29,2026-09-13 22:00:00,Running,,B,Arancia Rossa 500ml,2400,1846,631,324,1,False
M01,2026-09-13 22:00:00,2026-09-13 22:26:19,Stopped,Changeover,C,Lampone Zero 560ml,2200,0,1579,0,0,True
M01,2026-09-13 22:26:19,2026-09-13 23:23:18,Running,,C,Lampone Zero 560ml,2200,1720,3419,1634,7,False
M01,2026-09-13 23:23:18,2026-09-13 23:49:07,Running,,C,Lampone Zero 560ml,2200,1685,1549,725,2,False
M01,2026-09-13 23:49:07,2026-09-14 00:00:00,Running,,C,Lampone Zero 560ml,2200,1678,653,304,1,False
M01,2026-09-14 00:00:00,2026-09-14 00:58:00,Running,,C,Lampone Zero 560ml,2200,2041,3480,1973,7,False
M01,2026-09-14 00:58:00,2026-09-14 01:51:41,Running,,C,Lampone Zero 560ml,2200,1981,3221,1772,6,False
M01,2026-09-14 01:51:41,2026-09-14 02:07:50,Stopped,External,C,Lampone Zero 560ml,2200,0,969,0,0,False
M01,2026-09-14 02:07:50,2026-09-14 02:34:05,Running,,C,Lampone Zero 560ml,2200,2013,1575,881,4,False
M01,2026-09-14 02:34:05,2026-09-14 03:32:16,Running,,C,Lampone Zero 560ml,2200,2010,3491,1949,8,False
M01,2026-09-14 03:32:16,2026-09-14 04:06:12,Running,,C,Lampone Zero 560ml,2200,1997,2036,1129,4,False
M01,2026-09-14 04:06:12,2026-09-14 04:14:45,Stopped,Buildup,C,Lampone Zero 560ml,2200,0,513,0,0,False
M01,2026-09-14 04:14:45,2026-09-14 04:22:39,Stopped,Starvation,C,Lampone Zero 560ml,2200,0,474,0,0,False
M01,2026-09-14 04:22:39,2026-09-14 04:53:37,Running,,C,Lampone Zero 560ml,2200,2038,1858,1052,4,False
M01,2026-09-14 04:53:37,2026-09-14 05:28:44,Running,,C,Lampone Zero 560ml,2200,1981,2107,1159,4,False
M01,2026-09-14 05:28:44,2026-09-14 05:50:01,Running,,C,Lampone Zero 560ml,2200,2021,1277,717,3,False
M01,2026-09-14 05:50:01,2026-09-14 06:00:00,Running,,C,Lampone Zero 560ml,2200,2016,599,335,1,False
M01,2026-09-14 06:00:00,2026-09-14 06:28:39,Stopped,Changeover,A,Arancia Rossa 500ml,2400,0,1719,0,0,True
M01,2026-09-14 06:28:39,2026-09-14 07:12:57,Running,,A,Arancia Rossa 500ml,2400,2217,2658,1637,5,False
M01,2026-09-14 07:12:57,2026-09-14 07:23:24,Stopped,Buildup,A,Arancia Rossa 500ml,2400,0,627,0,0,False
M01,2026-09-14 07:23:24,2026-09-14 08:02:22,Running,,A,Arancia Rossa 500ml,2400,2223,2338,1444,5,False
M01,2026-09-14 08:02:22,2026-09-14 09:01:49,Running,,A,Arancia Rossa 500ml,2400,2221,3567,2201,10,False
M01,2026-09-14 09:01:49,2026-09-14 09:16:01,Stopped,Starvation,A,Arancia Rossa 500ml,2400,0,852,0,0,False
M01,2026-09-14 09:16:01,2026-09-14 10:09:43,Running,,A,Arancia Rossa 500ml,2400,2170,3222,1942,7,False
M01,2026-09-14 10:09:43,2026-09-14 10:31:26,Running,,A,Arancia Rossa 500ml,2400,2218,1303,803,4,False
M01,2026-09-14 10:31:26,2026-09-14 11:08:33,Running,,A,Arancia Rossa 500ml,2400,2151,2227,1331,5,False
M01,2026-09-14 11:08:33,2026-09-14 11:45:23,Running,,A,Arancia Rossa 500ml,2400,2218,2210,1362,5,False
M01,2026-09-14 11:45:23,2026-09-14 11:59:53,Stopped,Starvation,A,Arancia Rossa 500ml,2400,0,870,0,0,False
M01,2026-09-14 11:59:53,2026-09-14 12:02:19,Stopped,Buildup,A,Arancia Rossa 500ml,2400,0,146,0,0,False
M01,2026-09-14 12:02:19,2026-09-14 12:13:22,Stopped,Starvation,A,Arancia Rossa 500ml,2400,0,663,0,0,False
M01,2026-09-14 12:13:22,2026-09-14 13:07:09,Running,,A,Arancia Rossa 500ml,2400,2150,3227,1927,6,False
M01,2026-09-14 13:07:09,2026-09-14 13:33:24,Running,,A,Arancia Rossa 500ml,2400,2204,1575,964,4,False
M01,2026-09-14 13:33:24,2026-09-14 13:45:14,Stopped,Starvation,A,Arancia Rossa 500ml,2400,0,710,0,0,False
M01,2026-09-14 13:45:14,2026-09-14 13:56:42,Idle,,A,Arancia Rossa 500ml,2400,0,688,0,0,False
M01,2026-09-14 13:56:42,2026-09-14 14:00:00,Idle,,A,Arancia Rossa 500ml,2400,0,198,0,0,False
M01,2026-09-14 14:00:00,2026-09-14 14:27:10,Stopped,Changeover,B,Lampone Zero 560ml,2200,0,1630,0,0,True
M01,2026-09-14 14:27:10,2026-09-14 14:48:47,Running,,B,Lampone Zero 560ml,2200,2001,1297,721,3,False
M01,2026-09-14 14:48:47,2026-09-14 15:11:16,Running,,B,Lampone Zero 560ml,2200,1971,1349,739,3,False
M01,2026-09-14 15:11:16,2026-09-14 15:17:54,Stopped,Starvation,B,Lampone Zero 560ml,2200,0,398,0,0,False
M01,2026-09-14 15:17:54,2026-09-14 16:11:44,Running,,B,Lampone Zero 560ml,2200,2044,3230,1834,7,False
M01,2026-09-14 16:11:44,2026-09-14 16:31:51,Running,,B,Lampone Zero 560ml,2200,2014,1207,675,2,False
M01,2026-09-14 16:31:51,2026-09-14 16:45:54,Stopped,Fault,B,Lampone Zero 560ml,2200,0,843,0,0,False
M01,2026-09-14 16:45:54,2026-09-14 17:39:21,Running,,B,Lampone Zero 560ml,2200,2049,3207,1825,7,False
M01,2026-09-14 17:39:21,2026-09-14 17:49:04,Idle,,B,Lampone Zero 560ml,2200,0,583,0,0,False
M01,2026-09-14 17:49:04,2026-09-14 18:40:29,Running,,B,Lampone Zero 560ml,2200,2047,3085,1754,7,False
M01,2026-09-14 18:40:29,2026-09-14 19:02:28,Running,,B,Lampone Zero 560ml,2200,1999,1319,732,3,False
M01,2026-09-14 19:02:28,2026-09-14 19:29:31,Running,,B,Lampone Zero 560ml,2200,1984,1623,894,4,False
M01,2026-09-14 19:29:31,2026-09-14 19:36:41,Stopped,Starvation,B,Lampone Zero 560ml,2200,0,430,0,0,False
M01,2026-09-14 19:36:41,2026-09-14 20:32:42,Running,,B,Lampone Zero 560ml,2200,2026,3361,1891,9,False
M01,2026-09-14 20:32:42,2026-09-14 21:20:42,Running,,B,Lampone Zero 560ml,2200,1984,2880,1587,7,False
M01,2026-09-14 21:20:42,2026-09-14 21:42:45,Running,,B,Lampone Zero 560ml,2200,1985,1323,729,3,False
M01,2026-09-14 21:42:45,2026-09-14 22:00:00,Running,,B,Lampone Zero 560ml,2200,1980,1035,569,2,False
M01,2026-09-14 22:00:00,2026-09-14 22:09:34,Idle,,C,Lampone Zero 560ml,2200,0,574,0,0,False
M01,2026-09-14 22:09:34,2026-09-14 22:39:45,Running,,C,Lampone Zero 560ml,2200,2021,1811,1017,5,False
M01,2026-09-14 22:39:45,2026-09-14 23:13:22,Running,,C,Lampone Zero 560ml,2200,2030,2017,1137,5,False
M01,2026-09-14 23:13:22,2026-09-14 23:50:11,Running,,C,Lampone Zero 560ml,2200,2037,2209,1250,5,False
M01,2026-09-14 23:50:11,2026-09-15 00:00:00,Running,,C,Lampone Zero 560ml,2200,2019,589,330,1,False
M01,2026-09-15 00:00:00,2026-09-15 00:42:52,Running,,C,Lampone Zero 560ml,2200,2012,2572,1437,6,False
M01,2026-09-15 00:42:52,2026-09-15 01:16:07,Running,,C,Lampone Zero 560ml,2200,2042,1995,1132,5,False
M01,2026-09-15 01:16:07,2026-09-15 01:26:51,Stopped,Buildup,C,Lampone Zero 560ml,2200,0,644,0,0,False
M01,2026-09-15 01:26:51,2026-09-15 02:14:58,Running,,C,Lampone Zero 560ml,2200,2032,2887,1630,6,False
M01,2026-09-15 02:14:58,2026-09-15 02:23:16,Idle,,C,Lampone Zero 560ml,2200,0,498,0,0,False
M01,2026-09-15 02:23:16,2026-09-15 02:32:38,Stopped,Buildup,C,Lampone Zero 560ml,2200,0,562,0,0,False
M01,2026-09-15 02:32:38,2026-09-15 02:41:16,Stopped,Starvation,C,Lampone Zero 560ml,2200,0,518,0,0,False
M01,2026-09-15 02:41:16,2026-09-15 03:21:32,Running,,C,Lampone Zero 560ml,2200,2017,2416,1354,6,False
M01,2026-09-15 03:21:32,2026-09-15 04:16:17,Running,,C,Lampone Zero 560ml,2200,2021,3285,1844,8,False
M01,2026-09-15 04:16:17,2026-09-15 04:28:26,Stopped,Buildup,C,Lampone Zero 560ml,2200,0,729,0,0,False
M01,2026-09-15 04:28:26,2026-09-15 04:51:32,Running,,C,Lampone Zero 560ml,2200,2031,1386,782,3,False
M01,2026-09-15 04:51:32,2026-09-15 05:12:53,Running,,C,Lampone Zero 560ml,2200,2045,1281,728,3,False
M01,2026-09-15 05:12:53,2026-09-15 05:47:18,Running,,C,Lampone Zero 560ml,2200,2013,2065,1155,5,False
M01,2026-09-15 05:47:18,2026-09-15 06:00:00,Running,,C,Lampone Zero 560ml,2200,2004,762,424,2,False
M01,2026-09-15 06:00:00,2026-09-15 06:50:29,Stopped,Maintenance,A,Lampone Zero 560ml,2200,0,3029,0,0,True
M01,2026-09-15 06:50:29,2026-09-15 07:28:40,Running,,A,Lampone Zero 560ml,2200,2034,2291,1294,6,False
M01,2026-09-15 07:28:40,2026-09-15 08:26:10,Running,,A,Lampone Zero 560ml,2200,2023,3450,1939,8,False
M01,2026-09-15 08:26:10,2026-09-15 08:31:16,Stopped,Buildup,A,Lampone Zero 560ml,2200,0,306,0,0,False
M01,2026-09-15 08:31:16,2026-09-15 08:45:17,Stopped,Buildup,A,Lampone Zero 560ml,2200,0,841,0,0,False
M01,2026-09-15 08:45:17,2026-09-15 08:56:24,Idle,,A,Lampone Zero 560ml,2200,0,667,0,0,False
M01,2026-09-15 08:56:24,2026-09-15 09:01:33,Stopped,Starvation,A,Lampone Zero 560ml,2200,0,309,0,0,False
M01,2026-09-15 09:01:33,2026-09-15 09:24:44,Running,,A,Lampone Zero 560ml,2200,2035,1391,786,3,False
M01,2026-09-15 09:24:44,2026-09-15 10:05:11,Running,,A,Lampone Zero 560ml,2200,2039,2427,1375,6,False
M01,2026-09-15 10:05:11,2026-09-15 10:34:38,Running,,A,Lampone Zero 560ml,2200,2008,1767,986,4,False
M01,2026-09-15 10:34:38,2026-09-15 11:02:29,Running,,A,Lampone Zero 560ml,2200,1975,1671,917,4,False
M01,2026-09-15 11:02:29,2026-09-15 12:00:59,Running,,A,Lampone Zero 560ml,2200,1969,3510,1920,8,False
M01,2026-09-15 12:00:59,2026-09-15 12:50:02,Running,,A,Lampone Zero 560ml,2200,2025,2943,1655,8,False
M01,2026-09-15 12:50:02,2026-09-15 12:54:21,Stopped,External,A,Lampone Zero 560ml,2200,0,259,0,0,False
M01,2026-09-15 12:54:21,2026-09-15 13:15:03,Running,,A,Lampone Zero 560ml,2200,1993,1242,688,3,False
M01,2026-09-15 13:15:03,2026-09-15 13:42:15,Running,,A,Lampone Zero 560ml,2200,1967,1632,892,3,False
M01,2026-09-15 13:42:15,2026-09-15 13:53:41,Stopped,External,A,Lampone Zero 560ml,2200,0,686,0,0,False
M01,2026-09-15 13:53:41,2026-09-15 14:00:00,Running,,A,Lampone Zero 560ml,2200,1989,379,209,1,False
M01,2026-09-15 14:00:00,2026-09-15 14:20:56,Stopped,Changeover,B,Arancia Rossa 500ml,2400,0,1256,0,0,True
M01,2026-09-15 14:20:56,2026-09-15 14:33:24,Stopped,External,B,Arancia Rossa 500ml,2400,0,748,0,0,False
M01,2026-09-15 14:33:24,2026-09-15 14:45:26,Idle,,B,Arancia Rossa 500ml,2400,0,722,0,0,False
M01,2026-09-15 14:45:26,2026-09-15 15:13:47,Running,,B,Arancia Rossa 500ml,2400,2211,1701,1045,3,False
M01,2026-09-15 15:13:47,2026-09-15 16:00:58,Running,,B,Arancia Rossa 500ml,2400,2183,2831,1717,6,False
M01,2026-09-15 16:00:58,2026-09-15 16:12:58,Stopped,Starvation,B,Arancia Rossa 500ml,2400,0,720,0,0,False
M01,2026-09-15 16:12:58,2026-09-15 17:11:38,Running,,B,Arancia Rossa 500ml,2400,2164,3520,2116,10,False
M01,2026-09-15 17:11:38,2026-09-15 17:32:24,Running,,B,Arancia Rossa 500ml,2400,2159,1246,747,4,False
M01,2026-09-15 17:32:24,2026-09-15 18:16:01,Running,,B,Arancia Rossa 500ml,2400,2232,2617,1623,7,False
M01,2026-09-15 18:16:01,2026-09-15 18:59:17,Running,,B,Arancia Rossa 500ml,2400,2214,2596,1597,6,False
M01,2026-09-15 18:59:17,2026-09-15 19:39:21,Running,,B,Arancia Rossa 500ml,2400,2154,2404,1438,5,False
M01,2026-09-15 19:39:21,2026-09-15 19:54:49,Stopped,External,B,Arancia Rossa 500ml,2400,0,928,0,0,False
M01,2026-09-15 19:54:49,2026-09-15 20:22:02,Running,,B,Arancia Rossa 500ml,2400,2158,1633,979,4,False
M01,2026-09-15 20:22:02,2026-09-15 21:20:00,Running,,B,Arancia Rossa 500ml,2400,2177,3478,2103,9,False
M01,2026-09-15 21:20:00,2026-09-15 21:34:16,Stopped,Supplies,B,Arancia Rossa 500ml,2400,0,856,0,0,False
M01,2026-09-15 21:34:16,2026-09-15 21:55:27,Running,,B,Arancia Rossa 500ml,2400,2173,1271,767,3,False
M01,2026-09-15 21:55:27,2026-09-15 22:00:00,Idle,,B,Arancia Rossa 500ml,2400,0,273,0,0,False
M01,2026-09-15 22:00:00,2026-09-15 22:16:14,Stopped,External,C,Arancia Rossa 500ml,2400,0,974,0,0,False
M01,2026-09-15 22:16:14,2026-09-15 22:48:13,Running,,C,Arancia Rossa 500ml,2400,2159,1919,1151,4,False
M01,2026-09-15 22:48:13,2026-09-15 23:19:41,Running,,C,Arancia Rossa 500ml,2400,2206,1888,1157,5,False
M01,2026-09-15 23:19:41,2026-09-15 23:48:37,Running,,C,Arancia Rossa 500ml,2400,2190,1736,1056,4,False
M01,2026-09-15 23:48:37,2026-09-16 00:00:00,Running,,C,Arancia Rossa 500ml,2400,2203,683,418,2,False
M01,2026-09-16 00:00:00,2026-09-16 00:32:41,Running,,C,Arancia Rossa 500ml,2400,2228,1961,1214,5,False
M01,2026-09-16 00:32:41,2026-09-16 01:03:08,Running,,C,Arancia Rossa 500ml,2400,2196,1827,1114,5,False
M01,2026-09-16 01:03:08,2026-09-16 01:28:50,Running,,C,Arancia Rossa 500ml,2400,2151,1542,921,4,False
M01,2026-09-16 01:28:50,2026-09-16 02:19:34,Running,,C,Arancia Rossa 500ml,2400,2188,3044,1850,7,False
M01,2026-09-16 02:19:34,2026-09-16 02:58:04,Running,,C,Arancia Rossa 500ml,2400,2190,2310,1405,5,False
M01,2026-09-16 02:58:04,2026-09-16 03:22:59,Running,,C,Arancia Rossa 500ml,2400,2151,1495,893,4,False
M01,2026-09-16 03:22:59,2026-09-16 04:16:55,Running,,C,Arancia Rossa 500ml,2400,2184,3236,1963,7,False
M01,2026-09-16 04:16:55,2026-09-16 05:02:05,Running,,C,Arancia Rossa 500ml,2400,2223,2710,1673,8,False
M01,2026-09-16 05:02:05,2026-09-16 05:32:39,Running,,C,Arancia Rossa 500ml,2400,2162,1834,1101,5,False
M01,2026-09-16 05:32:39,2026-09-16 05:58:31,Running,,C,Arancia Rossa 500ml,2400,2162,1552,932,3,False
M01,2026-09-16 05:58:31,2026-09-16 06:00:00,Idle,,C,Arancia Rossa 500ml,2400,0,89,0,0,False
M01,2026-09-16 06:00:00,2026-09-16 06:04:56,Stopped,External,A,Arancia Rossa 500ml,2400,0,296,0,0,False
M01,2026-09-16 06:04:56,2026-09-16 06:32:40,Running,,A,Arancia Rossa 500ml,2400,2182,1664,1009,4,False
M01,2026-09-16 06:32:40,2026-09-16 06:41:12,Stopped,Starvation,A,Arancia Rossa 500ml,2400,0,512,0,0,False
M01,2026-09-16 06:41:12,2026-09-16 07:07:42,Running,,A,Arancia Rossa 500ml,2400,2155,1590,952,4,False
M01,2026-09-16 07:07:42,2026-09-16 07:11:18,Stopped,Starvation,A,Arancia Rossa 500ml,2400,0,216,0,0,False
M01,2026-09-16 07:11:18,2026-09-16 07:19:37,Stopped,Operator,A,Arancia Rossa 500ml,2400,0,499,0,0,False
M01,2026-09-16 07:19:37,2026-09-16 07:59:14,Running,,A,Arancia Rossa 500ml,2400,2203,2377,1455,5,False
M01,2026-09-16 07:59:14,2026-09-16 08:57:13,Running,,A,Arancia Rossa 500ml,2400,2207,3479,2133,10,False
M01,2026-09-16 08:57:13,2026-09-16 09:49:43,Running,,A,Arancia Rossa 500ml,2400,2222,3150,1944,9,False
M01,2026-09-16 09:49:43,2026-09-16 10:47:51,Running,,A,Arancia Rossa 500ml,2400,2195,3488,2127,9,False
M01,2026-09-16 10:47:51,2026-09-16 10:57:17,Stopped,Buildup,A,Arancia Rossa 500ml,2400,0,566,0,0,False
M01,2026-09-16 10:57:17,2026-09-16 11:26:04,Running,,A,Arancia Rossa 500ml,2400,2221,1727,1065,4,False
M01,2026-09-16 11:26:04,2026-09-16 11:53:00,Running,,A,Arancia Rossa 500ml,2400,2154,1616,967,3,False
M01,2026-09-16 11:53:00,2026-09-16 11:56:26,Stopped,Operator,A,Arancia Rossa 500ml,2400,0,206,0,0,False
M01,2026-09-16 11:56:26,2026-09-16 12:19:55,Running,,A,Arancia Rossa 500ml,2400,2167,1409,848,3,False
M01,2026-09-16 12:19:55,2026-09-16 12:58:32,Running,,A,Arancia Rossa 500ml,2400,2145,2317,1381,6,False
M01,2026-09-16 12:58:32,2026-09-16 13:51:28,Running,,A,Arancia Rossa 500ml,2400,2146,3176,1893,8,False
M01,2026-09-16 13:51:28,2026-09-16 14:00:00,Running,,A,Arancia Rossa 500ml,2400,2182,512,310,1,False
M01,2026-09-16 14:00:00,2026-09-16 14:35:22,Stopped,Changeover,B,Lampone Zero 560ml,2200,0,2122,0,0,True
M01,2026-09-16 14:35:22,2026-09-16 15:24:34,Running,,B,Lampone Zero 560ml,2200,2043,2952,1675,6,False
M01,2026-09-16 15:24:34,2026-09-16 16:03:53,Running,,B,Lampone Zero 560ml,2200,2011,2359,1318,6,False
M01,2026-09-16 16:03:53,2026-09-16 16:31:23,Running,,B,Lampone Zero 560ml,2200,1980,1650,908,4,False
M01,2026-09-16 16:31:23,2026-09-16 16:41:29,Stopped,External,B,Lampone Zero 560ml,2200,0,606,0,0,False
M01,2026-09-16 16:41:29,2026-09-16 17:13:30,Running,,B,Lampone Zero 560ml,2200,1973,1921,1053,5,False
M01,2026-09-16 17:13:30,2026-09-16 18:05:32,Running,,B,Lampone Zero 560ml,2200,2019,3122,1751,7,False
M01,2026-09-16 18:05:32,2026-09-16 18:12:44,Stopped,Buildup,B,Lampone Zero 560ml,2200,0,432,0,0,False
M01,2026-09-16 18:12:44,2026-09-16 18:37:10,Running,,B,Lampone Zero 560ml,2200,2005,1466,816,3,False
M01,2026-09-16 18:37:10,2026-09-16 18:43:00,Stopped,Operator,B,Lampone Zero 560ml,2200,0,350,0,0,False
M01,2026-09-16 18:43:00,2026-09-16 19:38:59,Running,,B,Lampone Zero 560ml,2200,2016,3359,1881,6,False
M01,2026-09-16 19:38:59,2026-09-16 20:04:46,Running,,B,Lampone Zero 560ml,2200,1993,1547,856,4,False
M01,2026-09-16 20:04:46,2026-09-16 20:58:21,Running,,B,Lampone Zero 560ml,2200,2006,3215,1791,8,False
M01,2026-09-16 20:58:21,2026-09-16 21:23:20,Running,,B,Lampone Zero 560ml,2200,1969,1499,820,3,False
M01,2026-09-16 21:23:20,2026-09-16 21:39:25,Stopped,Buildup,B,Lampone Zero 560ml,2200,0,965,0,0,False
M01,2026-09-16 21:39:25,2026-09-16 21:54:44,Stopped,Starvation,B,Lampone Zero 560ml,2200,0,919,0,0,False
M01,2026-09-16 21:54:44,2026-09-16 22:00:00,Running,,B,Lampone Zero 560ml,2200,1969,316,173,1,False
M01,2026-09-16 22:00:00,2026-09-16 22:31:54,Running,,C,Lampone Zero 560ml,2200,2042,1914,1086,4,False
M01,2026-09-16 22:31:54,2026-09-16 22:52:49,Running,,C,Lampone Zero 560ml,2200,2017,1255,703,3,False
M01,2026-09-16 22:52:49,2026-09-16 23:38:11,Running,,C,Lampone Zero 560ml,2200,1981,2722,1498,5,False
M01,2026-09-16 23:38:11,2026-09-16 23:58:34,Running,,C,Lampone Zero 560ml,2200,2006,1223,681,3,False
M01,2026-09-16 23:58:34,2026-09-17 00:00:00,Idle,,C,Lampone Zero 560ml,2200,0,86,0,0,False
M01,2026-09-17 00:00:00,2026-09-17 00:48:54,Running,,C,Lampone Zero 560ml,2200,1980,2934,1614,6,False
M01,2026-09-17 00:48:54,2026-09-17 01:48:29,Running,,C,Lampone Zero 560ml,2200,2004,3575,1990,7,False
M01,2026-09-17 01:48:29,2026-09-17 02:14:03,Running,,C,Lampone Zero 560ml,2200,2008,1534,856,3,False
M01,2026-09-17 02:14:03,2026-09-17 03:11:36,Running,,C,Lampone Zero 560ml,2200,1968,3453,1888,6,False
M01,2026-09-17 03:11:36,2026-09-17 03:18:01,Stopped,Starvation,C,Lampone Zero 560ml,2200,0,385,0,0,False
M01,2026-09-17 03:18:01,2026-09-17 04:16:58,Running,,C,Lampone Zero 560ml,2200,2028,3537,1993,9,False
M01,2026-09-17 04:16:58,2026-09-17 04:25:07,Stopped,Buildup,C,Lampone Zero 560ml,2200,0,489,0,0,False
M01,2026-09-17 04:25:07,2026-09-17 05:07:56,Running,,C,Lampone Zero 560ml,2200,1987,2569,1418,5,False
M01,2026-09-17 05:07:56,2026-09-17 05:58:11,Running,,C,Lampone Zero 560ml,2200,2021,3015,1693,8,False
M01,2026-09-17 05:58:11,2026-09-17 06:00:00,Idle,,C,Lampone Zero 560ml,2200,0,109,0,0,False
M01,2026-09-17 06:00:00,2026-09-17 06:18:38,Idle,,A,Lampone Zero 560ml,2200,0,1118,0,0,False
M01,2026-09-17 06:18:38,2026-09-17 06:41:40,Running,,A,Lampone Zero 560ml,2200,2009,1382,771,4,False
M01,2026-09-17 06:41:40,2026-09-17 07:33:50,Running,,A,Lampone Zero 560ml,2200,2040,3130,1774,6,False
M01,2026-09-17 07:33:50,2026-09-17 08:23:28,Running,,A,Lampone Zero 560ml,2200,1984,2978,1641,6,False
M01,2026-09-17 08:23:28,2026-09-17 09:05:33,Running,,A,Lampone Zero 560ml,2200,2033,2525,1426,7,False
M01,2026-09-17 09:05:33,2026-09-17 09:10:04,Stopped,Starvation,A,Lampone Zero 560ml,2200,0,271,0,0,False
M01,2026-09-17 09:10:04,2026-09-17 09:24:57,Stopped,Starvation,A,Lampone Zero 560ml,2200,0,893,0,0,False
M01,2026-09-17 09:24:57,2026-09-17 10:05:55,Running,,A,Lampone Zero 560ml,2200,2015,2458,1376,5,False
M01,2026-09-17 10:05:55,2026-09-17 10:17:48,Stopped,Starvation,A,Lampone Zero 560ml,2200,0,713,0,0,False
M01,2026-09-17 10:17:48,2026-09-17 10:43:23,Running,,A,Lampone Zero 560ml,2200,2002,1535,854,3,False
M01,2026-09-17 10:43:23,2026-09-17 11:31:43,Running,,A,Lampone Zero 560ml,2200,1978,2900,1593,6,False
M01,2026-09-17 11:31:43,2026-09-17 11:57:58,Running,,A,Lampone Zero 560ml,2200,1982,1575,867,4,False
M01,2026-09-17 11:57:58,2026-09-17 12:48:49,Running,,A,Lampone Zero 560ml,2200,2040,3051,1729,8,False
M01,2026-09-17 12:48:49,2026-09-17 12:58:51,Stopped,Buildup,A,Lampone Zero 560ml,2200,0,602,0,0,False
M01,2026-09-17 12:58:51,2026-09-17 13:39:39,Running,,A,Lampone Zero 560ml,2200,1995,2448,1357,6,False
M01,2026-09-17 13:39:39,2026-09-17 13:59:52,Running,,A,Lampone Zero 560ml,2200,1968,1213,663,2,False
M01,2026-09-17 13:59:52,2026-09-17 14:00:00,Idle,,A,Lampone Zero 560ml,2200,0,8,0,0,False
M01,2026-09-17 14:00:00,2026-09-17 14:35:18,Stopped,Changeover,B,Arancia Rossa 500ml,2400,0,2118,0,0,True
M01,2026-09-17 14:35:18,2026-09-17 15:21:46,Running,,B,Arancia Rossa 500ml,2400,2222,2788,1721,6,False
M01,2026-09-17 15:21:46,2026-09-17 15:46:07,Running,,B,Arancia Rossa 500ml,2400,2193,1461,890,3,False
M01,2026-09-17 15:46:07,2026-09-17 16:37:25,Running,,B,Arancia Rossa 500ml,2400,2201,3078,1882,8,False
M01,2026-09-17 16:37:25,2026-09-17 17:01:04,Running,,B,Arancia Rossa 500ml,2400,2159,1419,851,4,False
M01,2026-09-17 17:01:04,2026-09-17 17:46:43,Running,,B,Arancia Rossa 500ml,2400,2210,2739,1681,6,False
M01,2026-09-17 17:46:43,2026-09-17 17:56:37,Stopped,Starvation,B,Arancia Rossa 500ml,2400,0,594,0,0,False
M01,2026-09-17 17:56:37,2026-09-17 18:41:56,Running,,B,Arancia Rossa 500ml,2400,2192,2719,1656,8,False
M01,2026-09-17 18:41:56,2026-09-17 19:05:06,Running,,B,Arancia Rossa 500ml,2400,2221,1390,858,4,False
M01,2026-09-17 19:05:06,2026-09-17 19:34:00,Running,,B,Arancia Rossa 500ml,2400,2214,1734,1066,5,False
M01,2026-09-17 19:34:00,2026-09-17 19:38:18,Stopped,Starvation,B,Arancia Rossa 500ml,2400,0,258,0,0,False
M01,2026-09-17 19:38:18,2026-09-17 20:11:52,Running,,B,Arancia Rossa 500ml,2400,2152,2014,1204,5,False
M01,2026-09-17 20:11:52,2026-09-17 21:09:00,Running,,B,Arancia Rossa 500ml,2400,2157,3428,2054,9,False
M01,2026-09-17 21:09:00,2026-09-17 21:46:27,Running,,B,Arancia Rossa 500ml,2400,2199,2247,1373,6,False
M01,2026-09-17 21:46:27,2026-09-17 22:00:00,Running,,B,Arancia Rossa 500ml,2400,2226,813,503,2,False
M01,2026-09-17 22:00:00,2026-09-17 22:38:15,Running,,C,Arancia Rossa 500ml,2400,2163,2295,1379,6,False
M01,2026-09-17 22:38:15,2026-09-17 23:18:55,Running,,C,Arancia Rossa 500ml,2400,2218,2440,1503,5,False
M01,2026-09-17 23:18:55,2026-09-17 23:40:33,Running,,C,Arancia Rossa 500ml,2400,2189,1298,789,3,False
M01,2026-09-17 23:40:33,2026-09-18 00:00:00,Running,,C,Arancia Rossa 500ml,2400,2182,1167,707,3,False
M01,2026-09-18 00:00:00,2026-09-18 00:34:06,Running,,C,Arancia Rossa 500ml,2400,2108,2046,1198,5,False
M01,2026-09-18 00:34:06,2026-09-18 01:18:58,Running,,C,Arancia Rossa 500ml,2400,2082,2692,1557,6,False
M01,2026-09-18 01:18:58,2026-09-18 02:13:19,Running,,C,Arancia Rossa 500ml,2400,2130,3261,1929,9,False
M01,2026-09-18 02:13:19,2026-09-18 02:26:53,Stopped,Buildup,C,Arancia Rossa 500ml,2400,0,814,0,0,False
M01,2026-09-18 02:26:53,2026-09-18 03:08:40,Running,,C,Arancia Rossa 500ml,2400,2147,2507,1495,7,False
M01,2026-09-18 03:08:40,2026-09-18 03:37:36,Running,,C,Arancia Rossa 500ml,2400,2079,1736,1003,4,False
M01,2026-09-18 03:37:36,2026-09-18 04:07:41,Running,,C,Arancia Rossa 500ml,2400,2098,1805,1052,5,False
M01,2026-09-18 04:07:41,2026-09-18 04:25:19,Idle,,C,Arancia Rossa 500ml,2400,0,1058,0,0,False
M01,2026-09-18 04:25:19,2026-09-18 04:46:53,Running,,C,Arancia Rossa 500ml,2400,2113,1294,760,3,False
M01,2026-09-18 04:46:53,2026-09-18 05:24:46,Running,,C,Arancia Rossa 500ml,2400,2078,2273,1312,5,False
M01,2026-09-18 05:24:46,2026-09-18 05:52:05,Running,,C,Arancia Rossa 500ml,2400,2105,1639,958,4,False
M01,2026-09-18 05:52:05,2026-09-18 06:00:00,Running,,C,Arancia Rossa 500ml,2400,2136,475,282,1,False
M01,2026-09-18 06:00:00,2026-09-18 06:33:13,Running,,A,Arancia Rossa 500ml,2400,2154,1993,1192,5,False
M01,2026-09-18 06:33:13,2026-09-18 06:49:13,Stopped,Starvation,A,Arancia Rossa 500ml,2400,0,960,0,0,False
M01,2026-09-18 06:49:13,2026-09-18 07:39:45,Running,,A,Arancia Rossa 500ml,2400,2142,3032,1804,7,False
M01,2026-09-18 07:39:45,2026-09-18 08:35:50,Running,,A,Arancia Rossa 500ml,2400,2141,3365,2001,9,False
M01,2026-09-18 08:35:50,2026-09-18 09:25:42,Running,,A,Arancia Rossa 500ml,2400,2120,2992,1762,7,False
M01,2026-09-18 09:25:42,2026-09-18 09:31:39,Stopped,External,A,Arancia Rossa 500ml,2400,0,357,0,0,False
M01,2026-09-18 09:31:39,2026-09-18 10:17:18,Running,,A,Arancia Rossa 500ml,2400,2146,2739,1633,6,False
M01,2026-09-18 10:17:18,2026-09-18 10:28:31,Stopped,External,A,Arancia Rossa 500ml,2400,0,673,0,0,False
M01,2026-09-18 10:28:31,2026-09-18 10:57:58,Running,,A,Arancia Rossa 500ml,2400,2112,1767,1037,4,False
M01,2026-09-18 10:57:58,2026-09-18 11:00:53,Stopped,External,A,Arancia Rossa 500ml,2400,0,175,0,0,False
M01,2026-09-18 11:00:53,2026-09-18 11:26:01,Running,,A,Arancia Rossa 500ml,2400,2101,1508,880,3,False
M01,2026-09-18 11:26:01,2026-09-18 12:23:41,Running,,A,Arancia Rossa 500ml,2400,2145,3460,2062,7,False
M01,2026-09-18 12:23:41,2026-09-18 12:30:49,Stopped,Starvation,A,Arancia Rossa 500ml,2400,0,428,0,0,False
M01,2026-09-18 12:30:49,2026-09-18 13:00:12,Running,,A,Arancia Rossa 500ml,2400,2142,1763,1049,5,False
M01,2026-09-18 13:00:12,2026-09-18 13:44:10,Running,,A,Arancia Rossa 500ml,2400,2112,2638,1548,7,False
M01,2026-09-18 13:44:10,2026-09-18 13:53:15,Stopped,External,A,Arancia Rossa 500ml,2400,0,545,0,0,False
M01,2026-09-18 13:53:15,2026-09-18 14:00:00,Running,,A,Arancia Rossa 500ml,2400,2083,405,234,1,False
M01,2026-09-18 14:00:00,2026-09-18 14:25:01,Stopped,Changeover,B,Lampone Zero 560ml,2200,0,1501,0,0,True
M01,2026-09-18 14:25:01,2026-09-18 15:15:09,Running,,B,Lampone Zero 560ml,2200,1932,3008,1614,6,False
M01,2026-09-18 15:15:09,2026-09-18 16:05:56,Running,,B,Lampone Zero 560ml,2200,1919,3047,1624,6,False
M01,2026-09-18 16:05:56,2026-09-18 16:11:25,Stopped,Starvation,B,Lampone Zero 560ml,2200,0,329,0,0,False
M01,2026-09-18 16:11:25,2026-09-18 16:38:41,Running,,B,Lampone Zero 560ml,2200,1918,1636,872,3,False
M01,2026-09-18 16:38:41,2026-09-18 17:30:22,Running,,B,Lampone Zero 560ml,2200,1964,3101,1692,7,False
M01,2026-09-18 17:30:22,2026-09-18 18:16:16,Running,,B,Lampone Zero 560ml,2200,1901,2754,1454,6,False
M01,2026-09-18 18:16:16,2026-09-18 18:39:39,Running,,B,Lampone Zero 560ml,2200,1917,1403,747,4,False
M01,2026-09-18 18:39:39,2026-09-18 19:30:42,Running,,B,Lampone Zero 560ml,2200,1965,3063,1672,8,False
M01,2026-09-18 19:30:42,2026-09-18 20:16:11,Running,,B,Lampone Zero 560ml,2200,1910,2729,1448,5,False
M01,2026-09-18 20:16:11,2026-09-18 21:11:15,Running,,B,Lampone Zero 560ml,2200,1928,3304,1769,7,False
M01,2026-09-18 21:11:15,2026-09-18 21:44:18,Running,,B,Lampone Zero 560ml,2200,1960,1983,1080,4,False
M01,2026-09-18 21:44:18,2026-09-18 22:00:00,Running,,B,Lampone Zero 560ml,2200,1973,942,516,2,False
M01,2026-09-18 22:00:00,2026-09-18 22:19:17,Idle,,C,Lampone Zero 560ml,2200,0,1157,0,0,False
M01,2026-09-18 22:19:17,2026-09-18 22:32:25,Idle,,C,Lampone Zero 560ml,2200,0,788,0,0,False
M01,2026-09-18 22:32:25,2026-09-18 22:36:45,Stopped,External,C,Lampone Zero 560ml,2200,0,260,0,0,False
M01,2026-09-18 22:36:45,2026-09-18 23:14:28,Running,,C,Lampone Zero 560ml,2200,1945,2263,1223,4,False
M01,2026-09-18 23:14:28,2026-09-18 23:30:19,Stopped,Starvation,C,Lampone Zero 560ml,2200,0,951,0,0,False
M01,2026-09-18 23:30:19,2026-09-18 23:33:24,Stopped,Starvation,C,Lampone Zero 560ml,2200,0,185,0,0,False
M01,2026-09-18 23:33:24,2026-09-18 23:41:59,Stopped,Starvation,C,Lampone Zero 560ml,2200,0,515,0,0,False
M01,2026-09-18 23:41:59,2026-09-19 00:00:00,Running,,C,Lampone Zero 560ml,2200,1956,1081,587,2,False
M01,2026-09-19 00:00:00,2026-09-19 00:37:46,Running,,C,Lampone Zero 560ml,2200,1780,2266,1120,5,False
M01,2026-09-19 00:37:46,2026-09-19 01:12:01,Running,,C,Lampone Zero 560ml,2200,1787,2055,1020,4,False
M01,2026-09-19 01:12:01,2026-09-19 01:35:43,Running,,C,Lampone Zero 560ml,2200,1782,1422,704,3,False
M01,2026-09-19 01:35:43,2026-09-19 01:43:52,Stopped,External,C,Lampone Zero 560ml,2200,0,489,0,0,False
M01,2026-09-19 01:43:52,2026-09-19 01:59:51,Stopped,Starvation,C,Lampone Zero 560ml,2200,0,959,0,0,False
M01,2026-09-19 01:59:51,2026-09-19 02:02:25,Stopped,Starvation,C,Lampone Zero 560ml,2200,0,154,0,0,False
M01,2026-09-19 02:02:25,2026-09-19 02:12:13,Stopped,Starvation,C,Lampone Zero 560ml,2200,0,588,0,0,False
M01,2026-09-19 02:12:13,2026-09-19 03:06:21,Running,,C,Lampone Zero 560ml,2200,1796,3248,1620,7,False
M01,2026-09-19 03:06:21,2026-09-19 03:20:48,Stopped,Starvation,C,Lampone Zero 560ml,2200,0,867,0,0,False
M01,2026-09-19 03:20:48,2026-09-19 03:36:52,Stopped,Starvation,C,Lampone Zero 560ml,2200,0,964,0,0,False
M01,2026-09-19 03:36:52,2026-09-19 04:22:29,Running,,C,Lampone Zero 560ml,2200,1784,2737,1356,4,False
M01,2026-09-19 04:22:29,2026-09-19 04:33:30,Stopped,Supplies,C,Lampone Zero 560ml,2200,0,661,0,0,False
M01,2026-09-19 04:33:30,2026-09-19 05:29:52,Running,,C,Lampone Zero 560ml,2200,1817,3382,1707,6,False
M01,2026-09-19 05:29:52,2026-09-19 05:50:55,Running,,C,Lampone Zero 560ml,2200,1810,1263,635,3,False
M01,2026-09-19 05:50:55,2026-09-19 05:59:54,Stopped,Buildup,C,Lampone Zero 560ml,2200,0,539,0,0,False
M01,2026-09-19 05:59:54,2026-09-19 06:00:00,Idle,,C,Lampone Zero 560ml,2200,0,6,0,0,False
M01,2026-09-19 06:00:00,2026-09-19 06:04:00,Stopped,External,A,Lampone Zero 560ml,2200,0,240,0,0,False
M01,2026-09-19 06:04:00,2026-09-19 06:37:44,Running,,A,Lampone Zero 560ml,2200,1778,2024,1000,3,False
M01,2026-09-19 06:37:44,2026-09-19 06:53:23,Stopped,Buildup,A,Lampone Zero 560ml,2200,0,939,0,0,False
M01,2026-09-19 06:53:23,2026-09-19 07:17:55,Running,,A,Lampone Zero 560ml,2200,1763,1472,721,2,False
M01,2026-09-19 07:17:55,2026-09-19 08:08:56,Running,,A,Lampone Zero 560ml,2200,1788,3061,1520,5,False
M01,2026-09-19 08:08:56,2026-09-19 08:40:25,Running,,A,Lampone Zero 560ml,2200,1761,1889,924,3,False
M01,2026-09-19 08:40:25,2026-09-19 09:07:18,Running,,A,Lampone Zero 560ml,2200,1766,1613,791,3,False
M01,2026-09-19 09:07:18,2026-09-19 09:28:19,Running,,A,Lampone Zero 560ml,2200,1793,1261,628,3,False
M01,2026-09-19 09:28:19,2026-09-19 10:22:28,Running,,A,Lampone Zero 560ml,2200,1798,3249,1623,7,False
M01,2026-09-19 10:22:28,2026-09-19 10:29:02,Stopped,Starvation,A,Lampone Zero 560ml,2200,0,394,0,0,False
M01,2026-09-19 10:29:02,2026-09-19 10:41:44,Idle,,A,Lampone Zero 560ml,2200,0,762,0,0,False
M01,2026-09-19 10:41:44,2026-09-19 10:50:08,Stopped,Buildup,A,Lampone Zero 560ml,2200,0,504,0,0,False
M01,2026-09-19 10:50:08,2026-09-19 11:11:08,Running,,A,Lampone Zero 560ml,2200,1798,1260,629,3,False
M01,2026-09-19 11:11:08,2026-09-19 11:58:37,Running,,A,Lampone Zero 560ml,2200,1816,2849,1437,5,False
M01,2026-09-19 11:58:37,2026-09-19 12:21:01,Running,,A,Lampone Zero 560ml,2200,1828,1344,682,3,False
M01,2026-09-19 12:21:01,2026-09-19 12:27:55,Stopped,Starvation,A,Lampone Zero 560ml,2200,0,414,0,0,False
M01,2026-09-19 12:27:55,2026-09-19 12:48:25,Running,,A,Lampone Zero 560ml,2200,1784,1230,610,2,False
M01,2026-09-19 12:48:25,2026-09-19 13:16:29,Running,,A,Lampone Zero 560ml,2200,1818,1684,850,3,False
M01,2026-09-19 13:16:29,2026-09-19 13:59:24,Running,,A,Lampone Zero 560ml,2200,1785,2575,1277,4,False
M01,2026-09-19 13:59:24,2026-09-19 14:00:00,Idle,,A,Lampone Zero 560ml,2200,0,36,0,0,False
M01,2026-09-19 14:00:00,2026-09-19 14:29:10,Stopped,Changeover,B,Arancia Rossa 500ml,2400,0,1750,0,0,True
M01,2026-09-19 14:29:10,2026-09-19 14:35:36,Stopped,Fault,B,Arancia Rossa 500ml,2400,0,386,0,0,False
M01,2026-09-19 14:35:36,2026-09-19 15:21:55,Running,,B,Arancia Rossa 500ml,2400,1956,2779,1510,6,False
M01,2026-09-19 15:21:55,2026-09-19 15:46:01,Running,,B,Arancia Rossa 500ml,2400,1962,1446,788,3,False
M01,2026-09-19 15:46:01,2026-09-19 16:11:40,Running,,B,Arancia Rossa 500ml,2400,1970,1539,842,3,False
M01,2026-09-19 16:11:40,2026-09-19 16:43:10,Running,,B,Arancia Rossa 500ml,2400,1943,1890,1020,4,False
M01,2026-09-19 16:43:10,2026-09-19 16:55:46,Stopped,External,B,Arancia Rossa 500ml,2400,0,756,0,0,False
M01,2026-09-19 16:55:46,2026-09-19 17:14:30,Idle,,B,Arancia Rossa 500ml,2400,0,1124,0,0,False
M01,2026-09-19 17:14:30,2026-09-19 17:40:53,Running,,B,Arancia Rossa 500ml,2400,1982,1583,872,3,False
M01,2026-09-19 17:40:53,2026-09-19 18:40:40,Running,,B,Arancia Rossa 500ml,2400,1972,3587,1965,6,False
M01,2026-09-19 18:40:40,2026-09-19 19:23:45,Running,,B,Arancia Rossa 500ml,2400,1944,2585,1396,6,False
M01,2026-09-19 19:23:45,2026-09-19 19:29:06,Idle,,B,Arancia Rossa 500ml,2400,0,321,0,0,False
M01,2026-09-19 19:29:06,2026-09-19 19:33:39,Stopped,Operator,B,Arancia Rossa 500ml,2400,0,273,0,0,False
M01,2026-09-19 19:33:39,2026-09-19 19:36:58,Stopped,Fault,B,Arancia Rossa 500ml,2400,0,199,0,0,False
M01,2026-09-19 19:36:58,2026-09-19 19:49:06,Stopped,Operator,B,Arancia Rossa 500ml,2400,0,728,0,0,False
M01,2026-09-19 19:49:06,2026-09-19 20:09:57,Running,,B,Arancia Rossa 500ml,2400,1939,1251,674,2,False
M01,2026-09-19 20:09:57,2026-09-19 20:53:41,Running,,B,Arancia Rossa 500ml,2400,1964,2624,1432,7,False
M01,2026-09-19 20:53:41,2026-09-19 21:33:15,Running,,B,Arancia Rossa 500ml,2400,1986,2374,1310,5,False
M01,2026-09-19 21:33:15,2026-09-19 21:40:42,Stopped,Fault,B,Arancia Rossa 500ml,2400,0,447,0,0,False
M01,2026-09-19 21:40:42,2026-09-19 22:00:00,Running,,B,Arancia Rossa 500ml,2400,1993,1158,641,3,False
M01,2026-09-19 22:00:00,2026-09-19 22:12:06,Stopped,Starvation,C,Arancia Rossa 500ml,2400,0,726,0,0,False
M01,2026-09-19 22:12:06,2026-09-19 22:34:51,Running,,C,Arancia Rossa 500ml,2400,1972,1365,748,3,False
M01,2026-09-19 22:34:51,2026-09-19 23:24:28,Running,,C,Arancia Rossa 500ml,2400,1979,2977,1637,8,False
M01,2026-09-19 23:24:28,2026-09-19 23:58:42,Running,,C,Arancia Rossa 500ml,2400,1935,2054,1104,4,False
M01,2026-09-19 23:58:42,2026-09-20 00:00:00,Idle,,C,Arancia Rossa 500ml,2400,0,78,0,0,False
M01,2026-09-20 00:00:00,2026-09-20 00:46:22,Running,,C,Arancia Rossa 500ml,2400,1816,2782,1403,5,False
M01,2026-09-20 00:46:22,2026-09-20 01:18:13,Running,,C,Arancia Rossa 500ml,2400,1862,1911,988,4,False
M01,2026-09-20 01:18:13,2026-09-20 01:41:00,Running,,C,Arancia Rossa 500ml,2400,1822,1367,692,2,False
M01,2026-09-20 01:41:00,2026-09-20 02:26:47,Running,,C,Arancia Rossa 500ml,2400,1792,2747,1367,5,False
M01,2026-09-20 02:26:47,2026-09-20 03:05:15,Running,,C,Arancia Rossa 500ml,2400,1846,2308,1183,5,False
M01,2026-09-20 03:05:15,2026-09-20 03:55:41,Running,,C,Arancia Rossa 500ml,2400,1813,3026,1524,6,False
M01,2026-09-20 03:55:41,2026-09-20 04:13:35,Idle,,C,Arancia Rossa 500ml,2400,0,1074,0,0,False
M01,2026-09-20 04:13:35,2026-09-20 04:36:48,Running,,C,Arancia Rossa 500ml,2400,1844,1393,714,2,False
M01,2026-09-20 04:36:48,2026-09-20 05:12:54,Running,,C,Arancia Rossa 500ml,2400,1857,2166,1117,4,False
M01,2026-09-20 05:12:54,2026-09-20 05:39:59,Running,,C,Arancia Rossa 500ml,2400,1848,1625,834,3,False
M01,2026-09-20 05:39:59,2026-09-20 06:00:00,Running,,C,Arancia Rossa 500ml,2400,1850,1201,617,2,False
M01,2026-09-20 06:00:00,2026-09-20 06:11:45,Stopped,Starvation,A,Arancia Rossa 500ml,2400,0,705,0,0,False
M01,2026-09-20 06:11:45,2026-09-20 07:10:52,Running,,A,Arancia Rossa 500ml,2400,1798,3547,1772,7,False
M01,2026-09-20 07:10:52,2026-09-20 07:25:03,Stopped,External,A,Arancia Rossa 500ml,2400,0,851,0,0,False
M01,2026-09-20 07:25:03,2026-09-20 08:03:11,Running,,A,Arancia Rossa 500ml,2400,1848,2288,1175,6,False
M01,2026-09-20 08:03:11,2026-09-20 08:59:12,Running,,A,Arancia Rossa 500ml,2400,1833,3361,1711,7,False
M01,2026-09-20 08:59:12,2026-09-20 09:07:40,Stopped,Buildup,A,Arancia Rossa 500ml,2400,0,508,0,0,False
M01,2026-09-20 09:07:40,2026-09-20 09:47:02,Running,,A,Arancia Rossa 500ml,2400,1817,2362,1192,5,False
M01,2026-09-20 09:47:02,2026-09-20 10:15:46,Running,,A,Arancia Rossa 500ml,2400,1812,1724,868,4,False
M01,2026-09-20 10:15:46,2026-09-20 10:57:57,Running,,A,Arancia Rossa 500ml,2400,1813,2531,1275,5,False
M01,2026-09-20 10:57:57,2026-09-20 11:12:01,Stopped,Fault,A,Arancia Rossa 500ml,2400,0,844,0,0,False
M01,2026-09-20 11:12:01,2026-09-20 11:15:21,Stopped,Starvation,A,Arancia Rossa 500ml,2400,0,200,0,0,False
M01,2026-09-20 11:15:21,2026-09-20 11:42:28,Running,,A,Arancia Rossa 500ml,2400,1836,1627,830,3,False
M01,2026-09-20 11:42:28,2026-09-20 12:34:05,Running,,A,Arancia Rossa 500ml,2400,1840,3097,1583,6,False
M01,2026-09-20 12:34:05,2026-09-20 13:00:43,Running,,A,Arancia Rossa 500ml,2400,1808,1598,803,3,False
M01,2026-09-20 13:00:43,2026-09-20 13:24:21,Running,,A,Arancia Rossa 500ml,2400,1845,1418,727,3,False
M01,2026-09-20 13:24:21,2026-09-20 13:46:10,Running,,A,Arancia Rossa 500ml,2400,1838,1309,668,2,False
M01,2026-09-20 13:46:10,2026-09-20 14:00:00,Running,,A,Arancia Rossa 500ml,2400,1812,830,418,2,False
M01,2026-09-20 14:00:00,2026-09-20 14:37:48,Stopped,Changeover,B,Lampone Zero 560ml,2200,0,2268,0,0,True
M01,2026-09-20 14:37:48,2026-09-20 15:01:30,Running,,B,Lampone Zero 560ml,2200,1694,1422,669,3,False
M01,2026-09-20 15:01:30,2026-09-20 15:44:20,Running,,B,Lampone Zero 560ml,2200,1692,2570,1208,5,False
M01,2026-09-20 15:44:20,2026-09-20 16:21:48,Running,,B,Lampone Zero 560ml,2200,1687,2248,1053,4,False
M01,2026-09-20 16:21:48,2026-09-20 16:45:13,Running,,B,Lampone Zero 560ml,2200,1659,1405,647,3,False
M01,2026-09-20 16:45:13,2026-09-20 17:09:50,Running,,B,Lampone Zero 560ml,2200,1652,1477,678,2,False
M01,2026-09-20 17:09:50,2026-09-20 17:14:38,Stopped,Starvation,B,Lampone Zero 560ml,2200,0,288,0,0,False
M01,2026-09-20 17:14:38,2026-09-20 18:03:20,Running,,B,Lampone Zero 560ml,2200,1700,2922,1380,6,False
M01,2026-09-20 18:03:20,2026-09-20 18:46:36,Running,,B,Lampone Zero 560ml,2200,1669,2596,1204,5,False
M01,2026-09-20 18:46:36,2026-09-20 19:33:25,Running,,B,Lampone Zero 560ml,2200,1706,2809,1331,6,False
M01,2026-09-20 19:33:25,2026-09-20 19:39:47,Stopped,Starvation,B,Lampone Zero 560ml,2200,0,382,0,0,False
M01,2026-09-20 19:39:47,2026-09-20 19:52:45,Stopped,Operator,B,Lampone Zero 560ml,2200,0,778,0,0,False
M01,2026-09-20 19:52:45,2026-09-20 20:50:20,Running,,B,Lampone Zero 560ml,2200,1692,3455,1624,6,False
M01,2026-09-20 20:50:20,2026-09-20 21:26:28,Running,,B,Lampone Zero 560ml,2200,1680,2168,1012,3,False
M01,2026-09-20 21:26:28,2026-09-20 21:51:36,Running,,B,Lampone Zero 560ml,2200,1645,1508,689,3,False
M01,2026-09-20 21:51:36,2026-09-20 21:55:26,Stopped,External,B,Lampone Zero 560ml,2200,0,230,0,0,False
M01,2026-09-20 21:55:26,2026-09-20 22:00:00,Idle,,B,Lampone Zero 560ml,2200,0,274,0,0,False
M01,2026-09-20 22:00:00,2026-09-20 22:07:33,Stopped,Buildup,C,Lampone Zero 560ml,2200,0,453,0,0,False
M01,2026-09-20 22:07:33,2026-09-20 23:06:42,Running,,C,Lampone Zero 560ml,2200,1706,3549,1682,6,False
M01,2026-09-20 23:06:42,2026-09-20 23:41:11,Running,,C,Lampone Zero 560ml,2200,1654,2069,951,5,False
M01,2026-09-20 23:41:11,2026-09-20 23:47:09,Idle,,C,Lampone Zero 560ml,2200,0,358,0,0,False
M01,2026-09-20 23:47:09,2026-09-20 23:51:48,Stopped,External,C,Lampone Zero 560ml,2200,0,279,0,0,False
M01,2026-09-20 23:51:48,2026-09-20 23:56:56,Idle,,C,Lampone Zero 560ml,2200,0,308,0,0,False
M01,2026-09-20 23:56:56,2026-09-21 00:00:00,Idle,,C,Lampone Zero 560ml,2200,0,184,0,0,False
M01,2026-09-21 00:00:00,2026-09-21 00:55:41,Running,,C,Lampone Zero 560ml,2200,2001,3341,1857,9,False
M01,2026-09-21 00:55:41,2026-09-21 01:25:03,Running,,C,Lampone Zero 560ml,2200,1951,1762,955,3,False
M01,2026-09-21 01:25:03,2026-09-21 02:22:04,Running,,C,Lampone Zero 560ml,2200,1960,3421,1863,9,False
M01,2026-09-21 02:22:04,2026-09-21 02:55:32,Running,,C,Lampone Zero 560ml,2200,1969,2008,1098,4,False
M01,2026-09-21 02:55:32,2026-09-21 02:59:44,Stopped,Buildup,C,Lampone Zero 560ml,2200,0,252,0,0,False
M01,2026-09-21 02:59:44,2026-09-21 03:26:49,Running,,C,Lampone Zero 560ml,2200,2002,1625,904,3,False
M01,2026-09-21 03:26:49,2026-09-21 04:15:34,Running,,C,Lampone Zero 560ml,2200,2018,2925,1640,6,False
M01,2026-09-21 04:15:34,2026-09-21 04:37:26,Running,,C,Lampone Zero 560ml,2200,2001,1312,729,2,False
M01,2026-09-21 04:37:26,2026-09-21 04:48:57,Stopped,Buildup,C,Lampone Zero 560ml,2200,0,691,0,0,False
M01,2026-09-21 04:48:57,2026-09-21 05:13:18,Running,,C,Lampone Zero 560ml,2200,2001,1461,812,3,False
M01,2026-09-21 05:13:18,2026-09-21 05:36:49,Running,,C,Lampone Zero 560ml,2200,1993,1411,781,3,False
M01,2026-09-21 05:36:49,2026-09-21 05:46:27,Stopped,Supplies,C,Lampone Zero 560ml,2200,0,578,0,0,False
M01,2026-09-21 05:46:27,2026-09-21 06:00:00,Running,,C,Lampone Zero 560ml,2200,1964,813,444,2,False
M01,2026-09-21 06:00:00,2026-09-21 06:42:29,Running,,A,Lampone Zero 560ml,2200,1983,2549,1404,5,False
M01,2026-09-21 06:42:29,2026-09-21 07:36:35,Running,,A,Lampone Zero 560ml,2200,1959,3246,1766,7,False
M01,2026-09-21 07:36:35,2026-09-21 08:01:56,Running,,A,Lampone Zero 560ml,2200,1992,1521,842,4,False
M01,2026-09-21 08:01:56,2026-09-21 08:23:46,Running,,A,Lampone Zero 560ml,2200,1962,1310,714,2,False
M01,2026-09-21 08:23:46,2026-09-21 08:30:37,Stopped,Starvation,A,Lampone Zero 560ml,2200,0,411,0,0,False
M01,2026-09-21 08:30:37,2026-09-21 09:06:59,Running,,A,Lampone Zero 560ml,2200,1959,2182,1187,5,False
M01,2026-09-21 09:06:59,2026-09-21 09:15:28,Stopped,Starvation,A,Lampone Zero 560ml,2200,0,509,0,0,False
M01,2026-09-21 09:15:28,2026-09-21 09:43:13,Running,,A,Lampone Zero 560ml,2200,1956,1665,905,3,False
M01,2026-09-21 09:43:13,2026-09-21 09:50:03,Idle,,A,Lampone Zero 560ml,2200,0,410,0,0,False
M01,2026-09-21 09:50:03,2026-09-21 10:21:12,Running,,A,Lampone Zero 560ml,2200,1979,1869,1027,4,False
M01,2026-09-21 10:21:12,2026-09-21 10:52:31,Running,,A,Lampone Zero 560ml,2200,1956,1879,1021,3,False
M01,2026-09-21 10:52:31,2026-09-21 11:52:08,Running,,A,Lampone Zero 560ml,2200,1961,3577,1948,8,False
M01,2026-09-21 11:52:08,2026-09-21 12:13:11,Running,,A,Lampone Zero 560ml,2200,2014,1263,707,2,False
M01,2026-09-21 12:13:11,2026-09-21 12:42:50,Running,,A,Lampone Zero 560ml,2200,1956,1779,967,4,False
M01,2026-09-21 12:42:50,2026-09-21 13:16:41,Running,,A,Lampone Zero 560ml,2200,2019,2031,1139,4,False
M01,2026-09-21 13:16:41,2026-09-21 13:47:35,Running,,A,Lampone Zero 560ml,2200,1982,1854,1021,3,False
M01,2026-09-21 13:47:35,2026-09-21 14:00:00,Running,,A,Lampone Zero 560ml,2200,1985,745,411,2,False
M01,2026-09-21 14:00:00,2026-09-21 14:29:50,Stopped,Changeover,B,Arancia Rossa 500ml,2400,0,1790,0,0,True
M01,2026-09-21 14:29:50,2026-09-21 15:18:41,Running,,B,Arancia Rossa 500ml,2400,2214,2931,1803,7,False
M01,2026-09-21 15:18:41,2026-09-21 15:45:31,Running,,B,Arancia Rossa 500ml,2400,2166,1610,969,4,False
M01,2026-09-21 15:45:31,2026-09-21 16:37:51,Running,,B,Arancia Rossa 500ml,2400,2143,3140,1869,6,False
M01,2026-09-21 16:37:51,2026-09-21 16:52:21,Idle,,B,Arancia Rossa 500ml,2400,0,870,0,0,False
M01,2026-09-21 16:52:21,2026-09-21 17:36:46,Running,,B,Arancia Rossa 500ml,2400,2130,2665,1577,7,False
M01,2026-09-21 17:36:46,2026-09-21 18:27:47,Running,,B,Arancia Rossa 500ml,2400,2150,3061,1828,8,False
M01,2026-09-21 18:27:47,2026-09-21 19:01:19,Running,,B,Arancia Rossa 500ml,2400,2175,2012,1216,5,False
M01,2026-09-21 19:01:19,2026-09-21 19:34:13,Running,,B,Arancia Rossa 500ml,2400,2137,1974,1172,6,False
M01,2026-09-21 19:34:13,2026-09-21 19:48:31,Stopped,Starvation,B,Arancia Rossa 500ml,2400,0,858,0,0,False
M01,2026-09-21 19:48:31,2026-09-21 20:10:54,Running,,B,Arancia Rossa 500ml,2400,2210,1343,824,3,False
M01,2026-09-21 20:10:54,2026-09-21 20:38:19,Running,,B,Arancia Rossa 500ml,2400,2184,1645,998,3,False
M01,2026-09-21 20:38:19,2026-09-21 21:19:34,Running,,B,Arancia Rossa 500ml,2400,2177,2475,1497,6,False
M01,2026-09-21 21:19:34,2026-09-21 21:46:04,Running,,B,Arancia Rossa 500ml,2400,2133,1590,942,4,False
M01,2026-09-21 21:46:04,2026-09-21 22:00:00,Running,,B,Arancia Rossa 500ml,2400,2168,836,503,2,False
M01,2026-09-21 22:00:00,2026-09-21 22:52:05,Running,,C,Arancia Rossa 500ml,2400,2154,3125,1870,7,False
M01,2026-09-21 22:52:05,2026-09-21 23:29:16,Running,,C,Arancia Rossa 500ml,2400,2169,2231,1344,5,False
M01,2026-09-21 23:29:16,2026-09-21 23:53:18,Running,,C,Arancia Rossa 500ml,2400,2209,1442,885,3,False
M01,2026-09-21 23:53:18,2026-09-22 00:00:00,Running,,C,Arancia Rossa 500ml,2400,2129,402,238,1,False
M01,2026-09-22 00:00:00,2026-09-22 00:28:19,Running,,C,Arancia Rossa 500ml,2400,2208,1699,1042,5,False
M01,2026-09-22 00:28:19,2026-09-22 01:22:05,Running,,C,Arancia Rossa 500ml,2400,2139,3226,1917,8,False
M01,2026-09-22 01:22:05,2026-09-22 01:46:28,Running,,C,Arancia Rossa 500ml,2400,2138,1463,869,3,False
M01,2026-09-22 01:46:28,2026-09-22 02:35:00,Running,,C,Arancia Rossa 500ml,2400,2166,2912,1752,7,False
M01,2026-09-22 02:35:00,2026-09-22 02:37:02,Stopped,External,C,Arancia Rossa 500ml,2400,0,122,0,0,False
M01,2026-09-22 02:37:02,2026-09-22 02:47:08,Stopped,Buildup,C,Arancia Rossa 500ml,2400,0,606,0,0,False
M01,2026-09-22 02:47:08,2026-09-22 03:34:05,Running,,C,Arancia Rossa 500ml,2400,2206,2817,1726,8,False
M01,2026-09-22 03:34:05,2026-09-22 03:38:00,Stopped,Starvation,C,Arancia Rossa 500ml,2400,0,235,0,0,False
M01,2026-09-22 03:38:00,2026-09-22 04:26:18,Running,,C,Arancia Rossa 500ml,2400,2208,2898,1777,8,False
M01,2026-09-22 04:26:18,2026-09-22 05:08:59,Running,,C,Arancia Rossa 500ml,2400,2159,2561,1536,7,False
M01,2026-09-22 05:08:59,2026-09-22 05:44:11,Running,,C,Arancia Rossa 500ml,2400,2194,2112,1287,5,False
M01,2026-09-22 05:44:11,2026-09-22 06:00:00,Running,,C,Arancia Rossa 500ml,2400,2143,949,565,2,False
M01,2026-09-22 06:00:00,2026-09-22 07:02:22,Stopped,Maintenance,A,Arancia Rossa 500ml,2400,0,3742,0,0,True
M01,2026-09-22 07:02:22,2026-09-22 07:33:49,Running,,A,Arancia Rossa 500ml,2400,2137,1887,1120,5,False
M01,2026-09-22 07:33:49,2026-09-22 07:42:08,Stopped,Buildup,A,Arancia Rossa 500ml,2400,0,499,0,0,False
M01,2026-09-22 07:42:08,2026-09-22 07:56:42,Stopped,Starvation,A,Arancia Rossa 500ml,2400,0,874,0,0,False
M01,2026-09-22 07:56:42,2026-09-22 08:01:12,Stopped,Starvation,A,Arancia Rossa 500ml,2400,0,270,0,0,False
M01,2026-09-22 08:01:12,2026-09-22 08:21:45,Running,,A,Arancia Rossa 500ml,2400,2202,1233,754,3,False
M01,2026-09-22 08:21:45,2026-09-22 08:38:02,Stopped,Starvation,A,Arancia Rossa 500ml,2400,0,977,0,0,False
M01,2026-09-22 08:38:02,2026-09-22 09:18:25,Running,,A,Arancia Rossa 500ml,2400,2136,2423,1438,6,False
M01,2026-09-22 09:18:25,2026-09-22 10:05:04,Running,,A,Arancia Rossa 500ml,2400,2155,2799,1676,8,False
M01,2026-09-22 10:05:04,2026-09-22 10:19:51,Stopped,Buildup,A,Arancia Rossa 500ml,2400,0,887,0,0,False
M01,2026-09-22 10:19:51,2026-09-22 10:46:44,Running,,A,Arancia Rossa 500ml,2400,2167,1613,971,4,False
M01,2026-09-22 10:46:44,2026-09-22 11:31:51,Running,,A,Arancia Rossa 500ml,2400,2163,2707,1626,6,False
M01,2026-09-22 11:31:51,2026-09-22 12:02:31,Running,,A,Arancia Rossa 500ml,2400,2153,1840,1100,4,False
M01,2026-09-22 12:02:31,2026-09-22 12:44:50,Running,,A,Arancia Rossa 500ml,2400,2125,2539,1499,6,False
M01,2026-09-22 12:44:50,2026-09-22 13:29:09,Running,,A,Arancia Rossa 500ml,2400,2149,2659,1587,6,False
M01,2026-09-22 13:29:09,2026-09-22 13:43:14,Stopped,External,A,Arancia Rossa 500ml,2400,0,845,0,0,False
M01,2026-09-22 13:43:14,2026-09-22 14:00:00,Running,,A,Arancia Rossa 500ml,2400,2187,1006,611,2,False
M01,2026-09-22 14:00:00,2026-09-22 14:15:31,Stopped,Changeover,B,Lampone Zero 560ml,2200,0,931,0,0,True
M01,2026-09-22 14:15:31,2026-09-22 14:59:02,Running,,B,Lampone Zero 560ml,2200,1967,2611,1427,6,False
M01,2026-09-22 14:59:02,2026-09-22 15:36:20,Running,,B,Lampone Zero 560ml,2200,1947,2238,1210,5,False
M01,2026-09-22 15:36:20,2026-09-22 15:48:32,Stopped,Starvation,B,Lampone Zero 560ml,2200,0,732,0,0,False
M01,2026-09-22 15:48:32,2026-09-22 16:13:43,Running,,B,Lampone Zero 560ml,2200,1974,1511,829,4,False
M01,2026-09-22 16:13:43,2026-09-22 16:35:04,Running,,B,Lampone Zero 560ml,2200,2019,1281,718,3,False
M01,2026-09-22 16:35:04,2026-09-22 17:16:53,Running,,B,Lampone Zero 560ml,2200,2020,2509,1408,5,False
M01,2026-09-22 17:16:53,2026-09-22 17:56:47,Running,,B,Lampone Zero 560ml,2200,1951,2394,1297,5,False
M01,2026-09-22 17:56:47,2026-09-22 18:20:23,Running,,B,Lampone Zero 560ml,2200,2002,1416,787,3,False
M01,2026-09-22 18:20:23,2026-09-22 19:17:56,Running,,B,Lampone Zero 560ml,2200,1967,3453,1887,6,False
M01,2026-09-22 19:17:56,2026-09-22 19:31:06,Stopped,Fault,B,Lampone Zero 560ml,2200,0,790,0,0,False
M01,2026-09-22 19:31:06,2026-09-22 20:29:32,Running,,B,Lampone Zero 560ml,2200,1980,3506,1928,8,False
M01,2026-09-22 20:29:32,2026-09-22 20:37:19,Stopped,External,B,Lampone Zero 560ml,2200,0,467,0,0,False
M01,2026-09-22 20:37:19,2026-09-22 21:02:13,Running,,B,Lampone Zero 560ml,2200,2026,1494,841,3,False
M01,2026-09-22 21:02:13,2026-09-22 21:11:46,Stopped,Starvation,B,Lampone Zero 560ml,2200,0,573,0,0,False
M01,2026-09-22 21:11:46,2026-09-22 21:45:31,Running,,B,Lampone Zero 560ml,2200,1997,2025,1123,5,False
M01,2026-09-22 21:45:31,2026-09-22 22:00:00,Running,,B,Lampone Zero 560ml,2200,1988,869,480,2,False
M01,2026-09-22 22:00:00,2026-09-22 22:29:10,Running,,C,Lampone Zero 560ml,2200,2016,1750,980,5,False
M01,2026-09-22 22:29:10,2026-09-22 23:28:48,Running,,C,Lampone Zero 560ml,2200,1966,3578,1954,8,False
M01,2026-09-22 23:28:48,2026-09-22 23:53:27,Running,,C,Lampone Zero 560ml,2200,1953,1479,802,3,False
M01,2026-09-22 23:53:27,2026-09-23 00:00:00,Running,,C,Lampone Zero 560ml,2200,1948,393,213,1,False
M01,2026-09-23 00:00:00,2026-09-23 00:06:40,Stopped,Starvation,C,Lampone Zero 560ml,2200,0,400,0,0,False
M01,2026-09-23 00:06:40,2026-09-23 00:17:56,Stopped,Buildup,C,Lampone Zero 560ml,2200,0,676,0,0,False
M01,2026-09-23 00:17:56,2026-09-23 00:32:17,Stopped,External,C,Lampone Zero 560ml,2200,0,861,0,0,False
M01,2026-09-23 00:32:17,2026-09-23 01:26:16,Running,,C,Lampone Zero 560ml,2200,1950,3239,1754,8,False
M01,2026-09-23 01:26:16,2026-09-23 01:34:03,Stopped,Fault,C,Lampone Zero 560ml,2200,0,467,0,0,False
M01,2026-09-23 01:34:03,2026-09-23 02:05:17,Running,,C,Lampone Zero 560ml,2200,1952,1874,1016,3,False
M01,2026-09-23 02:05:17,2026-09-23 02:57:50,Running,,C,Lampone Zero 560ml,2200,1996,3153,1748,8,False
M01,2026-09-23 02:57:50,2026-09-23 03:41:08,Running,,C,Lampone Zero 560ml,2200,1988,2598,1435,5,False
M01,2026-09-23 03:41:08,2026-09-23 04:41:06,Running,,C,Lampone Zero 560ml,2200,1972,3598,1971,7,False
M01,2026-09-23 04:41:06,2026-09-23 05:33:45,Running,,C,Lampone Zero 560ml,2200,2000,3159,1755,6,False
M01,2026-09-23 05:33:45,2026-09-23 05:45:59,Idle,,C,Lampone Zero 560ml,2200,0,734,0,0,False
M01,2026-09-23 05:45:59,2026-09-23 05:54:25,Stopped,Starvation,C,Lampone Zero 560ml,2200,0,506,0,0,False
M01,2026-09-23 05:54:25,2026-09-23 06:00:00,Running,,C,Lampone Zero 560ml,2200,1960,335,182,1,False
M01,2026-09-23 06:00:00,2026-09-23 06:02:09,Stopped,Buildup,A,Lampone Zero 560ml,2200,0,129,0,0,False
M01,2026-09-23 06:02:09,2026-09-23 06:22:47,Running,,A,Lampone Zero 560ml,2200,1962,1238,675,3,False
M01,2026-09-23 06:22:47,2026-09-23 06:57:26,Running,,A,Lampone Zero 560ml,2200,1963,2079,1134,4,False
M01,2026-09-23 06:57:26,2026-09-23 07:34:11,Running,,A,Lampone Zero 560ml,2200,1976,2205,1210,4,False
M01,2026-09-23 07:34:11,2026-09-23 07:56:01,Running,,A,Lampone Zero 560ml,2200,2020,1310,735,3,False
M01,2026-09-23 07:56:01,2026-09-23 08:46:17,Running,,A,Lampone Zero 560ml,2200,1944,3016,1629,8,False
M01,2026-09-23 08:46:17,2026-09-23 08:57:40,Idle,,A,Lampone Zero 560ml,2200,0,683,0,0,False
M01,2026-09-23 08:57:40,2026-09-23 09:03:56,Stopped,Operator,A,Lampone Zero 560ml,2200,0,376,0,0,False
M01,2026-09-23 09:03:56,2026-09-23 09:14:13,Stopped,Starvation,A,Lampone Zero 560ml,2200,0,617,0,0,False
M01,2026-09-23 09:14:13,2026-09-23 10:09:46,Running,,A,Lampone Zero 560ml,2200,1996,3333,1848,8,False
M01,2026-09-23 10:09:46,2026-09-23 10:31:16,Running,,A,Lampone Zero 560ml,2200,1953,1290,700,3,False
M01,2026-09-23 10:31:16,2026-09-23 11:00:08,Running,,A,Lampone Zero 560ml,2200,2012,1732,968,4,False
M01,2026-09-23 11:00:08,2026-09-23 11:07:18,Stopped,Starvation,A,Lampone Zero 560ml,2200,0,430,0,0,False
M01,2026-09-23 11:07:18,2026-09-23 11:13:51,Stopped,Buildup,A,Lampone Zero 560ml,2200,0,393,0,0,False
M01,2026-09-23 11:13:51,2026-09-23 11:42:49,Running,,A,Lampone Zero 560ml,2200,2001,1738,966,3,False
M01,2026-09-23 11:42:49,2026-09-23 12:32:55,Running,,A,Lampone Zero 560ml,2200,1994,3006,1665,6,False
M01,2026-09-23 12:32:55,2026-09-23 13:22:55,Running,,A,Lampone Zero 560ml,2200,2008,3000,1673,6,False
M01,2026-09-23 13:22:55,2026-09-23 13:45:11,Running,,A,Lampone Zero 560ml,2200,1998,1336,741,3,False
M01,2026-09-23 13:45:11,2026-09-23 13:54:42,Idle,,A,Lampone Zero 560ml,2200,0,571,0,0,False
M01,2026-09-23 13:54:42,2026-09-23 14:00:00,Running,,A,Lampone Zero 560ml,2200,2005,318,177,1,False
M01,2026-09-23 14:00:00,2026-09-23 14:18:43,Stopped,Changeover,B,Arancia Rossa 500ml,2400,0,1123,0,0,True
M01,2026-09-23 14:18:43,2026-09-23 14:59:01,Running,,B,Arancia Rossa 500ml,2400,2122,2418,1425,6,False
M01,2026-09-23 14:59:01,2026-09-23 15:03:16,Stopped,Starvation,B,Arancia Rossa 500ml,2400,0,255,0,0,False
M01,2026-09-23 15:03:16,2026-09-23 15:16:45,Stopped,Starvation,B,Arancia Rossa 500ml,2400,0,809,0,0,False
M01,2026-09-23 15:16:45,2026-09-23 16:16:15,Running,,B,Arancia Rossa 500ml,2400,2167,3570,2149,8,False
M01,2026-09-23 16:16:15,2026-09-23 16:32:08,Stopped,Starvation,B,Arancia Rossa 500ml,2400,0,953,0,0,False
M01,2026-09-23 16:32:08,2026-09-23 17:03:53,Running,,B,Arancia Rossa 500ml,2400,2204,1905,1166,5,False
M01,2026-09-23 17:03:53,2026-09-23 17:06:27,Stopped,Fault,B,Arancia Rossa 500ml,2400,0,154,0,0,False
M01,2026-09-23 17:06:27,2026-09-23 17:14:57,Stopped,External,B,Arancia Rossa 500ml,2400,0,510,0,0,False
M01,2026-09-23 17:14:57,2026-09-23 17:26:30,Stopped,Supplies,B,Arancia Rossa 500ml,2400,0,693,0,0,False
M01,2026-09-23 17:26:30,2026-09-23 18:25:49,Running,,B,Arancia Rossa 500ml,2400,2129,3559,2105,9,False
M01,2026-09-23 18:25:49,2026-09-23 19:07:39,Running,,B,Arancia Rossa 500ml,2400,2202,2510,1535,5,False
M01,2026-09-23 19:07:39,2026-09-23 20:02:55,Running,,B,Arancia Rossa 500ml,2400,2187,3316,2014,7,False
M01,2026-09-23 20:02:55,2026-09-23 20:30:03,Running,,B,Arancia Rossa 500ml,2400,2137,1628,966,3,False
M01,2026-09-23 20:30:03,2026-09-23 20:35:07,Stopped,Starvation,B,Arancia Rossa 500ml,2400,0,304,0,0,False
M01,2026-09-23 20:35:07,2026-09-23 21:31:25,Running,,B,Arancia Rossa 500ml,2400,2163,3378,2030,8,False
M01,2026-09-23 21:31:25,2026-09-23 21:35:48,Stopped,External,B,Arancia Rossa 500ml,2400,0,263,0,0,False
M01,2026-09-23 21:35:48,2026-09-23 21:59:48,Running,,B,Arancia Rossa 500ml,2400,2145,1440,858,3,False
M01,2026-09-23 21:59:48,2026-09-23 22:00:00,Idle,,B,Arancia Rossa 500ml,2400,0,12,0,0,False
M01,2026-09-23 22:00:00,2026-09-23 22:08:05,Stopped,Starvation,C,Arancia Rossa 500ml,2400,0,485,0,0,False
M01,2026-09-23 22:08:05,2026-09-23 22:43:17,Running,,C,Arancia Rossa 500ml,2400,2143,2112,1257,6,False
M01,2026-09-23 22:43:17,2026-09-23 23:41:14,Running,,C,Arancia Rossa 500ml,2400,2145,3477,2072,10,False
M01,2026-09-23 23:41:14,2026-09-24 00:00:00,Running,,C,Arancia Rossa 500ml,2400,2162,1126,676,3,False
M01,2026-09-24 00:00:00,2026-09-24 00:22:27,Running,,C,Arancia Rossa 500ml,2400,2165,1347,810,3,False
M01,2026-09-24 00:22:27,2026-09-24 00:43:39,Running,,C,Arancia Rossa 500ml,2400,2200,1272,777,3,False
M01,2026-09-24 00:43:39,2026-09-24 01:35:12,Running,,C,Arancia Rossa 500ml,2400,2201,3093,1891,9,False
M01,2026-09-24 01:35:12,2026-09-24 02:15:33,Running,,C,Arancia Rossa 500ml,2400,2119,2421,1425,5,False
M01,2026-09-24 02:15:33,2026-09-24 02:48:52,Running,,C,Arancia Rossa 500ml,2400,2161,1999,1200,5,False
M01,2026-09-24 02:48:52,2026-09-24 03:35:13,Running,,C,Arancia Rossa 500ml,2400,2160,2781,1669,6,False
M01,2026-09-24 03:35:13,2026-09-24 04:34:18,Running,,C,Arancia Rossa 500ml,2400,2122,3545,2090,9,False
M01,2026-09-24 04:34:18,2026-09-24 04:48:13,Idle,,C,Arancia Rossa 500ml,2400,0,835,0,0,False
M01,2026-09-24 04:48:13,2026-09-24 05:04:39,Stopped,External,C,Arancia Rossa 500ml,2400,0,986,0,0,False
M01,2026-09-24 05:04:39,2026-09-24 05:55:17,Running,,C,Arancia Rossa 500ml,2400,2160,3038,1823,6,False
M01,2026-09-24 05:55:17,2026-09-24 06:00:00,Idle,,C,Arancia Rossa 500ml,2400,0,283,0,0,False
M01,2026-09-24 06:00:00,2026-09-24 06:08:39,Stopped,Starvation,A,Arancia Rossa 500ml,2400,0,519,0,0,False
M01,2026-09-24 06:08:39,2026-09-24 06:18:03,Stopped,Starvation,A,Arancia Rossa 500ml,2400,0,564,0,0,False
M01,2026-09-24 06:18:03,2026-09-24 06:51:39,Running,,A,Arancia Rossa 500ml,2400,2171,2016,1216,4,False
M01,2026-09-24 06:51:39,2026-09-24 07:44:39,Running,,A,Arancia Rossa 500ml,2400,2121,3180,1874,8,False
M01,2026-09-24 07:44:39,2026-09-24 08:39:14,Running,,A,Arancia Rossa 500ml,2400,2136,3275,1943,7,False
M01,2026-09-24 08:39:14,2026-09-24 09:28:46,Running,,A,Arancia Rossa 500ml,2400,2190,2972,1808,8,False
M01,2026-09-24 09:28:46,2026-09-24 09:50:18,Running,,A,Arancia Rossa 500ml,2400,2137,1292,767,3,False
M01,2026-09-24 09:50:18,2026-09-24 10:41:49,Running,,A,Arancia Rossa 500ml,2400,2158,3091,1853,6,False
M01,2026-09-24 10:41:49,2026-09-24 11:36:20,Running,,A,Arancia Rossa 500ml,2400,2184,3271,1984,8,False
M01,2026-09-24 11:36:20,2026-09-24 11:57:06,Running,,A,Arancia Rossa 500ml,2400,2122,1246,734,3,False
M01,2026-09-24 11:57:06,2026-09-24 12:07:33,Stopped,Operator,A,Arancia Rossa 500ml,2400,0,627,0,0,False
M01,2026-09-24 12:07:33,2026-09-24 12:39:13,Running,,A,Arancia Rossa 500ml,2400,2142,1900,1130,4,False
M01,2026-09-24 12:39:13,2026-09-24 13:13:20,Running,,A,Arancia Rossa 500ml,2400,2150,2047,1223,4,False
M01,2026-09-24 13:13:20,2026-09-24 13:23:27,Stopped,Starvation,A,Arancia Rossa 500ml,2400,0,607,0,0,False
M01,2026-09-24 13:23:27,2026-09-24 13:51:19,Running,,A,Arancia Rossa 500ml,2400,2154,1672,1000,5,False
M01,2026-09-24 13:51:19,2026-09-24 14:00:00,Running,,A,Arancia Rossa 500ml,2400,2157,521,312,1,False
M01,2026-09-24 14:00:00,2026-09-24 14:15:12,Stopped,Changeover,B,Lampone Zero 560ml,2200,0,912,0,0,True
M01,2026-09-24 14:15:12,2026-09-24 14:40:16,Running,,B,Lampone Zero 560ml,2200,2019,1504,843,4,False
M01,2026-09-24 14:40:16,2026-09-24 14:56:47,Stopped,Fault,B,Lampone Zero 560ml,2200,0,991,0,0,False
M01,2026-09-24 14:56:47,2026-09-24 15:12:08,Stopped,Buildup,B,Lampone Zero 560ml,2200,0,921,0,0,False
M01,2026-09-24 15:12:08,2026-09-24 15:42:30,Running,,B,Lampone Zero 560ml,2200,1959,1822,991,3,False
M01,2026-09-24 15:42:30,2026-09-24 16:30:43,Running,,B,Lampone Zero 560ml,2200,1957,2893,1573,5,False
M01,2026-09-24 16:30:43,2026-09-24 17:04:59,Running,,B,Lampone Zero 560ml,2200,1966,2056,1123,5,False
M01,2026-09-24 17:04:59,2026-09-24 17:17:55,Stopped,Buildup,B,Lampone Zero 560ml,2200,0,776,0,0,False
M01,2026-09-24 17:17:55,2026-09-24 17:33:32,Stopped,External,B,Lampone Zero 560ml,2200,0,937,0,0,False
M01,2026-09-24 17:33:32,2026-09-24 17:43:20,Stopped,Starvation,B,Lampone Zero 560ml,2200,0,588,0,0,False
M01,2026-09-24 17:43:20,2026-09-24 17:54:40,Stopped,Starvation,B,Lampone Zero 560ml,2200,0,680,0,0,False
M01,2026-09-24 17:54:40,2026-09-24 18:38:51,Running,,B,Lampone Zero 560ml,2200,1981,2651,1459,6,False
M01,2026-09-24 18:38:51,2026-09-24 18:48:48,Stopped,External,B,Lampone Zero 560ml,2200,0,597,0,0,False
M01,2026-09-24 18:48:48,2026-09-24 19:33:36,Running,,B,Lampone Zero 560ml,2200,2005,2688,1497,5,False
M01,2026-09-24 19:33:36,2026-09-24 19:38:27,Stopped,Buildup,B,Lampone Zero 560ml,2200,0,291,0,0,False
M01,2026-09-24 19:38:27,2026-09-24 20:24:21,Running,,B,Lampone Zero 560ml,2200,1949,2754,1491,6,False
M01,2026-09-24 20:24:21,2026-09-24 20:54:00,Running,,B,Lampone Zero 560ml,2200,2012,1779,994,4,False
M01,2026-09-24 20:54:00,2026-09-24 21:01:14,Stopped,Starvation,B,Lampone Zero 560ml,2200,0,434,0,0,False
M01,2026-09-24 21:01:14,2026-09-24 21:18:44,Idle,,B,Lampone Zero 560ml,2200,0,1050,0,0,False
M01,2026-09-24 21:18:44,2026-09-24 21:57:42,Running,,B,Lampone Zero 560ml,2200,1963,2338,1275,5,False
M01,2026-09-24 21:57:42,2026-09-24 22:00:00,Idle,,B,Lampone Zero 560ml,2200,0,138,0,0,False
M01,2026-09-24 22:00:00,2026-09-24 22:34:21,Stopped,Changeover,C,Arancia Rossa 500ml,2400,0,2061,0,0,True
M01,2026-09-24 22:34:21,2026-09-24 23:30:52,Running,,C,Arancia Rossa 500ml,2400,2161,3391,2036,8,False
M01,2026-09-24 23:30:52,2026-09-24 23:58:52,Running,,C,Arancia Rossa 500ml,2400,2202,1680,1028,5,False
M01,2026-09-24 23:58:52,2026-09-25 00:00:00,Idle,,C,Arancia Rossa 500ml,2400,0,68,0,0,False
M01,2026-09-25 00:00:00,2026-09-25 00:05:06,Stopped,Fault,C,Arancia Rossa 500ml,2400,0,306,0,0,False
M01,2026-09-25 00:05:06,2026-09-25 00:44:48,Running,,C,Arancia Rossa 500ml,2400,2086,2382,1380,6,False
M01,2026-09-25 00:44:48,2026-09-25 01:26:39,Running,,C,Arancia Rossa 500ml,2400,2097,2511,1463,5,False
M01,2026-09-25 01:26:39,2026-09-25 02:13:46,Running,,C,Arancia Rossa 500ml,2400,2125,2827,1669,6,False
M01,2026-09-25 02:13:46,2026-09-25 02:26:51,Stopped,External,C,Arancia Rossa 500ml,2400,0,785,0,0,False
M01,2026-09-25 02:26:51,2026-09-25 03:07:03,Running,,C,Arancia Rossa 500ml,2400,2051,2412,1374,6,False
M01,2026-09-25 03:07:03,2026-09-25 03:54:23,Running,,C,Arancia Rossa 500ml,2400,2118,2840,1671,7,False
M01,2026-09-25 03:54:23,2026-09-25 04:50:32,Running,,C,Arancia Rossa 500ml,2400,2071,3369,1938,6,False
M01,2026-09-25 04:50:32,2026-09-25 05:12:03,Running,,C,Arancia Rossa 500ml,2400,2130,1291,764,4,False
M01,2026-09-25 05:12:03,2026-09-25 05:23:40,Idle,,C,Arancia Rossa 500ml,2400,0,697,0,0,False
M01,2026-09-25 05:23:40,2026-09-25 05:26:29,Stopped,Buildup,C,Arancia Rossa 500ml,2400,0,169,0,0,False
M01,2026-09-25 05:26:29,2026-09-25 05:54:20,Running,,C,Arancia Rossa 500ml,2400,2119,1671,984,4,False
M01,2026-09-25 05:54:20,2026-09-25 06:00:00,Running,,C,Arancia Rossa 500ml,2400,2060,340,195,1,False
M01,2026-09-25 06:00:00,2026-09-25 06:27:06,Stopped,Changeover,A,Lampone Zero 560ml,2200,0,1626,0,0,True
M01,2026-09-25 06:27:06,2026-09-25 06:35:09,Stopped,External,A,Lampone Zero 560ml,2200,0,483,0,0,False
M01,2026-09-25 06:35:09,2026-09-25 06:48:54,Stopped,Operator,A,Lampone Zero 560ml,2200,0,825,0,0,False
M01,2026-09-25 06:48:54,2026-09-25 07:35:50,Running,,A,Lampone Zero 560ml,2200,1923,2816,1504,6,False
M01,2026-09-25 07:35:50,2026-09-25 07:43:24,Idle,,A,Lampone Zero 560ml,2200,0,454,0,0,False
M01,2026-09-25 07:43:24,2026-09-25 08:36:38,Running,,A,Lampone Zero 560ml,2200,1941,3194,1722,8,False
M01,2026-09-25 08:36:38,2026-09-25 09:16:04,Running,,A,Lampone Zero 560ml,2200,1883,2366,1238,4,False
M01,2026-09-25 09:16:04,2026-09-25 09:23:04,Stopped,Starvation,A,Lampone Zero 560ml,2200,0,420,0,0,False
M01,2026-09-25 09:23:04,2026-09-25 09:44:58,Running,,A,Lampone Zero 560ml,2200,1899,1314,693,3,False
M01,2026-09-25 09:44:58,2026-09-25 10:12:44,Running,,A,Lampone Zero 560ml,2200,1943,1666,899,3,False
M01,2026-09-25 10:12:44,2026-09-25 10:44:06,Running,,A,Lampone Zero 560ml,2200,1941,1882,1015,3,False
M01,2026-09-25 10:44:06,2026-09-25 11:16:28,Running,,A,Lampone Zero 560ml,2200,1945,1942,1049,4,False
M01,2026-09-25 11:16:28,2026-09-25 11:39:31,Running,,A,Lampone Zero 560ml,2200,1922,1383,738,3,False
M01,2026-09-25 11:39:31,2026-09-25 12:03:52,Running,,A,Lampone Zero 560ml,2200,1930,1461,783,3,False
M01,2026-09-25 12:03:52,2026-09-25 12:56:26,Running,,A,Lampone Zero 560ml,2200,1915,3154,1678,7,False
M01,2026-09-25 12:56:26,2026-09-25 13:39:38,Running,,A,Lampone Zero 560ml,2200,1956,2592,1408,6,False
M01,2026-09-25 13:39:38,2026-09-25 13:59:53,Running,,A,Lampone Zero 560ml,2200,1897,1215,640,3,False
M01,2026-09-25 13:59:53,2026-09-25 14:00:00,Idle,,A,Lampone Zero 560ml,2200,0,7,0,0,False
M01,2026-09-25 14:00:00,2026-09-25 14:17:33,Stopped,Changeover,B,Arancia Rossa 500ml,2400,0,1053,0,0,True
M01,2026-09-25 14:17:33,2026-09-25 14:56:30,Running,,B,Arancia Rossa 500ml,2400,2104,2337,1366,6,False
M01,2026-09-25 14:56:30,2026-09-25 15:28:14,Running,,B,Arancia Rossa 500ml,2400,2095,1904,1108,5,False
M01,2026-09-25 15:28:14,2026-09-25 15:51:35,Running,,B,Arancia Rossa 500ml,2400,2068,1401,805,4,False
M01,2026-09-25 15:51:35,2026-09-25 16:19:23,Running,,B,Arancia Rossa 500ml,2400,2070,1668,959,4,False
M01,2026-09-25 16:19:23,2026-09-25 17:09:41,Running,,B,Arancia Rossa 500ml,2400,2073,3018,1738,6,False
M01,2026-09-25 17:09:41,2026-09-25 17:30:09,Running,,B,Arancia Rossa 500ml,2400,2102,1228,717,2,False
M01,2026-09-25 17:30:09,2026-09-25 18:18:52,Running,,B,Arancia Rossa 500ml,2400,2126,2923,1726,8,False
M01,2026-09-25 18:18:52,2026-09-25 18:21:17,Stopped,Operator,B,Arancia Rossa 500ml,2400,0,145,0,0,False
M01,2026-09-25 18:21:17,2026-09-25 19:07:53,Running,,B,Arancia Rossa 500ml,2400,2106,2796,1636,7,False
M01,2026-09-25 19:07:53,2026-09-25 19:48:41,Running,,B,Arancia Rossa 500ml,2400,2089,2448,1421,5,False
M01,2026-09-25 19:48:41,2026-09-25 20:26:37,Running,,B,Arancia Rossa 500ml,2400,2059,2276,1302,4,False
M01,2026-09-25 20:26:37,2026-09-25 21:17:18,Running,,B,Arancia Rossa 500ml,2400,2092,3041,1767,8,False
M01,2026-09-25 21:17:18,2026-09-25 21:50:02,Running,,B,Arancia Rossa 500ml,2400,2059,1964,1123,4,False
M01,2026-09-25 21:50:02,2026-09-25 22:00:00,Running,,B,Arancia Rossa 500ml,2400,2131,598,354,1,False
M01,2026-09-25 22:00:00,2026-09-25 22:50:20,Running,,C,Arancia Rossa 500ml,2400,2127,3020,1784,7,False
M01,2026-09-25 22:50:20,2026-09-25 23:10:28,Running,,C,Arancia Rossa 500ml,2400,2125,1208,713,3,False
M01,2026-09-25 23:10:28,2026-09-25 23:36:58,Running,,C,Arancia Rossa 500ml,2400,2052,1590,906,3,False
M01,2026-09-25 23:36:58,2026-09-25 23:48:02,Stopped,Fault,C,Arancia Rossa 500ml,2400,0,664,0,0,False
M01,2026-09-25 23:48:02,2026-09-26 00:00:00,Running,,C,Arancia Rossa 500ml,2400,2115,718,422,2,False
M01,2026-09-26 00:00:00,2026-09-26 00:09:33,Stopped,Starvation,C,Arancia Rossa 500ml,2400,0,573,0,0,False
M01,2026-09-26 00:09:33,2026-09-26 00:15:25,Stopped,Fault,C,Arancia Rossa 500ml,2400,0,352,0,0,False
M01,2026-09-26 00:15:25,2026-09-26 00:26:25,Stopped,External,C,Arancia Rossa 500ml,2400,0,660,0,0,False
M01,2026-09-26 00:26:25,2026-09-26 00:52:36,Running,,C,Arancia Rossa 500ml,2400,1952,1571,852,4,False
M01,2026-09-26 00:52:36,2026-09-26 01:05:21,Stopped,Starvation,C,Arancia Rossa 500ml,2400,0,765,0,0,False
M01,2026-09-26 01:05:21,2026-09-26 01:09:33,Stopped,Buildup,C,Arancia Rossa 500ml,2400,0,252,0,0,False
M01,2026-09-26 01:09:33,2026-09-26 01:54:58,Running,,C,Arancia Rossa 500ml,2400,1912,2725,1447,5,False
M01,2026-09-26 01:54:58,2026-09-26 02:07:21,Stopped,Buildup,C,Arancia Rossa 500ml,2400,0,743,0,0,False
M01,2026-09-26 02:07:21,2026-09-26 02:46:00,Running,,C,Arancia Rossa 500ml,2400,1937,2319,1248,4,False
M01,2026-09-26 02:46:00,2026-09-26 03:10:37,Running,,C,Arancia Rossa 500ml,2400,1947,1477,799,3,False
M01,2026-09-26 03:10:37,2026-09-26 04:03:42,Running,,C,Arancia Rossa 500ml,2400,1920,3185,1699,7,False
M01,2026-09-26 04:03:42,2026-09-26 04:36:46,Running,,C,Arancia Rossa 500ml,2400,1977,1984,1090,4,False
M01,2026-09-26 04:36:46,2026-09-26 04:41:39,Stopped,Supplies,C,Arancia Rossa 500ml,2400,0,293,0,0,False
M01,2026-09-26 04:41:39,2026-09-26 04:59:53,Idle,,C,Arancia Rossa 500ml,2400,0,1094,0,0,False
M01,2026-09-26 04:59:53,2026-09-26 05:54:49,Running,,C,Arancia Rossa 500ml,2400,1913,3296,1751,8,False
M01,2026-09-26 05:54:49,2026-09-26 06:00:00,Running,,C,Arancia Rossa 500ml,2400,1909,311,165,1,False
M01,2026-09-26 06:00:00,2026-09-26 06:56:53,Running,,A,Arancia Rossa 500ml,2400,1943,3413,1842,6,False
M01,2026-09-26 06:56:53,2026-09-26 07:32:26,Running,,A,Arancia Rossa 500ml,2400,1965,2133,1164,5,False
M01,2026-09-26 07:32:26,2026-09-26 08:15:26,Running,,A,Arancia Rossa 500ml,2400,1938,2580,1389,6,False
M01,2026-09-26 08:15:26,2026-09-26 08:27:10,Stopped,Buildup,A,Arancia Rossa 500ml,2400,0,704,0,0,False
M01,2026-09-26 08:27:10,2026-09-26 09:27:06,Running,,A,Arancia Rossa 500ml,2400,1974,3596,1972,7,False
M01,2026-09-26 09:27:06,2026-09-26 09:42:33,Stopped,External,A,Arancia Rossa 500ml,2400,0,927,0,0,False
M01,2026-09-26 09:42:33,2026-09-26 10:24:34,Running,,A,Arancia Rossa 500ml,2400,1938,2521,1357,5,False
M01,2026-09-26 10:24:34,2026-09-26 11:06:06,Running,,A,Arancia Rossa 500ml,2400,1906,2492,1319,5,False
M01,2026-09-26 11:06:06,2026-09-26 11:39:37,Running,,A,Arancia Rossa 500ml,2400,1913,2011,1069,4,False
M01,2026-09-26 11:39:37,2026-09-26 11:53:07,Stopped,Supplies,A,Arancia Rossa 500ml,2400,0,810,0,0,False
M01,2026-09-26 11:53:07,2026-09-26 12:16:13,Running,,A,Arancia Rossa 500ml,2400,1934,1386,745,3,False
M01,2026-09-26 12:16:13,2026-09-26 12:47:40,Running,,A,Arancia Rossa 500ml,2400,1928,1887,1011,4,False
M01,2026-09-26 12:47:40,2026-09-26 13:30:07,Running,,A,Arancia Rossa 500ml,2400,1923,2547,1361,5,False
M01,2026-09-26 13:30:07,2026-09-26 13:44:14,Stopped,Supplies,A,Arancia Rossa 500ml,2400,0,847,0,0,False
M01,2026-09-26 13:44:14,2026-09-26 13:57:21,Stopped,Supplies,A,Arancia Rossa 500ml,2400,0,787,0,0,False
M01,2026-09-26 13:57:21,2026-09-26 14:00:00,Idle,,A,Arancia Rossa 500ml,2400,0,159,0,0,False
M01,2026-09-26 14:00:00,2026-09-26 14:24:00,Stopped,Changeover,B,Lampone Zero 560ml,2200,0,1440,0,0,True
M01,2026-09-26 14:24:00,2026-09-26 15:14:21,Running,,B,Lampone Zero 560ml,2200,1744,3021,1464,5,False
M01,2026-09-26 15:14:21,2026-09-26 15:51:27,Running,,B,Lampone Zero 560ml,2200,1813,2226,1121,4,False
M01,2026-09-26 15:51:27,2026-09-26 16:31:31,Running,,B,Lampone Zero 560ml,2200,1769,2404,1181,5,False
M01,2026-09-26 16:31:31,2026-09-26 17:16:03,Running,,B,Lampone Zero 560ml,2200,1761,2672,1307,6,False
M01,2026-09-26 17:16:03,2026-09-26 18:11:59,Running,,B,Lampone Zero 560ml,2200,1749,3356,1630,8,False
M01,2026-09-26 18:11:59,2026-09-26 19:04:16,Running,,B,Lampone Zero 560ml,2200,1805,3137,1573,7,False
M01,2026-09-26 19:04:16,2026-09-26 19:07:47,Stopped,Buildup,B,Lampone Zero 560ml,2200,0,211,0,0,False
M01,2026-09-26 19:07:47,2026-09-26 19:41:15,Running,,B,Lampone Zero 560ml,2200,1760,2008,982,4,False
M01,2026-09-26 19:41:15,2026-09-26 19:56:25,Stopped,Buildup,B,Lampone Zero 560ml,2200,0,910,0,0,False
M01,2026-09-26 19:56:25,2026-09-26 20:06:49,Stopped,Fault,B,Lampone Zero 560ml,2200,0,624,0,0,False
M01,2026-09-26 20:06:49,2026-09-26 20:56:39,Running,,B,Lampone Zero 560ml,2200,1776,2990,1475,6,False
M01,2026-09-26 20:56:39,2026-09-26 20:59:04,Stopped,Fault,B,Lampone Zero 560ml,2200,0,145,0,0,False
M01,2026-09-26 20:59:04,2026-09-26 21:55:30,Running,,B,Lampone Zero 560ml,2200,1773,3386,1668,7,False
M01,2026-09-26 21:55:30,2026-09-26 22:00:00,Idle,,B,Lampone Zero 560ml,2200,0,270,0,0,False
M01,2026-09-26 22:00:00,2026-09-26 22:14:15,Stopped,External,C,Lampone Zero 560ml,2200,0,855,0,0,False
M01,2026-09-26 22:14:15,2026-09-26 22:30:22,Stopped,Starvation,C,Lampone Zero 560ml,2200,0,967,0,0,False
M01,2026-09-26 22:30:22,2026-09-26 23:27:13,Running,,C,Lampone Zero 560ml,2200,1767,3411,1674,7,False
M01,2026-09-26 23:27:13,2026-09-26 23:36:40,Stopped,Starvation,C,Lampone Zero 560ml,2200,0,567,0,0,False
M01,2026-09-26 23:36:40,2026-09-26 23:41:28,Stopped,Buildup,C,Lampone Zero 560ml,2200,0,288,0,0,False
M01,2026-09-26 23:41:28,2026-09-26 23:44:54,Stopped,Buildup,C,Lampone Zero 560ml,2200,0,206,0,0,False
M01,2026-09-26 23:44:54,2026-09-26 23:52:40,Stopped,Operator,C,Lampone Zero 560ml,2200,0,466,0,0,False
M01,2026-09-26 23:52:40,2026-09-27 00:00:00,Running,,C,Lampone Zero 560ml,2200,1809,440,221,1,False
M01,2026-09-27 00:00:00,2026-09-27 00:51:33,Running,,C,Lampone Zero 560ml,2200,1688,3093,1450,6,False
M01,2026-09-27 00:51:33,2026-09-27 01:34:24,Running,,C,Lampone Zero 560ml,2200,1683,2571,1202,4,False
M01,2026-09-27 01:34:24,2026-09-27 02:30:51,Running,,C,Lampone Zero 560ml,2200,1666,3387,1567,7,False
M01,2026-09-27 02:30:51,2026-09-27 02:47:05,Stopped,External,C,Lampone Zero 560ml,2200,0,974,0,0,False
M01,2026-09-27 02:47:05,2026-09-27 03:40:03,Running,,C,Lampone Zero 560ml,2200,1662,3178,1467,5,False
M01,2026-09-27 03:40:03,2026-09-27 03:53:11,Stopped,Starvation,C,Lampone Zero 560ml,2200,0,788,0,0,False
M01,2026-09-27 03:53:11,2026-09-27 04:04:51,Stopped,Starvation,C,Lampone Zero 560ml,2200,0,700,0,0,False
M01,2026-09-27 04:04:51,2026-09-27 04:39:47,Running,,C,Lampone Zero 560ml,2200,1677,2096,976,5,False
M01,2026-09-27 04:39:47,2026-09-27 05:37:48,Running,,C,Lampone Zero 560ml,2200,1658,3481,1603,7,False
M01,2026-09-27 05:37:48,2026-09-27 05:58:54,Running,,C,Lampone Zero 560ml,2200,1687,1266,593,2,False
M01,2026-09-27 05:58:54,2026-09-27 06:00:00,Idle,,C,Lampone Zero 560ml,2200,0,66,0,0,False
M01,2026-09-27 06:00:00,2026-09-27 06:03:45,Stopped,Buildup,A,Lampone Zero 560ml,2200,0,225,0,0,False
M01,2026-09-27 06:03:45,2026-09-27 06:30:07,Running,,A,Lampone Zero 560ml,2200,1630,1582,716,3,False
M01,2026-09-27 06:30:07,2026-09-27 07:02:32,Running,,A,Lampone Zero 560ml,2200,1634,1945,883,3,False
M01,2026-09-27 07:02:32,2026-09-27 07:33:58,Running,,A,Lampone Zero 560ml,2200,1633,1886,856,3,False
M01,2026-09-27 07:33:58,2026-09-27 08:09:43,Running,,A,Lampone Zero 560ml,2200,1680,2145,1001,5,False
M01,2026-09-27 08:09:43,2026-09-27 08:22:48,Stopped,Starvation,A,Lampone Zero 560ml,2200,0,785,0,0,False
M01,2026-09-27 08:22:48,2026-09-27 08:45:25,Running,,A,Lampone Zero 560ml,2200,1640,1357,618,2,False
M01,2026-09-27 08:45:25,2026-09-27 09:31:55,Running,,A,Lampone Zero 560ml,2200,1658,2790,1285,4,False
M01,2026-09-27 09:31:55,2026-09-27 10:06:44,Running,,A,Lampone Zero 560ml,2200,1638,2089,950,5,False
M01,2026-09-27 10:06:44,2026-09-27 10:45:43,Running,,A,Lampone Zero 560ml,2200,1685,2339,1095,4,False
M01,2026-09-27 10:45:43,2026-09-27 11:32:55,Running,,A,Lampone Zero 560ml,2200,1668,2832,1312,4,False
M01,2026-09-27 11:32:55,2026-09-27 12:01:28,Running,,A,Lampone Zero 560ml,2200,1638,1713,779,4,False
M01,2026-09-27 12:01:28,2026-09-27 12:36:33,Running,,A,Lampone Zero 560ml,2200,1688,2105,987,3,False
M01,2026-09-27 12:36:33,2026-09-27 13:22:23,Running,,A,Lampone Zero 560ml,2200,1660,2750,1268,6,False
M01,2026-09-27 13:22:23,2026-09-27 13:43:30,Running,,A,Lampone Zero 560ml,2200,1684,1267,593,2,False
M01,2026-09-27 13:43:30,2026-09-27 13:53:47,Stopped,Operator,A,Lampone Zero 560ml,2200,0,617,0,0,False
M01,2026-09-27 13:53:47,2026-09-27 14:00:00,Running,,A,Lampone Zero 560ml,2200,1665,373,173,1,False
M01,2026-09-27 14:00:00,2026-09-27 14:17:46,Stopped,Changeover,B,Arancia Rossa 500ml,2400,0,1066,0,0,True
M01,2026-09-27 14:17:46,2026-09-27 15:06:05,Running,,B,Arancia Rossa 500ml,2400,1805,2899,1454,7,False
M01,2026-09-27 15:06:05,2026-09-27 15:52:26,Running,,B,Arancia Rossa 500ml,2400,1777,2781,1373,6,False
M01,2026-09-27 15:52:26,2026-09-27 16:03:27,Stopped,External,B,Arancia Rossa 500ml,2400,0,661,0,0,False
M01,2026-09-27 16:03:27,2026-09-27 16:48:56,Running,,B,Arancia Rossa 500ml,2400,1785,2729,1353,6,False
M01,2026-09-27 16:48:56,2026-09-27 17:31:57,Running,,B,Arancia Rossa 500ml,2400,1786,2581,1280,4,False
M01,2026-09-27 17:31:57,2026-09-27 17:39:30,Stopped,External,B,Arancia Rossa 500ml,2400,0,453,0,0,False
M01,2026-09-27 17:39:30,2026-09-27 18:32:27,Running,,B,Arancia Rossa 500ml,2400,1814,3177,1601,6,False
M01,2026-09-27 18:32:27,2026-09-27 18:59:18,Running,,B,Arancia Rossa 500ml,2400,1802,1611,806,3,False
M01,2026-09-27 18:59:18,2026-09-27 19:08:24,Stopped,External,B,Arancia Rossa 500ml,2400,0,546,0,0,False
M01,2026-09-27 19:08:24,2026-09-27 19:47:41,Running,,B,Arancia Rossa 500ml,2400,1825,2357,1195,5,False
M01,2026-09-27 19:47:41,2026-09-27 20:26:31,Running,,B,Arancia Rossa 500ml,2400,1839,2330,1190,5,False
M01,2026-09-27 20:26:31,2026-09-27 20:30:57,Stopped,External,B,Arancia Rossa 500ml,2400,0,266,0,0,False
M01,2026-09-27 20:30:57,2026-09-27 21:22:24,Running,,B,Arancia Rossa 500ml,2400,1785,3087,1531,7,False
M01,2026-09-27 21:22:24,2026-09-27 21:37:29,Stopped,Starvation,B,Arancia Rossa 500ml,2400,0,905,0,0,False
M01,2026-09-27 21:37:29,2026-09-27 21:58:16,Running,,B,Arancia Rossa 500ml,2400,1803,1247,625,3,False
M01,2026-09-27 21:58:16,2026-09-27 22:00:00,Idle,,B,Arancia Rossa 500ml,2400,0,104,0,0,False
M01,2026-09-27 22:00:00,2026-09-27 22:23:47,Running,,C,Arancia Rossa 500ml,2400,1815,1427,719,3,False
M01,2026-09-27 22:23:47,2026-09-27 22:49:10,Running,,C,Arancia Rossa 500ml,2400,1799,1523,761,4,False
M01,2026-09-27 22:49:10,2026-09-27 22:59:37,Idle,,C,Arancia Rossa 500ml,2400,0,627,0,0,False
M01,2026-09-27 22:59:37,2026-09-27 23:50:56,Running,,C,Arancia Rossa 500ml,2400,1839,3079,1573,5,False
M01,2026-09-27 23:50:56,2026-09-28 00:00:00,Running,,C,Arancia Rossa 500ml,2400,1792,544,271,1,False
M01,2026-09-28 00:00:00,2026-09-28 00:35:17,Running,,C,Arancia Rossa 500ml,2400,2146,2117,1262,6,False
M01,2026-09-28 00:35:17,2026-09-28 01:07:10,Running,,C,Arancia Rossa 500ml,2400,2115,1913,1124,4,False
M01,2026-09-28 01:07:10,2026-09-28 01:18:55,Idle,,C,Arancia Rossa 500ml,2400,0,705,0,0,False
M01,2026-09-28 01:18:55,2026-09-28 01:34:49,Stopped,Buildup,C,Arancia Rossa 500ml,2400,0,954,0,0,False
M01,2026-09-28 01:34:49,2026-09-28 02:22:28,Running,,C,Arancia Rossa 500ml,2400,2145,2859,1703,6,False
M01,2026-09-28 02:22:28,2026-09-28 03:18:32,Running,,C,Arancia Rossa 500ml,2400,2137,3364,1997,7,False
M01,2026-09-28 03:18:32,2026-09-28 04:17:52,Running,,C,Arancia Rossa 500ml,2400,2160,3560,2136,10,False
M01,2026-09-28 04:17:52,2026-09-28 04:23:27,Stopped,Starvation,C,Arancia Rossa 500ml,2400,0,335,0,0,False
M01,2026-09-28 04:23:27,2026-09-28 05:11:07,Running,,C,Arancia Rossa 500ml,2400,2109,2860,1675,8,False
M01,2026-09-28 05:11:07,2026-09-28 05:25:47,Stopped,External,C,Arancia Rossa 500ml,2400,0,880,0,0,False
M01,2026-09-28 05:25:47,2026-09-28 05:45:59,Running,,C,Arancia Rossa 500ml,2400,2110,1212,710,3,False
M01,2026-09-28 05:45:59,2026-09-28 06:00:00,Running,,C,Arancia Rossa 500ml,2400,2123,841,496,2,False
M01,2026-09-28 06:00:00,2026-09-28 06:24:42,Running,,A,Arancia Rossa 500ml,2400,2161,1482,890,4,False
M01,2026-09-28 06:24:42,2026-09-28 06:51:46,Running,,A,Arancia Rossa 500ml,2400,2161,1624,975,4,False
M01,2026-09-28 06:51:46,2026-09-28 07:27:10,Running,,A,Arancia Rossa 500ml,2400,2165,2124,1277,5,False
M01,2026-09-28 07:27:10,2026-09-28 07:36:33,Stopped,Starvation,A,Arancia Rossa 500ml,2400,0,563,0,0,False
M01,2026-09-28 07:36:33,2026-09-28 08:08:30,Running,,A,Arancia Rossa 500ml,2400,2151,1917,1145,4,False
M01,2026-09-28 08:08:30,2026-09-28 08:15:00,Stopped,External,A,Arancia Rossa 500ml,2400,0,390,0,0,False
M01,2026-09-28 08:15:00,2026-09-28 09:02:39,Running,,A,Arancia Rossa 500ml,2400,2124,2859,1687,7,False
M01,2026-09-28 09:02:39,2026-09-28 09:05:16,Stopped,Starvation,A,Arancia Rossa 500ml,2400,0,157,0,0,False
M01,2026-09-28 09:05:16,2026-09-28 09:43:08,Running,,A,Arancia Rossa 500ml,2400,2188,2272,1381,6,False
M01,2026-09-28 09:43:08,2026-09-28 10:35:43,Running,,A,Arancia Rossa 500ml,2400,2178,3155,1909,7,False
M01,2026-09-28 10:35:43,2026-09-28 11:32:09,Running,,A,Arancia Rossa 500ml,2400,2166,3386,2037,10,False
M01,2026-09-28 11:32:09,2026-09-28 11:54:46,Running,,A,Arancia Rossa 500ml,2400,2157,1357,813,4,False
M01,2026-09-28 11:54:46,2026-09-28 12:41:22,Running,,A,Arancia Rossa 500ml,2400,2157,2796,1675,6,False
M01,2026-09-28 12:41:22,2026-09-28 12:57:36,Stopped,Buildup,A,Arancia Rossa 500ml,2400,0,974,0,0,False
M01,2026-09-28 12:57:36,2026-09-28 13:21:45,Running,,A,Arancia Rossa 500ml,2400,2178,1449,877,3,False
M01,2026-09-28 13:21:45,2026-09-28 13:43:35,Running,,A,Arancia Rossa 500ml,2400,2166,1310,788,3,False
M01,2026-09-28 13:43:35,2026-09-28 13:55:45,Stopped,Buildup,A,Arancia Rossa 500ml,2400,0,730,0,0,False
M01,2026-09-28 13:55:45,2026-09-28 14:00:00,Idle,,A,Arancia Rossa 500ml,2400,0,255,0,0,False
M01,2026-09-28 14:00:00,2026-09-28 14:35:45,Stopped,Changeover,B,Lampone Zero 560ml,2200,0,2145,0,0,True
M01,2026-09-28 14:35:45,2026-09-28 15:26:37,Running,,B,Lampone Zero 560ml,2200,2004,3052,1699,8,False
M01,2026-09-28 15:26:37,2026-09-28 15:46:03,Idle,,B,Lampone Zero 560ml,2200,0,1166,0,0,False
M01,2026-09-28 15:46:03,2026-09-28 16:18:20,Running,,B,Lampone Zero 560ml,2200,1959,1937,1054,5,False
M01,2026-09-28 16:18:20,2026-09-28 17:10:14,Running,,B,Lampone Zero 560ml,2200,1958,3114,1694,7,False
M01,2026-09-28 17:10:14,2026-09-28 17:37:00,Running,,B,Lampone Zero 560ml,2200,1962,1606,875,4,False
M01,2026-09-28 17:37:00,2026-09-28 18:01:44,Running,,B,Lampone Zero 560ml,2200,1945,1484,802,3,False
M01,2026-09-28 18:01:44,2026-09-28 18:36:05,Running,,B,Lampone Zero 560ml,2200,1997,2061,1143,5,False
M01,2026-09-28 18:36:05,2026-09-28 19:12:12,Running,,B,Lampone Zero 560ml,2200,1935,2167,1165,5,False
M01,2026-09-28 19:12:12,2026-09-28 19:59:10,Running,,B,Lampone Zero 560ml,2200,1957,2818,1532,6,False
M01,2026-09-28 19:59:10,2026-09-28 20:44:45,Running,,B,Lampone Zero 560ml,2200,1999,2735,1519,6,False
M01,2026-09-28 20:44:45,2026-09-28 21:14:50,Running,,B,Lampone Zero 560ml,2200,1964,1805,985,3,False
M01,2026-09-28 21:14:50,2026-09-28 21:26:18,Stopped,Buildup,B,Lampone Zero 560ml,2200,0,688,0,0,False
M01,2026-09-28 21:26:18,2026-09-28 21:51:01,Running,,B,Lampone Zero 560ml,2200,1934,1483,797,4,False
M01,2026-09-28 21:51:01,2026-09-28 21:55:39,Stopped,Starvation,B,Lampone Zero 560ml,2200,0,278,0,0,False
M01,2026-09-28 21:55:39,2026-09-28 22:00:00,Idle,,B,Lampone Zero 560ml,2200,0,261,0,0,False
M01,2026-09-28 22:00:00,2026-09-28 22:20:15,Running,,C,Lampone Zero 560ml,2200,1971,1215,665,3,False
M01,2026-09-28 22:20:15,2026-09-28 23:18:02,Running,,C,Lampone Zero 560ml,2200,1934,3467,1863,8,False
M01,2026-09-28 23:18:02,2026-09-28 23:42:05,Running,,C,Lampone Zero 560ml,2200,1962,1443,786,3,False
M01,2026-09-28 23:42:05,2026-09-29 00:00:00,Running,,C,Lampone Zero 560ml,2200,1975,1075,590,2,False
M01,2026-09-29 00:00:00,2026-09-29 00:51:21,Running,,C,Lampone Zero 560ml,2200,1963,3081,1680,6,False
M01,2026-09-29 00:51:21,2026-09-29 01:03:56,Stopped,External,C,Lampone Zero 560ml,2200,0,755,0,0,False
M01,2026-09-29 01:03:56,2026-09-29 01:07:57,Stopped,Starvation,C,Lampone Zero 560ml,2200,0,241,0,0,False
M01,2026-09-29 01:07:57,2026-09-29 01:45:59,Running,,C,Lampone Zero 560ml,2200,1973,2282,1251,5,False
M01,2026-09-29 01:45:59,2026-09-29 02:35:04,Running,,C,Lampone Zero 560ml,2200,1943,2945,1589,7,False
M01,2026-09-29 02:35:04,2026-09-29 03:14:31,Running,,C,Lampone Zero 560ml,2200,1997,2367,1313,6,False
M01,2026-09-29 03:14:31,2026-09-29 03:43:38,Running,,C,Lampone Zero 560ml,2200,1952,1747,947,4,False
M01,2026-09-29 03:43:38,2026-09-29 04:26:08,Running,,C,Lampone Zero 560ml,2200,1988,2550,1408,7,False
M01,2026-09-29 04:26:08,2026-09-29 05:07:46,Running,,C,Lampone Zero 560ml,2200,1940,2498,1346,6,False
M01,2026-09-29 05:07:46,2026-09-29 05:56:36,Running,,C,Lampone Zero 560ml,2200,1935,2930,1575,6,False
M01,2026-09-29 05:56:36,2026-09-29 06:00:00,Idle,,C,Lampone Zero 560ml,2200,0,204,0,0,False
M01,2026-09-29 06:00:00,2026-09-29 06:52:24,Stopped,Maintenance,A,Lampone Zero 560ml,2200,0,3144,0,0,True
M01,2026-09-29 06:52:24,2026-09-29 07:15:38,Running,,A,Lampone Zero 560ml,2200,1991,1394,771,4,False
M01,2026-09-29 07:15:38,2026-09-29 07:21:43,Idle,,A,Lampone Zero 560ml,2200,0,365,0,0,False
M01,2026-09-29 07:21:43,2026-09-29 08:15:39,Running,,A,Lampone Zero 560ml,2200,1960,3236,1762,6,False
M01,2026-09-29 08:15:39,2026-09-29 08:22:39,Stopped,Starvation,A,Lampone Zero 560ml,2200,0,420,0,0,False
M01,2026-09-29 08:22:39,2026-09-29 09:15:36,Running,,A,Lampone Zero 560ml,2200,1964,3177,1733,6,False
M01,2026-09-29 09:15:36,2026-09-29 09:25:15,Stopped,Buildup,A,Lampone Zero 560ml,2200,0,579,0,0,False
M01,2026-09-29 09:25:15,2026-09-29 09:34:57,Stopped,Starvation,A,Lampone Zero 560ml,2200,0,582,0,0,False
M01,2026-09-29 09:34:57,2026-09-29 10:04:18,Running,,A,Lampone Zero 560ml,2200,1949,1761,953,3,False
M01,2026-09-29 10:04:18,2026-09-29 10:31:46,Running,,A,Lampone Zero 560ml,2200,1979,1648,906,3,False
M01,2026-09-29 10:31:46,2026-09-29 10:34:08,Stopped,External,A,Lampone Zero 560ml,2200,0,142,0,0,False
M01,2026-09-29 10:34:08,2026-09-29 11:21:47,Running,,A,Lampone Zero 560ml,2200,1955,2859,1553,6,False
M01,2026-09-29 11:21:47,2026-09-29 11:24:56,Stopped,Starvation,A,Lampone Zero 560ml,2200,0,189,0,0,False
M01,2026-09-29 11:24:56,2026-09-29 12:08:12,Running,,A,Lampone Zero 560ml,2200,1991,2596,1436,5,False
M01,2026-09-29 12:08:12,2026-09-29 13:00:50,Running,,A,Lampone Zero 560ml,2200,1934,3158,1697,7,False
M01,2026-09-29 13:00:50,2026-09-29 13:25:18,Running,,A,Lampone Zero 560ml,2200,1971,1468,804,4,False
M01,2026-09-29 13:25:18,2026-09-29 13:59:25,Running,,A,Lampone Zero 560ml,2200,1965,2047,1117,5,False
M01,2026-09-29 13:59:25,2026-09-29 14:00:00,Idle,,A,Lampone Zero 560ml,2200,0,35,0,0,False
M01,2026-09-29 14:00:00,2026-09-29 14:15:00,Stopped,Changeover,B,Arancia Rossa 500ml,2400,0,900,0,0,True
M01,2026-09-29 14:15:00,2026-09-29 15:03:43,Running,,B,Arancia Rossa 500ml,2400,2126,2923,1726,7,False
M01,2026-09-29 15:03:43,2026-09-29 15:14:34,Stopped,Fault,B,Arancia Rossa 500ml,2400,0,651,0,0,False
M01,2026-09-29 15:14:34,2026-09-29 15:56:55,Running,,B,Arancia Rossa 500ml,2400,2159,2541,1524,5,False
M01,2026-09-29 15:56:55,2026-09-29 16:26:37,Running,,B,Arancia Rossa 500ml,2400,2160,1782,1069,4,False
M01,2026-09-29 16:26:37,2026-09-29 17:23:09,Running,,B,Arancia Rossa 500ml,2400,2112,3392,1990,8,False
M01,2026-09-29 17:23:09,2026-09-29 17:35:42,Stopped,Starvation,B,Arancia Rossa 500ml,2400,0,753,0,0,False
M01,2026-09-29 17:35:42,2026-09-29 18:31:51,Running,,B,Arancia Rossa 500ml,2400,2143,3369,2005,9,False
M01,2026-09-29 18:31:51,2026-09-29 19:09:35,Running,,B,Arancia Rossa 500ml,2400,2143,2264,1348,6,False
M01,2026-09-29 19:09:35,2026-09-29 19:54:12,Running,,B,Arancia Rossa 500ml,2400,2132,2677,1585,7,False
M01,2026-09-29 19:54:12,2026-09-29 20:05:18,Stopped,Starvation,B,Arancia Rossa 500ml,2400,0,666,0,0,False
M01,2026-09-29 20:05:18,2026-09-29 20:19:58,Stopped,Starvation,B,Arancia Rossa 500ml,2400,0,880,0,0,False
M01,2026-09-29 20:19:58,2026-09-29 20:58:29,Running,,B,Arancia Rossa 500ml,2400,2130,2311,1367,6,False
M01,2026-09-29 20:58:29,2026-09-29 21:04:13,Stopped,External,B,Arancia Rossa 500ml,2400,0,344,0,0,False
M01,2026-09-29 21:04:13,2026-09-29 21:20:22,Stopped,Supplies,B,Arancia Rossa 500ml,2400,0,969,0,0,False
M01,2026-09-29 21:20:22,2026-09-29 21:43:25,Running,,B,Arancia Rossa 500ml,2400,2109,1383,810,3,False
M01,2026-09-29 21:43:25,2026-09-29 22:00:00,Running,,B,Arancia Rossa 500ml,2400,2106,995,582,3,False
M01,2026-09-29 22:00:00,2026-09-29 22:05:14,Stopped,Supplies,C,Arancia Rossa 500ml,2400,0,314,0,0,False
M01,2026-09-29 22:05:14,2026-09-29 23:00:25,Running,,C,Arancia Rossa 500ml,2400,2186,3311,2011,9,False
M01,2026-09-29 23:00:25,2026-09-29 23:55:05,Running,,C,Arancia Rossa 500ml,2400,2115,3280,1927,9,False
M01,2026-09-29 23:55:05,2026-09-30 00:00:00,Idle,,C,Arancia Rossa 500ml,2400,0,295,0,0,False
M01,2026-09-30 00:00:00,2026-09-30 00:21:08,Running,,C,Arancia Rossa 500ml,2400,2139,1268,753,3,False
M01,2026-09-30 00:21:08,2026-09-30 01:11:09,Running,,C,Arancia Rossa 500ml,2400,2166,3001,1806,8,False
M01,2026-09-30 01:11:09,2026-09-30 02:03:28,Running,,C,Arancia Rossa 500ml,2400,2115,3139,1844,7,False
M01,2026-09-30 02:03:28,2026-09-30 02:32:33,Running,,C,Arancia Rossa 500ml,2400,2112,1745,1024,4,False
M01,2026-09-30 02:32:33,2026-09-30 03:19:51,Running,,C,Arancia Rossa 500ml,2400,2118,2838,1670,7,False
M01,2026-09-30 03:19:51,2026-09-30 04:19:41,Running,,C,Arancia Rossa 500ml,2400,2163,3590,2157,9,False
M01,2026-09-30 04:19:41,2026-09-30 05:02:25,Running,,C,Arancia Rossa 500ml,2400,2138,2564,1523,5,False
M01,2026-09-30 05:02:25,2026-09-30 05:08:43,Stopped,Starvation,C,Arancia Rossa 500ml,2400,0,378,0,0,False
M01,2026-09-30 05:08:43,2026-09-30 05:50:17,Running,,C,Arancia Rossa 500ml,2400,2124,2494,1471,6,False
M01,2026-09-30 05:50:17,2026-09-30 05:56:03,Stopped,Fault,C,Arancia Rossa 500ml,2400,0,346,0,0,False
M01,2026-09-30 05:56:03,2026-09-30 06:00:00,Idle,,C,Arancia Rossa 500ml,2400,0,237,0,0,False
M01,2026-09-30 06:00:00,2026-09-30 06:10:21,Stopped,Starvation,A,Arancia Rossa 500ml,2400,0,621,0,0,False
M01,2026-09-30 06:10:21,2026-09-30 06:57:42,Running,,A,Arancia Rossa 500ml,2400,2107,2841,1663,7,False
M01,2026-09-30 06:57:42,2026-09-30 07:01:30,Stopped,External,A,Arancia Rossa 500ml,2400,0,228,0,0,False
M01,2026-09-30 07:01:30,2026-09-30 07:56:19,Running,,A,Arancia Rossa 500ml,2400,2170,3289,1983,8,False
M01,2026-09-30 07:56:19,2026-09-30 08:07:33,Stopped,Starvation,A,Arancia Rossa 500ml,2400,0,674,0,0,False
M01,2026-09-30 08:07:33,2026-09-30 08:42:10,Running,,A,Arancia Rossa 500ml,2400,2159,2077,1246,4,False
M01,2026-09-30 08:42:10,2026-09-30 09:08:01,Running,,A,Arancia Rossa 500ml,2400,2168,1551,934,4,False
M01,2026-09-30 09:08:01,2026-09-30 09:10:37,Stopped,Buildup,A,Arancia Rossa 500ml,2400,0,156,0,0,False
M01,2026-09-30 09:10:37,2026-09-30 09:54:29,Running,,A,Arancia Rossa 500ml,2400,2146,2632,1569,7,False
M01,2026-09-30 09:54:29,2026-09-30 10:17:38,Running,,A,Arancia Rossa 500ml,2400,2164,1389,835,3,False
M01,2026-09-30 10:17:38,2026-09-30 11:03:01,Running,,A,Arancia Rossa 500ml,2400,2143,2723,1621,7,False
M01,2026-09-30 11:03:01,2026-09-30 11:53:46,Running,,A,Arancia Rossa 500ml,2400,2121,3045,1794,7,False
M01,2026-09-30 11:53:46,2026-09-30 12:42:29,Running,,A,Arancia Rossa 500ml,2400,2156,2923,1751,7,False
M01,2026-09-30 12:42:29,2026-09-30 12:57:22,Stopped,Starvation,A,Arancia Rossa 500ml,2400,0,893,0,0,False
M01,2026-09-30 12:57:22,2026-09-30 13:50:29,Running,,A,Arancia Rossa 500ml,2400,2178,3187,1928,7,False
M01,2026-09-30 13:50:29,2026-09-30 14:00:00,Running,,A,Arancia Rossa 500ml,2400,2123,571,337,2,False
M01,2026-09-30 14:00:00,2026-09-30 14:30:43,Stopped,Changeover,B,Lampone Zero 560ml,2200,0,1843,0,0,True
M01,2026-09-30 14:30:43,2026-09-30 15:21:41,Running,,B,Lampone Zero 560ml,2200,2003,3058,1701,8,False
M01,2026-09-30 15:21:41,2026-09-30 16:10:43,Running,,B,Lampone Zero 560ml,2200,1988,2942,1625,8,False
M01,2026-09-30 16:10:43,2026-09-30 16:48:07,Running,,B,Lampone Zero 560ml,2200,1940,2244,1209,6,False
M01,2026-09-30 16:48:07,2026-09-30 17:28:27,Running,,B,Lampone Zero 560ml,2200,1937,2420,1302,5,False
M01,2026-09-30 17:28:27,2026-09-30 18:14:39,Running,,B,Lampone Zero 560ml,2200,1954,2772,1505,7,False
M01,2026-09-30 18:14:39,2026-09-30 18:59:21,Running,,B,Lampone Zero 560ml,2200,1978,2682,1474,5,False
M01,2026-09-30 18:59:21,2026-09-30 19:31:57,Running,,B,Lampone Zero 560ml,2200,1955,1956,1062,4,False
M01,2026-09-30 19:31:57,2026-09-30 19:45:15,Stopped,External,B,Lampone Zero 560ml,2200,0,798,0,0,False
M01,2026-09-30 19:45:15,2026-09-30 20:31:08,Running,,B,Lampone Zero 560ml,2200,2001,2753,1530,6,False
M01,2026-09-30 20:31:08,2026-09-30 20:46:03,Stopped,Starvation,B,Lampone Zero 560ml,2200,0,895,0,0,False
M01,2026-09-30 20:46:03,2026-09-30 21:33:13,Running,,B,Lampone Zero 560ml,2200,1951,2830,1534,7,False
M01,2026-09-30 21:33:13,2026-09-30 21:47:20,Stopped,Buildup,B,Lampone Zero 560ml,2200,0,847,0,0,False
M01,2026-09-30 21:47:20,2026-09-30 21:50:19,Stopped,External,B,Lampone Zero 560ml,2200,0,179,0,0,False
M01,2026-09-30 21:50:19,2026-09-30 22:00:00,Running,,B,Lampone Zero 560ml,2200,2002,581,323,1,False
M01,2026-09-30 22:00:00,2026-09-30 22:12:17,Stopped,Fault,C,Lampone Zero 560ml,2200,0,737,0,0,False
M01,2026-09-30 22:12:17,2026-09-30 22:35:57,Running,,C,Lampone Zero 560ml,2200,1936,1420,764,3,False
M01,2026-09-30 22:35:57,2026-09-30 23:29:31,Running,,C,Lampone Zero 560ml,2200,1928,3214,1721,7,False
M01,2026-09-30 23:29:31,2026-09-30 23:35:52,Stopped,Starvation,C,Lampone Zero 560ml,2200,0,381,0,0,False
M01,2026-09-30 23:35:52,2026-09-30 23:40:16,Stopped,Starvation,C,Lampone Zero 560ml,2200,0,264,0,0,False
M01,2026-09-30 23:40:16,2026-09-30 23:54:59,Stopped,Starvation,C,Lampone Zero 560ml,2200,0,883,0,0,False
M01,2026-09-30 23:54:59,2026-09-30 23:57:56,Stopped,Starvation,C,Lampone Zero 560ml,2200,0,177,0,0,False
M01,2026-09-30 23:57:56,2026-10-01 00:00:00,Idle,,C,Lampone Zero 560ml,2200,0,124,0,0,False
M01,2026-10-01 00:00:00,2026-10-01 00:43:18,Running,,C,Lampone Zero 560ml,2200,1926,2598,1390,5,False
M01,2026-10-01 00:43:18,2026-10-01 01:38:45,Running,,C,Lampone Zero 560ml,2200,1924,3327,1778,7,False
M01,2026-10-01 01:38:45,2026-10-01 02:19:11,Running,,C,Lampone Zero 560ml,2200,1990,2426,1341,6,False
M01,2026-10-01 02:19:11,2026-10-01 02:55:15,Running,,C,Lampone Zero 560ml,2200,1943,2164,1168,4,False
M01,2026-10-01 02:55:15,2026-10-01 03:34:17,Running,,C,Lampone Zero 560ml,2200,1973,2342,1284,6,False
M01,2026-10-01 03:34:17,2026-10-01 04:33:21,Running,,C,Lampone Zero 560ml,2200,1957,3544,1927,7,False
M01,2026-10-01 04:33:21,2026-10-01 05:07:47,Running,,C,Lampone Zero 560ml,2200,1964,2066,1127,4,False
M01,2026-10-01 05:07:47,2026-10-01 05:56:22,Running,,C,Lampone Zero 560ml,2200,1949,2915,1578,6,False
M01,2026-10-01 05:56:22,2026-10-01 06:00:00,Idle,,C,Lampone Zero 560ml,2200,0,218,0,0,False
M01,2026-10-01 06:00:00,2026-10-01 06:24:46,Running,,A,Lampone Zero 560ml,2200,1935,1486,799,3,False
M01,2026-10-01 06:24:46,2026-10-01 06:32:47,Stopped,Starvation,A,Lampone Zero 560ml,2200,0,481,0,0,False
M01,2026-10-01 06:32:47,2026-10-01 06:57:33,Running,,A,Lampone Zero 560ml,2200,1927,1486,795,3,False
M01,2026-10-01 06:57:33,2026-10-01 07:44:09,Running,,A,Lampone Zero 560ml,2200,1972,2796,1532,7,False
M01,2026-10-01 07:44:09,2026-10-01 08:17:42,Running,,A,Lampone Zero 560ml,2200,1987,2013,1111,4,False
M01,2026-10-01 08:17:42,2026-10-01 08:45:07,Running,,A,Lampone Zero 560ml,2200,1960,1645,896,4,False
M01,2026-10-01 08:45:07,2026-10-01 09:27:23,Running,,A,Lampone Zero 560ml,2200,1972,2536,1389,6,False
M01,2026-10-01 09:27:23,2026-10-01 09:34:33,Stopped,Starvation,A,Lampone Zero 560ml,2200,0,430,0,0,False
M01,2026-10-01 09:34:33,2026-10-01 10:19:13,Running,,A,Lampone Zero 560ml,2200,1983,2680,1476,5,False
M01,2026-10-01 10:19:13,2026-10-01 10:41:58,Running,,A,Lampone Zero 560ml,2200,1954,1365,741,3,False
M01,2026-10-01 10:41:58,2026-10-01 10:57:40,Stopped,Operator,A,Lampone Zero 560ml,2200,0,942,0,0,False
M01,2026-10-01 10:57:40,2026-10-01 11:45:11,Running,,A,Lampone Zero 560ml,2200,1984,2851,1571,6,False
M01,2026-10-01 11:45:11,2026-10-01 12:27:57,Running,,A,Lampone Zero 560ml,2200,1970,2566,1404,5,False
M01,2026-10-01 12:27:57,2026-10-01 12:36:18,Stopped,Starvation,A,Lampone Zero 560ml,2200,0,501,0,0,False
M01,2026-10-01 12:36:18,2026-10-01 13:06:54,Running,,A,Lampone Zero 560ml,2200,1930,1836,984,4,False
M01,2026-10-01 13:06:54,2026-10-01 13:44:51,Running,,A,Lampone Zero 560ml,2200,1968,2277,1245,5,False
M01,2026-10-01 13:44:51,2026-10-01 13:52:43,Stopped,Operator,A,Lampone Zero 560ml,2200,0,472,0,0,False
M01,2026-10-01 13:52:43,2026-10-01 14:00:00,Running,,A,Lampone Zero 560ml,2200,1943,437,236,1,False
M01,2026-10-01 14:00:00,2026-10-01 14:18:09,Stopped,Changeover,B,Arancia Rossa 500ml,2400,0,1089,0,0,True
M01,2026-10-01 14:18:09,2026-10-01 14:56:19,Running,,B,Arancia Rossa 500ml,2400,2117,2290,1347,5,False
M01,2026-10-01 14:56:19,2026-10-01 15:46:59,Running,,B,Arancia Rossa 500ml,2400,2147,3040,1813,8,False
M01,2026-10-01 15:46:59,2026-10-01 16:21:53,Running,,B,Arancia Rossa 500ml,2400,2176,2094,1266,5,False
M01,2026-10-01 16:21:53,2026-10-01 16:56:19,Running,,B,Arancia Rossa 500ml,2400,2176,2066,1249,6,False
M01,2026-10-01 16:56:19,2026-10-01 17:33:32,Running,,B,Arancia Rossa 500ml,2400,2125,2233,1318,6,False
M01,2026-10-01 17:33:32,2026-10-01 17:37:22,Stopped,Supplies,B,Arancia Rossa 500ml,2400,0,230,0,0,False
M01,2026-10-01 17:37:22,2026-10-01 18:11:44,Running,,B,Arancia Rossa 500ml,2400,2145,2062,1229,4,False
M01,2026-10-01 18:11:44,2026-10-01 19:06:42,Running,,B,Arancia Rossa 500ml,2400,2139,3298,1960,7,False
M01,2026-10-01 19:06:42,2026-10-01 19:27:14,Running,,B,Arancia Rossa 500ml,2400,2155,1232,737,4,False
M01,2026-10-01 19:27:14,2026-10-01 20:22:33,Running,,B,Arancia Rossa 500ml,2400,2152,3319,1984,7,False
M01,2026-10-01 20:22:33,2026-10-01 20:29:57,Stopped,Starvation,B,Arancia Rossa 500ml,2400,0,444,0,0,False
M01,2026-10-01 20:29:57,2026-10-01 21:10:40,Running,,B,Arancia Rossa 500ml,2400,2170,2443,1473,6,False
M01,2026-10-01 21:10:40,2026-10-01 21:16:04,Stopped,Starvation,B,Arancia Rossa 500ml,2400,0,324,0,0,False
M01,2026-10-01 21:16:04,2026-10-01 21:45:00,Running,,B,Arancia Rossa 500ml,2400,2099,1736,1012,4,False
M01,2026-10-01 21:45:00,2026-10-01 21:51:50,Stopped,Starvation,B,Arancia Rossa 500ml,2400,0,410,0,0,False
M01,2026-10-01 21:51:50,2026-10-01 21:59:10,Stopped,Starvation,B,Arancia Rossa 500ml,2400,0,440,0,0,False
M01,2026-10-01 21:59:10,2026-10-01 22:00:00,Idle,,B,Arancia Rossa 500ml,2400,0,50,0,0,False
M01,2026-10-01 22:00:00,2026-10-01 22:36:01,Stopped,Changeover,C,Lampone Zero 560ml,2200,0,2161,0,0,True
M01,2026-10-01 22:36:01,2026-10-01 23:06:40,Running,,C,Lampone Zero 560ml,2200,1950,1839,996,4,False
M01,2026-10-01 23:06:40,2026-10-01 23:35:48,Running,,C,Lampone Zero 560ml,2200,1936,1748,940,4,False
M01,2026-10-01 23:35:48,2026-10-01 23:41:27,Stopped,Supplies,C,Lampone Zero 560ml,2200,0,339,0,0,False
M01,2026-10-01 23:41:27,2026-10-01 23:51:01,Stopped,Starvation,C,Lampone Zero 560ml,2200,0,574,0,0,False
M01,2026-10-01 23:51:01,2026-10-02 00:00:00,Running,,C,Lampone Zero 560ml,2200,1997,539,299,1,False
M01,2026-10-02 00:00:00,2026-10-02 00:39:42,Running,,C,Lampone Zero 560ml,2200,1906,2382,1261,6,False
M01,2026-10-02 00:39:42,2026-10-02 01:26:18,Running,,C,Lampone Zero 560ml,2200,1919,2796,1490,5,False
M01,2026-10-02 01:26:18,2026-10-02 01:34:02,Stopped,Fault,C,Lampone Zero 560ml,2200,0,464,0,0,False
M01,2026-10-02 01:34:02,2026-10-02 01:36:03,Stopped,Starvation,C,Lampone Zero 560ml,2200,0,121,0,0,False
M01,2026-10-02 01:36:03,2026-10-02 02:33:38,Running,,C,Lampone Zero 560ml,2200,1902,3455,1825,6,False
M01,2026-10-02 02:33:38,2026-10-02 02:59:10,Running,,C,Lampone Zero 560ml,2200,1934,1532,823,3,False
M01,2026-10-02 02:59:10,2026-10-02 03:13:18,Stopped,Starvation,C,Lampone Zero 560ml,2200,0,848,0,0,False
M01,2026-10-02 03:13:18,2026-10-02 03:44:48,Running,,C,Lampone Zero 560ml,2200,1895,1890,995,4,False
M01,2026-10-02 03:44:48,2026-10-02 03:51:44,Stopped,Buildup,C,Lampone Zero 560ml,2200,0,416,0,0,False
M01,2026-10-02 03:51:44,2026-10-02 04:36:51,Running,,C,Lampone Zero 560ml,2200,1890,2707,1421,7,False
M01,2026-10-02 04:36:51,2026-10-02 05:24:56,Running,,C,Lampone Zero 560ml,2200,1889,2885,1514,6,False
M01,2026-10-02 05:24:56,2026-10-02 05:51:31,Running,,C,Lampone Zero 560ml,2200,1866,1595,827,3,False
M01,2026-10-02 05:51:31,2026-10-02 06:00:00,Running,,C,Lampone Zero 560ml,2200,1903,509,269,1,False
M01,2026-10-02 06:00:00,2026-10-02 06:19:44,Stopped,Changeover,A,Arancia Rossa 500ml,2400,0,1184,0,0,True
M01,2026-10-02 06:19:44,2026-10-02 06:33:54,Stopped,Buildup,A,Arancia Rossa 500ml,2400,0,850,0,0,False
M01,2026-10-02 06:33:54,2026-10-02 06:36:16,Stopped,Operator,A,Arancia Rossa 500ml,2400,0,142,0,0,False
M01,2026-10-02 06:36:16,2026-10-02 07:22:31,Running,,A,Arancia Rossa 500ml,2400,2062,2775,1589,6,False
M01,2026-10-02 07:22:31,2026-10-02 08:14:19,Running,,A,Arancia Rossa 500ml,2400,2087,3108,1802,6,False
M01,2026-10-02 08:14:19,2026-10-02 08:58:33,Running,,A,Arancia Rossa 500ml,2400,2070,2654,1526,7,False
M01,2026-10-02 08:58:33,2026-10-02 09:47:18,Running,,A,Arancia Rossa 500ml,2400,2094,2925,1701,8,False
M01,2026-10-02 09:47:18,2026-10-02 10:11:12,Running,,A,Arancia Rossa 500ml,2400,2086,1434,831,3,False
M01,2026-10-02 10:11:12,2026-10-02 10:51:16,Running,,A,Arancia Rossa 500ml,2400,2110,2404,1409,5,False
M01,2026-10-02 10:51:16,2026-10-02 11:45:48,Running,,A,Arancia Rossa 500ml,2400,2087,3272,1897,8,False
M01,2026-10-02 11:45:48,2026-10-02 12:02:24,Idle,,A,Arancia Rossa 500ml,2400,0,996,0,0,False
M01,2026-10-02 12:02:24,2026-10-02 12:37:21,Running,,A,Arancia Rossa 500ml,2400,2059,2097,1199,5,False
M01,2026-10-02 12:37:21,2026-10-02 13:11:02,Running,,A,Arancia Rossa 500ml,2400,2107,2021,1183,5,False
M01,2026-10-02 13:11:02,2026-10-02 13:50:36,Running,,A,Arancia Rossa 500ml,2400,2046,2374,1349,6,False
M01,2026-10-02 13:50:36,2026-10-02 13:56:24,Idle,,A,Arancia Rossa 500ml,2400,0,348,0,0,False
M01,2026-10-02 13:56:24,2026-10-02 14:00:00,Idle,,A,Arancia Rossa 500ml,2400,0,216,0,0,False
M01,2026-10-02 14:00:00,2026-10-02 14:20:25,Stopped,Changeover,B,Lampone Zero 560ml,2200,0,1225,0,0,True
M01,2026-10-02 14:20:25,2026-10-02 14:42:41,Running,,B,Lampone Zero 560ml,2200,1880,1336,698,2,False
M01,2026-10-02 14:42:41,2026-10-02 15:32:44,Running,,B,Lampone Zero 560ml,2200,1880,3003,1568,6,False
M01,2026-10-02 15:32:44,2026-10-02 16:18:12,Running,,B,Lampone Zero 560ml,2200,1871,2728,1418,5,False
M01,2026-10-02 16:18:12,2026-10-02 16:31:05,Stopped,Fault,B,Lampone Zero 560ml,2200,0,773,0,0,False
M01,2026-10-02 16:31:05,2026-10-02 17:20:32,Running,,B,Lampone Zero 560ml,2200,1863,2967,1535,7,False
M01,2026-10-02 17:20:32,2026-10-02 17:29:58,Stopped,Supplies,B,Lampone Zero 560ml,2200,0,566,0,0,False
M01,2026-10-02 17:29:58,2026-10-02 18:17:37,Running,,B,Lampone Zero 560ml,2200,1863,2859,1480,6,False
M01,2026-10-02 18:17:37,2026-10-02 18:40:10,Running,,B,Lampone Zero 560ml,2200,1929,1353,725,3,False
M01,2026-10-02 18:40:10,2026-10-02 19:17:34,Running,,B,Lampone Zero 560ml,2200,1880,2244,1172,4,False
M01,2026-10-02 19:17:34,2026-10-02 19:25:51,Stopped,External,B,Lampone Zero 560ml,2200,0,497,0,0,False
M01,2026-10-02 19:25:51,2026-10-02 19:48:03,Running,,B,Lampone Zero 560ml,2200,1927,1332,713,3,False
M01,2026-10-02 19:48:03,2026-10-02 20:43:20,Running,,B,Lampone Zero 560ml,2200,1919,3317,1768,8,False
M01,2026-10-02 20:43:20,2026-10-02 21:29:58,Running,,B,Lampone Zero 560ml,2200,1919,2798,1491,7,False
M01,2026-10-02 21:29:58,2026-10-02 21:38:16,Stopped,Starvation,B,Lampone Zero 560ml,2200,0,498,0,0,False
M01,2026-10-02 21:38:16,2026-10-02 21:59:23,Running,,B,Lampone Zero 560ml,2200,1905,1267,670,2,False
M01,2026-10-02 21:59:23,2026-10-02 22:00:00,Idle,,B,Lampone Zero 560ml,2200,0,37,0,0,False
M01,2026-10-02 22:00:00,2026-10-02 22:17:42,Stopped,Changeover,C,Arancia Rossa 500ml,2400,0,1062,0,0,True
M01,2026-10-02 22:17:42,2026-10-02 22:38:27,Running,,C,Arancia Rossa 500ml,2400,2058,1245,712,3,False
M01,2026-10-02 22:38:27,2026-10-02 23:17:35,Running,,C,Arancia Rossa 500ml,2400,2109,2348,1376,6,False
M01,2026-10-02 23:17:35,2026-10-02 23:44:26,Running,,C,Arancia Rossa 500ml,2400,2076,1611,929,3,False
M01,2026-10-02 23:44:26,2026-10-03 00:00:00,Running,,C,Arancia Rossa 500ml,2400,2080,934,540,2,False
M01,2026-10-03 00:00:00,2026-10-03 00:41:17,Running,,C,Arancia Rossa 500ml,2400,1892,2477,1302,5,False
M01,2026-10-03 00:41:17,2026-10-03 01:27:28,Running,,C,Arancia Rossa 500ml,2400,1908,2771,1469,6,False
M01,2026-10-03 01:27:28,2026-10-03 01:42:00,Idle,,C,Arancia Rossa 500ml,2400,0,872,0,0,False
M01,2026-10-03 01:42:00,2026-10-03 01:46:56,Stopped,Buildup,C,Arancia Rossa 500ml,2400,0,296,0,0,False
M01,2026-10-03 01:46:56,2026-10-03 01:54:38,Idle,,C,Arancia Rossa 500ml,2400,0,462,0,0,False
M01,2026-10-03 01:54:38,2026-10-03 02:50:23,Running,,C,Arancia Rossa 500ml,2400,1883,3345,1750,8,False
M01,2026-10-03 02:50:23,2026-10-03 03:42:14,Running,,C,Arancia Rossa 500ml,2400,1907,3111,1648,7,False
M01,2026-10-03 03:42:14,2026-10-03 04:34:29,Running,,C,Arancia Rossa 500ml,2400,1948,3135,1696,8,False
M01,2026-10-03 04:34:29,2026-10-03 05:18:44,Running,,C,Arancia Rossa 500ml,2400,1934,2655,1426,6,False
M01,2026-10-03 05:18:44,2026-10-03 05:48:56,Running,,C,Arancia Rossa 500ml,2400,1914,1812,963,5,False
M01,2026-10-03 05:48:56,2026-10-03 05:59:33,Idle,,C,Arancia Rossa 500ml,2400,0,637,0,0,False
M01,2026-10-03 05:59:33,2026-10-03 06:00:00,Idle,,C,Arancia Rossa 500ml,2400,0,27,0,0,False
M01,2026-10-03 06:00:00,2026-10-03 06:34:26,Stopped,Changeover,A,Lampone Zero 560ml,2200,0,2066,0,0,True
M01,2026-10-03 06:34:26,2026-10-03 07:12:31,Running,,A,Lampone Zero 560ml,2200,1736,2285,1102,5,False
M01,2026-10-03 07:12:31,2026-10-03 07:44:14,Running,,A,Lampone Zero 560ml,2200,1764,1903,932,3,False
M01,2026-10-03 07:44:14,2026-10-03 07:57:51,Idle,,A,Lampone Zero 560ml,2200,0,817,0,0,False
M01,2026-10-03 07:57:51,2026-10-03 08:25:57,Running,,A,Lampone Zero 560ml,2200,1787,1686,837,3,False
M01,2026-10-03 08:25:57,2026-10-03 08:35:10,Stopped,Fault,A,Lampone Zero 560ml,2200,0,553,0,0,False
M01,2026-10-03 08:35:10,2026-10-03 09:03:12,Running,,A,Lampone Zero 560ml,2200,1728,1682,807,4,False
M01,2026-10-03 09:03:12,2026-10-03 09:47:18,Running,,A,Lampone Zero 560ml,2200,1773,2646,1303,5,False
M01,2026-10-03 09:47:18,2026-10-03 10:13:36,Running,,A,Lampone Zero 560ml,2200,1753,1578,768,3,False
M01,2026-10-03 10:13:36,2026-10-03 11:04:39,Running,,A,Lampone Zero 560ml,2200,1746,3063,1486,6,False
M01,2026-10-03 11:04:39,2026-10-03 11:08:23,Stopped,Operator,A,Lampone Zero 560ml,2200,0,224,0,0,False
M01,2026-10-03 11:08:23,2026-10-03 11:33:11,Running,,A,Lampone Zero 560ml,2200,1731,1488,715,3,False
M01,2026-10-03 11:33:11,2026-10-03 12:01:21,Running,,A,Lampone Zero 560ml,2200,1772,1690,832,3,False
M01,2026-10-03 12:01:21,2026-10-03 12:48:15,Running,,A,Lampone Zero 560ml,2200,1727,2814,1350,6,False
M01,2026-10-03 12:48:15,2026-10-03 13:11:23,Running,,A,Lampone Zero 560ml,2200,1774,1388,684,3,False
M01,2026-10-03 13:11:23,2026-10-03 13:59:34,Running,,A,Lampone Zero 560ml,2200,1738,2891,1396,5,False
M01,2026-10-03 13:59:34,2026-10-03 14:00:00,Idle,,A,Lampone Zero 560ml,2200,0,26,0,0,False
M01,2026-10-03 14:00:00,2026-10-03 14:15:32,Stopped,Changeover,B,Arancia Rossa 500ml,2400,0,932,0,0,True
M01,2026-10-03 14:15:32,2026-10-03 14:57:12,Running,,B,Arancia Rossa 500ml,2400,1934,2500,1343,5,False
M01,2026-10-03 14:57:12,2026-10-03 15:03:27,Stopped,Supplies,B,Arancia Rossa 500ml,2400,0,375,0,0,False
M01,2026-10-03 15:03:27,2026-10-03 15:19:16,Stopped,Supplies,B,Arancia Rossa 500ml,2400,0,949,0,0,False
M01,2026-10-03 15:19:16,2026-10-03 15:48:59,Running,,B,Arancia Rossa 500ml,2400,1949,1783,965,3,False
M01,2026-10-03 15:48:59,2026-10-03 16:43:50,Running,,B,Arancia Rossa 500ml,2400,1904,3291,1741,6,False
M01,2026-10-03 16:43:50,2026-10-03 16:50:21,Running,,B,Arancia Rossa 500ml,2400,1912,391,208,1,False
M01,2026-10-03 16:50:21,2026-10-03 17:42:26,Stopped,Fault,B,Arancia Rossa 500ml,2400,0,3125,0,0,False
M01,2026-10-03 17:42:26,2026-10-03 18:07:13,Running,,B,Arancia Rossa 500ml,2400,1899,1487,784,3,False
M01,2026-10-03 18:07:13,2026-10-03 18:19:52,Stopped,Starvation,B,Arancia Rossa 500ml,2400,0,759,0,0,False
M01,2026-10-03 18:19:52,2026-10-03 18:34:13,Idle,,B,Arancia Rossa 500ml,2400,0,861,0,0,False
M01,2026-10-03 18:34:13,2026-10-03 18:59:51,Running,,B,Arancia Rossa 500ml,2400,1921,1538,821,4,False
M01,2026-10-03 18:59:51,2026-10-03 19:29:25,Running,,B,Arancia Rossa 500ml,2400,1911,1774,942,4,False
M01,2026-10-03 19:29:25,2026-10-03 19:38:13,Stopped,Buildup,B,Arancia Rossa 500ml,2400,0,528,0,0,False
M01,2026-10-03 19:38:13,2026-10-03 19:46:17,Stopped,Starvation,B,Arancia Rossa 500ml,2400,0,484,0,0,False
M01,2026-10-03 19:46:17,2026-10-03 20:11:18,Running,,B,Arancia Rossa 500ml,2400,1891,1501,788,3,False
M01,2026-10-03 20:11:18,2026-10-03 20:13:41,Stopped,Buildup,B,Arancia Rossa 500ml,2400,0,143,0,0,False
M01,2026-10-03 20:13:41,2026-10-03 20:51:02,Running,,B,Arancia Rossa 500ml,2400,1889,2241,1176,6,False
M01,2026-10-03 20:51:02,2026-10-03 21:49:45,Running,,B,Arancia Rossa 500ml,2400,1911,3523,1870,7,False
M01,2026-10-03 21:49:45,2026-10-03 22:00:00,Running,,B,Arancia Rossa 500ml,2400,1893,615,323,1,False
M01,2026-10-03 22:00:00,2026-10-03 22:16:32,Stopped,Changeover,C,Lampone Zero 560ml,2200,0,992,0,0,True
M01,2026-10-03 22:16:32,2026-10-03 23:13:42,Running,,C,Lampone Zero 560ml,2200,1746,3430,1664,7,False
M01,2026-10-03 23:13:42,2026-10-03 23:49:47,Running,,C,Lampone Zero 560ml,2200,1790,2165,1076,4,False
M01,2026-10-03 23:49:47,2026-10-03 23:56:54,Stopped,Starvation,C,Lampone Zero 560ml,2200,0,427,0,0,False
M01,2026-10-03 23:56:54,2026-10-04 00:00:00,Idle,,C,Lampone Zero 560ml,2200,0,186,0,0,False
M01,2026-10-04 00:00:00,2026-10-04 00:58:25,Running,,C,Lampone Zero 560ml,2200,1620,3505,1577,6,False
M01,2026-10-04 00:58:25,2026-10-04 01:57:02,Running,,C,Lampone Zero 560ml,2200,1647,3517,1609,7,False
M01,2026-10-04 01:57:02,2026-10-04 02:33:42,Running,,C,Lampone Zero 560ml,2200,1642,2200,1003,5,False
M01,2026-10-04 02:33:42,2026-10-04 02:43:48,Stopped,External,C,Lampone Zero 560ml,2200,0,606,0,0,False
M01,2026-10-04 02:43:48,2026-10-04 03:05:57,Running,,C,Lampone Zero 560ml,2200,1665,1329,615,3,False
M01,2026-10-04 03:05:57,2026-10-04 03:54:36,Running,,C,Lampone Zero 560ml,2200,1625,2919,1318,6,False
M01,2026-10-04 03:54:36,2026-10-04 04:22:22,Running,,C,Lampone Zero 560ml,2200,1619,1666,749,3,False
M01,2026-10-04 04:22:22,2026-10-04 04:53:26,Running,,C,Lampone Zero 560ml,2200,1659,1864,859,4,False
M01,2026-10-04 04:53:26,2026-10-04 05:38:55,Running,,C,Lampone Zero 560ml,2200,1620,2729,1228,5,False
M01,2026-10-04 05:38:55,2026-10-04 05:59:37,Running,,C,Lampone Zero 560ml,2200,1629,1242,562,2,False
M01,2026-10-04 05:59:37,2026-10-04 06:00:00,Idle,,C,Lampone Zero 560ml,2200,0,23,0,0,False
M01,2026-10-04 06:00:00,2026-10-04 06:33:18,Stopped,Changeover,A,Arancia Rossa 500ml,2400,0,1998,0,0,True
M01,2026-10-04 06:33:18,2026-10-04 06:40:11,Stopped,Buildup,A,Arancia Rossa 500ml,2400,0,413,0,0,False
M01,2026-10-04 06:40:11,2026-10-04 07:28:38,Running,,A,Arancia Rossa 500ml,2400,1792,2907,1447,5,False
M01,2026-10-04 07:28:38,2026-10-04 08:10:46,Running,,A,Arancia Rossa 500ml,2400,1793,2528,1259,5,False
M01,2026-10-04 08:10:46,2026-10-04 08:50:53,Running,,A,Arancia Rossa 500ml,2400,1787,2407,1195,5,False
M01,2026-10-04 08:50:53,2026-10-04 08:55:18,Stopped,Starvation,A,Arancia Rossa 500ml,2400,0,265,0,0,False
M01,2026-10-04 08:55:18,2026-10-04 09:48:22,Running,,A,Arancia Rossa 500ml,2400,1778,3184,1573,6,False
M01,2026-10-04 09:48:22,2026-10-04 10:38:03,Running,,A,Arancia Rossa 500ml,2400,1775,2981,1470,5,False
M01,2026-10-04 10:38:03,2026-10-04 11:01:22,Running,,A,Arancia Rossa 500ml,2400,1799,1399,699,3,False
M01,2026-10-04 11:01:22,2026-10-04 11:09:39,Idle,,A,Arancia Rossa 500ml,2400,0,497,0,0,False
M01,2026-10-04 11:09:39,2026-10-04 11:50:40,Running,,A,Arancia Rossa 500ml,2400,1812,2461,1239,5,False
M01,2026-10-04 11:50:40,2026-10-04 12:44:00,Running,,A,Arancia Rossa 500ml,2400,1784,3200,1586,6,False
M01,2026-10-04 12:44:00,2026-10-04 13:11:15,Running,,A,Arancia Rossa 500ml,2400,1787,1635,812,3,False
M01,2026-10-04 13:11:15,2026-10-04 13:42:44,Running,,A,Arancia Rossa 500ml,2400,1819,1889,954,4,False
M01,2026-10-04 13:42:44,2026-10-04 14:00:00,Running,,A,Arancia Rossa 500ml,2400,1821,1036,524,3,False
M01,2026-10-04 14:00:00,2026-10-04 14:31:46,Stopped,Changeover,B,Lampone Zero 560ml,2200,0,1906,0,0,True
M01,2026-10-04 14:31:46,2026-10-04 15:25:22,Running,,B,Lampone Zero 560ml,2200,1665,3216,1487,5,False
M01,2026-10-04 15:25:22,2026-10-04 16:04:57,Running,,B,Lampone Zero 560ml,2200,1621,2375,1069,4,False
M01,2026-10-04 16:04:57,2026-10-04 16:28:12,Running,,B,Lampone Zero 560ml,2200,1661,1395,644,3,False
M01,2026-10-04 16:28:12,2026-10-04 17:02:47,Running,,B,Lampone Zero 560ml,2200,1622,2075,935,4,False
M01,2026-10-04 17:02:47,2026-10-04 17:34:51,Running,,B,Lampone Zero 560ml,2200,1628,1924,870,3,False
M01,2026-10-04 17:34:51,2026-10-04 18:03:47,Running,,B,Lampone Zero 560ml,2200,1624,1736,783,4,False
M01,2026-10-04 18:03:47,2026-10-04 18:45:45,Running,,B,Lampone Zero 560ml,2200,1670,2518,1168,6,False
M01,2026-10-04 18:45:45,2026-10-04 19:44:40,Running,,B,Lampone Zero 560ml,2200,1661,3535,1631,7,False
M01,2026-10-04 19:44:40,2026-10-04 19:51:45,Stopped,Fault,B,Lampone Zero 560ml,2200,0,425,0,0,False
M01,2026-10-04 19:51:45,2026-10-04 20:00:47,Stopped,Starvation,B,Lampone Zero 560ml,2200,0,542,0,0,False
M01,2026-10-04 20:00:47,2026-10-04 20:42:13,Running,,B,Lampone Zero 560ml,2200,1662,2486,1148,5,False
M01,2026-10-04 20:42:13,2026-10-04 21:23:52,Running,,B,Lampone Zero 560ml,2200,1632,2499,1133,5,False
M01,2026-10-04 21:23:52,2026-10-04 21:44:23,Running,,B,Lampone Zero 560ml,2200,1652,1231,565,3,False
M01,2026-10-04 21:44:23,2026-10-04 22:00:00,Running,,B,Lampone Zero 560ml,2200,1618,937,421,2,False
M01,2026-10-04 22:00:00,2026-10-04 22:13:49,Stopped,Starvation,C,Lampone Zero 560ml,2200,0,829,0,0,False
M01,2026-10-04 22:13:49,2026-10-04 22:34:51,Running,,C,Lampone Zero 560ml,2200,1640,1262,575,3,False
M01,2026-10-04 22:34:51,2026-10-04 22:46:02,Stopped,Operator,C,Lampone Zero 560ml,2200,0,671,0,0,False
M01,2026-10-04 22:46:02,2026-10-04 22:48:18,Stopped,External,C,Lampone Zero 560ml,2200,0,136,0,0,False
M01,2026-10-04 22:48:18,2026-10-04 23:32:33,Running,,C,Lampone Zero 560ml,2200,1613,2655,1190,5,False
M01,2026-10-04 23:32:33,2026-10-04 23:58:59,Running,,C,Lampone Zero 560ml,2200,1629,1586,718,3,False
M01,2026-10-04 23:58:59,2026-10-05 00:00:00,Idle,,C,Lampone Zero 560ml,2200,0,61,0,0,False
M01,2026-10-05 00:00:00,2026-10-05 00:37:17,Running,,C,Lampone Zero 560ml,2200,1942,2237,1207,5,False
M01,2026-10-05 00:37:17,2026-10-05 00:46:44,Stopped,External,C,Lampone Zero 560ml,2200,0,567,0,0,False
M01,2026-10-05 00:46:44,2026-10-05 01:36:17,Running,,C,Lampone Zero 560ml,2200,1928,2973,1592,5,False
M01,2026-10-05 01:36:17,2026-10-05 02:22:58,Running,,C,Lampone Zero 560ml,2200,1976,2801,1537,7,False
M01,2026-10-05 02:22:58,2026-10-05 02:50:02,Running,,C,Lampone Zero 560ml,2200,1963,1624,886,3,False
M01,2026-10-05 02:50:02,2026-10-05 02:58:23,Stopped,Buildup,C,Lampone Zero 560ml,2200,0,501,0,0,False
M01,2026-10-05 02:58:23,2026-10-05 03:49:58,Running,,C,Lampone Zero 560ml,2200,1934,3095,1663,7,False
M01,2026-10-05 03:49:58,2026-10-05 04:03:12,Stopped,Buildup,C,Lampone Zero 560ml,2200,0,794,0,0,False
M01,2026-10-05 04:03:12,2026-10-05 04:21:59,Idle,,C,Lampone Zero 560ml,2200,0,1127,0,0,False
M01,2026-10-05 04:21:59,2026-10-05 05:15:05,Running,,C,Lampone Zero 560ml,2200,1965,3186,1739,8,False
M01,2026-10-05 05:15:05,2026-10-05 05:27:59,Stopped,External,C,Lampone Zero 560ml,2200,0,774,0,0,False
M01,2026-10-05 05:27:59,2026-10-05 05:39:59,Stopped,Starvation,C,Lampone Zero 560ml,2200,0,720,0,0,False
M01,2026-10-05 05:39:59,2026-10-05 06:00:00,Running,,C,Lampone Zero 560ml,2200,1943,1201,648,2,False
M01,2026-10-05 06:00:00,2026-10-05 06:52:24,Running,,A,Lampone Zero 560ml,2200,1950,3144,1703,6,False
M01,2026-10-05 06:52:24,2026-10-05 06:55:42,Stopped,Starvation,A,Lampone Zero 560ml,2200,0,198,0,0,False
M01,2026-10-05 06:55:42,2026-10-05 07:04:22,Stopped,Starvation,A,Lampone Zero 560ml,2200,0,520,0,0,False
M01,2026-10-05 07:04:22,2026-10-05 07:58:12,Running,,A,Lampone Zero 560ml,2200,1974,3230,1771,9,False
M01,2026-10-05 07:58:12,2026-10-05 08:45:15,Running,,A,Lampone Zero 560ml,2200,1931,2823,1514,6,False
M01,2026-10-05 08:45:15,2026-10-05 09:22:40,Running,,A,Lampone Zero 560ml,2200,1986,2245,1238,4,False
M01,2026-10-05 09:22:40,2026-10-05 10:15:43,Running,,A,Lampone Zero 560ml,2200,1957,3183,1730,8,False
M01,2026-10-05 10:15:43,2026-10-05 10:38:51,Running,,A,Lampone Zero 560ml,2200,1948,1388,751,3,False
M01,2026-10-05 10:38:51,2026-10-05 11:14:50,Running,,A,Lampone Zero 560ml,2200,1946,2159,1167,4,False
M01,2026-10-05 11:14:50,2026-10-05 11:37:50,Running,,A,Lampone Zero 560ml,2200,1950,1380,748,3,False
M01,2026-10-05 11:37:50,2026-10-05 11:40:07,Stopped,Starvation,A,Lampone Zero 560ml,2200,0,137,0,0,False
M01,2026-10-05 11:40:07,2026-10-05 12:31:31,Running,,A,Lampone Zero 560ml,2200,1942,3084,1664,6,False
M01,2026-10-05 12:31:31,2026-10-05 13:00:34,Running,,A,Lampone Zero 560ml,2200,1931,1743,935,4,False
M01,2026-10-05 13:00:34,2026-10-05 13:49:52,Running,,A,Lampone Zero 560ml,2200,1975,2958,1623,6,False
M01,2026-10-05 13:49:52,2026-10-05 14:00:00,Running,,A,Lampone Zero 560ml,2200,1920,608,324,1,False
M01,2026-10-05 14:00:00,2026-10-05 14:37:58,Stopped,Changeover,B,Arancia Rossa 500ml,2400,0,2278,0,0,True
M01,2026-10-05 14:37:58,2026-10-05 14:43:19,Idle,,B,Arancia Rossa 500ml,2400,0,321,0,0,False
M01,2026-10-05 14:43:19,2026-10-05 14:57:45,Stopped,Starvation,B,Arancia Rossa 500ml,2400,0,866,0,0,False
M01,2026-10-05 14:57:45,2026-10-05 15:55:31,Running,,B,Arancia Rossa 500ml,2400,2097,3466,2019,7,False
M01,2026-10-05 15:55:31,2026-10-05 16:31:50,Running,,B,Arancia Rossa 500ml,2400,2090,2179,1265,5,False
M01,2026-10-05 16:31:50,2026-10-05 17:26:32,Running,,B,Arancia Rossa 500ml,2400,2111,3282,1925,8,False
M01,2026-10-05 17:26:32,2026-10-05 18:15:12,Running,,B,Arancia Rossa 500ml,2400,2097,2920,1701,7,False
M01,2026-10-05 18:15:12,2026-10-05 18:18:22,Stopped,Starvation,B,Arancia Rossa 500ml,2400,0,190,0,0,False
M01,2026-10-05 18:18:22,2026-10-05 18:59:18,Running,,B,Arancia Rossa 500ml,2400,2092,2456,1427,6,False
M01,2026-10-05 18:59:18,2026-10-05 19:27:50,Running,,B,Arancia Rossa 500ml,2400,2154,1712,1024,4,False
M01,2026-10-05 19:27:50,2026-10-05 19:38:29,Stopped,Starvation,B,Arancia Rossa 500ml,2400,0,639,0,0,False
M01,2026-10-05 19:38:29,2026-10-05 20:10:26,Running,,B,Arancia Rossa 500ml,2400,2119,1917,1128,5,False
M01,2026-10-05 20:10:26,2026-10-05 20:49:05,Running,,B,Arancia Rossa 500ml,2400,2146,2319,1382,6,False
M01,2026-10-05 20:49:05,2026-10-05 20:55:31,Stopped,External,B,Arancia Rossa 500ml,2400,0,386,0,0,False
M01,2026-10-05 20:55:31,2026-10-05 21:01:53,Idle,,B,Arancia Rossa 500ml,2400,0,382,0,0,False
M01,2026-10-05 21:01:53,2026-10-05 21:23:47,Running,,B,Arancia Rossa 500ml,2400,2113,1314,771,3,False
M01,2026-10-05 21:23:47,2026-10-05 21:58:59,Running,,B,Arancia Rossa 500ml,2400,2111,2112,1238,5,False
M01,2026-10-05 21:58:59,2026-10-05 22:00:00,Idle,,B,Arancia Rossa 500ml,2400,0,61,0,0,False
M01,2026-10-05 22:00:00,2026-10-05 22:19:44,Stopped,Changeover,C,Lampone Zero 560ml,2200,0,1184,0,0,True
M01,2026-10-05 22:19:44,2026-10-05 23:14:44,Running,,C,Lampone Zero 560ml,2200,1941,3300,1779,7,False
M01,2026-10-05 23:14:44,2026-10-05 23:53:02,Running,,C,Lampone Zero 560ml,2200,1947,2298,1243,6,False
M01,2026-10-05 23:53:02,2026-10-06 00:00:00,Running,,C,Lampone Zero 560ml,2200,1942,418,225,1,False
M01,2026-10-06 00:00:00,2026-10-06 00:55:03,Running,,C,Lampone Zero 560ml,2200,1924,3303,1765,6,False
M01,2026-10-06 00:55:03,2026-10-06 01:52:38,Running,,C,Lampone Zero 560ml,2200,1922,3455,1845,9,False
M01,2026-10-06 01:52:38,2026-10-06 02:33:05,Running,,C,Lampone Zero 560ml,2200,1975,2427,1331,6,False
M01,2026-10-06 02:33:05,2026-10-06 02:57:55,Running,,C,Lampone Zero 560ml,2200,1976,1490,818,3,False
M01,2026-10-06 02:57:55,2026-10-06 03:02:45,Stopped,Buildup,C,Lampone Zero 560ml,2200,0,290,0,0,False
M01,2026-10-06 03:02:45,2026-10-06 04:02:43,Running,,C,Lampone Zero 560ml,2200,1931,3598,1930,9,False
M01,2026-10-06 04:02:43,2026-10-06 04:17:33,Stopped,Fault,C,Lampone Zero 560ml,2200,0,890,0,0,False
M01,2026-10-06 04:17:33,2026-10-06 04:44:23,Running,,C,Lampone Zero 560ml,2200,1955,1610,874,4,False
M01,2026-10-06 04:44:23,2026-10-06 05:19:34,Running,,C,Lampone Zero 560ml,2200,1928,2111,1131,4,False
M01,2026-10-06 05:19:34,2026-10-06 05:44:55,Running,,C,Lampone Zero 560ml,2200,1910,1521,807,4,False
M01,2026-10-06 05:44:55,2026-10-06 06:00:00,Running,,C,Lampone Zero 560ml,2200,1956,905,492,2,False
M01,2026-10-06 06:00:00,2026-10-06 06:26:41,Stopped,Changeover,A,Arancia Rossa 500ml,2400,0,1601,0,0,True
M01,2026-10-06 06:26:41,2026-10-06 07:16:10,Stopped,Maintenance,A,Arancia Rossa 500ml,2400,0,2969,0,0,True
M01,2026-10-06 07:16:10,2026-10-06 07:20:46,Stopped,External,A,Arancia Rossa 500ml,2400,0,276,0,0,False
M01,2026-10-06 07:20:46,2026-10-06 08:12:54,Running,,A,Arancia Rossa 500ml,2400,2121,3128,1843,6,False
M01,2026-10-06 08:12:54,2026-10-06 08:38:35,Running,,A,Arancia Rossa 500ml,2400,2125,1541,910,4,False
M01,2026-10-06 08:38:35,2026-10-06 08:45:53,Stopped,Starvation,A,Arancia Rossa 500ml,2400,0,438,0,0,False
M01,2026-10-06 08:45:53,2026-10-06 09:15:49,Running,,A,Arancia Rossa 500ml,2400,2124,1796,1060,3,False
M01,2026-10-06 09:15:49,2026-10-06 09:58:35,Running,,A,Arancia Rossa 500ml,2400,2091,2566,1490,5,False
M01,2026-10-06 09:58:35,2026-10-06 10:52:39,Running,,A,Arancia Rossa 500ml,2400,2122,3244,1912,7,False
M01,2026-10-06 10:52:39,2026-10-06 11:14:49,Running,,A,Arancia Rossa 500ml,2400,2109,1330,779,3,False
M01,2026-10-06 11:14:49,2026-10-06 11:51:20,Running,,A,Arancia Rossa 500ml,2400,2154,2191,1311,4,False
M01,2026-10-06 11:51:20,2026-10-06 12:16:01,Running,,A,Arancia Rossa 500ml,2400,2101,1481,864,4,False
M01,2026-10-06 12:16:01,2026-10-06 13:02:06,Running,,A,Arancia Rossa 500ml,2400,2109,2765,1620,7,False
M01,2026-10-06 13:02:06,2026-10-06 13:47:16,Running,,A,Arancia Rossa 500ml,2400,2115,2710,1592,6,False
M01,2026-10-06 13:47:16,2026-10-06 13:53:39,Stopped,External,A,Arancia Rossa 500ml,2400,0,383,0,0,False
M01,2026-10-06 13:53:39,2026-10-06 13:59:57,Stopped,Starvation,A,Arancia Rossa 500ml,2400,0,378,0,0,False
M01,2026-10-06 13:59:57,2026-10-06 14:00:00,Idle,,A,Arancia Rossa 500ml,2400,0,3,0,0,False
M01,2026-10-06 14:00:00,2026-10-06 14:22:29,Stopped,Changeover,B,Lampone Zero 560ml,2200,0,1349,0,0,True
M01,2026-10-06 14:22:29,2026-10-06 14:44:51,Running,,B,Lampone Zero 560ml,2200,1976,1342,737,3,False
M01,2026-10-06 14:44:51,2026-10-06 15:39:44,Running,,B,Lampone Zero 560ml,2200,1929,3293,1764,6,False
M01,2026-10-06 15:39:44,2026-10-06 16:10:38,Running,,B,Lampone Zero 560ml,2200,1972,1854,1016,4,False
M01,2026-10-06 16:10:38,2026-10-06 17:10:17,Running,,B,Lampone Zero 560ml,2200,1972,3579,1960,8,False
M01,2026-10-06 17:10:17,2026-10-06 17:58:18,Running,,B,Lampone Zero 560ml,2200,1935,2881,1549,8,False
M01,2026-10-06 17:58:18,2026-10-06 18:29:00,Running,,B,Lampone Zero 560ml,2200,1967,1842,1006,4,False
M01,2026-10-06 18:29:00,2026-10-06 18:50:42,Running,,B,Lampone Zero 560ml,2200,1950,1302,705,3,False
M01,2026-10-06 18:50:42,2026-10-06 19:50:07,Running,,B,Lampone Zero 560ml,2200,1923,3565,1904,8,False
M01,2026-10-06 19:50:07,2026-10-06 20:49:02,Running,,B,Lampone Zero 560ml,2200,1951,3535,1916,7,False
M01,2026-10-06 20:49:02,2026-10-06 21:04:02,Stopped,Buildup,B,Lampone Zero 560ml,2200,0,900,0,0,False
M01,2026-10-06 21:04:02,2026-10-06 21:20:31,Stopped,Starvation,B,Lampone Zero 560ml,2200,0,989,0,0,False
M01,2026-10-06 21:20:31,2026-10-06 21:51:50,Running,,B,Lampone Zero 560ml,2200,1986,1879,1037,4,False
M01,2026-10-06 21:51:50,2026-10-06 21:58:19,Stopped,Fault,B,Lampone Zero 560ml,2200,0,389,0,0,False
M01,2026-10-06 21:58:19,2026-10-06 22:00:00,Idle,,B,Lampone Zero 560ml,2200,0,101,0,0,False
M01,2026-10-06 22:00:00,2026-10-06 22:40:13,Running,,C,Lampone Zero 560ml,2200,1979,2413,1326,5,False
M01,2026-10-06 22:40:13,2026-10-06 23:38:04,Running,,C,Lampone Zero 560ml,2200,1962,3471,1892,8,False
M01,2026-10-06 23:38:04,2026-10-06 23:59:32,Running,,C,Lampone Zero 560ml,2200,1973,1288,706,3,False
M01,2026-10-06 23:59:32,2026-10-07 00:00:00,Idle,,C,Lampone Zero 560ml,2200,0,28,0,0,False
M01,2026-10-07 00:00:00,2026-10-07 00:22:23,Running,,C,Lampone Zero 560ml,2200,1966,1343,733,3,False
M01,2026-10-07 00:22:23,2026-10-07 01:05:26,Running,,C,Lampone Zero 560ml,2200,1911,2583,1371,6,False
M01,2026-10-07 01:05:26,2026-10-07 01:09:16,Stopped,External,C,Lampone Zero 560ml,2200,0,230,0,0,False
M01,2026-10-07 01:09:16,2026-10-07 02:06:31,Running,,C,Lampone Zero 560ml,2200,1929,3435,1841,8,False
M01,2026-10-07 02:06:31,2026-10-07 03:02:28,Running,,C,Lampone Zero 560ml,2200,1914,3357,1785,7,False
M01,2026-10-07 03:02:28,2026-10-07 03:17:19,Stopped,External,C,Lampone Zero 560ml,2200,0,891,0,0,False
M01,2026-10-07 03:17:19,2026-10-07 03:22:29,Stopped,Starvation,C,Lampone Zero 560ml,2200,0,310,0,0,False
M01,2026-10-07 03:22:29,2026-10-07 04:01:33,Running,,C,Lampone Zero 560ml,2200,1973,2344,1285,6,False
M01,2026-10-07 04:01:33,2026-10-07 04:52:17,Running,,C,Lampone Zero 560ml,2200,1977,3044,1672,6,False
M01,2026-10-07 04:52:17,2026-10-07 05:16:26,Running,,C,Lampone Zero 560ml,2200,1950,1449,785,4,False
M01,2026-10-07 05:16:26,2026-10-07 05:41:36,Running,,C,Lampone Zero 560ml,2200,1981,1510,831,4,False
M01,2026-10-07 05:41:36,2026-10-07 06:00:00,Running,,C,Lampone Zero 560ml,2200,1914,1104,587,2,False
M01,2026-10-07 06:00:00,2026-10-07 06:09:45,Idle,,A,Lampone Zero 560ml,2200,0,585,0,0,False
M01,2026-10-07 06:09:45,2026-10-07 06:59:02,Running,,A,Lampone Zero 560ml,2200,1920,2957,1577,6,False
M01,2026-10-07 06:59:02,2026-10-07 07:31:15,Running,,A,Lampone Zero 560ml,2200,1920,1933,1031,5,False
M01,2026-10-07 07:31:15,2026-10-07 08:22:16,Running,,A,Lampone Zero 560ml,2200,1943,3061,1652,6,False
M01,2026-10-07 08:22:16,2026-10-07 09:08:38,Running,,A,Lampone Zero 560ml,2200,1941,2782,1500,5,False
M01,2026-10-07 09:08:38,2026-10-07 09:47:42,Running,,A,Lampone Zero 560ml,2200,1925,2344,1253,6,False
M01,2026-10-07 09:47:42,2026-10-07 10:20:01,Running,,A,Lampone Zero 560ml,2200,1949,1939,1050,5,False
M01,2026-10-07 10:20:01,2026-10-07 11:08:48,Running,,A,Lampone Zero 560ml,2200,1929,2927,1568,7,False
M01,2026-10-07 11:08:48,2026-10-07 11:55:19,Running,,A,Lampone Zero 560ml,2200,1929,2791,1496,6,False
M01,2026-10-07 11:55:19,2026-10-07 12:07:33,Stopped,External,A,Lampone Zero 560ml,2200,0,734,0,0,False
M01,2026-10-07 12:07:33,2026-10-07 12:09:41,Stopped,Starvation,A,Lampone Zero 560ml,2200,0,128,0,0,False
M01,2026-10-07 12:09:41,2026-10-07 12:48:21,Running,,A,Lampone Zero 560ml,2200,1948,2320,1255,6,False
M01,2026-10-07 12:48:21,2026-10-07 13:09:50,Running,,A,Lampone Zero 560ml,2200,1948,1289,697,3,False
M01,2026-10-07 13:09:50,2026-10-07 13:39:46,Running,,A,Lampone Zero 560ml,2200,1935,1796,965,5,False
M01,2026-10-07 13:39:46,2026-10-07 14:00:00,Running,,A,Lampone Zero 560ml,2200,1920,1214,647,3,False
M01,2026-10-07 14:00:00,2026-10-07 14:36:29,Stopped,Changeover,B,Arancia Rossa 500ml,2400,0,2189,0,0,True
M01,2026-10-07 14:36:29,2026-10-07 14:50:11,Stopped,External,B,Arancia Rossa 500ml,2400,0,822,0,0,False
M01,2026-10-07 14:50:11,2026-10-07 15:21:02,Running,,B,Arancia Rossa 500ml,2400,2133,1851,1097,4,False
M01,2026-10-07 15:21:02,2026-10-07 15:32:22,Stopped,Fault,B,Arancia Rossa 500ml,2400,0,680,0,0,False
M01,2026-10-07 15:32:22,2026-10-07 16:05:00,Running,,B,Arancia Rossa 500ml,2400,2108,1958,1147,5,False
M01,2026-10-07 16:05:00,2026-10-07 16:09:05,Stopped,Starvation,B,Arancia Rossa 500ml,2400,0,245,0,0,False
M01,2026-10-07 16:09:05,2026-10-07 16:18:57,Stopped,External,B,Arancia Rossa 500ml,2400,0,592,0,0,False
M01,2026-10-07 16:18:57,2026-10-07 16:24:35,Stopped,Starvation,B,Arancia Rossa 500ml,2400,0,338,0,0,False
M01,2026-10-07 16:24:35,2026-10-07 17:02:00,Running,,B,Arancia Rossa 500ml,2400,2116,2245,1320,6,False
M01,2026-10-07 17:02:00,2026-10-07 17:28:10,Running,,B,Arancia Rossa 500ml,2400,2101,1570,916,4,False
M01,2026-10-07 17:28:10,2026-10-07 18:27:26,Running,,B,Arancia Rossa 500ml,2400,2156,3556,2130,9,False
M01,2026-10-07 18:27:26,2026-10-07 19:09:01,Running,,B,Arancia Rossa 500ml,2400,2129,2495,1476,5,False
M01,2026-10-07 19:09:01,2026-10-07 19:21:34,Stopped,External,B,Arancia Rossa 500ml,2400,0,753,0,0,False
M01,2026-10-07 19:21:34,2026-10-07 20:06:12,Running,,B,Arancia Rossa 500ml,2400,2101,2678,1563,6,False
M01,2026-10-07 20:06:12,2026-10-07 20:37:53,Running,,B,Arancia Rossa 500ml,2400,2081,1901,1099,5,False
M01,2026-10-07 20:37:53,2026-10-07 21:15:29,Running,,B,Arancia Rossa 500ml,2400,2091,2256,1310,5,False
M01,2026-10-07 21:15:29,2026-10-07 21:46:43,Running,,B,Arancia Rossa 500ml,2400,2095,1874,1091,5,False
M01,2026-10-07 21:46:43,2026-10-07 22:00:00,Running,,B,Arancia Rossa 500ml,2400,2092,797,463,2,False
M01,2026-10-07 22:00:00,2026-10-07 22:22:22,Stopped,Changeover,C,Lampone Zero 560ml,2200,0,1342,0,0,True
M01,2026-10-07 22:22:22,2026-10-07 22:59:38,Running,,C,Lampone Zero 560ml,2200,1923,2236,1194,5,False
M01,2026-10-07 22:59:38,2026-10-07 23:53:03,Running,,C,Lampone Zero 560ml,2200,1960,3205,1745,7,False
M01,2026-10-07 23:53:03,2026-10-08 00:00:00,Running,,C,Lampone Zero 560ml,2200,1981,417,229,1,False
M01,2026-10-08 00:00:00,2026-10-08 00:06:55,Stopped,External,C,Lampone Zero 560ml,2200,0,415,0,0,False
M01,2026-10-08 00:06:55,2026-10-08 00:44:38,Running,,C,Lampone Zero 560ml,2200,1957,2263,1230,4,False
M01,2026-10-08 00:44:38,2026-10-08 01:34:04,Running,,C,Lampone Zero 560ml,2200,1919,2966,1581,7,False
M01,2026-10-08 01:34:04,2026-10-08 02:04:36,Running,,C,Lampone Zero 560ml,2200,1917,1832,976,3,False
M01,2026-10-08 02:04:36,2026-10-08 02:32:17,Running,,C,Lampone Zero 560ml,2200,1974,1661,911,3,False
M01,2026-10-08 02:32:17,2026-10-08 03:27:26,Running,,C,Lampone Zero 560ml,2200,1934,3309,1778,7,False
M01,2026-10-08 03:27:26,2026-10-08 04:07:54,Running,,C,Lampone Zero 560ml,2200,1935,2428,1305,5,False
M01,2026-10-08 04:07:54,2026-10-08 04:34:14,Running,,C,Lampone Zero 560ml,2200,1934,1580,849,4,False
M01,2026-10-08 04:34:14,2026-10-08 05:31:47,Running,,C,Lampone Zero 560ml,2200,1914,3453,1836,9,False
M01,2026-10-08 05:31:47,2026-10-08 05:59:18,Running,,C,Lampone Zero 560ml,2200,1959,1651,898,3,False
M01,2026-10-08 05:59:18,2026-10-08 06:00:00,Idle,,C,Lampone Zero 560ml,2200,0,42,0,0,False
M01,2026-10-08 06:00:00,2026-10-08 06:20:53,Stopped,Changeover,A,Arancia Rossa 500ml,2400,0,1253,0,0,True
M01,2026-10-08 06:20:53,2026-10-08 07:14:16,Running,,A,Arancia Rossa 500ml,2400,2135,3203,1900,6,False
M01,2026-10-08 07:14:16,2026-10-08 07:46:16,Running,,A,Arancia Rossa 500ml,2400,2087,1920,1113,5,False
M01,2026-10-08 07:46:16,2026-10-08 08:10:56,Running,,A,Arancia Rossa 500ml,2400,2101,1480,864,4,False
M01,2026-10-08 08:10:56,2026-10-08 08:32:19,Running,,A,Arancia Rossa 500ml,2400,2115,1283,754,3,False
M01,2026-10-08 08:32:19,2026-10-08 08:35:44,Stopped,External,A,Arancia Rossa 500ml,2400,0,205,0,0,False
M01,2026-10-08 08:35:44,2026-10-08 09:20:51,Running,,A,Arancia Rossa 500ml,2400,2102,2707,1581,8,False
M01,2026-10-08 09:20:51,2026-10-08 10:06:41,Running,,A,Arancia Rossa 500ml,2400,2104,2750,1607,6,False
M01,2026-10-08 10:06:41,2026-10-08 10:58:42,Running,,A,Arancia Rossa 500ml,2400,2077,3121,1801,7,False
M01,2026-10-08 10:58:42,2026-10-08 11:11:55,Stopped,Fault,A,Arancia Rossa 500ml,2400,0,793,0,0,False
M01,2026-10-08 11:11:55,2026-10-08 11:21:14,Stopped,External,A,Arancia Rossa 500ml,2400,0,559,0,0,False
M01,2026-10-08 11:21:14,2026-10-08 11:38:52,Idle,,A,Arancia Rossa 500ml,2400,0,1058,0,0,False
M01,2026-10-08 11:38:52,2026-10-08 11:49:37,Stopped,Buildup,A,Arancia Rossa 500ml,2400,0,645,0,0,False
M01,2026-10-08 11:49:37,2026-10-08 12:12:22,Running,,A,Arancia Rossa 500ml,2400,2121,1365,804,3,False
M01,2026-10-08 12:12:22,2026-10-08 12:35:57,Running,,A,Arancia Rossa 500ml,2400,2101,1415,826,4,False
M01,2026-10-08 12:35:57,2026-10-08 13:09:10,Running,,A,Arancia Rossa 500ml,2400,2084,1993,1154,4,False
M01,2026-10-08 13:09:10,2026-10-08 13:20:33,Stopped,External,A,Arancia Rossa 500ml,2400,0,683,0,0,False
M01,2026-10-08 13:20:33,2026-10-08 13:47:23,Running,,A,Arancia Rossa 500ml,2400,2085,1610,932,4,False
M01,2026-10-08 13:47:23,2026-10-08 13:52:35,Stopped,Supplies,A,Arancia Rossa 500ml,2400,0,312,0,0,False
M01,2026-10-08 13:52:35,2026-10-08 14:00:00,Running,,A,Arancia Rossa 500ml,2400,2081,445,257,1,False
M01,2026-10-08 14:00:00,2026-10-08 14:15:26,Stopped,Changeover,B,Lampone Zero 560ml,2200,0,926,0,0,True
M01,2026-10-08 14:15:26,2026-10-08 14:43:28,Running,,B,Lampone Zero 560ml,2200,1929,1682,901,4,False
M01,2026-10-08 14:43:28,2026-10-08 15:37:05,Running,,B,Lampone Zero 560ml,2200,1971,3217,1761,7,False
M01,2026-10-08 15:37:05,2026-10-08 16:09:02,Running,,B,Lampone Zero 560ml,2200,1960,1917,1044,5,False
M01,2026-10-08 16:09:02,2026-10-08 16:55:45,Running,,B,Lampone Zero 560ml,2200,1925,2803,1499,5,False
M01,2026-10-08 16:55:45,2026-10-08 17:42:50,Running,,B,Lampone Zero 560ml,2200,1930,2825,1515,5,False
M01,2026-10-08 17:42:50,2026-10-08 17:53:22,Stopped,Starvation,B,Lampone Zero 560ml,2200,0,632,0,0,False
M01,2026-10-08 17:53:22,2026-10-08 18:49:40,Running,,B,Lampone Zero 560ml,2200,1952,3378,1832,8,False
M01,2026-10-08 18:49:40,2026-10-08 19:13:53,Running,,B,Lampone Zero 560ml,2200,1905,1453,769,3,False
M01,2026-10-08 19:13:53,2026-10-08 20:08:30,Running,,B,Lampone Zero 560ml,2200,1960,3277,1784,7,False
M01,2026-10-08 20:08:30,2026-10-08 20:13:47,Stopped,External,B,Lampone Zero 560ml,2200,0,317,0,0,False
M01,2026-10-08 20:13:47,2026-10-08 20:27:18,Idle,,B,Lampone Zero 560ml,2200,0,811,0,0,False
M01,2026-10-08 20:27:18,2026-10-08 21:24:56,Running,,B,Lampone Zero 560ml,2200,1947,3458,1870,8,False
M01,2026-10-08 21:24:56,2026-10-08 21:32:55,Idle,,B,Lampone Zero 560ml,2200,0,479,0,0,False
M01,2026-10-08 21:32:55,2026-10-08 21:46:40,Stopped,Buildup,B,Lampone Zero 560ml,2200,0,825,0,0,False
M01,2026-10-08 21:46:40,2026-10-08 21:53:52,Idle,,B,Lampone Zero 560ml,2200,0,432,0,0,False
M01,2026-10-08 21:53:52,2026-10-08 21:59:35,Idle,,B,Lampone Zero 560ml,2200,0,343,0,0,False
M01,2026-10-08 21:59:35,2026-10-08 22:00:00,Idle,,B,Lampone Zero 560ml,2200,0,25,0,0,False
M01,2026-10-08 22:00:00,2026-10-08 22:25:59,Running,,C,Lampone Zero 560ml,2200,1964,1559,851,4,False
M01,2026-10-08 22:25:59,2026-10-08 22:37:41,Stopped,Starvation,C,Lampone Zero 560ml,2200,0,702,0,0,False
M01,2026-10-08 22:37:41,2026-10-08 23:37:19,Running,,C,Lampone Zero 560ml,2200,1943,3578,1931,9,False
M01,2026-10-08 23:37:19,2026-10-08 23:58:54,Running,,C,Lampone Zero 560ml,2200,1968,1295,708,2,False
M01,2026-10-08 23:58:54,2026-10-09 00:00:00,Idle,,C,Lampone Zero 560ml,2200,0,66,0,0,False
M01,2026-10-09 00:00:00,2026-10-09 00:58:06,Running,,C,Lampone Zero 560ml,2200,1850,3486,1791,8,False
M01,2026-10-09 00:58:06,2026-10-09 01:40:13,Running,,C,Lampone Zero 560ml,2200,1881,2527,1320,6,False
M01,2026-10-09 01:40:13,2026-10-09 02:35:33,Running,,C,Lampone Zero 560ml,2200,1899,3320,1751,7,False
M01,2026-10-09 02:35:33,2026-10-09 03:22:08,Running,,C,Lampone Zero 560ml,2200,1916,2795,1488,6,False
M01,2026-10-09 03:22:08,2026-10-09 03:31:09,Stopped,Fault,C,Lampone Zero 560ml,2200,0,541,0,0,False
M01,2026-10-09 03:31:09,2026-10-09 03:55:48,Running,,C,Lampone Zero 560ml,2200,1892,1479,777,3,False
M01,2026-10-09 03:55:48,2026-10-09 04:07:40,Stopped,Starvation,C,Lampone Zero 560ml,2200,0,712,0,0,False
M01,2026-10-09 04:07:40,2026-10-09 05:03:55,Running,,C,Lampone Zero 560ml,2200,1910,3375,1791,6,False
M01,2026-10-09 05:03:55,2026-10-09 05:10:31,Stopped,External,C,Lampone Zero 560ml,2200,0,396,0,0,False
M01,2026-10-09 05:10:31,2026-10-09 05:50:20,Running,,C,Lampone Zero 560ml,2200,1878,2389,1246,6,False
M01,2026-10-09 05:50:20,2026-10-09 06:00:00,Running,,C,Lampone Zero 560ml,2200,1868,580,301,1,False
M01,2026-10-09 06:00:00,2026-10-09 06:08:05,Stopped,External,A,Lampone Zero 560ml,2200,0,485,0,0,False
M01,2026-10-09 06:08:05,2026-10-09 06:28:15,Running,,A,Lampone Zero 560ml,2200,1902,1210,639,3,False
M01,2026-10-09 06:28:15,2026-10-09 07:02:08,Running,,A,Lampone Zero 560ml,2200,1887,2033,1066,4,False
M01,2026-10-09 07:02:08,2026-10-09 07:05:36,Stopped,Starvation,A,Lampone Zero 560ml,2200,0,208,0,0,False
M01,2026-10-09 07:05:36,2026-10-09 07:22:03,Stopped,Operator,A,Lampone Zero 560ml,2200,0,987,0,0,False
M01,2026-10-09 07:22:03,2026-10-09 07:49:21,Running,,A,Lampone Zero 560ml,2200,1883,1638,857,4,False
M01,2026-10-09 07:49:21,2026-10-09 08:32:35,Running,,A,Lampone Zero 560ml,2200,1860,2594,1340,6,False
M01,2026-10-09 08:32:35,2026-10-09 09:19:12,Running,,A,Lampone Zero 560ml,2200,1875,2797,1457,7,False
M01,2026-10-09 09:19:12,2026-10-09 09:25:23,Idle,,A,Lampone Zero 560ml,2200,0,371,0,0,False
M01,2026-10-09 09:25:23,2026-10-09 09:32:34,Stopped,Fault,A,Lampone Zero 560ml,2200,0,431,0,0,False
M01,2026-10-09 09:32:34,2026-10-09 10:07:05,Running,,A,Lampone Zero 560ml,2200,1917,2071,1103,4,False
M01,2026-10-09 10:07:05,2026-10-09 10:24:03,Idle,,A,Lampone Zero 560ml,2200,0,1018,0,0,False
M01,2026-10-09 10:24:03,2026-10-09 10:34:54,Stopped,Starvation,A,Lampone Zero 560ml,2200,0,651,0,0,False
M01,2026-10-09 10:34:54,2026-10-09 11:14:57,Running,,A,Lampone Zero 560ml,2200,1872,2403,1250,5,False
M01,2026-10-09 11:14:57,2026-10-09 11:48:57,Running,,A,Lampone Zero 560ml,2200,1886,2040,1069,4,False
M01,2026-10-09 11:48:57,2026-10-09 12:43:49,Running,,A,Lampone Zero 560ml,2200,1902,3292,1739,7,False
M01,2026-10-09 12:43:49,2026-10-09 13:06:28,Running,,A,Lampone Zero 560ml,2200,1858,1359,701,3,False
M01,2026-10-09 13:06:28,2026-10-09 13:28:02,Running,,A,Lampone Zero 560ml,2200,1852,1294,666,3,False
M01,2026-10-09 13:28:02,2026-10-09 13:57:44,Running,,A,Lampone Zero 560ml,2200,1885,1782,933,4,False
M01,2026-10-09 13:57:44,2026-10-09 14:00:00,Idle,,A,Lampone Zero 560ml,2200,0,136,0,0,False
M01,2026-10-09 14:00:00,2026-10-09 14:20:26,Stopped,Changeover,B,Arancia Rossa 500ml,2400,0,1226,0,0,True
M01,2026-10-09 14:20:26,2026-10-09 14:33:02,Stopped,Buildup,B,Arancia Rossa 500ml,2400,0,756,0,0,False
M01,2026-10-09 14:33:02,2026-10-09 15:04:12,Running,,B,Arancia Rossa 500ml,2400,2068,1870,1074,4,False
M01,2026-10-09 15:04:12,2026-10-09 15:06:32,Stopped,Buildup,B,Arancia Rossa 500ml,2400,0,140,0,0,False
M01,2026-10-09 15:06:32,2026-10-09 15:32:59,Running,,B,Arancia Rossa 500ml,2400,2041,1587,900,4,False
M01,2026-10-09 15:32:59,2026-10-09 15:42:18,Stopped,Fault,B,Arancia Rossa 500ml,2400,0,559,0,0,False
M01,2026-10-09 15:42:18,2026-10-09 16:19:14,Running,,B,Arancia Rossa 500ml,2400,2018,2216,1242,5,False
M01,2026-10-09 16:19:14,2026-10-09 16:28:49,Stopped,Starvation,B,Arancia Rossa 500ml,2400,0,575,0,0,False
M01,2026-10-09 16:28:49,2026-10-09 16:50:53,Running,,B,Arancia Rossa 500ml,2400,2085,1324,767,3,False
M01,2026-10-09 16:50:53,2026-10-09 17:39:59,Running,,B,Arancia Rossa 500ml,2400,2057,2946,1683,6,False
M01,2026-10-09 17:39:59,2026-10-09 17:49:22,Stopped,Buildup,B,Arancia Rossa 500ml,2400,0,563,0,0,False
M01,2026-10-09 17:49:22,2026-10-09 17:54:14,Stopped,Buildup,B,Arancia Rossa 500ml,2400,0,292,0,0,False
M01,2026-10-09 17:54:14,2026-10-09 18:28:11,Running,,B,Arancia Rossa 500ml,2400,2078,2037,1176,4,False
M01,2026-10-09 18:28:11,2026-10-09 19:00:06,Running,,B,Arancia Rossa 500ml,2400,2045,1915,1088,4,False
M01,2026-10-09 19:00:06,2026-10-09 19:09:02,Stopped,External,B,Arancia Rossa 500ml,2400,0,536,0,0,False
M01,2026-10-09 19:09:02,2026-10-09 19:15:09,Stopped,Starvation,B,Arancia Rossa 500ml,2400,0,367,0,0,False
M01,2026-10-09 19:15:09,2026-10-09 19:45:05,Running,,B,Arancia Rossa 500ml,2400,2060,1796,1028,4,False
M01,2026-10-09 19:45:05,2026-10-09 20:21:39,Running,,B,Arancia Rossa 500ml,2400,2075,2194,1265,6,False
M01,2026-10-09 20:21:39,2026-10-09 20:47:12,Running,,B,Arancia Rossa 500ml,2400,2027,1533,863,4,False
M01,2026-10-09 20:47:12,2026-10-09 20:58:34,Stopped,Starvation,B,Arancia Rossa 500ml,2400,0,682,0,0,False
M01,2026-10-09 20:58:34,2026-10-09 21:19:09,Running,,B,Arancia Rossa 500ml,2400,2037,1235,699,3,False
M01,2026-10-09 21:19:09,2026-10-09 21:53:31,Running,,B,Arancia Rossa 500ml,2400,2054,2062,1176,5,False
M01,2026-10-09 21:53:31,2026-10-09 22:00:00,Running,,B,Arancia Rossa 500ml,2400,2064,389,223,1,False
M01,2026-10-09 22:00:00,2026-10-09 22:37:33,Stopped,Changeover,C,Lampone Zero 560ml,2200,0,2253,0,0,True
M01,2026-10-09 22:37:33,2026-10-09 23:04:04,Running,,C,Lampone Zero 560ml,2200,1884,1591,833,3,False
M01,2026-10-09 23:04:04,2026-10-09 23:38:14,Running,,C,Lampone Zero 560ml,2200,1872,2050,1066,4,False
M01,2026-10-09 23:38:14,2026-10-09 23:59:10,Running,,C,Lampone Zero 560ml,2200,1908,1256,666,2,False
M01,2026-10-09 23:59:10,2026-10-10 00:00:00,Idle,,C,Lampone Zero 560ml,2200,0,50,0,0,False
M01,2026-10-10 00:00:00,2026-10-10 00:32:28,Running,,C,Lampone Zero 560ml,2200,1749,1948,946,4,False
M01,2026-10-10 00:32:28,2026-10-10 01:07:15,Running,,C,Lampone Zero 560ml,2200,1741,2087,1009,4,False
M01,2026-10-10 01:07:15,2026-10-10 02:03:40,Running,,C,Lampone Zero 560ml,2200,1748,3385,1644,8,False
M01,2026-10-10 02:03:40,2026-10-10 02:36:19,Running,,C,Lampone Zero 560ml,2200,1713,1959,932,4,False
M01,2026-10-10 02:36:19,2026-10-10 03:00:15,Running,,C,Lampone Zero 560ml,2200,1752,1436,699,2,False
M01,2026-10-10 03:00:15,2026-10-10 03:38:19,Running,,C,Lampone Zero 560ml,2200,1729,2284,1097,4,False
M01,2026-10-10 03:38:19,2026-10-10 04:37:15,Running,,C,Lampone Zero 560ml,2200,1734,3536,1703,8,False
M01,2026-10-10 04:37:15,2026-10-10 05:10:16,Running,,C,Lampone Zero 560ml,2200,1764,1981,971,4,False
M01,2026-10-10 05:10:16,2026-10-10 05:47:33,Running,,C,Lampone Zero 560ml,2200,1746,2237,1085,4,False
M01,2026-10-10 05:47:33,2026-10-10 05:56:38,Idle,,C,Lampone Zero 560ml,2200,0,545,0,0,False
M01,2026-10-10 05:56:38,2026-10-10 06:00:00,Idle,,C,Lampone Zero 560ml,2200,0,202,0,0,False
M01,2026-10-10 06:00:00,2026-10-10 06:35:29,Stopped,Changeover,A,Arancia Rossa 500ml,2400,0,2129,0,0,True
M01,2026-10-10 06:35:29,2026-10-10 07:19:03,Running,,A,Arancia Rossa 500ml,2400,1895,2614,1376,6,False
M01,2026-10-10 07:19:03,2026-10-10 08:13:52,Running,,A,Arancia Rossa 500ml,2400,1915,3289,1750,6,False
M01,2026-10-10 08:13:52,2026-10-10 08:34:56,Running,,A,Arancia Rossa 500ml,2400,1914,1264,672,3,False
M01,2026-10-10 08:34:56,2026-10-10 09:08:36,Running,,A,Arancia Rossa 500ml,2400,1875,2020,1052,4,False
M01,2026-10-10 09:08:36,2026-10-10 09:28:52,Running,,A,Arancia Rossa 500ml,2400,1875,1216,633,2,False
M01,2026-10-10 09:28:52,2026-10-10 10:23:20,Running,,A,Arancia Rossa 500ml,2400,1879,3268,1706,6,False
M01,2026-10-10 10:23:20,2026-10-10 10:49:36,Running,,A,Arancia Rossa 500ml,2400,1875,1576,821,4,False
M01,2026-10-10 10:49:36,2026-10-10 11:38:25,Running,,A,Arancia Rossa 500ml,2400,1872,2929,1523,5,False
M01,2026-10-10 11:38:25,2026-10-10 11:49:18,Stopped,Starvation,A,Arancia Rossa 500ml,2400,0,653,0,0,False
M01,2026-10-10 11:49:18,2026-10-10 12:23:12,Running,,A,Arancia Rossa 500ml,2400,1905,2034,1076,4,False
M01,2026-10-10 12:23:12,2026-10-10 12:52:13,Running,,A,Arancia Rossa 500ml,2400,1889,1741,914,3,False
M01,2026-10-10 12:52:13,2026-10-10 13:07:30,Stopped,Starvation,A,Arancia Rossa 500ml,2400,0,917,0,0,False
M01,2026-10-10 13:07:30,2026-10-10 13:33:36,Running,,A,Arancia Rossa 500ml,2400,1888,1566,821,3,False
M01,2026-10-10 13:33:36,2026-10-10 13:36:08,Stopped,Operator,A,Arancia Rossa 500ml,2400,0,152,0,0,False
M01,2026-10-10 13:36:08,2026-10-10 13:56:37,Running,,A,Arancia Rossa 500ml,2400,1924,1229,657,3,False
M01,2026-10-10 13:56:37,2026-10-10 14:00:00,Idle,,A,Arancia Rossa 500ml,2400,0,203,0,0,False
M01,2026-10-10 14:00:00,2026-10-10 14:26:01,Stopped,Changeover,B,Lampone Zero 560ml,2200,0,1561,0,0,True
M01,2026-10-10 14:26:01,2026-10-10 14:31:23,Stopped,Starvation,B,Lampone Zero 560ml,2200,0,322,0,0,False
M01,2026-10-10 14:31:23,2026-10-10 15:06:23,Running,,B,Lampone Zero 560ml,2200,1761,2100,1027,4,False
M01,2026-10-10 15:06:23,2026-10-10 16:03:54,Running,,B,Lampone Zero 560ml,2200,1768,3451,1695,8,False
M01,2026-10-10 16:03:54,2026-10-10 16:12:06,Idle,,B,Lampone Zero 560ml,2200,0,492,0,0,False
M01,2026-10-10 16:12:06,2026-10-10 17:08:10,Running,,B,Lampone Zero 560ml,2200,1743,3364,1629,8,False
M01,2026-10-10 17:08:10,2026-10-10 17:55:03,Running,,B,Lampone Zero 560ml,2200,1774,2813,1386,5,False
M01,2026-10-10 17:55:03,2026-10-10 18:46:18,Running,,B,Lampone Zero 560ml,2200,1744,3075,1490,6,False
M01,2026-10-10 18:46:18,2026-10-10 19:11:05,Running,,B,Lampone Zero 560ml,2200,1735,1487,717,3,False
M01,2026-10-10 19:11:05,2026-10-10 20:06:41,Running,,B,Lampone Zero 560ml,2200,1727,3336,1600,5,False
M01,2026-10-10 20:06:41,2026-10-10 20:46:12,Running,,B,Lampone Zero 560ml,2200,1712,2371,1128,5,False
M01,2026-10-10 20:46:12,2026-10-10 21:12:12,Running,,B,Lampone Zero 560ml,2200,1771,1560,767,3,False
M01,2026-10-10 21:12:12,2026-10-10 21:36:45,Running,,B,Lampone Zero 560ml,2200,1758,1473,719,3,False
M01,2026-10-10 21:36:45,2026-10-10 21:57:14,Running,,B,Lampone Zero 560ml,2200,1736,1229,593,3,False
M01,2026-10-10 21:57:14,2026-10-10 22:00:00,Idle,,B,Lampone Zero 560ml,2200,0,166,0,0,False
M01,2026-10-10 22:00:00,2026-10-10 22:16:18,Stopped,Changeover,C,Arancia Rossa 500ml,2400,0,978,0,0,True
M01,2026-10-10 22:16:18,2026-10-10 22:36:40,Running,,C,Arancia Rossa 500ml,2400,1892,1222,642,3,False
M01,2026-10-10 22:36:40,2026-10-10 23:23:09,Running,,C,Arancia Rossa 500ml,2400,1887,2789,1462,6,False
M01,2026-10-10 23:23:09,2026-10-10 23:58:14,Running,,C,Arancia Rossa 500ml,2400,1939,2105,1134,5,False
M01,2026-10-10 23:58:14,2026-10-11 00:00:00,Idle,,C,Arancia Rossa 500ml,2400,0,106,0,0,False
M01,2026-10-11 00:00:00,2026-10-11 00:14:03,Stopped,Starvation,C,Arancia Rossa 500ml,2400,0,843,0,0,False
M01,2026-10-11 00:14:03,2026-10-11 00:17:09,Stopped,Starvation,C,Arancia Rossa 500ml,2400,0,186,0,0,False
M01,2026-10-11 00:17:09,2026-10-11 00:24:16,Stopped,Starvation,C,Arancia Rossa 500ml,2400,0,427,0,0,False
M01,2026-10-11 00:24:16,2026-10-11 00:44:18,Running,,C,Arancia Rossa 500ml,2400,1808,1202,604,2,False
M01,2026-10-11 00:44:18,2026-10-11 01:16:32,Running,,C,Arancia Rossa 500ml,2400,1760,1934,946,4,False
M01,2026-10-11 01:16:32,2026-10-11 01:38:22,Running,,C,Arancia Rossa 500ml,2400,1772,1310,645,2,False
M01,2026-10-11 01:38:22,2026-10-11 02:26:46,Running,,C,Arancia Rossa 500ml,2400,1780,2904,1436,7,False
M01,2026-10-11 02:26:46,2026-10-11 02:48:51,Running,,C,Arancia Rossa 500ml,2400,1740,1325,640,3,False
M01,2026-10-11 02:48:51,2026-10-11 03:13:25,Running,,C,Arancia Rossa 500ml,2400,1807,1474,740,3,False
M01,2026-10-11 03:13:25,2026-10-11 03:43:52,Running,,C,Arancia Rossa 500ml,2400,1792,1827,909,4,False
M01,2026-10-11 03:43:52,2026-10-11 04:14:13,Running,,C,Arancia Rossa 500ml,2400,1746,1821,883,4,False
M01,2026-10-11 04:14:13,2026-10-11 04:49:19,Running,,C,Arancia Rossa 500ml,2400,1765,2106,1033,5,False
M01,2026-10-11 04:49:19,2026-10-11 05:25:31,Running,,C,Arancia Rossa 500ml,2400,1756,2172,1059,5,False
M01,2026-10-11 05:25:31,2026-10-11 05:39:04,Stopped,Buildup,C,Arancia Rossa 500ml,2400,0,813,0,0,False
M01,2026-10-11 05:39:04,2026-10-11 05:59:04,Running,,C,Arancia Rossa 500ml,2400,1759,1200,586,3,False
M01,2026-10-11 05:59:04,2026-10-11 06:00:00,Idle,,C,Arancia Rossa 500ml,2400,0,56,0,0,False
M01,2026-10-11 06:00:00,2026-10-11 06:30:04,Stopped,Changeover,A,Lampone Zero 560ml,2200,0,1804,0,0,True
M01,2026-10-11 06:30:04,2026-10-11 06:47:31,Idle,,A,Lampone Zero 560ml,2200,0,1047,0,0,False
M01,2026-10-11 06:47:31,2026-10-11 06:53:25,Stopped,External,A,Lampone Zero 560ml,2200,0,354,0,0,False
M01,2026-10-11 06:53:25,2026-10-11 07:15:46,Running,,A,Lampone Zero 560ml,2200,1619,1341,603,2,False
M01,2026-10-11 07:15:46,2026-10-11 07:36:24,Running,,A,Lampone Zero 560ml,2200,1617,1238,556,2,False
M01,2026-10-11 07:36:24,2026-10-11 07:40:26,Stopped,External,A,Lampone Zero 560ml,2200,0,242,0,0,False
M01,2026-10-11 07:40:26,2026-10-11 08:06:42,Running,,A,Lampone Zero 560ml,2200,1635,1576,716,4,False
M01,2026-10-11 08:06:42,2026-10-11 08:31:08,Running,,A,Lampone Zero 560ml,2200,1601,1466,652,3,False
M01,2026-10-11 08:31:08,2026-10-11 09:11:27,Running,,A,Lampone Zero 560ml,2200,1597,2419,1073,4,False
M01,2026-10-11 09:11:27,2026-10-11 09:48:04,Running,,A,Lampone Zero 560ml,2200,1616,2197,986,4,False
M01,2026-10-11 09:48:04,2026-10-11 10:10:04,Running,,A,Lampone Zero 560ml,2200,1651,1320,605,2,False
M01,2026-10-11 10:10:04,2026-10-11 10:47:26,Running,,A,Lampone Zero 560ml,2200,1600,2242,996,5,False
M01,2026-10-11 10:47:26,2026-10-11 11:35:22,Running,,A,Lampone Zero 560ml,2200,1632,2876,1304,6,False
M01,2026-10-11 11:35:22,2026-10-11 12:16:24,Running,,A,Lampone Zero 560ml,2200,1617,2462,1106,5,False
M01,2026-10-11 12:16:24,2026-10-11 12:21:32,Stopped,Starvation,A,Lampone Zero 560ml,2200,0,308,0,0,False
M01,2026-10-11 12:21:32,2026-10-11 12:52:39,Running,,A,Lampone Zero 560ml,2200,1641,1867,851,3,False
M01,2026-10-11 12:52:39,2026-10-11 13:17:15,Running,,A,Lampone Zero 560ml,2200,1625,1476,666,3,False
M01,2026-10-11 13:17:15,2026-10-11 13:42:59,Running,,A,Lampone Zero 560ml,2200,1649,1544,707,3,False
M01,2026-10-11 13:42:59,2026-10-11 14:00:00,Running,,A,Lampone Zero 560ml,2200,1596,1021,453,2,False
M01,2026-10-11 14:00:00,2026-10-11 14:26:59,Stopped,Changeover,B,Arancia Rossa 500ml,2400,0,1619,0,0,True
M01,2026-10-11 14:26:59,2026-10-11 15:13:22,Running,,B,Arancia Rossa 500ml,2400,1801,2783,1392,5,False
M01,2026-10-11 15:13:22,2026-10-11 15:41:54,Running,,B,Arancia Rossa 500ml,2400,1799,1712,856,3,False
M01,2026-10-11 15:41:54,2026-10-11 16:17:10,Running,,B,Arancia Rossa 500ml,2400,1750,2116,1029,4,False
M01,2026-10-11 16:17:10,2026-10-11 16:41:26,Running,,B,Arancia Rossa 500ml,2400,1796,1456,726,3,False
M01,2026-10-11 16:41:26,2026-10-11 16:51:50,Stopped,External,B,Arancia Rossa 500ml,2400,0,624,0,0,False
M01,2026-10-11 16:51:50,2026-10-11 17:44:42,Running,,B,Arancia Rossa 500ml,2400,1799,3172,1585,7,False
M01,2026-10-11 17:44:42,2026-10-11 18:06:08,Running,,B,Arancia Rossa 500ml,2400,1778,1286,635,3,False
M01,2026-10-11 18:06:08,2026-10-11 19:00:27,Running,,B,Arancia Rossa 500ml,2400,1743,3259,1578,5,False
M01,2026-10-11 19:00:27,2026-10-11 19:04:29,Stopped,External,B,Arancia Rossa 500ml,2400,0,242,0,0,False
M01,2026-10-11 19:04:29,2026-10-11 19:53:45,Running,,B,Arancia Rossa 500ml,2400,1740,2956,1429,5,False
M01,2026-10-11 19:53:45,2026-10-11 20:13:05,Idle,,B,Arancia Rossa 500ml,2400,0,1160,0,0,False
M01,2026-10-11 20:13:05,2026-10-11 20:43:49,Running,,B,Arancia Rossa 500ml,2400,1791,1844,917,4,False
M01,2026-10-11 20:43:49,2026-10-11 21:08:07,Running,,B,Arancia Rossa 500ml,2400,1765,1458,715,3,False
M01,2026-10-11 21:08:07,2026-10-11 21:14:43,Stopped,Fault,B,Arancia Rossa 500ml,2400,0,396,0,0,False
M01,2026-10-11 21:14:43,2026-10-11 21:45:00,Running,,B,Arancia Rossa 500ml,2400,1793,1817,905,3,False
M01,2026-10-11 21:45:00,2026-10-11 21:52:55,Stopped,Buildup,B,Arancia Rossa 500ml,2400,0,475,0,0,False
M01,2026-10-11 21:52:55,2026-10-11 22:00:00,Running,,B,Arancia Rossa 500ml,2400,1762,425,208,1,False
M01,2026-10-11 22:00:00,2026-10-11 22:58:26,Running,,C,Arancia Rossa 500ml,2400,1791,3506,1744,6,False
M01,2026-10-11 22:58:26,2026-10-11 23:15:06,Idle,,C,Arancia Rossa 500ml,2400,0,1000,0,0,False
M01,2026-10-11 23:15:06,2026-10-11 23:41:47,Running,,C,Arancia Rossa 500ml,2400,1790,1601,796,3,False
M01,2026-10-11 23:41:47,2026-10-12 00:00:00,Running,,C,Arancia Rossa 500ml,2400,1758,1093,534,2,False
M01,2026-10-12 00:00:00,2026-10-12 00:16:31,Stopped,External,C,Arancia Rossa 500ml,2400,0,991,0,0,False
M01,2026-10-12 00:16:31,2026-10-12 00:46:04,Running,,C,Arancia Rossa 500ml,2400,2122,1773,1045,4,False
M01,2026-10-12 00:46:04,2026-10-12 01:16:22,Running,,C,Arancia Rossa 500ml,2400,2145,1818,1083,5,False
M01,2026-10-12 01:16:22,2026-10-12 01:32:39,Stopped,External,C,Arancia Rossa 500ml,2400,0,977,0,0,False
M01,2026-10-12 01:32:39,2026-10-12 01:41:27,Idle,,C,Arancia Rossa 500ml,2400,0,528,0,0,False
M01,2026-10-12 01:41:27,2026-10-12 01:50:41,Idle,,C,Arancia Rossa 500ml,2400,0,554,0,0,False
M01,2026-10-12 01:50:41,2026-10-12 02:04:43,Stopped,Fault,C,Arancia Rossa 500ml,2400,0,842,0,0,False
M01,2026-10-12 02:04:43,2026-10-12 02:37:02,Running,,C,Arancia Rossa 500ml,2400,2111,1939,1137,4,False
M01,2026-10-12 02:37:02,2026-10-12 03:02:52,Running,,C,Arancia Rossa 500ml,2400,2077,1550,894,4,False
M01,2026-10-12 03:02:52,2026-10-12 03:39:49,Running,,C,Arancia Rossa 500ml,2400,2080,2217,1281,6,False
M01,2026-10-12 03:39:49,2026-10-12 03:41:57,Stopped,Supplies,C,Arancia Rossa 500ml,2400,0,128,0,0,False
M01,2026-10-12 03:41:57,2026-10-12 03:53:37,Stopped,Supplies,C,Arancia Rossa 500ml,2400,0,700,0,0,False
M01,2026-10-12 03:53:37,2026-10-12 04:02:06,Stopped,Operator,C,Arancia Rossa 500ml,2400,0,509,0,0,False
M01,2026-10-12 04:02:06,2026-10-12 04:55:35,Running,,C,Arancia Rossa 500ml,2400,2131,3209,1900,9,False
M01,2026-10-12 04:55:35,2026-10-12 05:16:15,Running,,C,Arancia Rossa 500ml,2400,2127,1240,733,3,False
M01,2026-10-12 05:16:15,2026-10-12 05:43:43,Running,,C,Arancia Rossa 500ml,2400,2116,1648,969,4,False
M01,2026-10-12 05:43:43,2026-10-12 05:48:49,Stopped,External,C,Arancia Rossa 500ml,2400,0,306,0,0,False
M01,2026-10-12 05:48:49,2026-10-12 06:00:00,Running,,C,Arancia Rossa 500ml,2400,2135,671,398,2,False
M01,2026-10-12 06:00:00,2026-10-12 06:08:35,Stopped,Starvation,A,Arancia Rossa 500ml,2400,0,515,0,0,False
M01,2026-10-12 06:08:35,2026-10-12 07:07:42,Running,,A,Arancia Rossa 500ml,2400,2092,3547,2061,7,False
M01,2026-10-12 07:07:42,2026-10-12 08:03:37,Running,,A,Arancia Rossa 500ml,2400,2077,3355,1936,7,False
M01,2026-10-12 08:03:37,2026-10-12 08:18:30,Stopped,Starvation,A,Arancia Rossa 500ml,2400,0,893,0,0,False
M01,2026-10-12 08:18:30,2026-10-12 09:03:13,Running,,A,Arancia Rossa 500ml,2400,2100,2683,1565,7,False
M01,2026-10-12 09:03:13,2026-10-12 09:42:56,Running,,A,Arancia Rossa 500ml,2400,2077,2383,1375,6,False
M01,2026-10-12 09:42:56,2026-10-12 10:36:41,Running,,A,Arancia Rossa 500ml,2400,2119,3225,1898,7,False
M01,2026-10-12 10:36:41,2026-10-12 10:52:26,Stopped,Starvation,A,Arancia Rossa 500ml,2400,0,945,0,0,False
M01,2026-10-12 10:52:26,2026-10-12 11:50:11,Running,,A,Arancia Rossa 500ml,2400,2079,3465,2001,10,False
M01,2026-10-12 11:50:11,2026-10-12 12:30:15,Running,,A,Arancia Rossa 500ml,2400,2108,2404,1408,5,False
M01,2026-10-12 12:30:15,2026-10-12 13:10:19,Running,,A,Arancia Rossa 500ml,2400,2144,2404,1432,6,False
M01,2026-10-12 13:10:19,2026-10-12 13:56:10,Running,,A,Arancia Rossa 500ml,2400,2070,2751,1582,6,False
M01,2026-10-12 13:56:10,2026-10-12 14:00:00,Idle,,A,Arancia Rossa 500ml,2400,0,230,0,0,False
M01,2026-10-12 14:00:00,2026-10-12 14:20:31,Stopped,Changeover,B,Lampone Zero 560ml,2200,0,1231,0,0,True
M01,2026-10-12 14:20:31,2026-10-12 14:26:47,Idle,,B,Lampone Zero 560ml,2200,0,376,0,0,False
M01,2026-10-12 14:26:47,2026-10-12 14:52:32,Running,,B,Lampone Zero 560ml,2200,1930,1545,828,3,False
M01,2026-10-12 14:52:32,2026-10-12 15:32:15,Running,,B,Lampone Zero 560ml,2200,1940,2383,1284,4,False
M01,2026-10-12 15:32:15,2026-10-12 15:57:51,Running,,B,Lampone Zero 560ml,2200,1898,1536,810,4,False
M01,2026-10-12 15:57:51,2026-10-12 16:10:25,Idle,,B,Lampone Zero 560ml,2200,0,754,0,0,False
M01,2026-10-12 16:10:25,2026-10-12 16:22:40,Stopped,Buildup,B,Lampone Zero 560ml,2200,0,735,0,0,False
M01,2026-10-12 16:22:40,2026-10-12 16:27:18,Stopped,Buildup,B,Lampone Zero 560ml,2200,0,278,0,0,False
M01,2026-10-12 16:27:18,2026-10-12 16:29:49,Stopped,Fault,B,Lampone Zero 560ml,2200,0,151,0,0,False
M01,2026-10-12 16:29:49,2026-10-12 17:09:10,Running,,B,Lampone Zero 560ml,2200,1904,2361,1249,4,False
M01,2026-10-12 17:09:10,2026-10-12 17:29:48,Running,,B,Lampone Zero 560ml,2200,1921,1238,661,3,False
M01,2026-10-12 17:29:48,2026-10-12 17:41:30,Stopped,Operator,B,Lampone Zero 560ml,2200,0,702,0,0,False
M01,2026-10-12 17:41:30,2026-10-12 18:26:57,Running,,B,Lampone Zero 560ml,2200,1910,2727,1447,7,False
M01,2026-10-12 18:26:57,2026-10-12 18:37:06,Stopped,External,B,Lampone Zero 560ml,2200,0,609,0,0,False
M01,2026-10-12 18:37:06,2026-10-12 19:19:29,Running,,B,Lampone Zero 560ml,2200,1911,2543,1350,5,False
M01,2026-10-12 19:19:29,2026-10-12 20:15:07,Running,,B,Lampone Zero 560ml,2200,1962,3338,1819,7,False
M01,2026-10-12 20:15:07,2026-10-12 20:42:56,Running,,B,Lampone Zero 560ml,2200,1931,1669,895,4,False
M01,2026-10-12 20:42:56,2026-10-12 21:33:26,Running,,B,Lampone Zero 560ml,2200,1957,3030,1647,8,False
M01,2026-10-12 21:33:26,2026-10-12 21:39:00,Stopped,Starvation,B,Lampone Zero 560ml,2200,0,334,0,0,False
M01,2026-10-12 21:39:00,2026-10-12 21:50:22,Stopped,External,B,Lampone Zero 560ml,2200,0,682,0,0,False
M01,2026-10-12 21:50:22,2026-10-12 22:00:00,Running,,B,Lampone Zero 560ml,2200,1925,578,309,1,False
M01,2026-10-12 22:00:00,2026-10-12 22:29:22,Stopped,Changeover,C,Arancia Rossa 500ml,2400,0,1762,0,0,True
M01,2026-10-12 22:29:22,2026-10-12 22:52:03,Running,,C,Arancia Rossa 500ml,2400,2089,1361,790,3,False
M01,2026-10-12 22:52:03,2026-10-12 23:01:04,Stopped,External,C,Arancia Rossa 500ml,2400,0,541,0,0,False
M01,2026-10-12 23:01:04,2026-10-12 23:05:45,Stopped,External,C,Arancia Rossa 500ml,2400,0,281,0,0,False
M01,2026-10-12 23:05:45,2026-10-12 23:16:42,Stopped,External,C,Arancia Rossa 500ml,2400,0,657,0,0,False
M01,2026-10-12 23:16:42,2026-10-12 23:27:35,Stopped,External,C,Arancia Rossa 500ml,2400,0,653,0,0,False
M01,2026-10-12 23:27:35,2026-10-12 23:59:10,Running,,C,Arancia Rossa 500ml,2400,2146,1895,1130,5,False
M01,2026-10-12 23:59:10,2026-10-13 00:00:00,Idle,,C,Arancia Rossa 500ml,2400,0,50,0,0,False
M01,2026-10-13 00:00:00,2026-10-13 00:51:11,Running,,C,Arancia Rossa 500ml,2400,2130,3071,1817,8,False
M01,2026-10-13 00:51:11,2026-10-13 01:48:06,Running,,C,Arancia Rossa 500ml,2400,2104,3415,1996,8,False
M01,2026-10-13 01:48:06,2026-10-13 02:10:10,Running,,C,Arancia Rossa 500ml,2400,2120,1324,780,4,False
M01,2026-10-13 02:10:10,2026-10-13 02:26:40,Stopped,External,C,Arancia Rossa 500ml,2400,0,990,0,0,False
M01,2026-10-13 02:26:40,2026-10-13 03:21:59,Running,,C,Arancia Rossa 500ml,2400,2134,3319,1967,8,False
M01,2026-10-13 03:21:59,2026-10-13 03:42:53,Running,,C,Arancia Rossa 500ml,2400,2089,1254,728,3,False
M01,2026-10-13 03:42:53,2026-10-13 04:09:49,Running,,C,Arancia Rossa 500ml,2400,2078,1616,933,4,False
M01,2026-10-13 04:09:49,2026-10-13 04:52:28,Running,,C,Arancia Rossa 500ml,2400,2081,2559,1479,7,False
M01,2026-10-13 04:52:28,2026-10-13 05:03:27,Stopped,External,C,Arancia Rossa 500ml,2400,0,659,0,0,False
M01,2026-10-13 05:03:27,2026-10-13 05:54:43,Running,,C,Arancia Rossa 500ml,2400,2112,3076,1805,6,False
M01,2026-10-13 05:54:43,2026-10-13 05:59:51,Idle,,C,Arancia Rossa 500ml,2400,0,308,0,0,False
M01,2026-10-13 05:59:51,2026-10-13 06:00:00,Idle,,C,Arancia Rossa 500ml,2400,0,9,0,0,False
M01,2026-10-13 06:00:00,2026-10-13 06:36:13,Stopped,Changeover,A,Lampone Zero 560ml,2200,0,2173,0,0,True
M01,2026-10-13 06:36:13,2026-10-13 07:19:40,Stopped,Maintenance,A,Lampone Zero 560ml,2200,0,2607,0,0,True
M01,2026-10-13 07:19:40,2026-10-13 07:33:03,Stopped,Buildup,A,Lampone Zero 560ml,2200,0,803,0,0,False
M01,2026-10-13 07:33:03,2026-10-13 08:26:15,Running,,A,Lampone Zero 560ml,2200,1966,3192,1743,6,False
M01,2026-10-13 08:26:15,2026-10-13 08:42:48,Stopped,External,A,Lampone Zero 560ml,2200,0,993,0,0,False
M01,2026-10-13 08:42:48,2026-10-13 09:16:19,Running,,A,Lampone Zero 560ml,2200,1929,2011,1078,4,False
M01,2026-10-13 09:16:19,2026-10-13 09:18:53,Stopped,Starvation,A,Lampone Zero 560ml,2200,0,154,0,0,False
M01,2026-10-13 09:18:53,2026-10-13 09:56:49,Running,,A,Lampone Zero 560ml,2200,1935,2276,1223,5,False
M01,2026-10-13 09:56:49,2026-10-13 10:10:21,Idle,,A,Lampone Zero 560ml,2200,0,812,0,0,False
M01,2026-10-13 10:10:21,2026-10-13 10:41:36,Running,,A,Lampone Zero 560ml,2200,1906,1875,993,4,False
M01,2026-10-13 10:41:36,2026-10-13 11:08:17,Running,,A,Lampone Zero 560ml,2200,1911,1601,850,4,False
M01,2026-10-13 11:08:17,2026-10-13 12:05:50,Running,,A,Lampone Zero 560ml,2200,1932,3453,1853,7,False
M01,2026-10-13 12:05:50,2026-10-13 12:35:53,Running,,A,Lampone Zero 560ml,2200,1927,1803,965,4,False
M01,2026-10-13 12:35:53,2026-10-13 12:53:48,Idle,,A,Lampone Zero 560ml,2200,0,1075,0,0,False
M01,2026-10-13 12:53:48,2026-10-13 13:40:51,Running,,A,Lampone Zero 560ml,2200,1952,2823,1531,7,False
M01,2026-10-13 13:40:51,2026-10-13 14:00:00,Running,,A,Lampone Zero 560ml,2200,1954,1149,624,3,False
M01,2026-10-13 14:00:00,2026-10-13 14:39:33,Stopped,Changeover,B,Arancia Rossa 500ml,2400,0,2373,0,0,True
M01,2026-10-13 14:39:33,2026-10-13 14:46:38,Stopped,Starvation,B,Arancia Rossa 500ml,2400,0,425,0,0,False
M01,2026-10-13 14:46:38,2026-10-13 15:01:26,Idle,,B,Arancia Rossa 500ml,2400,0,888,0,0,False
M01,2026-10-13 15:01:26,2026-10-13 15:50:31,Running,,B,Arancia Rossa 500ml,2400,2115,2945,1730,7,False
M01,2026-10-13 15:50:31,2026-10-13 16:00:30,Idle,,B,Arancia Rossa 500ml,2400,0,599,0,0,False
M01,2026-10-13 16:00:30,2026-10-13 16:22:24,Running,,B,Arancia Rossa 500ml,2400,2077,1314,758,3,False
M01,2026-10-13 16:22:24,2026-10-13 17:03:00,Running,,B,Arancia Rossa 500ml,2400,2072,2436,1402,7,False
M01,2026-10-13 17:03:00,2026-10-13 17:33:36,Running,,B,Arancia Rossa 500ml,2400,2130,1836,1086,5,False
M01,2026-10-13 17:33:36,2026-10-13 17:56:03,Running,,B,Arancia Rossa 500ml,2400,2129,1347,797,3,False
M01,2026-10-13 17:56:03,2026-10-13 18:27:57,Running,,B,Arancia Rossa 500ml,2400,2100,1914,1116,4,False
M01,2026-10-13 18:27:57,2026-10-13 19:19:13,Running,,B,Arancia Rossa 500ml,2400,2110,3076,1803,8,False
M01,2026-10-13 19:19:13,2026-10-13 19:44:54,Running,,B,Arancia Rossa 500ml,2400,2067,1541,885,4,False
M01,2026-10-13 19:44:54,2026-10-13 20:06:51,Running,,B,Arancia Rossa 500ml,2400,2091,1317,765,4,False
M01,2026-10-13 20:06:51,2026-10-13 20:40:36,Running,,B,Arancia Rossa 500ml,2400,2093,2025,1177,6,False
M01,2026-10-13 20:40:36,2026-10-13 21:37:22,Running,,B,Arancia Rossa 500ml,2400,2136,3406,2021,9,False
M01,2026-10-13 21:37:22,2026-10-13 21:45:03,Stopped,Fault,B,Arancia Rossa 500ml,2400,0,461,0,0,False
M01,2026-10-13 21:45:03,2026-10-13 22:00:00,Running,,B,Arancia Rossa 500ml,2400,2070,897,516,3,False
M01,2026-10-13 22:00:00,2026-10-13 22:13:57,Stopped,Buildup,C,Arancia Rossa 500ml,2400,0,837,0,0,False
M01,2026-10-13 22:13:57,2026-10-13 22:30:46,Idle,,C,Arancia Rossa 500ml,2400,0,1009,0,0,False
M01,2026-10-13 22:30:46,2026-10-13 22:43:22,Stopped,External,C,Arancia Rossa 500ml,2400,0,756,0,0,False
M01,2026-10-13 22:43:22,2026-10-13 23:23:44,Running,,C,Arancia Rossa 500ml,2400,2113,2422,1422,6,False
M01,2026-10-13 23:23:44,2026-10-13 23:32:42,Stopped,Starvation,C,Arancia Rossa 500ml,2400,0,538,0,0,False
M01,2026-10-13 23:32:42,2026-10-13 23:35:47,Stopped,Starvation,C,Arancia Rossa 500ml,2400,0,185,0,0,False
M01,2026-10-13 23:35:47,2026-10-13 23:56:49,Running,,C,Arancia Rossa 500ml,2400,2114,1262,741,3,False
M01,2026-10-13 23:56:49,2026-10-14 00:00:00,Idle,,C,Arancia Rossa 500ml,2400,0,191,0,0,False
M01,2026-10-14 00:00:00,2026-10-14 00:53:52,Running,,C,Arancia Rossa 500ml,2400,2062,3232,1851,8,False
M01,2026-10-14 00:53:52,2026-10-14 01:22:59,Running,,C,Arancia Rossa 500ml,2400,2138,1747,1038,4,False
M01,2026-10-14 01:22:59,2026-10-14 02:13:03,Running,,C,Arancia Rossa 500ml,2400,2083,3004,1738,8,False
M01,2026-10-14 02:13:03,2026-10-14 02:44:55,Running,,C,Arancia Rossa 500ml,2400,2126,1912,1129,4,False
M01,2026-10-14 02:44:55,2026-10-14 03:25:34,Running,,C,Arancia Rossa 500ml,2400,2099,2439,1422,7,False
M01,2026-10-14 03:25:34,2026-10-14 03:54:26,Running,,C,Arancia Rossa 500ml,2400,2128,1732,1024,4,False
M01,2026-10-14 03:54:26,2026-10-14 04:04:02,Stopped,External,C,Arancia Rossa 500ml,2400,0,576,0,0,False
M01,2026-10-14 04:04:02,2026-10-14 05:00:16,Running,,C,Arancia Rossa 500ml,2400,2083,3374,1952,9,False
M01,2026-10-14 05:00:16,2026-10-14 05:34:58,Running,,C,Arancia Rossa 500ml,2400,2126,2082,1230,5,False
M01,2026-10-14 05:34:58,2026-10-14 05:43:43,Stopped,Starvation,C,Arancia Rossa 500ml,2400,0,525,0,0,False
M01,2026-10-14 05:43:43,2026-10-14 06:00:00,Running,,C,Arancia Rossa 500ml,2400,2076,977,563,2,False
M01,2026-10-14 06:00:00,2026-10-14 06:22:22,Running,,A,Arancia Rossa 500ml,2400,2144,1342,799,3,False
M01,2026-10-14 06:22:22,2026-10-14 06:45:19,Running,,A,Arancia Rossa 500ml,2400,2128,1377,814,3,False
M01,2026-10-14 06:45:19,2026-10-14 07:34:12,Running,,A,Arancia Rossa 500ml,2400,2110,2933,1719,8,False
M01,2026-10-14 07:34:12,2026-10-14 08:18:35,Running,,A,Arancia Rossa 500ml,2400,2088,2663,1545,6,False
M01,2026-10-14 08:18:35,2026-10-14 08:55:23,Running,,A,Arancia Rossa 500ml,2400,2136,2208,1310,6,False
M01,2026-10-14 08:55:23,2026-10-14 09:04:24,Stopped,External,A,Arancia Rossa 500ml,2400,0,541,0,0,False
M01,2026-10-14 09:04:24,2026-10-14 09:55:23,Running,,A,Arancia Rossa 500ml,2400,2107,3059,1790,7,False
M01,2026-10-14 09:55:23,2026-10-14 10:21:20,Running,,A,Arancia Rossa 500ml,2400,2142,1557,926,4,False
M01,2026-10-14 10:21:20,2026-10-14 10:37:13,Stopped,Starvation,A,Arancia Rossa 500ml,2400,0,953,0,0,False
M01,2026-10-14 10:37:13,2026-10-14 10:43:34,Stopped,External,A,Arancia Rossa 500ml,2400,0,381,0,0,False
M01,2026-10-14 10:43:34,2026-10-14 10:55:48,Idle,,A,Arancia Rossa 500ml,2400,0,734,0,0,False
M01,2026-10-14 10:55:48,2026-10-14 11:50:59,Running,,A,Arancia Rossa 500ml,2400,2104,3311,1935,8,False
M01,2026-10-14 11:50:59,2026-10-14 11:55:21,Stopped,Buildup,A,Arancia Rossa 500ml,2400,0,262,0,0,False
M01,2026-10-14 11:55:21,2026-10-14 12:22:30,Running,,A,Arancia Rossa 500ml,2400,2082,1629,942,5,False
M01,2026-10-14 12:22:30,2026-10-14 12:31:39,Stopped,Buildup,A,Arancia Rossa 500ml,2400,0,549,0,0,False
M01,2026-10-14 12:31:39,2026-10-14 13:12:53,Running,,A,Arancia Rossa 500ml,2400,2130,2474,1464,5,False
M01,2026-10-14 13:12:53,2026-10-14 13:39:58,Running,,A,Arancia Rossa 500ml,2400,2077,1625,938,4,False
M01,2026-10-14 13:39:58,2026-10-14 14:00:00,Running,,A,Arancia Rossa 500ml,2400,2117,1202,707,2,False
M01,2026-10-14 14:00:00,2026-10-14 14:22:42,Stopped,Changeover,B,Lampone Zero 560ml,2200,0,1362,0,0,True
M01,2026-10-14 14:22:42,2026-10-14 15:21:44,Running,,B,Lampone Zero 560ml,2200,1963,3542,1931,6,False
M01,2026-10-14 15:21:44,2026-10-14 16:03:51,Running,,B,Lampone Zero 560ml,2200,1960,2527,1376,7,False
M01,2026-10-14 16:03:51,2026-10-14 16:55:58,Running,,B,Lampone Zero 560ml,2200,1949,3127,1693,6,False
M01,2026-10-14 16:55:58,2026-10-14 17:44:24,Running,,B,Lampone Zero 560ml,2200,1947,2906,1572,7,False
M01,2026-10-14 17:44:24,2026-10-14 18:13:46,Running,,B,Lampone Zero 560ml,2200,1914,1762,937,4,False
M01,2026-10-14 18:13:46,2026-10-14 19:08:20,Running,,B,Lampone Zero 560ml,2200,1926,3274,1752,8,False
M01,2026-10-14 19:08:20,2026-10-14 19:35:51,Running,,B,Lampone Zero 560ml,2200,1898,1651,870,4,False
M01,2026-10-14 19:35:51,2026-10-14 19:41:28,Stopped,External,B,Lampone Zero 560ml,2200,0,337,0,0,False
M01,2026-10-14 19:41:28,2026-10-14 19:51:06,Stopped,Starvation,B,Lampone Zero 560ml,2200,0,578,0,0,False
M01,2026-10-14 19:51:06,2026-10-14 20:26:41,Running,,B,Lampone Zero 560ml,2200,1893,2135,1123,5,False
M01,2026-10-14 20:26:41,2026-10-14 20:43:04,Idle,,B,Lampone Zero 560ml,2200,0,983,0,0,False
M01,2026-10-14 20:43:04,2026-10-14 21:19:40,Running,,B,Lampone Zero 560ml,2200,1902,2196,1160,6,False
M01,2026-10-14 21:19:40,2026-10-14 21:45:01,Running,,B,Lampone Zero 560ml,2200,1951,1521,824,4,False
M01,2026-10-14 21:45:01,2026-10-14 22:00:00,Running,,B,Lampone Zero 560ml,2200,1962,899,490,2,False
M01,2026-10-14 22:00:00,2026-10-14 22:37:02,Stopped,Changeover,C,Arancia Rossa 500ml,2400,0,2222,0,0,True
M01,2026-10-14 22:37:02,2026-10-14 22:46:55,Stopped,Buildup,C,Arancia Rossa 500ml,2400,0,593,0,0,False
M01,2026-10-14 22:46:55,2026-10-14 23:23:08,Running,,C,Arancia Rossa 500ml,2400,2063,2173,1245,6,False
M01,2026-10-14 23:23:08,2026-10-14 23:50:19,Running,,C,Arancia Rossa 500ml,2400,2119,1631,960,3,False
M01,2026-10-14 23:50:19,2026-10-14 23:58:42,Stopped,Operator,C,Arancia Rossa 500ml,2400,0,503,0,0,False
M01,2026-10-14 23:58:42,2026-10-15 00:00:00,Idle,,C,Arancia Rossa 500ml,2400,0,78,0,0,False
M01,2026-10-15 00:00:00,2026-10-15 00:55:21,Running,,C,Arancia Rossa 500ml,2400,2066,3321,1906,7,False
M01,2026-10-15 00:55:21,2026-10-15 01:54:37,Running,,C,Arancia Rossa 500ml,2400,2120,3556,2094,9,False
M01,2026-10-15 01:54:37,2026-10-15 02:07:09,Stopped,External,C,Arancia Rossa 500ml,2400,0,752,0,0,False
M01,2026-10-15 02:07:09,2026-10-15 02:23:10,Stopped,Starvation,C,Arancia Rossa 500ml,2400,0,961,0,0,False
M01,2026-10-15 02:23:10,2026-10-15 03:13:41,Running,,C,Arancia Rossa 500ml,2400,2130,3031,1793,8,False
M01,2026-10-15 03:13:41,2026-10-15 03:28:20,Stopped,Fault,C,Arancia Rossa 500ml,2400,0,879,0,0,False
M01,2026-10-15 03:28:20,2026-10-15 03:45:49,Idle,,C,Arancia Rossa 500ml,2400,0,1049,0,0,False
M01,2026-10-15 03:45:49,2026-10-15 04:39:46,Running,,C,Arancia Rossa 500ml,2400,2131,3237,1916,7,False
M01,2026-10-15 04:39:46,2026-10-15 04:53:50,Idle,,C,Arancia Rossa 500ml,2400,0,844,0,0,False
M01,2026-10-15 04:53:50,2026-10-15 05:28:37,Running,,C,Arancia Rossa 500ml,2400,2137,2087,1239,5,False
M01,2026-10-15 05:28:37,2026-10-15 05:55:53,Running,,C,Arancia Rossa 500ml,2400,2123,1636,965,4,False
M01,2026-10-15 05:55:53,2026-10-15 06:00:00,Idle,,C,Arancia Rossa 500ml,2400,0,247,0,0,False
M01,2026-10-15 06:00:00,2026-10-15 06:20:10,Stopped,Changeover,A,Lampone Zero 560ml,2200,0,1210,0,0,True
M01,2026-10-15 06:20:10,2026-10-15 07:09:27,Running,,A,Lampone Zero 560ml,2200,1933,2957,1588,7,False
M01,2026-10-15 07:09:27,2026-10-15 07:54:29,Running,,A,Lampone Zero 560ml,2200,1922,2702,1443,6,False
M01,2026-10-15 07:54:29,2026-10-15 08:01:05,Stopped,External,A,Lampone Zero 560ml,2200,0,396,0,0,False
M01,2026-10-15 08:01:05,2026-10-15 08:42:09,Running,,A,Lampone Zero 560ml,2200,1953,2464,1337,5,False
M01,2026-10-15 08:42:09,2026-10-15 08:48:01,Stopped,External,A,Lampone Zero 560ml,2200,0,352,0,0,False
M01,2026-10-15 08:48:01,2026-10-15 09:00:30,Stopped,Fault,A,Lampone Zero 560ml,2200,0,749,0,0,False
M01,2026-10-15 09:00:30,2026-10-15 09:59:08,Running,,A,Lampone Zero 560ml,2200,1955,3518,1910,9,False
M01,2026-10-15 09:59:08,2026-10-15 10:29:32,Running,,A,Lampone Zero 560ml,2200,1952,1824,989,4,False
M01,2026-10-15 10:29:32,2026-10-15 11:02:42,Running,,A,Lampone Zero 560ml,2200,1943,1990,1074,5,False
M01,2026-10-15 11:02:42,2026-10-15 11:09:00,Idle,,A,Lampone Zero 560ml,2200,0,378,0,0,False
M01,2026-10-15 11:09:00,2026-10-15 12:02:14,Running,,A,Lampone Zero 560ml,2200,1920,3194,1703,7,False
M01,2026-10-15 12:02:14,2026-10-15 12:06:15,Stopped,Starvation,A,Lampone Zero 560ml,2200,0,241,0,0,False
M01,2026-10-15 12:06:15,2026-10-15 12:36:59,Running,,A,Lampone Zero 560ml,2200,1913,1844,980,5,False
M01,2026-10-15 12:36:59,2026-10-15 12:40:58,Stopped,Starvation,A,Lampone Zero 560ml,2200,0,239,0,0,False
M01,2026-10-15 12:40:58,2026-10-15 13:13:35,Running,,A,Lampone Zero 560ml,2200,1922,1957,1045,5,False
M01,2026-10-15 13:13:35,2026-10-15 13:40:53,Running,,A,Lampone Zero 560ml,2200,1923,1638,875,3,False
M01,2026-10-15 13:40:53,2026-10-15 14:00:00,Running,,A,Lampone Zero 560ml,2200,1955,1147,623,2,False
M01,2026-10-15 14:00:00,2026-10-15 14:17:23,Stopped,Changeover,B,Arancia Rossa 500ml,2400,0,1043,0,0,True
M01,2026-10-15 14:17:23,2026-10-15 14:22:58,Stopped,External,B,Arancia Rossa 500ml,2400,0,335,0,0,False
M01,2026-10-15 14:22:58,2026-10-15 14:43:38,Running,,B,Arancia Rossa 500ml,2400,2067,1240,712,3,False
M01,2026-10-15 14:43:38,2026-10-15 15:15:48,Running,,B,Arancia Rossa 500ml,2400,2090,1930,1120,5,False
M01,2026-10-15 15:15:48,2026-10-15 15:41:51,Running,,B,Arancia Rossa 500ml,2400,2122,1563,921,3,False
M01,2026-10-15 15:41:51,2026-10-15 15:52:03,Stopped,Starvation,B,Arancia Rossa 500ml,2400,0,612,0,0,False
M01,2026-10-15 15:52:03,2026-10-15 16:23:14,Running,,B,Arancia Rossa 500ml,2400,2087,1871,1085,5,False
M01,2026-10-15 16:23:14,2026-10-15 16:34:24,Stopped,External,B,Arancia Rossa 500ml,2400,0,670,0,0,False
M01,2026-10-15 16:34:24,2026-10-15 17:15:44,Running,,B,Arancia Rossa 500ml,2400,2115,2480,1457,5,False
M01,2026-10-15 17:15:44,2026-10-15 17:50:54,Running,,B,Arancia Rossa 500ml,2400,2139,2110,1254,4,False
M01,2026-10-15 17:50:54,2026-10-15 18:24:26,Running,,B,Arancia Rossa 500ml,2400,2107,2012,1178,4,False
M01,2026-10-15 18:24:26,2026-10-15 18:40:14,Stopped,Buildup,B,Arancia Rossa 500ml,2400,0,948,0,0,False
M01,2026-10-15 18:40:14,2026-10-15 19:23:38,Running,,B,Arancia Rossa 500ml,2400,2121,2604,1534,5,False
M01,2026-10-15 19:23:38,2026-10-15 19:57:56,Running,,B,Arancia Rossa 500ml,2400,2076,2058,1187,6,False
M01,2026-10-15 19:57:56,2026-10-15 20:51:58,Running,,B,Arancia Rossa 500ml,2400,2114,3242,1904,9,False
M01,2026-10-15 20:51:58,2026-10-15 20:55:35,Stopped,Operator,B,Arancia Rossa 500ml,2400,0,217,0,0,False
M01,2026-10-15 20:55:35,2026-10-15 21:17:40,Running,,B,Arancia Rossa 500ml,2400,2139,1325,787,3,False
M01,2026-10-15 21:17:40,2026-10-15 21:46:14,Running,,B,Arancia Rossa 500ml,2400,2098,1714,999,4,False
M01,2026-10-15 21:46:14,2026-10-15 22:00:00,Running,,B,Arancia Rossa 500ml,2400,2121,826,487,2,False
M01,2026-10-15 22:00:00,2026-10-15 22:29:40,Stopped,Changeover,C,Lampone Zero 560ml,2200,0,1780,0,0,True
M01,2026-10-15 22:29:40,2026-10-15 22:34:51,Stopped,Starvation,C,Lampone Zero 560ml,2200,0,311,0,0,False
M01,2026-10-15 22:34:51,2026-10-15 23:20:35,Running,,C,Lampone Zero 560ml,2200,1955,2744,1490,5,False
M01,2026-10-15 23:20:35,2026-10-15 23:53:21,Running,,C,Lampone Zero 560ml,2200,1927,1966,1052,5,False
M01,2026-10-15 23:53:21,2026-10-16 00:00:00,Running,,C,Lampone Zero 560ml,2200,1933,399,214,1,False
M01,2026-10-16 00:00:00,2026-10-16 00:07:35,Stopped,Operator,C,Lampone Zero 560ml,2200,0,455,0,0,False
M01,2026-10-16 00:07:35,2026-10-16 00:22:40,Stopped,Starvation,C,Lampone Zero 560ml,2200,0,905,0,0,False
M01,2026-10-16 00:22:40,2026-10-16 00:46:35,Running,,C,Lampone Zero 560ml,2200,1902,1435,758,3,False
M01,2026-10-16 00:46:35,2026-10-16 01:22:20,Running,,C,Lampone Zero 560ml,2200,1847,2145,1101,4,False
M01,2026-10-16 01:22:20,2026-10-16 02:07:31,Running,,C,Lampone Zero 560ml,2200,1836,2711,1383,5,False
M01,2026-10-16 02:07:31,2026-10-16 03:01:40,Running,,C,Lampone Zero 560ml,2200,1896,3249,1711,8,False
M01,2026-10-16 03:01:40,2026-10-16 03:44:32,Running,,C,Lampone Zero 560ml,2200,1865,2572,1332,5,False
M01,2026-10-16 03:44:32,2026-10-16 03:53:37,Stopped,Supplies,C,Lampone Zero 560ml,2200,0,545,0,0,False
M01,2026-10-16 03:53:37,2026-10-16 03:59:16,Stopped,Starvation,C,Lampone Zero 560ml,2200,0,339,0,0,False
M01,2026-10-16 03:59:16,2026-10-16 04:26:22,Running,,C,Lampone Zero 560ml,2200,1845,1626,833,3,False
M01,2026-10-16 04:26:22,2026-10-16 05:13:06,Running,,C,Lampone Zero 560ml,2200,1894,2804,1475,7,False
M01,2026-10-16 05:13:06,2026-10-16 05:28:36,Stopped,Buildup,C,Lampone Zero 560ml,2200,0,930,0,0,False
M01,2026-10-16 05:28:36,2026-10-16 05:55:29,Running,,C,Lampone Zero 560ml,2200,1858,1613,832,4,False
M01,2026-10-16 05:55:29,2026-10-16 06:00:00,Idle,,C,Lampone Zero 560ml,2200,0,271,0,0,False
M01,2026-10-16 06:00:00,2026-10-16 06:29:12,Stopped,Changeover,A,Arancia Rossa 500ml,2400,0,1752,0,0,True
M01,2026-10-16 06:29:12,2026-10-16 07:25:17,Running,,A,Arancia Rossa 500ml,2400,2029,3365,1897,9,False
M01,2026-10-16 07:25:17,2026-10-16 08:00:24,Running,,A,Arancia Rossa 500ml,2400,2021,2107,1183,5,False
M01,2026-10-16 08:00:24,2026-10-16 08:04:47,Stopped,Fault,A,Arancia Rossa 500ml,2400,0,263,0,0,False
M01,2026-10-16 08:04:47,2026-10-16 08:43:21,Running,,A,Arancia Rossa 500ml,2400,2012,2314,1293,5,False
M01,2026-10-16 08:43:21,2026-10-16 08:49:06,Stopped,Starvation,A,Arancia Rossa 500ml,2400,0,345,0,0,False
M01,2026-10-16 08:49:06,2026-10-16 09:01:54,Stopped,Operator,A,Arancia Rossa 500ml,2400,0,768,0,0,False
M01,2026-10-16 09:01:54,2026-10-16 09:47:20,Running,,A,Arancia Rossa 500ml,2400,2050,2726,1552,7,False
M01,2026-10-16 09:47:20,2026-10-16 10:18:16,Running,,A,Arancia Rossa 500ml,2400,2026,1856,1045,4,False
M01,2026-10-16 10:18:16,2026-10-16 10:47:24,Running,,A,Arancia Rossa 500ml,2400,2062,1748,1001,5,False
M01,2026-10-16 10:47:24,2026-10-16 11:12:43,Running,,A,Arancia Rossa 500ml,2400,1996,1519,842,3,False
M01,2026-10-16 11:12:43,2026-10-16 11:15:53,Stopped,Buildup,A,Arancia Rossa 500ml,2400,0,190,0,0,False
M01,2026-10-16 11:15:53,2026-10-16 12:13:55,Running,,A,Arancia Rossa 500ml,2400,2036,3482,1969,9,False
M01,2026-10-16 12:13:55,2026-10-16 13:12:39,Running,,A,Arancia Rossa 500ml,2400,2066,3524,2022,10,False
M01,2026-10-16 13:12:39,2026-10-16 13:50:05,Running,,A,Arancia Rossa 500ml,2400,2017,2246,1258,5,False
M01,2026-10-16 13:50:05,2026-10-16 14:00:00,Running,,A,Arancia Rossa 500ml,2400,2045,595,338,1,False
M01,2026-10-16 14:00:00,2026-10-16 14:16:22,Stopped,Changeover,B,Lampone Zero 560ml,2200,0,982,0,0,True
M01,2026-10-16 14:16:22,2026-10-16 14:30:36,Stopped,Supplies,B,Lampone Zero 560ml,2200,0,854,0,0,False
M01,2026-10-16 14:30:36,2026-10-16 15:18:08,Running,,B,Lampone Zero 560ml,2200,1887,2852,1495,5,False
M01,2026-10-16 15:18:08,2026-10-16 15:44:52,Running,,B,Lampone Zero 560ml,2200,1886,1604,840,3,False
M01,2026-10-16 15:44:52,2026-10-16 16:42:14,Running,,B,Lampone Zero 560ml,2200,1836,3442,1755,6,False
M01,2026-10-16 16:42:14,2026-10-16 17:29:44,Running,,B,Lampone Zero 560ml,2200,1882,2850,1490,5,False
M01,2026-10-16 17:29:44,2026-10-16 18:25:29,Running,,B,Lampone Zero 560ml,2200,1891,3345,1757,9,False
M01,2026-10-16 18:25:29,2026-10-16 19:18:11,Running,,B,Lampone Zero 560ml,2200,1857,3162,1631,6,False
M01,2026-10-16 19:18:11,2026-10-16 19:29:32,Stopped,Starvation,B,Lampone Zero 560ml,2200,0,681,0,0,False
M01,2026-10-16 19:29:32,2026-10-16 20:10:28,Running,,B,Lampone Zero 560ml,2200,1881,2456,1283,6,False
M01,2026-10-16 20:10:28,2026-10-16 20:15:26,Stopped,Operator,B,Lampone Zero 560ml,2200,0,298,0,0,False
M01,2026-10-16 20:15:26,2026-10-16 20:25:30,Stopped,Starvation,B,Lampone Zero 560ml,2200,0,604,0,0,False
M01,2026-10-16 20:25:30,2026-10-16 20:36:34,Stopped,Starvation,B,Lampone Zero 560ml,2200,0,664,0,0,False
M01,2026-10-16 20:36:34,2026-10-16 20:41:36,Stopped,Starvation,B,Lampone Zero 560ml,2200,0,302,0,0,False
M01,2026-10-16 20:41:36,2026-10-16 21:15:55,Running,,B,Lampone Zero 560ml,2200,1896,2059,1084,4,False
M01,2026-10-16 21:15:55,2026-10-16 21:47:42,Running,,B,Lampone Zero 560ml,2200,1901,1907,1007,5,False
M01,2026-10-16 21:47:42,2026-10-16 22:00:00,Running,,B,Lampone Zero 560ml,2200,1881,738,386,2,False
M01,2026-10-16 22:00:00,2026-10-16 22:20:29,Running,,C,Lampone Zero 560ml,2200,1868,1229,638,3,False
M01,2026-10-16 22:20:29,2026-10-16 23:10:04,Running,,C,Lampone Zero 560ml,2200,1896,2975,1567,7,False
M01,2026-10-16 23:10:04,2026-10-16 23:24:09,Stopped,Starvation,C,Lampone Zero 560ml,2200,0,845,0,0,False
M01,2026-10-16 23:24:09,2026-10-16 23:50:14,Running,,C,Lampone Zero 560ml,2200,1849,1565,804,3,False
M01,2026-10-16 23:50:14,2026-10-17 00:00:00,Running,,C,Lampone Zero 560ml,2200,1864,586,303,1,False
M01,2026-10-17 00:00:00,2026-10-17 00:05:04,Stopped,Starvation,C,Lampone Zero 560ml,2200,0,304,0,0,False
M01,2026-10-17 00:05:04,2026-10-17 01:04:37,Running,,C,Lampone Zero 560ml,2200,1758,3573,1745,8,False
M01,2026-10-17 01:04:37,2026-10-17 01:59:14,Running,,C,Lampone Zero 560ml,2200,1726,3277,1571,6,False
M01,2026-10-17 01:59:14,2026-10-17 02:33:21,Running,,C,Lampone Zero 560ml,2200,1710,2047,972,4,False
M01,2026-10-17 02:33:21,2026-10-17 03:13:02,Running,,C,Lampone Zero 560ml,2200,1711,2381,1132,5,False
M01,2026-10-17 03:13:02,2026-10-17 03:47:01,Running,,C,Lampone Zero 560ml,2200,1741,2039,986,4,False
M01,2026-10-17 03:47:01,2026-10-17 03:58:59,Idle,,C,Lampone Zero 560ml,2200,0,718,0,0,False
M01,2026-10-17 03:58:59,2026-10-17 04:14:47,Stopped,Starvation,C,Lampone Zero 560ml,2200,0,948,0,0,False
M01,2026-10-17 04:14:47,2026-10-17 05:00:19,Running,,C,Lampone Zero 560ml,2200,1715,2732,1301,5,False
M01,2026-10-17 05:00:19,2026-10-17 05:37:21,Running,,C,Lampone Zero 560ml,2200,1702,2222,1051,5,False
M01,2026-10-17 05:37:21,2026-10-17 05:44:27,Stopped,Starvation,C,Lampone Zero 560ml,2200,0,426,0,0,False
M01,2026-10-17 05:44:27,2026-10-17 06:00:00,Running,,C,Lampone Zero 560ml,2200,1725,933,447,2,False
M01,2026-10-17 06:00:00,2026-10-17 06:13:46,Stopped,Starvation,A,Lampone Zero 560ml,2200,0,826,0,0,False
M01,2026-10-17 06:13:46,2026-10-17 07:11:08,Running,,A,Lampone Zero 560ml,2200,1749,3442,1672,6,False
M01,2026-10-17 07:11:08,2026-10-17 08:02:50,Running,,A,Lampone Zero 560ml,2200,1695,3102,1461,7,False
M01,2026-10-17 08:02:50,2026-10-17 08:13:24,Stopped,Starvation,A,Lampone Zero 560ml,2200,0,634,0,0,False
M01,2026-10-17 08:13:24,2026-10-17 09:01:45,Running,,A,Lampone Zero 560ml,2200,1713,2901,1380,7,False
M01,2026-10-17 09:01:45,2026-10-17 09:50:04,Running,,A,Lampone Zero 560ml,2200,1700,2899,1369,6,False
M01,2026-10-17 09:50:04,2026-10-17 10:44:36,Running,,A,Lampone Zero 560ml,2200,1720,3272,1563,7,False
M01,2026-10-17 10:44:36,2026-10-17 11:09:58,Running,,A,Lampone Zero 560ml,2200,1753,1522,741,4,False
M01,2026-10-17 11:09:58,2026-10-17 11:45:41,Running,,A,Lampone Zero 560ml,2200,1699,2143,1011,4,False
M01,2026-10-17 11:45:41,2026-10-17 12:42:57,Running,,A,Lampone Zero 560ml,2200,1696,3436,1619,6,False
M01,2026-10-17 12:42:57,2026-10-17 13:25:07,Running,,A,Lampone Zero 560ml,2200,1717,2530,1207,4,False
M01,2026-10-17 13:25:07,2026-10-17 13:50:09,Running,,A,Lampone Zero 560ml,2200,1749,1502,730,3,False
M01,2026-10-17 13:50:09,2026-10-17 13:59:00,Stopped,Supplies,A,Lampone Zero 560ml,2200,0,531,0,0,False
M01,2026-10-17 13:59:00,2026-10-17 14:00:00,Idle,,A,Lampone Zero 560ml,2200,0,60,0,0,False
M01,2026-10-17 14:00:00,2026-10-17 14:16:52,Stopped,Changeover,B,Arancia Rossa 500ml,2400,0,1012,0,0,True
M01,2026-10-17 14:16:52,2026-10-17 14:28:12,Stopped,Buildup,B,Arancia Rossa 500ml,2400,0,680,0,0,False
M01,2026-10-17 14:28:12,2026-10-17 14:57:21,Running,,B,Arancia Rossa 500ml,2400,1892,1749,919,4,False
M01,2026-10-17 14:57:21,2026-10-17 15:54:34,Running,,B,Arancia Rossa 500ml,2400,1889,3433,1801,7,False
M01,2026-10-17 15:54:34,2026-10-17 16:07:52,Stopped,Starvation,B,Arancia Rossa 500ml,2400,0,798,0,0,False
M01,2026-10-17 16:07:52,2026-10-17 16:20:26,Stopped,Starvation,B,Arancia Rossa 500ml,2400,0,754,0,0,False
M01,2026-10-17 16:20:26,2026-10-17 16:42:27,Running,,B,Arancia Rossa 500ml,2400,1896,1321,696,2,False
M01,2026-10-17 16:42:27,2026-10-17 17:18:11,Running,,B,Arancia Rossa 500ml,2400,1912,2144,1139,4,False
M01,2026-10-17 17:18:11,2026-10-17 17:51:56,Running,,B,Arancia Rossa 500ml,2400,1899,2025,1068,5,False
M01,2026-10-17 17:51:56,2026-10-17 18:50:02,Running,,B,Arancia Rossa 500ml,2400,1907,3486,1847,6,False
M01,2026-10-17 18:50:02,2026-10-17 19:43:06,Running,,B,Arancia Rossa 500ml,2400,1866,3184,1650,6,False
M01,2026-10-17 19:43:06,2026-10-17 20:21:22,Running,,B,Arancia Rossa 500ml,2400,1919,2296,1224,5,False
M01,2026-10-17 20:21:22,2026-10-17 21:20:55,Running,,B,Arancia Rossa 500ml,2400,1856,3573,1842,8,False
M01,2026-10-17 21:20:55,2026-10-17 21:33:40,Idle,,B,Arancia Rossa 500ml,2400,0,765,0,0,False
M01,2026-10-17 21:33:40,2026-10-17 21:38:23,Stopped,Buildup,B,Arancia Rossa 500ml,2400,0,283,0,0,False
M01,2026-10-17 21:38:23,2026-10-17 21:43:23,Stopped,Starvation,B,Arancia Rossa 500ml,2400,0,300,0,0,False
M01,2026-10-17 21:43:23,2026-10-17 22:00:00,Running,,B,Arancia Rossa 500ml,2400,1920,997,532,3,False
M01,2026-10-17 22:00:00,2026-10-17 22:16:50,Stopped,Operator,C,Arancia Rossa 500ml,2400,0,1010,0,0,False
M01,2026-10-17 22:16:50,2026-10-17 23:03:52,Running,,C,Arancia Rossa 500ml,2400,1910,2822,1497,7,False
M01,2026-10-17 23:03:52,2026-10-17 23:52:41,Running,,C,Arancia Rossa 500ml,2400,1861,2929,1514,5,False
M01,2026-10-17 23:52:41,2026-10-18 00:00:00,Running,,C,Arancia Rossa 500ml,2400,1873,439,228,1,False
M01,2026-10-18 00:00:00,2026-10-18 00:20:08,Running,,C,Arancia Rossa 500ml,2400,1765,1208,592,2,False
M01,2026-10-18 00:20:08,2026-10-18 01:14:55,Running,,C,Arancia Rossa 500ml,2400,1777,3287,1622,6,False
M01,2026-10-18 01:14:55,2026-10-18 01:46:46,Running,,C,Arancia Rossa 500ml,2400,1731,1911,919,4,False
M01,2026-10-18 01:46:46,2026-10-18 02:20:30,Running,,C,Arancia Rossa 500ml,2400,1756,2024,987,5,False
M01,2026-10-18 02:20:30,2026-10-18 02:24:32,Stopped,Operator,C,Arancia Rossa 500ml,2400,0,242,0,0,False
M01,2026-10-18 02:24:32,2026-10-18 02:31:11,Stopped,Starvation,C,Arancia Rossa 500ml,2400,0,399,0,0,False
M01,2026-10-18 02:31:11,2026-10-18 02:33:11,Stopped,Operator,C,Arancia Rossa 500ml,2400,0,120,0,0,False
M01,2026-10-18 02:33:11,2026-10-18 02:57:38,Running,,C,Arancia Rossa 500ml,2400,1785,1467,727,3,False
M01,2026-10-18 02:57:38,2026-10-18 03:34:54,Running,,C,Arancia Rossa 500ml,2400,1766,2236,1097,5,False
M01,2026-10-18 03:34:54,2026-10-18 04:21:37,Running,,C,Arancia Rossa 500ml,2400,1771,2803,1379,6,False
M01,2026-10-18 04:21:37,2026-10-18 04:28:59,Stopped,External,C,Arancia Rossa 500ml,2400,0,442,0,0,False
M01,2026-10-18 04:28:59,2026-10-18 05:22:33,Running,,C,Arancia Rossa 500ml,2400,1768,3214,1578,7,False
M01,2026-10-18 05:22:33,2026-10-18 05:57:42,Running,,C,Arancia Rossa 500ml,2400,1778,2109,1042,4,False
M01,2026-10-18 05:57:42,2026-10-18 06:00:00,Idle,,C,Arancia Rossa 500ml,2400,0,138,0,0,False
M01,2026-10-18 06:00:00,2026-10-18 06:09:23,Stopped,Starvation,A,Arancia Rossa 500ml,2400,0,563,0,0,False
M01,2026-10-18 06:09:23,2026-10-18 06:31:02,Running,,A,Arancia Rossa 500ml,2400,1730,1299,624,2,False
M01,2026-10-18 06:31:02,2026-10-18 06:59:11,Running,,A,Arancia Rossa 500ml,2400,1736,1689,814,4,False
M01,2026-10-18 06:59:11,2026-10-18 07:01:45,Stopped,Starvation,A,Arancia Rossa 500ml,2400,0,154,0,0,False
M01,2026-10-18 07:01:45,2026-10-18 07:15:49,Stopped,Starvation,A,Arancia Rossa 500ml,2400,0,844,0,0,False
M01,2026-10-18 07:15:49,2026-10-18 07:39:26,Running,,A,Arancia Rossa 500ml,2400,1745,1417,687,3,False
M01,2026-10-18 07:39:26,2026-10-18 07:47:19,Stopped,External,A,Arancia Rossa 500ml,2400,0,473,0,0,False
M01,2026-10-18 07:47:19,2026-10-18 08:13:03,Running,,A,Arancia Rossa 500ml,2400,1762,1544,756,3,False
M01,2026-10-18 08:13:03,2026-10-18 08:33:53,Running,,A,Arancia Rossa 500ml,2400,1782,1250,619,2,False
M01,2026-10-18 08:33:53,2026-10-18 09:02:24,Running,,A,Arancia Rossa 500ml,2400,1772,1711,842,3,False
M01,2026-10-18 09:02:24,2026-10-18 09:55:43,Running,,A,Arancia Rossa 500ml,2400,1768,3199,1571,6,False
M01,2026-10-18 09:55:43,2026-10-18 10:30:45,Running,,A,Arancia Rossa 500ml,2400,1766,2102,1031,5,False
M01,2026-10-18 10:30:45,2026-10-18 10:51:17,Running,,A,Arancia Rossa 500ml,2400,1785,1232,611,2,False
M01,2026-10-18 10:51:17,2026-10-18 11:50:30,Running,,A,Arancia Rossa 500ml,2400,1739,3553,1716,8,False
M01,2026-10-18 11:50:30,2026-10-18 12:24:52,Running,,A,Arancia Rossa 500ml,2400,1768,2062,1013,5,False
M01,2026-10-18 12:24:52,2026-10-18 12:34:41,Stopped,External,A,Arancia Rossa 500ml,2400,0,589,0,0,False
M01,2026-10-18 12:34:41,2026-10-18 13:04:52,Running,,A,Arancia Rossa 500ml,2400,1731,1811,871,3,False
M01,2026-10-18 13:04:52,2026-10-18 13:48:18,Running,,A,Arancia Rossa 500ml,2400,1727,2606,1250,5,False
M01,2026-10-18 13:48:18,2026-10-18 13:53:51,Stopped,Fault,A,Arancia Rossa 500ml,2400,0,333,0,0,False
M01,2026-10-18 13:53:51,2026-10-18 14:00:00,Running,,A,Arancia Rossa 500ml,2400,1779,369,182,1,False
M01,2026-10-18 14:00:00,2026-10-18 14:23:56,Stopped,Changeover,B,Lampone Zero 560ml,2200,0,1436,0,0,True
M01,2026-10-18 14:23:56,2026-10-18 14:55:18,Running,,B,Lampone Zero 560ml,2200,1622,1882,848,4,False
M01,2026-10-18 14:55:18,2026-10-18 15:08:39,Stopped,Starvation,B,Lampone Zero 560ml,2200,0,801,0,0,False
M01,2026-10-18 15:08:39,2026-10-18 15:56:31,Running,,B,Lampone Zero 560ml,2200,1624,2872,1296,5,False
M01,2026-10-18 15:56:31,2026-10-18 16:52:51,Running,,B,Lampone Zero 560ml,2200,1638,3380,1538,8,False
M01,2026-10-18 16:52:51,2026-10-18 17:08:45,Stopped,Operator,B,Lampone Zero 560ml,2200,0,954,0,0,False
M01,2026-10-18 17:08:45,2026-10-18 17:37:41,Running,,B,Lampone Zero 560ml,2200,1581,1736,762,3,False
M01,2026-10-18 17:37:41,2026-10-18 18:31:09,Running,,B,Lampone Zero 560ml,2200,1604,3208,1429,6,False
M01,2026-10-18 18:31:09,2026-10-18 18:58:47,Running,,B,Lampone Zero 560ml,2200,1636,1658,753,3,False
M01,2026-10-18 18:58:47,2026-10-18 19:01:41,Stopped,Fault,B,Lampone Zero 560ml,2200,0,174,0,0,False
M01,2026-10-18 19:01:41,2026-10-18 19:15:19,Stopped,Starvation,B,Lampone Zero 560ml,2200,0,818,0,0,False
M01,2026-10-18 19:15:19,2026-10-18 19:53:33,Running,,B,Lampone Zero 560ml,2200,1599,2294,1019,5,False
M01,2026-10-18 19:53:33,2026-10-18 20:08:11,Idle,,B,Lampone Zero 560ml,2200,0,878,0,0,False
M01,2026-10-18 20:08:11,2026-10-18 20:41:45,Running,,B,Lampone Zero 560ml,2200,1625,2014,909,4,False
M01,2026-10-18 20:41:45,2026-10-18 20:46:19,Stopped,Starvation,B,Lampone Zero 560ml,2200,0,274,0,0,False
M01,2026-10-18 20:46:19,2026-10-18 21:03:25,Idle,,B,Lampone Zero 560ml,2200,0,1026,0,0,False
M01,2026-10-18 21:03:25,2026-10-18 21:09:42,Stopped,External,B,Lampone Zero 560ml,2200,0,377,0,0,False
M01,2026-10-18 21:09:42,2026-10-18 21:41:47,Running,,B,Lampone Zero 560ml,2200,1591,1925,851,4,False
M01,2026-10-18 21:41:47,2026-10-18 21:50:02,Stopped,External,B,Lampone Zero 560ml,2200,0,495,0,0,False
M01,2026-10-18 21:50:02,2026-10-18 22:00:00,Running,,B,Lampone Zero 560ml,2200,1597,598,265,1,False
M01,2026-10-18 22:00:00,2026-10-18 22:24:46,Stopped,Changeover,C,Arancia Rossa 500ml,2400,0,1486,0,0,True
M01,2026-10-18 22:24:46,2026-10-18 23:06:34,Running,,C,Arancia Rossa 500ml,2400,1729,2508,1205,5,False
M01,2026-10-18 23:06:34,2026-10-18 23:58:58,Running,,C,Arancia Rossa 500ml,2400,1778,3144,1553,7,False
M01,2026-10-18 23:58:58,2026-10-19 00:00:00,Idle,,C,Arancia Rossa 500ml,2400,0,62,0,0,False
M01,2026-10-19 00:00:00,2026-10-19 00:03:48,Stopped,Buildup,C,Arancia Rossa 500ml,2400,0,228,0,0,False
M01,2026-10-19 00:03:48,2026-10-19 00:53:12,Running,,C,Arancia Rossa 500ml,2400,2114,2964,1741,8,False
M01,2026-10-19 00:53:12,2026-10-19 01:52:13,Running,,C,Arancia Rossa 500ml,2400,2111,3541,2076,8,False
M01,2026-10-19 01:52:13,2026-10-19 02:02:47,Stopped,Starvation,C,Arancia Rossa 500ml,2400,0,634,0,0,False
M01,2026-10-19 02:02:47,2026-10-19 02:10:49,Stopped,Starvation,C,Arancia Rossa 500ml,2400,0,482,0,0,False
M01,2026-10-19 02:10:49,2026-10-19 02:35:46,Running,,C,Arancia Rossa 500ml,2400,2124,1497,883,4,False
M01,2026-10-19 02:35:46,2026-10-19 03:08:59,Running,,C,Arancia Rossa 500ml,2400,2053,1993,1137,5,False
M01,2026-10-19 03:08:59,2026-10-19 03:23:43,Stopped,Fault,C,Arancia Rossa 500ml,2400,0,884,0,0,False
M01,2026-10-19 03:23:43,2026-10-19 04:10:11,Running,,C,Arancia Rossa 500ml,2400,2087,2788,1616,7,False
M01,2026-10-19 04:10:11,2026-10-19 04:22:36,Stopped,External,C,Arancia Rossa 500ml,2400,0,745,0,0,False
M01,2026-10-19 04:22:36,2026-10-19 04:50:32,Running,,C,Arancia Rossa 500ml,2400,2102,1676,979,5,False
M01,2026-10-19 04:50:32,2026-10-19 05:47:45,Running,,C,Arancia Rossa 500ml,2400,2101,3433,2004,9,False
M01,2026-10-19 05:47:45,2026-10-19 05:51:10,Stopped,Starvation,C,Arancia Rossa 500ml,2400,0,205,0,0,False
M01,2026-10-19 05:51:10,2026-10-19 05:58:50,Stopped,External,C,Arancia Rossa 500ml,2400,0,460,0,0,False
M01,2026-10-19 05:58:50,2026-10-19 06:00:00,Idle,,C,Arancia Rossa 500ml,2400,0,70,0,0,False
M01,2026-10-19 06:00:00,2026-10-19 06:38:11,Stopped,Changeover,A,Lampone Zero 560ml,2200,0,2291,0,0,True
M01,2026-10-19 06:38:11,2026-10-19 06:41:57,Stopped,Starvation,A,Lampone Zero 560ml,2200,0,226,0,0,False
M01,2026-10-19 06:41:57,2026-10-19 06:53:53,Idle,,A,Lampone Zero 560ml,2200,0,716,0,0,False
M01,2026-10-19 06:53:53,2026-10-19 07:46:34,Running,,A,Lampone Zero 560ml,2200,1921,3161,1687,7,False
M01,2026-10-19 07:46:34,2026-10-19 08:09:34,Running,,A,Lampone Zero 560ml,2200,1919,1380,736,4,False
M01,2026-10-19 08:09:34,2026-10-19 09:05:35,Running,,A,Lampone Zero 560ml,2200,1882,3361,1757,7,False
M01,2026-10-19 09:05:35,2026-10-19 09:46:08,Running,,A,Lampone Zero 560ml,2200,1927,2433,1302,6,False
M01,2026-10-19 09:46:08,2026-10-19 10:22:09,Running,,A,Lampone Zero 560ml,2200,1931,2161,1159,5,False
M01,2026-10-19 10:22:09,2026-10-19 11:10:08,Running,,A,Lampone Zero 560ml,2200,1905,2879,1523,7,False
M01,2026-10-19 11:10:08,2026-10-19 11:17:09,Stopped,Starvation,A,Lampone Zero 560ml,2200,0,421,0,0,False
M01,2026-10-19 11:17:09,2026-10-19 12:11:14,Running,,A,Lampone Zero 560ml,2200,1895,3245,1708,6,False
M01,2026-10-19 12:11:14,2026-10-19 12:19:45,Stopped,Starvation,A,Lampone Zero 560ml,2200,0,511,0,0,False
M01,2026-10-19 12:19:45,2026-10-19 12:55:55,Running,,A,Lampone Zero 560ml,2200,1903,2170,1147,5,False
M01,2026-10-19 12:55:55,2026-10-19 13:35:44,Running,,A,Lampone Zero 560ml,2200,1951,2389,1295,6,False
M01,2026-10-19 13:35:44,2026-10-19 13:58:08,Running,,A,Lampone Zero 560ml,2200,1951,1344,728,3,False
M01,2026-10-19 13:58:08,2026-10-19 14:00:00,Idle,,A,Lampone Zero 560ml,2200,0,112,0,0,False
M01,2026-10-19 14:00:00,2026-10-19 14:39:14,Stopped,Changeover,B,Arancia Rossa 500ml,2400,0,2354,0,0,True
M01,2026-10-19 14:39:14,2026-10-19 15:24:58,Running,,B,Arancia Rossa 500ml,2400,2122,2744,1617,8,False
M01,2026-10-19 15:24:58,2026-10-19 15:46:09,Running,,B,Arancia Rossa 500ml,2400,2057,1271,726,2,False
M01,2026-10-19 15:46:09,2026-10-19 16:10:53,Running,,B,Arancia Rossa 500ml,2400,2057,1484,848,3,False
M01,2026-10-19 16:10:53,2026-10-19 16:51:00,Running,,B,Arancia Rossa 500ml,2400,2071,2407,1385,5,False
M01,2026-10-19 16:51:00,2026-10-19 17:50:40,Running,,B,Arancia Rossa 500ml,2400,2055,3580,2044,10,False
M01,2026-10-19 17:50:40,2026-10-19 18:28:03,Running,,B,Arancia Rossa 500ml,2400,2131,2243,1328,5,False
M01,2026-10-19 18:28:03,2026-10-19 18:59:12,Running,,B,Arancia Rossa 500ml,2400,2064,1869,1072,4,False
M01,2026-10-19 18:59:12,2026-10-19 19:56:21,Running,,B,Arancia Rossa 500ml,2400,2122,3429,2021,8,False
M01,2026-10-19 19:56:21,2026-10-19 20:10:35,Stopped,Starvation,B,Arancia Rossa 500ml,2400,0,854,0,0,False
M01,2026-10-19 20:10:35,2026-10-19 20:40:18,Running,,B,Arancia Rossa 500ml,2400,2103,1783,1042,4,False
M01,2026-10-19 20:40:18,2026-10-19 21:05:37,Running,,B,Arancia Rossa 500ml,2400,2092,1519,883,4,False
M01,2026-10-19 21:05:37,2026-10-19 21:54:34,Running,,B,Arancia Rossa 500ml,2400,2064,2937,1684,6,False
M01,2026-10-19 21:54:34,2026-10-19 21:56:54,Stopped,Starvation,B,Arancia Rossa 500ml,2400,0,140,0,0,False
M01,2026-10-19 21:56:54,2026-10-19 22:00:00,Idle,,B,Arancia Rossa 500ml,2400,0,186,0,0,False
M01,2026-10-19 22:00:00,2026-10-19 22:18:44,Stopped,Changeover,C,Lampone Zero 560ml,2200,0,1124,0,0,True
M01,2026-10-19 22:18:44,2026-10-19 22:37:07,Idle,,C,Lampone Zero 560ml,2200,0,1103,0,0,False
M01,2026-10-19 22:37:07,2026-10-19 22:53:50,Stopped,External,C,Lampone Zero 560ml,2200,0,1003,0,0,False
M01,2026-10-19 22:53:50,2026-10-19 23:00:33,Idle,,C,Lampone Zero 560ml,2200,0,403,0,0,False
M01,2026-10-19 23:00:33,2026-10-19 23:48:20,Running,,C,Lampone Zero 560ml,2200,1944,2867,1548,7,False
M01,2026-10-19 23:48:20,2026-10-19 23:58:58,Stopped,External,C,Lampone Zero 560ml,2200,0,638,0,0,False
M01,2026-10-19 23:58:58,2026-10-20 00:00:00,Idle,,C,Lampone Zero 560ml,2200,0,62,0,0,False
M01,2026-10-20 00:00:00,2026-10-20 00:02:19,Stopped,Buildup,C,Lampone Zero 560ml,2200,0,139,0,0,False
M01,2026-10-20 00:02:19,2026-10-20 01:00:08,Running,,C,Lampone Zero 560ml,2200,1916,3469,1846,8,False
M01,2026-10-20 01:00:08,2026-10-20 01:25:48,Running,,C,Lampone Zero 560ml,2200,1879,1540,804,3,False
M01,2026-10-20 01:25:48,2026-10-20 01:39:32,Idle,,C,Lampone Zero 560ml,2200,0,824,0,0,False
M01,2026-10-20 01:39:32,2026-10-20 01:42:48,Stopped,External,C,Lampone Zero 560ml,2200,0,196,0,0,False
M01,2026-10-20 01:42:48,2026-10-20 02:20:07,Running,,C,Lampone Zero 560ml,2200,1890,2239,1175,5,False
M01,2026-10-20 02:20:07,2026-10-20 03:10:12,Running,,C,Lampone Zero 560ml,2200,1888,3005,1576,6,False
M01,2026-10-20 03:10:12,2026-10-20 03:17:10,Stopped,Starvation,C,Lampone Zero 560ml,2200,0,418,0,0,False
M01,2026-10-20 03:17:10,2026-10-20 03:55:50,Running,,C,Lampone Zero 560ml,2200,1929,2320,1243,4,False
M01,2026-10-20 03:55:50,2026-10-20 04:52:22,Running,,C,Lampone Zero 560ml,2200,1949,3392,1836,7,False
M01,2026-10-20 04:52:22,2026-10-20 05:38:47,Running,,C,Lampone Zero 560ml,2200,1903,2785,1472,5,False
M01,2026-10-20 05:38:47,2026-10-20 05:43:38,Stopped,Fault,C,Lampone Zero 560ml,2200,0,291,0,0,False
M01,2026-10-20 05:43:38,2026-10-20 06:00:00,Running,,C,Lampone Zero 560ml,2200,1888,982,515,2,False
M01,2026-10-20 06:00:00,2026-10-20 06:15:18,Stopped,Changeover,A,Arancia Rossa 500ml,2400,0,918,0,0,True
M01,2026-10-20 06:15:18,2026-10-20 07:18:01,Stopped,Maintenance,A,Arancia Rossa 500ml,2400,0,3763,0,0,True
M01,2026-10-20 07:18:01,2026-10-20 07:39:59,Running,,A,Arancia Rossa 500ml,2400,2052,1318,751,3,False
M01,2026-10-20 07:39:59,2026-10-20 08:01:49,Running,,A,Arancia Rossa 500ml,2400,2064,1310,751,4,False
M01,2026-10-20 08:01:49,2026-10-20 08:50:33,Running,,A,Arancia Rossa 500ml,2400,2073,2924,1684,8,False
M01,2026-10-20 08:50:33,2026-10-20 09:11:26,Running,,A,Arancia Rossa 500ml,2400,2059,1253,717,3,False
M01,2026-10-20 09:11:26,2026-10-20 09:45:13,Running,,A,Arancia Rossa 500ml,2400,2105,2027,1185,4,False
M01,2026-10-20 09:45:13,2026-10-20 10:00:17,Stopped,Starvation,A,Arancia Rossa 500ml,2400,0,904,0,0,False
M01,2026-10-20 10:00:17,2026-10-20 10:24:56,Running,,A,Arancia Rossa 500ml,2400,2098,1479,862,4,False
M01,2026-10-20 10:24:56,2026-10-20 11:24:27,Running,,A,Arancia Rossa 500ml,2400,2093,3571,2076,7,False
M01,2026-10-20 11:24:27,2026-10-20 11:58:05,Running,,A,Arancia Rossa 500ml,2400,2090,2018,1172,6,False
M01,2026-10-20 11:58:05,2026-10-20 12:45:32,Running,,A,Arancia Rossa 500ml,2400,2125,2847,1681,7,False
M01,2026-10-20 12:45:32,2026-10-20 13:38:31,Running,,A,Arancia Rossa 500ml,2400,2130,3179,1881,8,False
M01,2026-10-20 13:38:31,2026-10-20 13:59:33,Running,,A,Arancia Rossa 500ml,2400,2074,1262,727,3,False
M01,2026-10-20 13:59:33,2026-10-20 14:00:00,Idle,,A,Arancia Rossa 500ml,2400,0,27,0,0,False
M01,2026-10-20 14:00:00,2026-10-20 14:30:31,Stopped,Changeover,B,Lampone Zero 560ml,2200,0,1831,0,0,True
M01,2026-10-20 14:30:31,2026-10-20 14:39:18,Stopped,External,B,Lampone Zero 560ml,2200,0,527,0,0,False
M01,2026-10-20 14:39:18,2026-10-20 15:28:36,Running,,B,Lampone Zero 560ml,2200,1908,2958,1568,7,False
M01,2026-10-20 15:28:36,2026-10-20 16:22:03,Running,,B,Lampone Zero 560ml,2200,1931,3207,1720,7,False
M01,2026-10-20 16:22:03,2026-10-20 16:25:46,Stopped,Buildup,B,Lampone Zero 560ml,2200,0,223,0,0,False
M01,2026-10-20 16:25:46,2026-10-20 17:09:56,Running,,B,Lampone Zero 560ml,2200,1928,2650,1419,5,False
M01,2026-10-20 17:09:56,2026-10-20 17:51:52,Running,,B,Lampone Zero 560ml,2200,1890,2516,1321,5,False
M01,2026-10-20 17:51:52,2026-10-20 18:13:23,Running,,B,Lampone Zero 560ml,2200,1893,1291,679,3,False
M01,2026-10-20 18:13:23,2026-10-20 19:04:22,Running,,B,Lampone Zero 560ml,2200,1901,3059,1615,7,False
M01,2026-10-20 19:04:22,2026-10-20 19:07:34,Stopped,External,B,Lampone Zero 560ml,2200,0,192,0,0,False
M01,2026-10-20 19:07:34,2026-10-20 19:15:02,Stopped,External,B,Lampone Zero 560ml,2200,0,448,0,0,False
M01,2026-10-20 19:15:02,2026-10-20 19:52:03,Running,,B,Lampone Zero 560ml,2200,1912,2221,1180,4,False
M01,2026-10-20 19:52:03,2026-10-20 20:15:53,Running,,B,Lampone Zero 560ml,2200,1893,1430,752,3,False
M01,2026-10-20 20:15:53,2026-10-20 20:23:37,Stopped,Starvation,B,Lampone Zero 560ml,2200,0,464,0,0,False
M01,2026-10-20 20:23:37,2026-10-20 20:37:07,Stopped,Operator,B,Lampone Zero 560ml,2200,0,810,0,0,False
M01,2026-10-20 20:37:07,2026-10-20 20:53:39,Stopped,Buildup,B,Lampone Zero 560ml,2200,0,992,0,0,False
M01,2026-10-20 20:53:39,2026-10-20 21:38:28,Running,,B,Lampone Zero 560ml,2200,1931,2689,1442,6,False
M01,2026-10-20 21:38:28,2026-10-20 21:58:43,Running,,B,Lampone Zero 560ml,2200,1878,1215,634,2,False
M01,2026-10-20 21:58:43,2026-10-20 22:00:00,Idle,,B,Lampone Zero 560ml,2200,0,77,0,0,False
M01,2026-10-20 22:00:00,2026-10-20 22:12:35,Stopped,External,C,Lampone Zero 560ml,2200,0,755,0,0,False
M01,2026-10-20 22:12:35,2026-10-20 23:09:53,Running,,C,Lampone Zero 560ml,2200,1886,3438,1801,8,False
M01,2026-10-20 23:09:53,2026-10-20 23:16:42,Stopped,Fault,C,Lampone Zero 560ml,2200,0,409,0,0,False
M01,2026-10-20 23:16:42,2026-10-20 23:47:40,Running,,C,Lampone Zero 560ml,2200,1929,1858,996,5,False
M01,2026-10-20 23:47:40,2026-10-20 23:56:09,Stopped,Starvation,C,Lampone Zero 560ml,2200,0,509,0,0,False
M01,2026-10-20 23:56:09,2026-10-21 00:00:00,Idle,,C,Lampone Zero 560ml,2200,0,231,0,0,False
M01,2026-10-21 00:00:00,2026-10-21 00:36:54,Running,,C,Lampone Zero 560ml,2200,1903,2214,1170,4,False
M01,2026-10-21 00:36:54,2026-10-21 00:49:10,Stopped,Supplies,C,Lampone Zero 560ml,2200,0,736,0,0,False
M01,2026-10-21 00:49:10,2026-10-21 00:57:47,Stopped,Starvation,C,Lampone Zero 560ml,2200,0,517,0,0,False
M01,2026-10-21 00:57:47,2026-10-21 01:38:09,Running,,C,Lampone Zero 560ml,2200,1905,2422,1282,5,False
M01,2026-10-21 01:38:09,2026-10-21 01:44:56,Idle,,C,Lampone Zero 560ml,2200,0,407,0,0,False
M01,2026-10-21 01:44:56,2026-10-21 02:32:56,Running,,C,Lampone Zero 560ml,2200,1892,2880,1514,6,False
M01,2026-10-21 02:32:56,2026-10-21 03:07:58,Running,,C,Lampone Zero 560ml,2200,1923,2102,1123,4,False
M01,2026-10-21 03:07:58,2026-10-21 03:52:35,Running,,C,Lampone Zero 560ml,2200,1948,2677,1449,5,False
M01,2026-10-21 03:52:35,2026-10-21 04:13:55,Running,,C,Lampone Zero 560ml,2200,1894,1280,673,3,False
M01,2026-10-21 04:13:55,2026-10-21 04:24:00,Stopped,Starvation,C,Lampone Zero 560ml,2200,0,605,0,0,False
M01,2026-10-21 04:24:00,2026-10-21 04:40:57,Stopped,Starvation,C,Lampone Zero 560ml,2200,0,1017,0,0,False
M01,2026-10-21 04:40:57,2026-10-21 05:13:30,Running,,C,Lampone Zero 560ml,2200,1877,1953,1018,5,False
M01,2026-10-21 05:13:30,2026-10-21 05:41:37,Running,,C,Lampone Zero 560ml,2200,1931,1687,905,4,False
M01,2026-10-21 05:41:37,2026-10-21 06:00:00,Running,,C,Lampone Zero 560ml,2200,1887,1103,578,2,False
M01,2026-10-21 06:00:00,2026-10-21 06:51:15,Running,,A,Lampone Zero 560ml,2200,1893,3075,1617,6,False
M01,2026-10-21 06:51:15,2026-10-21 07:48:48,Running,,A,Lampone Zero 560ml,2200,1908,3453,1830,8,False
M01,2026-10-21 07:48:48,2026-10-21 08:34:47,Running,,A,Lampone Zero 560ml,2200,1936,2759,1484,6,False
M01,2026-10-21 08:34:47,2026-10-21 09:23:53,Running,,A,Lampone Zero 560ml,2200,1895,2946,1551,6,False
M01,2026-10-21 09:23:53,2026-10-21 09:47:13,Running,,A,Lampone Zero 560ml,2200,1940,1400,754,3,False
M01,2026-10-21 09:47:13,2026-10-21 10:15:23,Running,,A,Lampone Zero 560ml,2200,1921,1690,902,3,False
M01,2026-10-21 10:15:23,2026-10-21 11:05:39,Running,,A,Lampone Zero 560ml,2200,1887,3016,1581,7,False
M01,2026-10-21 11:05:39,2026-10-21 11:08:26,Stopped,External,A,Lampone Zero 560ml,2200,0,167,0,0,False
M01,2026-10-21 11:08:26,2026-10-21 11:25:09,Stopped,Starvation,A,Lampone Zero 560ml,2200,0,1003,0,0,False
M01,2026-10-21 11:25:09,2026-10-21 11:56:56,Running,,A,Lampone Zero 560ml,2200,1934,1907,1024,4,False
M01,2026-10-21 11:56:56,2026-10-21 11:59:03,Stopped,Supplies,A,Lampone Zero 560ml,2200,0,127,0,0,False
M01,2026-10-21 11:59:03,2026-10-21 12:05:26,Stopped,External,A,Lampone Zero 560ml,2200,0,383,0,0,False
M01,2026-10-21 12:05:26,2026-10-21 12:20:12,Stopped,Starvation,A,Lampone Zero 560ml,2200,0,886,0,0,False
M01,2026-10-21 12:20:12,2026-10-21 13:18:12,Running,,A,Lampone Zero 560ml,2200,1883,3480,1820,7,False
M01,2026-10-21 13:18:12,2026-10-21 13:26:46,Stopped,Buildup,A,Lampone Zero 560ml,2200,0,514,0,0,False
M01,2026-10-21 13:26:46,2026-10-21 13:35:58,Idle,,A,Lampone Zero 560ml,2200,0,552,0,0,False
M01,2026-10-21 13:35:58,2026-10-21 13:49:38,Stopped,External,A,Lampone Zero 560ml,2200,0,820,0,0,False
M01,2026-10-21 13:49:38,2026-10-21 14:00:00,Running,,A,Lampone Zero 560ml,2200,1882,622,325,1,False
M01,2026-10-21 14:00:00,2026-10-21 14:32:17,Stopped,Changeover,B,Arancia Rossa 500ml,2400,0,1937,0,0,True
M01,2026-10-21 14:32:17,2026-10-21 14:45:53,Stopped,Starvation,B,Arancia Rossa 500ml,2400,0,816,0,0,False
M01,2026-10-21 14:45:53,2026-10-21 15:38:53,Running,,B,Arancia Rossa 500ml,2400,2084,3180,1841,9,False
M01,2026-10-21 15:38:53,2026-10-21 16:28:34,Running,,B,Arancia Rossa 500ml,2400,2101,2981,1740,6,False
M01,2026-10-21 16:28:34,2026-10-21 16:49:03,Running,,B,Arancia Rossa 500ml,2400,2103,1229,718,3,False
M01,2026-10-21 16:49:03,2026-10-21 17:07:55,Idle,,B,Arancia Rossa 500ml,2400,0,1132,0,0,False
M01,2026-10-21 17:07:55,2026-10-21 18:03:30,Running,,B,Arancia Rossa 500ml,2400,2098,3335,1944,8,False
M01,2026-10-21 18:03:30,2026-10-21 18:47:17,Running,,B,Arancia Rossa 500ml,2400,2067,2627,1508,6,False
M01,2026-10-21 18:47:17,2026-10-21 19:18:33,Running,,B,Arancia Rossa 500ml,2400,2098,1876,1093,5,False
M01,2026-10-21 19:18:33,2026-10-21 19:43:40,Running,,B,Arancia Rossa 500ml,2400,2103,1507,880,4,False
M01,2026-10-21 19:43:40,2026-10-21 20:19:29,Running,,B,Arancia Rossa 500ml,2400,2084,2149,1244,6,False
M01,2026-10-21 20:19:29,2026-10-21 20:28:49,Stopped,Starvation,B,Arancia Rossa 500ml,2400,0,560,0,0,False
M01,2026-10-21 20:28:49,2026-10-21 21:09:07,Running,,B,Arancia Rossa 500ml,2400,2105,2418,1414,5,False
M01,2026-10-21 21:09:07,2026-10-21 21:25:01,Idle,,B,Arancia Rossa 500ml,2400,0,954,0,0,False
M01,2026-10-21 21:25:01,2026-10-21 21:45:06,Running,,B,Arancia Rossa 500ml,2400,2053,1205,687,3,False
M01,2026-10-21 21:45:06,2026-10-21 22:00:00,Running,,B,Arancia Rossa 500ml,2400,2121,894,527,3,False
M01,2026-10-21 22:00:00,2026-10-21 22:33:54,Running,,C,Arancia Rossa 500ml,2400,2098,2034,1185,6,False
M01,2026-10-21 22:33:54,2026-10-21 23:07:19,Running,,C,Arancia Rossa 500ml,2400,2087,2005,1162,6,False
M01,2026-10-21 23:07:19,2026-10-21 23:38:57,Running,,C,Arancia Rossa 500ml,2400,2129,1898,1122,5,False
M01,2026-10-21 23:38:57,2026-10-21 23:46:21,Stopped,Starvation,C,Arancia Rossa 500ml,2400,0,444,0,0,False
M01,2026-10-21 23:46:21,2026-10-22 00:00:00,Running,,C,Arancia Rossa 500ml,2400,2082,819,474,2,False
M01,2026-10-22 00:00:00,2026-10-22 00:57:59,Running,,C,Arancia Rossa 500ml,2400,2097,3479,2027,9,False
M01,2026-10-22 00:57:59,2026-10-22 01:48:00,Running,,C,Arancia Rossa 500ml,2400,2073,3001,1728,8,False
M01,2026-10-22 01:48:00,2026-10-22 02:44:57,Running,,C,Arancia Rossa 500ml,2400,2117,3417,2009,8,False
M01,2026-10-22 02:44:57,2026-10-22 03:14:12,Running,,C,Arancia Rossa 500ml,2400,2108,1755,1028,5,False
M01,2026-10-22 03:14:12,2026-10-22 03:55:30,Running,,C,Arancia Rossa 500ml,2400,2063,2478,1420,7,False
M01,2026-10-22 03:55:30,2026-10-22 04:38:37,Running,,C,Arancia Rossa 500ml,2400,2051,2587,1474,5,False
M01,2026-10-22 04:38:37,2026-10-22 05:32:49,Running,,C,Arancia Rossa 500ml,2400,2060,3252,1861,7,False
M01,2026-10-22 05:32:49,2026-10-22 05:58:19,Running,,C,Arancia Rossa 500ml,2400,2052,1530,872,4,False
M01,2026-10-22 05:58:19,2026-10-22 06:00:00,Idle,,C,Arancia Rossa 500ml,2400,0,101,0,0,False
M01,2026-10-22 06:00:00,2026-10-22 06:20:42,Running,,A,Arancia Rossa 500ml,2400,2106,1242,727,2,False
M01,2026-10-22 06:20:42,2026-10-22 07:04:40,Running,,A,Arancia Rossa 500ml,2400,2072,2638,1518,7,False
M01,2026-10-22 07:04:40,2026-10-22 07:13:46,Stopped,External,A,Arancia Rossa 500ml,2400,0,546,0,0,False
M01,2026-10-22 07:13:46,2026-10-22 07:40:21,Running,,A,Arancia Rossa 500ml,2400,2098,1595,930,5,False
M01,2026-10-22 07:40:21,2026-10-22 08:25:49,Running,,A,Arancia Rossa 500ml,2400,2057,2728,1559,7,False
M01,2026-10-22 08:25:49,2026-10-22 08:33:43,Stopped,Buildup,A,Arancia Rossa 500ml,2400,0,474,0,0,False
M01,2026-10-22 08:33:43,2026-10-22 09:03:23,Running,,A,Arancia Rossa 500ml,2400,2127,1780,1052,5,False
M01,2026-10-22 09:03:23,2026-10-22 09:37:44,Running,,A,Arancia Rossa 500ml,2400,2052,2061,1175,5,False
M01,2026-10-22 09:37:44,2026-10-22 09:53:57,Stopped,Starvation,A,Arancia Rossa 500ml,2400,0,973,0,0,False
M01,2026-10-22 09:53:57,2026-10-22 10:08:30,Stopped,External,A,Arancia Rossa 500ml,2400,0,873,0,0,False
M01,2026-10-22 10:08:30,2026-10-22 10:13:09,Stopped,External,A,Arancia Rossa 500ml,2400,0,279,0,0,False
M01,2026-10-22 10:13:09,2026-10-22 10:24:51,Stopped,Starvation,A,Arancia Rossa 500ml,2400,0,702,0,0,False
M01,2026-10-22 10:24:51,2026-10-22 10:31:53,Idle,,A,Arancia Rossa 500ml,2400,0,422,0,0,False
M01,2026-10-22 10:31:53,2026-10-22 11:02:58,Running,,A,Arancia Rossa 500ml,2400,2081,1865,1078,4,False
M01,2026-10-22 11:02:58,2026-10-22 11:14:03,Stopped,Starvation,A,Arancia Rossa 500ml,2400,0,665,0,0,False
M01,2026-10-22 11:14:03,2026-10-22 11:58:25,Running,,A,Arancia Rossa 500ml,2400,2104,2662,1556,6,False
M01,2026-10-22 11:58:25,2026-10-22 12:12:20,Stopped,External,A,Arancia Rossa 500ml,2400,0,835,0,0,False
M01,2026-10-22 12:12:20,2026-10-22 12:14:41,Stopped,Fault,A,Arancia Rossa 500ml,2400,0,141,0,0,False
M01,2026-10-22 12:14:41,2026-10-22 12:18:59,Stopped,Starvation,A,Arancia Rossa 500ml,2400,0,258,0,0,False
M01,2026-10-22 12:18:59,2026-10-22 12:47:27,Running,,A,Arancia Rossa 500ml,2400,2116,1708,1004,4,False
M01,2026-10-22 12:47:27,2026-10-22 13:16:38,Running,,A,Arancia Rossa 500ml,2400,2091,1751,1017,4,False
M01,2026-10-22 13:16:38,2026-10-22 13:59:45,Running,,A,Arancia Rossa 500ml,2400,2096,2587,1506,7,False
M01,2026-10-22 13:59:45,2026-10-22 14:00:00,Idle,,A,Arancia Rossa 500ml,2400,0,15,0,0,False
M01,2026-10-22 14:00:00,2026-10-22 14:17:33,Stopped,Changeover,B,Lampone Zero 560ml,2200,0,1053,0,0,True
M01,2026-10-22 14:17:33,2026-10-22 14:49:34,Running,,B,Lampone Zero 560ml,2200,1889,1921,1008,4,False
M01,2026-10-22 14:49:34,2026-10-22 15:33:48,Running,,B,Lampone Zero 560ml,2200,1931,2654,1424,6,False
M01,2026-10-22 15:33:48,2026-10-22 16:10:32,Running,,B,Lampone Zero 560ml,2200,1878,2204,1150,4,False
M01,2026-10-22 16:10:32,2026-10-22 16:41:07,Running,,B,Lampone Zero 560ml,2200,1915,1835,976,4,False
M01,2026-10-22 16:41:07,2026-10-22 17:33:24,Running,,B,Lampone Zero 560ml,2200,1927,3137,1679,6,False
M01,2026-10-22 17:33:24,2026-10-22 17:43:03,Stopped,External,B,Lampone Zero 560ml,2200,0,579,0,0,False
M01,2026-10-22 17:43:03,2026-10-22 18:39:49,Running,,B,Lampone Zero 560ml,2200,1938,3406,1834,6,False
M01,2026-10-22 18:39:49,2026-10-22 19:13:15,Running,,B,Lampone Zero 560ml,2200,1926,2006,1073,4,False
M01,2026-10-22 19:13:15,2026-10-22 20:12:57,Running,,B,Lampone Zero 560ml,2200,1923,3582,1913,9,False
M01,2026-10-22 20:12:57,2026-10-22 20:32:57,Idle,,B,Lampone Zero 560ml,2200,0,1200,0,0,False
M01,2026-10-22 20:32:57,2026-10-22 20:55:38,Running,,B,Lampone Zero 560ml,2200,1940,1361,733,4,False
M01,2026-10-22 20:55:38,2026-10-22 21:18:41,Running,,B,Lampone Zero 560ml,2200,1928,1383,741,3,False
M01,2026-10-22 21:18:41,2026-10-22 21:41:19,Running,,B,Lampone Zero 560ml,2200,1926,1358,727,3,False
M01,2026-10-22 21:41:19,2026-10-22 22:00:00,Running,,B,Lampone Zero 560ml,2200,1923,1121,599,3,False
M01,2026-10-22 22:00:00,2026-10-22 22:40:59,Running,,C,Lampone Zero 560ml,2200,1890,2459,1291,5,False
M01,2026-10-22 22:40:59,2026-10-22 23:32:46,Running,,C,Lampone Zero 560ml,2200,1882,3107,1624,6,False
M01,2026-10-22 23:32:46,2026-10-22 23:55:35,Running,,C,Lampone Zero 560ml,2200,1931,1369,734,3,False
M01,2026-10-22 23:55:35,2026-10-23 00:00:00,Idle,,C,Lampone Zero 560ml,2200,0,265,0,0,False
M01,2026-10-23 00:00:00,2026-10-23 00:39:58,Running,,C,Lampone Zero 560ml,2200,1860,2398,1239,6,False
M01,2026-10-23 00:39:58,2026-10-23 00:48:50,Stopped,Starvation,C,Lampone Zero 560ml,2200,0,532,0,0,False
M01,2026-10-23 00:48:50,2026-10-23 01:20:19,Running,,C,Lampone Zero 560ml,2200,1823,1889,957,4,False
M01,2026-10-23 01:20:19,2026-10-23 01:55:12,Running,,C,Lampone Zero 560ml,2200,1832,2093,1065,4,False
M01,2026-10-23 01:55:12,2026-10-23 02:48:14,Running,,C,Lampone Zero 560ml,2200,1883,3182,1664,7,False
M01,2026-10-23 02:48:14,2026-10-23 03:04:07,Idle,,C,Lampone Zero 560ml,2200,0,953,0,0,False
M01,2026-10-23 03:04:07,2026-10-23 04:00:52,Running,,C,Lampone Zero 560ml,2200,1859,3405,1758,7,False
M01,2026-10-23 04:00:52,2026-10-23 04:48:56,Running,,C,Lampone Zero 560ml,2200,1824,2884,1461,5,False
M01,2026-10-23 04:48:56,2026-10-23 04:52:23,Stopped,Fault,C,Lampone Zero 560ml,2200,0,207,0,0,False
M01,2026-10-23 04:52:23,2026-10-23 05:04:41,Idle,,C,Lampone Zero 560ml,2200,0,738,0,0,False
M01,2026-10-23 05:04:41,2026-10-23 05:52:12,Running,,C,Lampone Zero 560ml,2200,1868,2851,1479,6,False
M01,2026-10-23 05:52:12,2026-10-23 06:00:00,Running,,C,Lampone Zero 560ml,2200,1873,468,243,1,False
M01,2026-10-23 06:00:00,2026-10-23 06:54:30,Running,,A,Lampone Zero 560ml,2200,1849,3270,1680,7,False
M01,2026-10-23 06:54:30,2026-10-23 07:38:25,Running,,A,Lampone Zero 560ml,2200,1866,2635,1366,6,False
M01,2026-10-23 07:38:25,2026-10-23 08:03:58,Running,,A,Lampone Zero 560ml,2200,1851,1533,788,3,False
M01,2026-10-23 08:03:58,2026-10-23 08:19:08,Stopped,Supplies,A,Lampone Zero 560ml,2200,0,910,0,0,False
M01,2026-10-23 08:19:08,2026-10-23 09:04:00,Running,,A,Lampone Zero 560ml,2200,1887,2692,1411,5,False
M01,2026-10-23 09:04:00,2026-10-23 09:12:32,Stopped,External,A,Lampone Zero 560ml,2200,0,512,0,0,False
M01,2026-10-23 09:12:32,2026-10-23 09:23:46,Stopped,External,A,Lampone Zero 560ml,2200,0,674,0,0,False
M01,2026-10-23 09:23:46,2026-10-23 10:13:28,Running,,A,Lampone Zero 560ml,2200,1845,2982,1528,8,False
M01,2026-10-23 10:13:28,2026-10-23 10:45:55,Running,,A,Lampone Zero 560ml,2200,1833,1947,991,4,False
M01,2026-10-23 10:45:55,2026-10-23 11:41:22,Running,,A,Lampone Zero 560ml,2200,1855,3327,1714,7,False
M01,2026-10-23 11:41:22,2026-10-23 12:40:33,Running,,A,Lampone Zero 560ml,2200,1833,3551,1808,7,False
M01,2026-10-23 12:40:33,2026-10-23 13:07:18,Running,,A,Lampone Zero 560ml,2200,1887,1605,841,3,False
M01,2026-10-23 13:07:18,2026-10-23 13:34:26,Running,,A,Lampone Zero 560ml,2200,1831,1628,828,4,False
M01,2026-10-23 13:34:26,2026-10-23 13:38:37,Stopped,Starvation,A,Lampone Zero 560ml,2200,0,251,0,0,False
M01,2026-10-23 13:38:37,2026-10-23 13:50:20,Stopped,External,A,Lampone Zero 560ml,2200,0,703,0,0,False
M01,2026-10-23 13:50:20,2026-10-23 13:54:35,Stopped,Starvation,A,Lampone Zero 560ml,2200,0,255,0,0,False
M01,2026-10-23 13:54:35,2026-10-23 14:00:00,Running,,A,Lampone Zero 560ml,2200,1888,325,170,1,False
M01,2026-10-23 14:00:00,2026-10-23 14:22:03,Stopped,Changeover,B,Arancia Rossa 500ml,2400,0,1323,0,0,True
M01,2026-10-23 14:22:03,2026-10-23 15:18:57,Running,,B,Arancia Rossa 500ml,2400,2050,3414,1944,8,False
M01,2026-10-23 15:18:57,2026-10-23 16:08:32,Running,,B,Arancia Rossa 500ml,2400,2041,2975,1687,7,False
M01,2026-10-23 16:08:32,2026-10-23 17:05:58,Running,,B,Arancia Rossa 500ml,2400,2004,3446,1918,9,False
M01,2026-10-23 17:05:58,2026-10-23 17:43:04,Running,,B,Arancia Rossa 500ml,2400,2029,2226,1255,6,False
M01,2026-10-23 17:43:04,2026-10-23 17:49:24,Stopped,Starvation,B,Arancia Rossa 500ml,2400,0,380,0,0,False
M01,2026-10-23 17:49:24,2026-10-23 18:00:07,Idle,,B,Arancia Rossa 500ml,2400,0,643,0,0,False
M01,2026-10-23 18:00:07,2026-10-23 18:48:24,Running,,B,Arancia Rossa 500ml,2400,2024,2897,1629,7,False
M01,2026-10-23 18:48:24,2026-10-23 19:10:55,Running,,B,Arancia Rossa 500ml,2400,2026,1351,760,4,False
M01,2026-10-23 19:10:55,2026-10-23 19:31:40,Running,,B,Arancia Rossa 500ml,2400,2008,1245,694,3,False
M01,2026-10-23 19:31:40,2026-10-23 19:47:02,Stopped,External,B,Arancia Rossa 500ml,2400,0,922,0,0,False
M01,2026-10-23 19:47:02,2026-10-23 20:25:01,Running,,B,Arancia Rossa 500ml,2400,1984,2279,1256,5,False
M01,2026-10-23 20:25:01,2026-10-23 21:13:08,Running,,B,Arancia Rossa 500ml,2400,2026,2887,1625,7,False
M01,2026-10-23 21:13:08,2026-10-23 21:51:31,Running,,B,Arancia Rossa 500ml,2400,2047,2303,1310,6,False
M01,2026-10-23 21:51:31,2026-10-23 21:55:05,Stopped,Starvation,B,Arancia Rossa 500ml,2400,0,214,0,0,False
M01,2026-10-23 21:55:05,2026-10-23 22:00:00,Idle,,B,Arancia Rossa 500ml,2400,0,295,0,0,False
M01,2026-10-23 22:00:00,2026-10-23 22:19:56,Stopped,Changeover,C,Lampone Zero 560ml,2200,0,1196,0,0,True
M01,2026-10-23 22:19:56,2026-10-23 22:36:27,Stopped,Starvation,C,Lampone Zero 560ml,2200,0,991,0,0,False
M01,2026-10-23 22:36:27,2026-10-23 23:24:58,Running,,C,Lampone Zero 560ml,2200,1868,2911,1510,7,False
M01,2026-10-23 23:24:58,2026-10-23 23:36:09,Stopped,Starvation,C,Lampone Zero 560ml,2200,0,671,0,0,False
M01,2026-10-23 23:36:09,2026-10-23 23:56:28,Running,,C,Lampone Zero 560ml,2200,1835,1219,621,3,False
M01,2026-10-23 23:56:28,2026-10-24 00:00:00,Idle,,C,Lampone Zero 560ml,2200,0,212,0,0,False
M01,2026-10-24 00:00:00,2026-10-24 00:18:10,Idle,,C,Lampone Zero 560ml,2200,0,1090,0,0,False
M01,2026-10-24 00:18:10,2026-10-24 00:44:24,Running,,C,Lampone Zero 560ml,2200,1746,1574,763,3,False
M01,2026-10-24 00:44:24,2026-10-24 01:42:16,Running,,C,Lampone Zero 560ml,2200,1726,3472,1665,6,False
M01,2026-10-24 01:42:16,2026-10-24 02:01:10,Idle,,C,Lampone Zero 560ml,2200,0,1134,0,0,False
M01,2026-10-24 02:01:10,2026-10-24 02:31:58,Running,,C,Lampone Zero 560ml,2200,1721,1848,883,4,False
M01,2026-10-24 02:31:58,2026-10-24 03:03:45,Running,,C,Lampone Zero 560ml,2200,1693,1907,897,4,False
M01,2026-10-24 03:03:45,2026-10-24 03:18:45,Stopped,Fault,C,Lampone Zero 560ml,2200,0,900,0,0,False
M01,2026-10-24 03:18:45,2026-10-24 03:56:47,Running,,C,Lampone Zero 560ml,2200,1696,2282,1075,4,False
M01,2026-10-24 03:56:47,2026-10-24 03:58:54,Stopped,Buildup,C,Lampone Zero 560ml,2200,0,127,0,0,False
M01,2026-10-24 03:58:54,2026-10-24 04:37:16,Running,,C,Lampone Zero 560ml,2200,1704,2302,1090,5,False
M01,2026-10-24 04:37:16,2026-10-24 04:49:35,Stopped,Supplies,C,Lampone Zero 560ml,2200,0,739,0,0,False
M01,2026-10-24 04:49:35,2026-10-24 05:12:21,Running,,C,Lampone Zero 560ml,2200,1685,1366,639,3,False
M01,2026-10-24 05:12:21,2026-10-24 05:44:15,Running,,C,Lampone Zero 560ml,2200,1715,1914,912,4,False
M01,2026-10-24 05:44:15,2026-10-24 05:48:08,Stopped,Starvation,C,Lampone Zero 560ml,2200,0,233,0,0,False
M01,2026-10-24 05:48:08,2026-10-24 06:00:00,Running,,C,Lampone Zero 560ml,2200,1706,712,337,1,False
M01,2026-10-24 06:00:00,2026-10-24 06:21:11,Stopped,Changeover,A,Arancia Rossa 500ml,2400,0,1271,0,0,True
M01,2026-10-24 06:21:11,2026-10-24 06:52:19,Running,,A,Arancia Rossa 500ml,2400,1911,1868,992,4,False
M01,2026-10-24 06:52:19,2026-10-24 07:16:47,Running,,A,Arancia Rossa 500ml,2400,1839,1468,750,3,False
M01,2026-10-24 07:16:47,2026-10-24 07:47:51,Running,,A,Arancia Rossa 500ml,2400,1856,1864,961,4,False
M01,2026-10-24 07:47:51,2026-10-24 08:20:12,Running,,A,Arancia Rossa 500ml,2400,1839,1941,992,5,False
M01,2026-10-24 08:20:12,2026-10-24 08:57:08,Running,,A,Arancia Rossa 500ml,2400,1878,2216,1156,6,False
M01,2026-10-24 08:57:08,2026-10-24 09:50:11,Running,,A,Arancia Rossa 500ml,2400,1881,3183,1663,7,False
M01,2026-10-24 09:50:11,2026-10-24 10:24:25,Running,,A,Arancia Rossa 500ml,2400,1839,2054,1049,4,False
M01,2026-10-24 10:24:25,2026-10-24 11:14:57,Running,,A,Arancia Rossa 500ml,2400,1876,3032,1580,7,False
M01,2026-10-24 11:14:57,2026-10-24 11:24:23,Stopped,External,A,Arancia Rossa 500ml,2400,0,566,0,0,False
M01,2026-10-24 11:24:23,2026-10-24 11:34:08,Stopped,Fault,A,Arancia Rossa 500ml,2400,0,585,0,0,False
M01,2026-10-24 11:34:08,2026-10-24 12:22:15,Running,,A,Arancia Rossa 500ml,2400,1844,2887,1479,7,False
M01,2026-10-24 12:22:15,2026-10-24 12:43:53,Running,,A,Arancia Rossa 500ml,2400,1874,1298,676,2,False
M01,2026-10-24 12:43:53,2026-10-24 13:07:09,Running,,A,Arancia Rossa 500ml,2400,1893,1396,734,4,False
M01,2026-10-24 13:07:09,2026-10-24 13:50:28,Running,,A,Arancia Rossa 500ml,2400,1844,2599,1331,6,False
M01,2026-10-24 13:50:28,2026-10-24 14:00:00,Running,,A,Arancia Rossa 500ml,2400,1884,572,299,1,False
M01,2026-10-24 14:00:00,2026-10-24 14:37:26,Stopped,Changeover,B,Lampone Zero 560ml,2200,0,2246,0,0,True
M01,2026-10-24 14:37:26,2026-10-24 14:54:09,Stopped,Buildup,B,Lampone Zero 560ml,2200,0,1003,0,0,False
M01,2026-10-24 14:54:09,2026-10-24 15:36:17,Running,,B,Lampone Zero 560ml,2200,1704,2528,1197,4,False
M01,2026-10-24 15:36:17,2026-10-24 16:33:31,Running,,B,Lampone Zero 560ml,2200,1735,3434,1655,7,False
M01,2026-10-24 16:33:31,2026-10-24 16:46:47,Stopped,Buildup,B,Lampone Zero 560ml,2200,0,796,0,0,False
M01,2026-10-24 16:46:47,2026-10-24 17:18:27,Running,,B,Lampone Zero 560ml,2200,1692,1900,893,3,False
M01,2026-10-24 17:18:27,2026-10-24 17:27:05,Idle,,B,Lampone Zero 560ml,2200,0,518,0,0,False
M01,2026-10-24 17:27:05,2026-10-24 17:38:43,Stopped,Fault,B,Lampone Zero 560ml,2200,0,698,0,0,False
M01,2026-10-24 17:38:43,2026-10-24 18:10:18,Running,,B,Lampone Zero 560ml,2200,1725,1895,908,4,False
M01,2026-10-24 18:10:18,2026-10-24 19:06:08,Running,,B,Lampone Zero 560ml,2200,1719,3350,1600,8,False
M01,2026-10-24 19:06:08,2026-10-24 19:16:06,Stopped,Operator,B,Lampone Zero 560ml,2200,0,598,0,0,False
M01,2026-10-24 19:16:06,2026-10-24 19:56:52,Running,,B,Lampone Zero 560ml,2200,1700,2446,1155,5,False
M01,2026-10-24 19:56:52,2026-10-24 20:10:00,Stopped,External,B,Lampone Zero 560ml,2200,0,788,0,0,False
M01,2026-10-24 20:10:00,2026-10-24 20:42:48,Running,,B,Lampone Zero 560ml,2200,1685,1968,921,3,False
M01,2026-10-24 20:42:48,2026-10-24 21:15:04,Running,,B,Lampone Zero 560ml,2200,1722,1936,926,4,False
M01,2026-10-24 21:15:04,2026-10-24 21:56:15,Running,,B,Lampone Zero 560ml,2200,1705,2471,1170,4,False
M01,2026-10-24 21:56:15,2026-10-24 22:00:00,Idle,,B,Lampone Zero 560ml,2200,0,225,0,0,False
M01,2026-10-24 22:00:00,2026-10-24 22:06:05,Stopped,External,C,Lampone Zero 560ml,2200,0,365,0,0,False
M01,2026-10-24 22:06:05,2026-10-24 22:54:33,Running,,C,Lampone Zero 560ml,2200,1703,2908,1376,6,False
M01,2026-10-24 22:54:33,2026-10-24 23:46:14,Running,,C,Lampone Zero 560ml,2200,1711,3101,1474,7,False
M01,2026-10-24 23:46:14,2026-10-24 23:49:50,Stopped,Starvation,C,Lampone Zero 560ml,2200,0,216,0,0,False
M01,2026-10-24 23:49:50,2026-10-25 00:00:00,Running,,C,Lampone Zero 560ml,2200,1685,610,286,1,False
M01,2026-10-25 00:00:00,2026-10-25 00:55:13,Running,,C,Lampone Zero 560ml,2200,1576,3313,1450,6,False
M01,2026-10-25 00:55:13,2026-10-25 01:41:13,Running,,C,Lampone Zero 560ml,2200,1612,2760,1236,5,False
M01,2026-10-25 01:41:13,2026-10-25 02:24:57,Running,,C,Lampone Zero 560ml,2200,1618,2624,1179,6,False
M01,2026-10-25 02:24:57,2026-10-25 02:34:39,Stopped,Buildup,C,Lampone Zero 560ml,2200,0,582,0,0,False
M01,2026-10-25 02:34:39,2026-10-25 03:18:10,Running,,C,Lampone Zero 560ml,2200,1613,2611,1170,6,False
M01,2026-10-25 03:18:10,2026-10-25 03:42:20,Running,,C,Lampone Zero 560ml,2200,1613,1450,650,3,False
M01,2026-10-25 03:42:20,2026-10-25 03:49:58,Stopped,Fault,C,Lampone Zero 560ml,2200,0,458,0,0,False
M01,2026-10-25 03:49:58,2026-10-25 04:27:56,Running,,C,Lampone Zero 560ml,2200,1576,2278,997,4,False
M01,2026-10-25 04:27:56,2026-10-25 04:30:44,Stopped,External,C,Lampone Zero 560ml,2200,0,168,0,0,False
M01,2026-10-25 04:30:44,2026-10-25 04:47:36,Stopped,Fault,C,Lampone Zero 560ml,2200,0,1012,0,0,False
M01,2026-10-25 04:47:36,2026-10-25 04:57:54,Stopped,External,C,Lampone Zero 560ml,2200,0,618,0,0,False
M01,2026-10-25 04:57:54,2026-10-25 05:41:46,Running,,C,Lampone Zero 560ml,2200,1609,2632,1176,4,False
M01,2026-10-25 05:41:46,2026-10-25 05:57:33,Stopped,Starvation,C,Lampone Zero 560ml,2200,0,947,0,0,False
M01,2026-10-25 05:57:33,2026-10-25 06:00:00,Idle,,C,Lampone Zero 560ml,2200,0,147,0,0,False
M01,2026-10-25 06:00:00,2026-10-25 06:30:10,Running,,A,Lampone Zero 560ml,2200,1633,1810,821,4,False
M01,2026-10-25 06:30:10,2026-10-25 07:17:20,Running,,A,Lampone Zero 560ml,2200,1580,2830,1242,5,False
M01,2026-10-25 07:17:20,2026-10-25 07:31:03,Stopped,Starvation,A,Lampone Zero 560ml,2200,0,823,0,0,False
M01,2026-10-25 07:31:03,2026-10-25 08:10:03,Running,,A,Lampone Zero 560ml,2200,1619,2340,1052,5,False
M01,2026-10-25 08:10:03,2026-10-25 09:00:36,Running,,A,Lampone Zero 560ml,2200,1630,3033,1373,5,False
M01,2026-10-25 09:00:36,2026-10-25 09:39:16,Running,,A,Lampone Zero 560ml,2200,1613,2320,1039,4,False
M01,2026-10-25 09:39:16,2026-10-25 10:36:32,Running,,A,Lampone Zero 560ml,2200,1605,3436,1532,6,False
M01,2026-10-25 10:36:32,2026-10-25 10:44:20,Idle,,A,Lampone Zero 560ml,2200,0,468,0,0,False
M01,2026-10-25 10:44:20,2026-10-25 11:22:36,Running,,A,Lampone Zero 560ml,2200,1590,2296,1014,4,False
M01,2026-10-25 11:22:36,2026-10-25 12:15:40,Running,,A,Lampone Zero 560ml,2200,1572,3184,1390,5,False
M01,2026-10-25 12:15:40,2026-10-25 12:36:53,Running,,A,Lampone Zero 560ml,2200,1587,1273,561,2,False
M01,2026-10-25 12:36:53,2026-10-25 13:27:10,Running,,A,Lampone Zero 560ml,2200,1616,3017,1354,5,False
M01,2026-10-25 13:27:10,2026-10-25 13:59:35,Running,,A,Lampone Zero 560ml,2200,1589,1945,859,3,False
M01,2026-10-25 13:59:35,2026-10-25 14:00:00,Idle,,A,Lampone Zero 560ml,2200,0,25,0,0,False
M01,2026-10-25 14:00:00,2026-10-25 14:15:23,Stopped,Changeover,B,Arancia Rossa 500ml,2400,0,923,0,0,True
M01,2026-10-25 14:15:23,2026-10-25 14:43:35,Running,,B,Arancia Rossa 500ml,2400,1765,1692,830,3,False
M01,2026-10-25 14:43:35,2026-10-25 14:48:49,Stopped,Starvation,B,Arancia Rossa 500ml,2400,0,314,0,0,False
M01,2026-10-25 14:48:49,2026-10-25 15:19:36,Running,,B,Arancia Rossa 500ml,2400,1759,1847,902,4,False
M01,2026-10-25 15:19:36,2026-10-25 15:54:06,Running,,B,Arancia Rossa 500ml,2400,1729,2070,994,4,False
M01,2026-10-25 15:54:06,2026-10-25 16:24:33,Running,,B,Arancia Rossa 500ml,2400,1728,1827,877,4,False
M01,2026-10-25 16:24:33,2026-10-25 17:22:17,Running,,B,Arancia Rossa 500ml,2400,1780,3464,1713,6,False
M01,2026-10-25 17:22:17,2026-10-25 17:55:39,Running,,B,Arancia Rossa 500ml,2400,1763,2002,980,5,False
M01,2026-10-25 17:55:39,2026-10-25 18:07:27,Stopped,Operator,B,Arancia Rossa 500ml,2400,0,708,0,0,False
M01,2026-10-25 18:07:27,2026-10-25 18:28:10,Running,,B,Arancia Rossa 500ml,2400,1766,1243,610,2,False
M01,2026-10-25 18:28:10,2026-10-25 18:43:11,Stopped,Starvation,B,Arancia Rossa 500ml,2400,0,901,0,0,False
M01,2026-10-25 18:43:11,2026-10-25 18:46:08,Stopped,External,B,Arancia Rossa 500ml,2400,0,177,0,0,False
M01,2026-10-25 18:46:08,2026-10-25 19:29:38,Running,,B,Arancia Rossa 500ml,2400,1722,2610,1248,5,False
M01,2026-10-25 19:29:38,2026-10-25 20:11:58,Running,,B,Arancia Rossa 500ml,2400,1762,2540,1243,4,False
M01,2026-10-25 20:11:58,2026-10-25 20:38:28,Running,,B,Arancia Rossa 500ml,2400,1728,1590,763,3,False
M01,2026-10-25 20:38:28,2026-10-25 21:05:30,Running,,B,Arancia Rossa 500ml,2400,1715,1622,773,3,False
M01,2026-10-25 21:05:30,2026-10-25 21:26:35,Running,,B,Arancia Rossa 500ml,2400,1754,1265,616,3,False
M01,2026-10-25 21:26:35,2026-10-25 21:48:03,Running,,B,Arancia Rossa 500ml,2400,1761,1288,630,2,False
M01,2026-10-25 21:48:03,2026-10-25 22:00:00,Running,,B,Arancia Rossa 500ml,2400,1719,717,342,2,False
M01,2026-10-25 22:00:00,2026-10-25 22:21:51,Stopped,Changeover,C,Lampone Zero 560ml,2200,0,1311,0,0,True
M01,2026-10-25 22:21:51,2026-10-25 23:09:26,Running,,C,Lampone Zero 560ml,2200,1607,2855,1274,4,False
M01,2026-10-25 23:09:26,2026-10-25 23:25:42,Stopped,Operator,C,Lampone Zero 560ml,2200,0,976,0,0,False
M01,2026-10-25 23:25:42,2026-10-25 23:27:59,Stopped,Supplies,C,Lampone Zero 560ml,2200,0,137,0,0,False
M01,2026-10-25 23:27:59,2026-10-25 23:59:31,Running,,C,Lampone Zero 560ml,2200,1616,1892,849,4,False
M01,2026-10-25 23:59:31,2026-10-26 00:00:00,Idle,,C,Lampone Zero 560ml,2200,0,29,0,0,False
M01,2026-10-26 00:00:00,2026-10-26 00:15:45,Stopped,Fault,C,Lampone Zero 560ml,2200,0,945,0,0,False
M01,2026-10-26 00:15:45,2026-10-26 00:25:56,Stopped,Starvation,C,Lampone Zero 560ml,2200,0,611,0,0,False
M01,2026-10-26 00:25:56,2026-10-26 00:54:04,Running,,C,Lampone Zero 560ml,2200,1876,1688,880,4,False
M01,2026-10-26 00:54:04,2026-10-26 00:56:10,Stopped,Buildup,C,Lampone Zero 560ml,2200,0,126,0,0,False
M01,2026-10-26 00:56:10,2026-10-26 01:20:00,Running,,C,Lampone Zero 560ml,2200,1915,1430,761,3,False
M01,2026-10-26 01:20:00,2026-10-26 02:01:37,Running,,C,Lampone Zero 560ml,2200,1896,2497,1315,6,False
M01,2026-10-26 02:01:37,2026-10-26 02:45:08,Running,,C,Lampone Zero 560ml,2200,1896,2611,1375,5,False
M01,2026-10-26 02:45:08,2026-10-26 02:58:36,Idle,,C,Lampone Zero 560ml,2200,0,808,0,0,False
M01,2026-10-26 02:58:36,2026-10-26 03:39:05,Running,,C,Lampone Zero 560ml,2200,1916,2429,1293,5,False
M01,2026-10-26 03:39:05,2026-10-26 04:12:30,Running,,C,Lampone Zero 560ml,2200,1933,2005,1077,4,False
M01,2026-10-26 04:12:30,2026-10-26 04:54:21,Running,,C,Lampone Zero 560ml,2200,1929,2511,1345,7,False
M01,2026-10-26 04:54:21,2026-10-26 04:57:05,Stopped,Fault,C,Lampone Zero 560ml,2200,0,164,0,0,False
M01,2026-10-26 04:57:05,2026-10-26 05:02:16,Stopped,Starvation,C,Lampone Zero 560ml,2200,0,311,0,0,False
M01,2026-10-26 05:02:16,2026-10-26 05:49:04,Running,,C,Lampone Zero 560ml,2200,1904,2808,1485,5,False
M01,2026-10-26 05:49:04,2026-10-26 06:00:00,Running,,C,Lampone Zero 560ml,2200,1900,656,346,2,False
M01,2026-10-26 06:00:00,2026-10-26 06:25:01,Stopped,Changeover,A,Arancia Rossa 500ml,2400,0,1501,0,0,True
M01,2026-10-26 06:25:01,2026-10-26 06:41:09,Stopped,Fault,A,Arancia Rossa 500ml,2400,0,968,0,0,False
M01,2026-10-26 06:41:09,2026-10-26 07:19:04,Running,,A,Arancia Rossa 500ml,2400,2059,2275,1301,4,False
M01,2026-10-26 07:19:04,2026-10-26 08:12:33,Running,,A,Arancia Rossa 500ml,2400,2059,3209,1835,7,False
M01,2026-10-26 08:12:33,2026-10-26 08:37:06,Running,,A,Arancia Rossa 500ml,2400,2079,1473,851,3,False
M01,2026-10-26 08:37:06,2026-10-26 09:06:38,Running,,A,Arancia Rossa 500ml,2400,2120,1772,1044,5,False
M01,2026-10-26 09:06:38,2026-10-26 09:11:26,Stopped,Fault,A,Arancia Rossa 500ml,2400,0,288,0,0,False
M01,2026-10-26 09:11:26,2026-10-26 09:18:35,Stopped,Supplies,A,Arancia Rossa 500ml,2400,0,429,0,0,False
M01,2026-10-26 09:18:35,2026-10-26 09:46:50,Running,,A,Arancia Rossa 500ml,2400,2100,1695,989,5,False
M01,2026-10-26 09:46:50,2026-10-26 10:09:07,Running,,A,Arancia Rossa 500ml,2400,2103,1337,781,3,False
M01,2026-10-26 10:09:07,2026-10-26 10:30:45,Running,,A,Arancia Rossa 500ml,2400,2086,1298,752,3,False
M01,2026-10-26 10:30:45,2026-10-26 11:00:27,Running,,A,Arancia Rossa 500ml,2400,2120,1782,1049,4,False
M01,2026-10-26 11:00:27,2026-10-26 11:44:25,Running,,A,Arancia Rossa 500ml,2400,2114,2638,1549,6,False
M01,2026-10-26 11:44:25,2026-10-26 12:33:19,Running,,A,Arancia Rossa 500ml,2400,2079,2934,1694,8,False
M01,2026-10-26 12:33:19,2026-10-26 13:00:55,Running,,A,Arancia Rossa 500ml,2400,2039,1656,938,4,False
M01,2026-10-26 13:00:55,2026-10-26 13:36:51,Running,,A,Arancia Rossa 500ml,2400,2042,2156,1223,6,False
M01,2026-10-26 13:36:51,2026-10-26 13:59:17,Running,,A,Arancia Rossa 500ml,2400,2048,1346,766,3,False
M01,2026-10-26 13:59:17,2026-10-26 14:00:00,Idle,,A,Arancia Rossa 500ml,2400,0,43,0,0,False
M01,2026-10-26 14:00:00,2026-10-26 14:24:14,Stopped,Changeover,B,Lampone Zero 560ml,2200,0,1454,0,0,True
M01,2026-10-26 14:24:14,2026-10-26 15:11:12,Running,,B,Lampone Zero 560ml,2200,1889,2818,1479,7,False
M01,2026-10-26 15:11:12,2026-10-26 15:44:07,Running,,B,Lampone Zero 560ml,2200,1928,1975,1058,4,False
M01,2026-10-26 15:44:07,2026-10-26 15:54:50,Stopped,Buildup,B,Lampone Zero 560ml,2200,0,643,0,0,False
M01,2026-10-26 15:54:50,2026-10-26 15:57:58,Stopped,Supplies,B,Lampone Zero 560ml,2200,0,188,0,0,False
M01,2026-10-26 15:57:58,2026-10-26 16:52:39,Running,,B,Lampone Zero 560ml,2200,1929,3281,1758,6,False
M01,2026-10-26 16:52:39,2026-10-26 16:56:09,Idle,,B,Lampone Zero 560ml,2200,0,210,0,0,False
M01,2026-10-26 16:56:09,2026-10-26 17:44:47,Stopped,Fault,B,Lampone Zero 560ml,2200,0,2918,0,0,False
M01,2026-10-26 17:44:47,2026-10-26 18:07:10,Running,,B,Lampone Zero 560ml,2200,1931,1343,720,3,False
M01,2026-10-26 18:07:10,2026-10-26 19:00:11,Running,,B,Lampone Zero 560ml,2200,1883,3181,1664,8,False
M01,2026-10-26 19:00:11,2026-10-26 19:57:16,Running,,B,Lampone Zero 560ml,2200,1936,3425,1842,9,False
M01,2026-10-26 19:57:16,2026-10-26 20:56:04,Running,,B,Lampone Zero 560ml,2200,1935,3528,1896,9,False
M01,2026-10-26 20:56:04,2026-10-26 21:18:41,Running,,B,Lampone Zero 560ml,2200,1875,1357,707,3,False
M01,2026-10-26 21:18:41,2026-10-26 21:59:50,Running,,B,Lampone Zero 560ml,2200,1872,2469,1284,6,False
M01,2026-10-26 21:59:50,2026-10-26 22:00:00,Idle,,B,Lampone Zero 560ml,2200,0,10,0,0,False
M01,2026-10-26 22:00:00,2026-10-26 22:38:36,Running,,C,Lampone Zero 560ml,2200,1891,2316,1217,6,False
M01,2026-10-26 22:38:36,2026-10-26 23:30:29,Running,,C,Lampone Zero 560ml,2200,1872,3113,1619,7,False
M01,2026-10-26 23:30:29,2026-10-26 23:53:56,Running,,C,Lampone Zero 560ml,2200,1905,1407,745,4,False
M01,2026-10-26 23:53:56,2026-10-27 00:00:00,Running,,C,Lampone Zero 560ml,2200,1871,364,189,1,False
M01,2026-10-27 00:00:00,2026-10-27 00:14:42,Stopped,Buildup,C,Lampone Zero 560ml,2200,0,882,0,0,False
M01,2026-10-27 00:14:42,2026-10-27 00:42:15,Running,,C,Lampone Zero 560ml,2200,1935,1653,888,3,False
M01,2026-10-27 00:42:15,2026-10-27 01:20:29,Running,,C,Lampone Zero 560ml,2200,1872,2294,1193,5,False
M01,2026-10-27 01:20:29,2026-10-27 02:06:55,Running,,C,Lampone Zero 560ml,2200,1922,2786,1487,5,False
M01,2026-10-27 02:06:55,2026-10-27 02:21:12,Stopped,External,C,Lampone Zero 560ml,2200,0,857,0,0,False
M01,2026-10-27 02:21:12,2026-10-27 02:33:45,Idle,,C,Lampone Zero 560ml,2200,0,753,0,0,False
M01,2026-10-27 02:33:45,2026-10-27 03:09:47,Running,,C,Lampone Zero 560ml,2200,1929,2162,1158,4,False
M01,2026-10-27 03:09:47,2026-10-27 04:05:56,Running,,C,Lampone Zero 560ml,2200,1900,3369,1778,6,False
M01,2026-10-27 04:05:56,2026-10-27 04:27:55,Running,,C,Lampone Zero 560ml,2200,1870,1319,685,2,False
M01,2026-10-27 04:27:55,2026-10-27 05:03:48,Running,,C,Lampone Zero 560ml,2200,1925,2153,1151,5,False
M01,2026-10-27 05:03:48,2026-10-27 05:20:05,Stopped,Starvation,C,Lampone Zero 560ml,2200,0,977,0,0,False
M01,2026-10-27 05:20:05,2026-10-27 05:42:11,Running,,C,Lampone Zero 560ml,2200,1940,1326,715,3,False
M01,2026-10-27 05:42:11,2026-10-27 06:00:00,Running,,C,Lampone Zero 560ml,2200,1923,1069,571,2,False
M01,2026-10-27 06:00:00,2026-10-27 06:37:18,Stopped,Maintenance,A,Lampone Zero 560ml,2200,0,2238,0,0,True
M01,2026-10-27 06:37:18,2026-10-27 06:40:53,Stopped,Starvation,A,Lampone Zero 560ml,2200,0,215,0,0,False
M01,2026-10-27 06:40:53,2026-10-27 07:25:03,Running,,A,Lampone Zero 560ml,2200,1878,2650,1382,6,False
M01,2026-10-27 07:25:03,2026-10-27 07:36:28,Idle,,A,Lampone Zero 560ml,2200,0,685,0,0,False
M01,2026-10-27 07:36:28,2026-10-27 08:08:54,Running,,A,Lampone Zero 560ml,2200,1876,1946,1014,4,False
M01,2026-10-27 08:08:54,2026-10-27 08:20:51,Stopped,Starvation,A,Lampone Zero 560ml,2200,0,717,0,0,False
M01,2026-10-27 08:20:51,2026-10-27 08:56:34,Running,,A,Lampone Zero 560ml,2200,1907,2143,1135,4,False
M01,2026-10-27 08:56:34,2026-10-27 09:12:54,Stopped,Buildup,A,Lampone Zero 560ml,2200,0,980,0,0,False
M01,2026-10-27 09:12:54,2026-10-27 09:59:01,Running,,A,Lampone Zero 560ml,2200,1912,2767,1470,6,False
M01,2026-10-27 09:59:01,2026-10-27 10:26:33,Running,,A,Lampone Zero 560ml,2200,1868,1652,857,3,False
M01,2026-10-27 10:26:33,2026-10-27 10:58:48,Running,,A,Lampone Zero 560ml,2200,1879,1935,1010,4,False
M01,2026-10-27 10:58:48,2026-10-27 11:40:55,Running,,A,Lampone Zero 560ml,2200,1873,2527,1315,6,False
M01,2026-10-27 11:40:55,2026-10-27 11:49:59,Stopped,External,A,Lampone Zero 560ml,2200,0,544,0,0,False
M01,2026-10-27 11:49:59,2026-10-27 12:32:40,Running,,A,Lampone Zero 560ml,2200,1909,2561,1358,6,False
M01,2026-10-27 12:32:40,2026-10-27 13:28:37,Running,,A,Lampone Zero 560ml,2200,1915,3357,1786,8,False
M01,2026-10-27 13:28:37,2026-10-27 13:52:17,Running,,A,Lampone Zero 560ml,2200,1932,1420,762,3,False
M01,2026-10-27 13:52:17,2026-10-27 13:56:53,Stopped,Buildup,A,Lampone Zero 560ml,2200,0,276,0,0,False
M01,2026-10-27 13:56:53,2026-10-27 14:00:00,Idle,,A,Lampone Zero 560ml,2200,0,187,0,0,False
M01,2026-10-27 14:00:00,2026-10-27 14:16:09,Stopped,Changeover,B,Arancia Rossa 500ml,2400,0,969,0,0,True
M01,2026-10-27 14:16:09,2026-10-27 14:41:31,Running,,B,Arancia Rossa 500ml,2400,2103,1522,889,4,False
M01,2026-10-27 14:41:31,2026-10-27 15:41:07,Running,,B,Arancia Rossa 500ml,2400,2099,3576,2085,10,False
M01,2026-10-27 15:41:07,2026-10-27 16:14:09,Running,,B,Arancia Rossa 500ml,2400,2083,1982,1147,4,False
M01,2026-10-27 16:14:09,2026-10-27 16:36:34,Running,,B,Arancia Rossa 500ml,2400,2112,1345,789,3,False
M01,2026-10-27 16:36:34,2026-10-27 16:41:06,Stopped,Starvation,B,Arancia Rossa 500ml,2400,0,272,0,0,False
M01,2026-10-27 16:41:06,2026-10-27 17:35:56,Running,,B,Arancia Rossa 500ml,2400,2110,3290,1928,10,False
M01,2026-10-27 17:35:56,2026-10-27 18:25:46,Running,,B,Arancia Rossa 500ml,2400,2115,2990,1757,9,False
M01,2026-10-27 18:25:46,2026-10-27 18:38:57,Stopped,Buildup,B,Arancia Rossa 500ml,2400,0,791,0,0,False
M01,2026-10-27 18:38:57,2026-10-27 19:28:00,Running,,B,Arancia Rossa 500ml,2400,2093,2943,1711,7,False
M01,2026-10-27 19:28:00,2026-10-27 20:12:55,Running,,B,Arancia Rossa 500ml,2400,2106,2695,1577,5,False
M01,2026-10-27 20:12:55,2026-10-27 21:10:16,Running,,B,Arancia Rossa 500ml,2400,2046,3441,1956,7,False
M01,2026-10-27 21:10:16,2026-10-27 21:47:27,Running,,B,Arancia Rossa 500ml,2400,2050,2231,1270,5,False
M01,2026-10-27 21:47:27,2026-10-27 21:57:15,Stopped,Starvation,B,Arancia Rossa 500ml,2400,0,588,0,0,False
M01,2026-10-27 21:57:15,2026-10-27 22:00:00,Idle,,B,Arancia Rossa 500ml,2400,0,165,0,0,False
M01,2026-10-27 22:00:00,2026-10-27 22:22:46,Stopped,Changeover,C,Lampone Zero 560ml,2200,0,1366,0,0,True
M01,2026-10-27 22:22:46,2026-10-27 22:56:25,Running,,C,Lampone Zero 560ml,2200,1919,2019,1076,5,False
M01,2026-10-27 22:56:25,2026-10-27 23:02:30,Stopped,Buildup,C,Lampone Zero 560ml,2200,0,365,0,0,False
M01,2026-10-27 23:02:30,2026-10-27 23:45:59,Running,,C,Lampone Zero 560ml,2200,1911,2609,1385,6,False
M01,2026-10-27 23:45:59,2026-10-27 23:53:55,Stopped,Starvation,C,Lampone Zero 560ml,2200,0,476,0,0,False
M01,2026-10-27 23:53:55,2026-10-28 00:00:00,Running,,C,Lampone Zero 560ml,2200,1934,365,196,1,False
M01,2026-10-28 00:00:00,2026-10-28 00:13:55,Stopped,Starvation,C,Lampone Zero 560ml,2200,0,835,0,0,False
M01,2026-10-28 00:13:55,2026-10-28 01:05:01,Running,,C,Lampone Zero 560ml,2200,1873,3066,1595,7,False
M01,2026-10-28 01:05:01,2026-10-28 01:50:16,Running,,C,Lampone Zero 560ml,2200,1897,2715,1431,5,False
M01,2026-10-28 01:50:16,2026-10-28 02:34:43,Running,,C,Lampone Zero 560ml,2200,1941,2667,1438,6,False
M01,2026-10-28 02:34:43,2026-10-28 03:33:26,Running,,C,Lampone Zero 560ml,2200,1916,3523,1875,8,False
M01,2026-10-28 03:33:26,2026-10-28 04:07:36,Running,,C,Lampone Zero 560ml,2200,1906,2050,1085,5,False
M01,2026-10-28 04:07:36,2026-10-28 04:11:21,Stopped,Buildup,C,Lampone Zero 560ml,2200,0,225,0,0,False
M01,2026-10-28 04:11:21,2026-10-28 05:07:07,Running,,C,Lampone Zero 560ml,2200,1923,3346,1787,6,False
M01,2026-10-28 05:07:07,2026-10-28 05:54:15,Running,,C,Lampone Zero 560ml,2200,1900,2828,1493,5,False
M01,2026-10-28 05:54:15,2026-10-28 06:00:00,Running,,C,Lampone Zero 560ml,2200,1907,345,183,1,False
M01,2026-10-28 06:00:00,2026-10-28 06:34:17,Stopped,Changeover,A,Arancia Rossa 500ml,2400,0,2057,0,0,True
M01,2026-10-28 06:34:17,2026-10-28 07:21:07,Running,,A,Arancia Rossa 500ml,2400,2077,2810,1621,6,False
M01,2026-10-28 07:21:07,2026-10-28 08:05:11,Running,,A,Arancia Rossa 500ml,2400,2054,2644,1509,7,False
M01,2026-10-28 08:05:11,2026-10-28 08:21:50,Stopped,Starvation,A,Arancia Rossa 500ml,2400,0,999,0,0,False
M01,2026-10-28 08:21:50,2026-10-28 08:50:23,Running,,A,Arancia Rossa 500ml,2400,2116,1713,1007,4,False
M01,2026-10-28 08:50:23,2026-10-28 09:12:14,Running,,A,Arancia Rossa 500ml,2400,2068,1311,753,3,False
M01,2026-10-28 09:12:14,2026-10-28 09:28:12,Stopped,External,A,Arancia Rossa 500ml,2400,0,958,0,0,False
M01,2026-10-28 09:28:12,2026-10-28 10:21:17,Running,,A,Arancia Rossa 500ml,2400,2041,3185,1806,8,False
M01,2026-10-28 10:21:17,2026-10-28 11:20:54,Running,,A,Arancia Rossa 500ml,2400,2080,3577,2067,8,False
M01,2026-10-28 11:20:54,2026-10-28 12:16:54,Running,,A,Arancia Rossa 500ml,2400,2044,3360,1908,7,False
M01,2026-10-28 12:16:54,2026-10-28 12:48:13,Running,,A,Arancia Rossa 500ml,2400,2051,1879,1071,5,False
M01,2026-10-28 12:48:13,2026-10-28 12:56:46,Stopped,Buildup,A,Arancia Rossa 500ml,2400,0,513,0,0,False
M01,2026-10-28 12:56:46,2026-10-28 13:36:21,Running,,A,Arancia Rossa 500ml,2400,2045,2375,1349,6,False
M01,2026-10-28 13:36:21,2026-10-28 13:58:14,Running,,A,Arancia Rossa 500ml,2400,2113,1313,771,3,False
M01,2026-10-28 13:58:14,2026-10-28 14:00:00,Idle,,A,Arancia Rossa 500ml,2400,0,106,0,0,False
M01,2026-10-28 14:00:00,2026-10-28 14:29:40,Stopped,Changeover,B,Lampone Zero 560ml,2200,0,1780,0,0,True
M01,2026-10-28 14:29:40,2026-10-28 14:42:28,Stopped,Buildup,B,Lampone Zero 560ml,2200,0,768,0,0,False
M01,2026-10-28 14:42:28,2026-10-28 14:49:33,Stopped,External,B,Lampone Zero 560ml,2200,0,425,0,0,False
M01,2026-10-28 14:49:33,2026-10-28 14:58:20,Stopped,Fault,B,Lampone Zero 560ml,2200,0,527,0,0,False
M01,2026-10-28 14:58:20,2026-10-28 15:28:29,Running,,B,Lampone Zero 560ml,2200,1894,1809,952,5,False
M01,2026-10-28 15:28:29,2026-10-28 15:35:07,Idle,,B,Lampone Zero 560ml,2200,0,398,0,0,False
M01,2026-10-28 15:35:07,2026-10-28 15:55:28,Running,,B,Lampone Zero 560ml,2200,1871,1221,635,3,False
M01,2026-10-28 15:55:28,2026-10-28 16:09:23,Stopped,Starvation,B,Lampone Zero 560ml,2200,0,835,0,0,False
M01,2026-10-28 16:09:23,2026-10-28 16:38:10,Running,,B,Lampone Zero 560ml,2200,1876,1727,900,5,False
M01,2026-10-28 16:38:10,2026-10-28 16:47:53,Stopped,Starvation,B,Lampone Zero 560ml,2200,0,583,0,0,False
M01,2026-10-28 16:47:53,2026-10-28 17:32:59,Running,,B,Lampone Zero 560ml,2200,1881,2706,1414,6,False
M01,2026-10-28 17:32:59,2026-10-28 18:20:33,Running,,B,Lampone Zero 560ml,2200,1896,2854,1503,7,False
M01,2026-10-28 18:20:33,2026-10-28 19:06:46,Running,,B,Lampone Zero 560ml,2200,1881,2773,1449,7,False
M01,2026-10-28 19:06:46,2026-10-28 19:15:17,Stopped,Buildup,B,Lampone Zero 560ml,2200,0,511,0,0,False
M01,2026-10-28 19:15:17,2026-10-28 20:14:24,Running,,B,Lampone Zero 560ml,2200,1878,3547,1850,7,False
M01,2026-10-28 20:14:24,2026-10-28 20:59:22,Running,,B,Lampone Zero 560ml,2200,1893,2698,1419,6,False
M01,2026-10-28 20:59:22,2026-10-28 21:37:33,Running,,B,Lampone Zero 560ml,2200,1904,2291,1212,4,False
M01,2026-10-28 21:37:33,2026-10-28 21:59:50,Running,,B,Lampone Zero 560ml,2200,1915,1337,711,3,False
M01,2026-10-28 21:59:50,2026-10-28 22:00:00,Idle,,B,Lampone Zero 560ml,2200,0,10,0,0,False
M01,2026-10-28 22:00:00,2026-10-28 22:05:08,Idle,,C,Lampone Zero 560ml,2200,0,308,0,0,False
M01,2026-10-28 22:05:08,2026-10-28 22:47:52,Running,,C,Lampone Zero 560ml,2200,1893,2564,1348,6,False
M01,2026-10-28 22:47:52,2026-10-28 23:20:46,Running,,C,Lampone Zero 560ml,2200,1930,1974,1058,4,False
M01,2026-10-28 23:20:46,2026-10-28 23:50:19,Running,,C,Lampone Zero 560ml,2200,1907,1773,939,4,False
M01,2026-10-28 23:50:19,2026-10-29 00:00:00,Running,,C,Lampone Zero 560ml,2200,1879,581,303,1,False
M01,2026-10-29 00:00:00,2026-10-29 00:44:36,Running,,C,Lampone Zero 560ml,2200,1919,2676,1426,6,False
M01,2026-10-29 00:44:36,2026-10-29 01:44:23,Running,,C,Lampone Zero 560ml,2200,1878,3587,1871,8,False
M01,2026-10-29 01:44:23,2026-10-29 02:10:19,Running,,C,Lampone Zero 560ml,2200,1913,1556,827,3,False
M01,2026-10-29 02:10:19,2026-10-29 02:58:35,Running,,C,Lampone Zero 560ml,2200,1936,2896,1557,7,False
M01,2026-10-29 02:58:35,2026-10-29 03:39:31,Running,,C,Lampone Zero 560ml,2200,1940,2456,1324,5,False
M01,2026-10-29 03:39:31,2026-10-29 04:15:27,Running,,C,Lampone Zero 560ml,2200,1930,2156,1156,5,False
M01,2026-10-29 04:15:27,2026-10-29 04:53:18,Running,,C,Lampone Zero 560ml,2200,1885,2271,1189,5,False
M01,2026-10-29 04:53:18,2026-10-29 05:33:34,Running,,C,Lampone Zero 560ml,2200,1931,2416,1296,5,False
M01,2026-10-29 05:33:34,2026-10-29 05:57:13,Running,,C,Lampone Zero 560ml,2200,1879,1419,741,3,False
M01,2026-10-29 05:57:13,2026-10-29 06:00:00,Idle,,C,Lampone Zero 560ml,2200,0,167,0,0,False
M01,2026-10-29 06:00:00,2026-10-29 06:15:54,Stopped,Operator,A,Lampone Zero 560ml,2200,0,954,0,0,False
M01,2026-10-29 06:15:54,2026-10-29 06:20:43,Stopped,Starvation,A,Lampone Zero 560ml,2200,0,289,0,0,False
M01,2026-10-29 06:20:43,2026-10-29 06:49:10,Running,,A,Lampone Zero 560ml,2200,1895,1707,899,4,False
M01,2026-10-29 06:49:10,2026-10-29 07:10:29,Running,,A,Lampone Zero 560ml,2200,1916,1279,681,3,False
M01,2026-10-29 07:10:29,2026-10-29 08:06:59,Running,,A,Lampone Zero 560ml,2200,1910,3390,1799,7,False
M01,2026-10-29 08:06:59,2026-10-29 08:46:03,Running,,A,Lampone Zero 560ml,2200,1886,2344,1228,6,False
M01,2026-10-29 08:46:03,2026-10-29 09:11:14,Running,,A,Lampone Zero 560ml,2200,1876,1511,787,4,False
M01,2026-10-29 09:11:14,2026-10-29 09:22:27,Stopped,Starvation,A,Lampone Zero 560ml,2200,0,673,0,0,False
M01,2026-10-29 09:22:27,2026-10-29 09:33:52,Stopped,Fault,A,Lampone Zero 560ml,2200,0,685,0,0,False
M01,2026-10-29 09:33:52,2026-10-29 10:25:16,Running,,A,Lampone Zero 560ml,2200,1938,3084,1660,6,False
M01,2026-10-29 10:25:16,2026-10-29 10:51:21,Running,,A,Lampone Zero 560ml,2200,1882,1565,818,3,False
M01,2026-10-29 10:51:21,2026-10-29 11:00:28,Stopped,Buildup,A,Lampone Zero 560ml,2200,0,547,0,0,False
M01,2026-10-29 11:00:28,2026-10-29 11:39:54,Running,,A,Lampone Zero 560ml,2200,1904,2366,1251,6,False
M01,2026-10-29 11:39:54,2026-10-29 12:11:39,Running,,A,Lampone Zero 560ml,2200,1882,1905,996,4,False
M01,2026-10-29 12:11:39,2026-10-29 12:54:37,Running,,A,Lampone Zero 560ml,2200,1931,2578,1383,5,False
M01,2026-10-29 12:54:37,2026-10-29 13:28:23,Running,,A,Lampone Zero 560ml,2200,1892,2026,1065,4,False
M01,2026-10-29 13:28:23,2026-10-29 13:51:29,Running,,A,Lampone Zero 560ml,2200,1918,1386,738,4,False
M01,2026-10-29 13:51:29,2026-10-29 14:00:00,Running,,A,Lampone Zero 560ml,2200,1900,511,270,1,False
M01,2026-10-29 14:00:00,2026-10-29 14:16:54,Stopped,Changeover,B,Arancia Rossa 500ml,2400,0,1014,0,0,True
M01,2026-10-29 14:16:54,2026-10-29 15:08:24,Running,,B,Arancia Rossa 500ml,2400,2092,3090,1796,8,False
M01,2026-10-29 15:08:24,2026-10-29 15:45:49,Running,,B,Arancia Rossa 500ml,2400,2047,2245,1277,5,False
M01,2026-10-29 15:45:49,2026-10-29 15:50:58,Stopped,Starvation,B,Arancia Rossa 500ml,2400,0,309,0,0,False
M01,2026-10-29 15:50:58,2026-10-29 16:21:59,Running,,B,Arancia Rossa 500ml,2400,2076,1861,1073,4,False
M01,2026-10-29 16:21:59,2026-10-29 17:13:35,Running,,B,Arancia Rossa 500ml,2400,2060,3096,1772,7,False
M01,2026-10-29 17:13:35,2026-10-29 18:04:22,Running,,B,Arancia Rossa 500ml,2400,2055,3047,1739,8,False
M01,2026-10-29 18:04:22,2026-10-29 18:39:51,Running,,B,Arancia Rossa 500ml,2400,2059,2129,1218,4,False
M01,2026-10-29 18:39:51,2026-10-29 19:12:47,Running,,B,Arancia Rossa 500ml,2400,2067,1976,1135,5,False
M01,2026-10-29 19:12:47,2026-10-29 19:54:29,Running,,B,Arancia Rossa 500ml,2400,2093,2502,1455,7,False
M01,2026-10-29 19:54:29,2026-10-29 20:54:03,Running,,B,Arancia Rossa 500ml,2400,2040,3574,2025,9,False
M01,2026-10-29 20:54:03,2026-10-29 21:50:46,Running,,B,Arancia Rossa 500ml,2400,2085,3403,1971,7,False
M01,2026-10-29 21:50:46,2026-10-29 22:00:00,Running,,B,Arancia Rossa 500ml,2400,2098,554,323,2,False
M01,2026-10-29 22:00:00,2026-10-29 22:21:44,Stopped,Changeover,C,Lampone Zero 560ml,2200,0,1304,0,0,True
M01,2026-10-29 22:21:44,2026-10-29 22:35:48,Stopped,Starvation,C,Lampone Zero 560ml,2200,0,844,0,0,False
M01,2026-10-29 22:35:48,2026-10-29 22:56:36,Running,,C,Lampone Zero 560ml,2200,1887,1248,654,3,False
M01,2026-10-29 22:56:36,2026-10-29 22:59:59,Stopped,Fault,C,Lampone Zero 560ml,2200,0,203,0,0,False
M01,2026-10-29 22:59:59,2026-10-29 23:07:51,Stopped,Starvation,C,Lampone Zero 560ml,2200,0,472,0,0,False
M01,2026-10-29 23:07:51,2026-10-29 23:42:31,Running,,C,Lampone Zero 560ml,2200,1927,2080,1113,5,False
M01,2026-10-29 23:42:31,2026-10-30 00:00:00,Running,,C,Lampone Zero 560ml,2200,1929,1049,562,3,False
M01,2026-10-30 00:00:00,2026-10-30 00:07:17,Stopped,Starvation,C,Lampone Zero 560ml,2200,0,437,0,0,False
M01,2026-10-30 00:07:17,2026-10-30 00:55:06,Running,,C,Lampone Zero 560ml,2200,1843,2869,1469,7,False
M01,2026-10-30 00:55:06,2026-10-30 01:15:08,Running,,C,Lampone Zero 560ml,2200,1832,1202,612,3,False
M01,2026-10-30 01:15:08,2026-10-30 02:12:14,Running,,C,Lampone Zero 560ml,2200,1822,3426,1734,7,False
M01,2026-10-30 02:12:14,2026-10-30 02:36:58,Running,,C,Lampone Zero 560ml,2200,1873,1484,772,3,False
M01,2026-10-30 02:36:58,2026-10-30 03:02:18,Running,,C,Lampone Zero 560ml,2200,1828,1520,772,3,False
M01,2026-10-30 03:02:18,2026-10-30 03:31:23,Running,,C,Lampone Zero 560ml,2200,1809,1745,877,4,False
M01,2026-10-30 03:31:23,2026-10-30 04:18:52,Running,,C,Lampone Zero 560ml,2200,1811,2849,1433,6,False
M01,2026-10-30 04:18:52,2026-10-30 04:33:26,Stopped,Starvation,C,Lampone Zero 560ml,2200,0,874,0,0,False
M01,2026-10-30 04:33:26,2026-10-30 04:46:29,Idle,,C,Lampone Zero 560ml,2200,0,783,0,0,False
M01,2026-10-30 04:46:29,2026-10-30 04:55:41,Stopped,External,C,Lampone Zero 560ml,2200,0,552,0,0,False
M01,2026-10-30 04:55:41,2026-10-30 05:29:08,Running,,C,Lampone Zero 560ml,2200,1831,2007,1021,5,False
M01,2026-10-30 05:29:08,2026-10-30 05:59:24,Running,,C,Lampone Zero 560ml,2200,1854,1816,935,4,False
M01,2026-10-30 05:59:24,2026-10-30 06:00:00,Idle,,C,Lampone Zero 560ml,2200,0,36,0,0,False
M01,2026-10-30 06:00:00,2026-10-30 06:39:30,Stopped,Changeover,A,Arancia Rossa 500ml,2400,0,2370,0,0,True
M01,2026-10-30 06:39:30,2026-10-30 07:26:23,Running,,A,Arancia Rossa 500ml,2400,2010,2813,1571,8,False
M01,2026-10-30 07:26:23,2026-10-30 08:20:29,Running,,A,Arancia Rossa 500ml,2400,2035,3246,1835,8,False
M01,2026-10-30 08:20:29,2026-10-30 08:33:04,Idle,,A,Arancia Rossa 500ml,2400,0,755,0,0,False
M01,2026-10-30 08:33:04,2026-10-30 09:25:03,Running,,A,Arancia Rossa 500ml,2400,1972,3119,1709,8,False
M01,2026-10-30 09:25:03,2026-10-30 09:48:07,Running,,A,Arancia Rossa 500ml,2400,2025,1384,778,4,False
M01,2026-10-30 09:48:07,2026-10-30 10:23:26,Running,,A,Arancia Rossa 500ml,2400,2027,2119,1193,6,False
M01,2026-10-30 10:23:26,2026-10-30 11:05:00,Running,,A,Arancia Rossa 500ml,2400,1977,2494,1370,7,False
M01,2026-10-30 11:05:00,2026-10-30 11:15:27,Stopped,Starvation,A,Arancia Rossa 500ml,2400,0,627,0,0,False
M01,2026-10-30 11:15:27,2026-10-30 12:11:17,Running,,A,Arancia Rossa 500ml,2400,2021,3350,1881,7,False
M01,2026-10-30 12:11:17,2026-10-30 13:01:23,Running,,A,Arancia Rossa 500ml,2400,2030,3006,1695,8,False
M01,2026-10-30 13:01:23,2026-10-30 13:30:23,Running,,A,Arancia Rossa 500ml,2400,2020,1740,976,4,False
M01,2026-10-30 13:30:23,2026-10-30 13:52:52,Running,,A,Arancia Rossa 500ml,2400,2043,1349,766,3,False
M01,2026-10-30 13:52:52,2026-10-30 14:00:00,Running,,A,Arancia Rossa 500ml,2400,2045,428,243,1,False
M01,2026-10-30 14:00:00,2026-10-30 14:21:19,Stopped,Changeover,B,Lampone Zero 560ml,2200,0,1279,0,0,True
M01,2026-10-30 14:21:19,2026-10-30 15:03:46,Running,,B,Lampone Zero 560ml,2200,1864,2547,1319,7,False
M01,2026-10-30 15:03:46,2026-10-30 16:03:45,Running,,B,Lampone Zero 560ml,2200,1852,3599,1851,9,False
M01,2026-10-30 16:03:45,2026-10-30 16:25:39,Running,,B,Lampone Zero 560ml,2200,1878,1314,685,3,False
M01,2026-10-30 16:25:39,2026-10-30 17:06:10,Running,,B,Lampone Zero 560ml,2200,1879,2431,1269,5,False
M01,2026-10-30 17:06:10,2026-10-30 17:30:01,Running,,B,Lampone Zero 560ml,2200,1867,1431,742,3,False
M01,2026-10-30 17:30:01,2026-10-30 17:50:04,Running,,B,Lampone Zero 560ml,2200,1878,1203,628,3,False
M01,2026-10-30 17:50:04,2026-10-30 18:16:51,Running,,B,Lampone Zero 560ml,2200,1869,1607,834,4,False
M01,2026-10-30 18:16:51,2026-10-30 19:02:28,Running,,B,Lampone Zero 560ml,2200,1872,2737,1423,7,False
M01,2026-10-30 19:02:28,2026-10-30 19:35:11,Running,,B,Lampone Zero 560ml,2200,1874,1963,1022,4,False
M01,2026-10-30 19:35:11,2026-10-30 20:14:25,Running,,B,Lampone Zero 560ml,2200,1874,2354,1225,4,False
M01,2026-10-30 20:14:25,2026-10-30 20:57:58,Running,,B,Lampone Zero 560ml,2200,1824,2613,1324,7,False
M01,2026-10-30 20:57:58,2026-10-30 21:40:58,Running,,B,Lampone Zero 560ml,2200,1843,2580,1321,6,False
M01,2026-10-30 21:40:58,2026-10-30 22:00:00,Running,,B,Lampone Zero 560ml,2200,1830,1142,581,2,False
M01,2026-10-30 22:00:00,2026-10-30 22:39:39,Running,,C,Lampone Zero 560ml,2200,1815,2379,1199,6,False
M01,2026-10-30 22:39:39,2026-10-30 23:36:53,Running,,C,Lampone Zero 560ml,2200,1854,3434,1769,9,False
M01,2026-10-30 23:36:53,2026-10-30 23:57:17,Running,,C,Lampone Zero 560ml,2200,1841,1224,626,3,False
M01,2026-10-30 23:57:17,2026-10-31 00:00:00,Idle,,C,Lampone Zero 560ml,2200,0,163,0,0,False
M01,2026-10-31 00:00:00,2026-10-31 00:37:22,Running,,C,Lampone Zero 560ml,2200,1736,2242,1081,4,False
M01,2026-10-31 00:37:22,2026-10-31 01:15:47,Running,,C,Lampone Zero 560ml,2200,1699,2305,1088,5,False
M01,2026-10-31 01:15:47,2026-10-31 01:40:04,Running,,C,Lampone Zero 560ml,2200,1731,1457,701,3,False
M01,2026-10-31 01:40:04,2026-10-31 02:37:42,Running,,C,Lampone Zero 560ml,2200,1713,3458,1645,8,False
M01,2026-10-31 02:37:42,2026-10-31 03:12:20,Running,,C,Lampone Zero 560ml,2200,1727,2078,997,3,False
M01,2026-10-31 03:12:20,2026-10-31 03:39:07,Running,,C,Lampone Zero 560ml,2200,1683,1607,751,3,False
M01,2026-10-31 03:39:07,2026-10-31 03:52:08,Stopped,Starvation,C,Lampone Zero 560ml,2200,0,781,0,0,False
M01,2026-10-31 03:52:08,2026-10-31 04:18:47,Running,,C,Lampone Zero 560ml,2200,1681,1599,747,3,False
M01,2026-10-31 04:18:47,2026-10-31 05:00:23,Running,,C,Lampone Zero 560ml,2200,1689,2496,1171,6,False
M01,2026-10-31 05:00:23,2026-10-31 05:14:12,Stopped,Starvation,C,Lampone Zero 560ml,2200,0,829,0,0,False
M01,2026-10-31 05:14:12,2026-10-31 05:22:05,Stopped,Starvation,C,Lampone Zero 560ml,2200,0,473,0,0,False
M01,2026-10-31 05:22:05,2026-10-31 05:42:46,Running,,C,Lampone Zero 560ml,2200,1733,1241,597,3,False
M01,2026-10-31 05:42:46,2026-10-31 05:55:45,Stopped,Operator,C,Lampone Zero 560ml,2200,0,779,0,0,False
M01,2026-10-31 05:55:45,2026-10-31 06:00:00,Idle,,C,Lampone Zero 560ml,2200,0,255,0,0,False
M01,2026-10-31 06:00:00,2026-10-31 06:32:42,Running,,A,Lampone Zero 560ml,2200,1729,1962,942,3,False
M01,2026-10-31 06:32:42,2026-10-31 06:48:18,Stopped,Starvation,A,Lampone Zero 560ml,2200,0,936,0,0,False
M01,2026-10-31 06:48:18,2026-10-31 07:43:06,Running,,A,Lampone Zero 560ml,2200,1704,3288,1556,7,False
M01,2026-10-31 07:43:06,2026-10-31 07:45:51,Stopped,External,A,Lampone Zero 560ml,2200,0,165,0,0,False
M01,2026-10-31 07:45:51,2026-10-31 08:45:18,Running,,A,Lampone Zero 560ml,2200,1678,3567,1663,6,False
M01,2026-10-31 08:45:18,2026-10-31 09:01:38,Stopped,External,A,Lampone Zero 560ml,2200,0,980,0,0,False
M01,2026-10-31 09:01:38,2026-10-31 09:33:46,Running,,A,Lampone Zero 560ml,2200,1722,1928,922,4,False
M01,2026-10-31 09:33:46,2026-10-31 09:40:07,Stopped,External,A,Lampone Zero 560ml,2200,0,381,0,0,False
M01,2026-10-31 09:40:07,2026-10-31 09:51:12,Stopped,Operator,A,Lampone Zero 560ml,2200,0,665,0,0,False
M01,2026-10-31 09:51:12,2026-10-31 10:38:31,Running,,A,Lampone Zero 560ml,2200,1718,2839,1355,7,False
M01,2026-10-31 10:38:31,2026-10-31 11:30:59,Running,,A,Lampone Zero 560ml,2200,1688,3148,1476,6,False
M01,2026-10-31 11:30:59,2026-10-31 12:23:49,Running,,A,Lampone Zero 560ml,2200,1744,3170,1536,7,False
M01,2026-10-31 12:23:49,2026-10-31 12:27:33,Stopped,Operator,A,Lampone Zero 560ml,2200,0,224,0,0,False
M01,2026-10-31 12:27:33,2026-10-31 13:13:54,Running,,A,Lampone Zero 560ml,2200,1685,2781,1302,5,False
M01,2026-10-31 13:13:54,2026-10-31 13:17:00,Stopped,Starvation,A,Lampone Zero 560ml,2200,0,186,0,0,False
M01,2026-10-31 13:17:00,2026-10-31 13:51:45,Running,,A,Lampone Zero 560ml,2200,1684,2085,975,5,False
M01,2026-10-31 13:51:45,2026-10-31 14:00:00,Running,,A,Lampone Zero 560ml,2200,1703,495,234,1,False
M01,2026-10-31 14:00:00,2026-10-31 14:27:17,Stopped,Changeover,B,Arancia Rossa 500ml,2400,0,1637,0,0,True
M01,2026-10-31 14:27:17,2026-10-31 15:00:11,Running,,B,Arancia Rossa 500ml,2400,1896,1974,1040,4,False
M01,2026-10-31 15:00:11,2026-10-31 15:40:40,Running,,B,Arancia Rossa 500ml,2400,1844,2429,1244,5,False
M01,2026-10-31 15:40:40,2026-10-31 16:24:55,Running,,B,Arancia Rossa 500ml,2400,1868,2655,1378,6,False
M01,2026-10-31 16:24:55,2026-10-31 16:27:29,Stopped,Operator,B,Arancia Rossa 500ml,2400,0,154,0,0,False
M01,2026-10-31 16:27:29,2026-10-31 17:15:50,Running,,B,Arancia Rossa 500ml,2400,1899,2901,1530,7,False
M01,2026-10-31 17:15:50,2026-10-31 18:04:19,Running,,B,Arancia Rossa 500ml,2400,1871,2909,1512,7,False
M01,2026-10-31 18:04:19,2026-10-31 18:27:47,Running,,B,Arancia Rossa 500ml,2400,1838,1408,719,3,False
M01,2026-10-31 18:27:47,2026-10-31 18:51:46,Running,,B,Arancia Rossa 500ml,2400,1858,1439,743,3,False
M01,2026-10-31 18:51:46,2026-10-31 19:50:20,Running,,B,Arancia Rossa 500ml,2400,1895,3514,1850,9,False
M01,2026-10-31 19:50:20,2026-10-31 19:56:52,Stopped,Buildup,B,Arancia Rossa 500ml,2400,0,392,0,0,False
M01,2026-10-31 19:56:52,2026-10-31 20:22:33,Running,,B,Arancia Rossa 500ml,2400,1847,1541,791,3,False
M01,2026-10-31 20:22:33,2026-10-31 21:13:45,Running,,B,Arancia Rossa 500ml,2400,1859,3072,1586,7,False
M01,2026-10-31 21:13:45,2026-10-31 21:25:39,Stopped,External,B,Arancia Rossa 500ml,2400,0,714,0,0,False
M01,2026-10-31 21:25:39,2026-10-31 21:57:11,Running,,B,Arancia Rossa 500ml,2400,1893,1892,995,4,False
M01,2026-10-31 21:57:11,2026-10-31 22:00:00,Idle,,B,Arancia Rossa 500ml,2400,0,169,0,0,False
M01,2026-10-31 22:00:00,2026-10-31 22:14:31,Stopped,Starvation,C,Arancia Rossa 500ml,2400,0,871,0,0,False
M01,2026-10-31 22:14:31,2026-10-31 22:37:24,Running,,C,Arancia Rossa 500ml,2400,1884,1373,719,3,False
M01,2026-10-31 22:37:24,2026-10-31 23:11:09,Running,,C,Arancia Rossa 500ml,2400,1868,2025,1051,4,False
M01,2026-10-31 23:11:09,2026-10-31 23:58:57,Running,,C,Arancia Rossa 500ml,2400,1852,2868,1475,7,False
M01,2026-10-31 23:58:57,2026-11-01 00:00:00,Idle,,C,Arancia Rossa 500ml,2400,0,63,0,0,False
M01,2026-11-01 00:00:00,2026-11-01 00:23:37,Running,,C,Arancia Rossa 500ml,2400,1771,1417,697,3,False
M01,2026-11-01 00:23:37,2026-11-01 00:50:01,Running,,C,Arancia Rossa 500ml,2400,1756,1584,773,4,False
M01,2026-11-01 00:50:01,2026-11-01 01:02:31,Stopped,Starvation,C,Arancia Rossa 500ml,2400,0,750,0,0,False
M01,2026-11-01 01:02:31,2026-11-01 01:41:09,Running,,C,Arancia Rossa 500ml,2400,1774,2318,1142,5,False
M01,2026-11-01 01:41:09,2026-11-01 02:34:43,Running,,C,Arancia Rossa 500ml,2400,1732,3214,1546,5,False
M01,2026-11-01 02:34:43,2026-11-01 03:17:42,Running,,C,Arancia Rossa 500ml,2400,1764,2579,1264,6,False
M01,2026-11-01 03:17:42,2026-11-01 03:52:07,Running,,C,Arancia Rossa 500ml,2400,1742,2065,999,5,False
M01,2026-11-01 03:52:07,2026-11-01 04:39:29,Running,,C,Arancia Rossa 500ml,2400,1709,2842,1349,5,False
M01,2026-11-01 04:39:29,2026-11-01 05:00:10,Running,,C,Arancia Rossa 500ml,2400,1760,1241,607,3,False
M01,2026-11-01 05:00:10,2026-11-01 05:15:34,Stopped,Buildup,C,Arancia Rossa 500ml,2400,0,924,0,0,False
M01,2026-11-01 05:15:34,2026-11-01 05:24:02,Stopped,Starvation,C,Arancia Rossa 500ml,2400,0,508,0,0,False
M01,2026-11-01 05:24:02,2026-11-01 05:46:41,Running,,C,Arancia Rossa 500ml,2400,1771,1359,669,3,False
M01,2026-11-01 05:46:41,2026-11-01 05:55:08,Stopped,External,C,Arancia Rossa 500ml,2400,0,507,0,0,False
M01,2026-11-01 05:55:08,2026-11-01 06:00:00,Idle,,C,Arancia Rossa 500ml,2400,0,292,0,0,False
M01,2026-11-01 06:00:00,2026-11-01 06:06:02,Stopped,External,A,Arancia Rossa 500ml,2400,0,362,0,0,False
M01,2026-11-01 06:06:02,2026-11-01 06:35:42,Running,,A,Arancia Rossa 500ml,2400,1767,1780,874,4,False
M01,2026-11-01 06:35:42,2026-11-01 06:46:39,Stopped,Starvation,A,Arancia Rossa 500ml,2400,0,657,0,0,False
M01,2026-11-01 06:46:39,2026-11-01 07:37:18,Running,,A,Arancia Rossa 500ml,2400,1760,3039,1486,6,False
M01,2026-11-01 07:37:18,2026-11-01 08:08:23,Running,,A,Arancia Rossa 500ml,2400,1751,1865,907,4,False
M01,2026-11-01 08:08:23,2026-11-01 08:18:13,Stopped,Starvation,A,Arancia Rossa 500ml,2400,0,590,0,0,False
M01,2026-11-01 08:18:13,2026-11-01 08:50:51,Running,,A,Arancia Rossa 500ml,2400,1722,1958,937,4,False
M01,2026-11-01 08:50:51,2026-11-01 08:58:52,Stopped,Buildup,A,Arancia Rossa 500ml,2400,0,481,0,0,False
M01,2026-11-01 08:58:52,2026-11-01 09:07:05,Stopped,Starvation,A,Arancia Rossa 500ml,2400,0,493,0,0,False
M01,2026-11-01 09:07:05,2026-11-01 09:56:11,Running,,A,Arancia Rossa 500ml,2400,1758,2946,1439,5,False
M01,2026-11-01 09:56:11,2026-11-01 10:05:29,Stopped,External,A,Arancia Rossa 500ml,2400,0,558,0,0,False
M01,2026-11-01 10:05:29,2026-11-01 10:58:58,Running,,A,Arancia Rossa 500ml,2400,1760,3209,1569,6,False
M01,2026-11-01 10:58:58,2026-11-01 11:38:49,Running,,A,Arancia Rossa 500ml,2400,1742,2391,1157,5,False
M01,2026-11-01 11:38:49,2026-11-01 12:33:33,Running,,A,Arancia Rossa 500ml,2400,1768,3284,1613,7,False
M01,2026-11-01 12:33:33,2026-11-01 12:47:43,Stopped,Starvation,A,Arancia Rossa 500ml,2400,0,850,0,0,False
M01,2026-11-01 12:47:43,2026-11-01 13:28:48,Running,,A,Arancia Rossa 500ml,2400,1731,2465,1185,6,False
M01,2026-11-01 13:28:48,2026-11-01 13:42:18,Stopped,Supplies,A,Arancia Rossa 500ml,2400,0,810,0,0,False
M01,2026-11-01 13:42:18,2026-11-01 14:00:00,Running,,A,Arancia Rossa 500ml,2400,1758,1062,519,2,False
M01,2026-11-01 14:00:00,2026-11-01 14:20:45,Stopped,Changeover,B,Lampone Zero 560ml,2200,0,1245,0,0,True
M01,2026-11-01 14:20:45,2026-11-01 14:54:30,Running,,B,Lampone Zero 560ml,2200,1589,2025,894,4,False
M01,2026-11-01 14:54:30,2026-11-01 15:35:52,Running,,B,Lampone Zero 560ml,2200,1581,2482,1090,5,False
M01,2026-11-01 15:35:52,2026-11-01 15:46:37,Stopped,Operator,B,Lampone Zero 560ml,2200,0,645,0,0,False
M01,2026-11-01 15:46:37,2026-11-01 16:26:14,Running,,B,Lampone Zero 560ml,2200,1613,2377,1065,4,False
M01,2026-11-01 16:26:14,2026-11-01 16:50:37,Running,,B,Lampone Zero 560ml,2200,1603,1463,651,3,False
M01,2026-11-01 16:50:37,2026-11-01 17:35:18,Running,,B,Lampone Zero 560ml,2200,1615,2681,1203,5,False
M01,2026-11-01 17:35:18,2026-11-01 18:11:16,Running,,B,Lampone Zero 560ml,2200,1604,2158,962,4,False
M01,2026-11-01 18:11:16,2026-11-01 18:47:45,Running,,B,Lampone Zero 560ml,2200,1586,2189,964,4,False
M01,2026-11-01 18:47:45,2026-11-01 18:56:56,Stopped,Starvation,B,Lampone Zero 560ml,2200,0,551,0,0,False
M01,2026-11-01 18:56:56,2026-11-01 19:21:12,Running,,B,Lampone Zero 560ml,2200,1574,1456,637,2,False
M01,2026-11-01 19:21:12,2026-11-01 20:11:42,Running,,B,Lampone Zero 560ml,2200,1614,3030,1358,6,False
M01,2026-11-01 20:11:42,2026-11-01 20:19:49,Stopped,Operator,B,Lampone Zero 560ml,2200,0,487,0,0,False
M01,2026-11-01 20:19:49,2026-11-01 20:29:53,Stopped,Starvation,B,Lampone Zero 560ml,2200,0,604,0,0,False
M01,2026-11-01 20:29:53,2026-11-01 20:52:35,Running,,B,Lampone Zero 560ml,2200,1567,1362,593,3,False
M01,2026-11-01 20:52:35,2026-11-01 20:57:50,Stopped,Buildup,B,Lampone Zero 560ml,2200,0,315,0,0,False
M01,2026-11-01 20:57:50,2026-11-01 21:04:47,Stopped,Starvation,B,Lampone Zero 560ml,2200,0,417,0,0,False
M01,2026-11-01 21:04:47,2026-11-01 21:35:16,Running,,B,Lampone Zero 560ml,2200,1598,1829,812,3,False
M01,2026-11-01 21:35:16,2026-11-01 21:59:54,Running,,B,Lampone Zero 560ml,2200,1590,1478,653,3,False
M01,2026-11-01 21:59:54,2026-11-01 22:00:00,Idle,,B,Lampone Zero 560ml,2200,0,6,0,0,False
M01,2026-11-01 22:00:00,2026-11-01 22:58:44,Running,,C,Lampone Zero 560ml,2200,1571,3524,1538,5,False
M01,2026-11-01 22:58:44,2026-11-01 23:24:00,Running,,C,Lampone Zero 560ml,2200,1619,1516,682,3,False
M01,2026-11-01 23:24:00,2026-11-01 23:36:49,Stopped,Starvation,C,Lampone Zero 560ml,2200,0,769,0,0,False
M01,2026-11-01 23:36:49,2026-11-01 23:53:19,Stopped,Starvation,C,Lampone Zero 560ml,2200,0,990,0,0,False
M01,2026-11-01 23:53:19,2026-11-02 00:00:00,Running,,C,Lampone Zero 560ml,2200,1581,401,176,1,False
M01,2026-11-02 00:00:00,2026-11-02 00:39:34,Running,,C,Lampone Zero 560ml,2200,1930,2374,1273,6,False
M01,2026-11-02 00:39:34,2026-11-02 01:04:16,Running,,C,Lampone Zero 560ml,2200,1926,1482,793,3,False
M01,2026-11-02 01:04:16,2026-11-02 01:16:06,Stopped,Operator,C,Lampone Zero 560ml,2200,0,710,0,0,False
M01,2026-11-02 01:16:06,2026-11-02 01:39:24,Running,,C,Lampone Zero 560ml,2200,1898,1398,737,3,False
M01,2026-11-02 01:39:24,2026-11-02 02:31:13,Running,,C,Lampone Zero 560ml,2200,1903,3109,1643,7,False
M01,2026-11-02 02:31:13,2026-11-02 02:52:41,Running,,C,Lampone Zero 560ml,2200,1890,1288,676,3,False
M01,2026-11-02 02:52:41,2026-11-02 03:19:01,Running,,C,Lampone Zero 560ml,2200,1933,1580,848,4,False
M01,2026-11-02 03:19:01,2026-11-02 04:08:59,Running,,C,Lampone Zero 560ml,2200,1885,2998,1570,6,False
M01,2026-11-02 04:08:59,2026-11-02 04:36:59,Running,,C,Lampone Zero 560ml,2200,1903,1680,888,4,False
M01,2026-11-02 04:36:59,2026-11-02 05:18:16,Running,,C,Lampone Zero 560ml,2200,1878,2477,1292,4,False
M01,2026-11-02 05:18:16,2026-11-02 05:29:12,Stopped,Starvation,C,Lampone Zero 560ml,2200,0,656,0,0,False
M01,2026-11-02 05:29:12,2026-11-02 05:59:53,Running,,C,Lampone Zero 560ml,2200,1917,1841,980,3,False
M01,2026-11-02 05:59:53,2026-11-02 06:00:00,Idle,,C,Lampone Zero 560ml,2200,0,7,0,0,False
M01,2026-11-02 06:00:00,2026-11-02 06:31:10,Running,,A,Lampone Zero 560ml,2200,1874,1870,973,4,False
M01,2026-11-02 06:31:10,2026-11-02 07:19:12,Running,,A,Lampone Zero 560ml,2200,1886,2882,1510,6,False
M01,2026-11-02 07:19:12,2026-11-02 08:11:24,Running,,A,Lampone Zero 560ml,2200,1894,3132,1648,8,False
M01,2026-11-02 08:11:24,2026-11-02 09:05:59,Running,,A,Lampone Zero 560ml,2200,1918,3275,1745,8,False
M01,2026-11-02 09:05:59,2026-11-02 09:19:52,Idle,,A,Lampone Zero 560ml,2200,0,833,0,0,False
M01,2026-11-02 09:19:52,2026-11-02 10:07:33,Running,,A,Lampone Zero 560ml,2200,1889,2861,1501,7,False
M01,2026-11-02 10:07:33,2026-11-02 10:48:59,Running,,A,Lampone Zero 560ml,2200,1933,2486,1335,5,False
M01,2026-11-02 10:48:59,2026-11-02 10:51:44,Stopped,External,A,Lampone Zero 560ml,2200,0,165,0,0,False
M01,2026-11-02 10:51:44,2026-11-02 11:15:46,Running,,A,Lampone Zero 560ml,2200,1894,1442,759,3,False
M01,2026-11-02 11:15:46,2026-11-02 12:15:36,Running,,A,Lampone Zero 560ml,2200,1875,3590,1870,8,False
M01,2026-11-02 12:15:36,2026-11-02 13:13:23,Running,,A,Lampone Zero 560ml,2200,1936,3467,1864,7,False
M01,2026-11-02 13:13:23,2026-11-02 13:36:42,Running,,A,Lampone Zero 560ml,2200,1890,1399,734,3,False
M01,2026-11-02 13:36:42,2026-11-02 13:38:42,Stopped,External,A,Lampone Zero 560ml,2200,0,120,0,0,False
M01,2026-11-02 13:38:42,2026-11-02 13:59:30,Running,,A,Lampone Zero 560ml,2200,1879,1248,651,3,False
M01,2026-11-02 13:59:30,2026-11-02 14:00:00,Idle,,A,Lampone Zero 560ml,2200,0,30,0,0,False
M01,2026-11-02 14:00:00,2026-11-02 14:28:51,Stopped,Changeover,B,Arancia Rossa 500ml,2400,0,1731,0,0,True
M01,2026-11-02 14:28:51,2026-11-02 14:42:02,Stopped,Starvation,B,Arancia Rossa 500ml,2400,0,791,0,0,False
M01,2026-11-02 14:42:02,2026-11-02 15:30:19,Running,,B,Arancia Rossa 500ml,2400,2031,2897,1634,6,False
M01,2026-11-02 15:30:19,2026-11-02 16:23:48,Running,,B,Arancia Rossa 500ml,2400,2111,3209,1882,7,False
M01,2026-11-02 16:23:48,2026-11-02 16:40:59,Stopped,Operator,B,Arancia Rossa 500ml,2400,0,1031,0,0,False
M01,2026-11-02 16:40:59,2026-11-02 17:32:36,Running,,B,Arancia Rossa 500ml,2400,2059,3097,1771,7,False
M01,2026-11-02 17:32:36,2026-11-02 18:30:21,Running,,B,Arancia Rossa 500ml,2400,2098,3465,2019,10,False
M01,2026-11-02 18:30:21,2026-11-02 18:52:07,Running,,B,Arancia Rossa 500ml,2400,2070,1306,751,3,False
M01,2026-11-02 18:52:07,2026-11-02 19:35:26,Running,,B,Arancia Rossa 500ml,2400,2069,2599,1494,6,False
M01,2026-11-02 19:35:26,2026-11-02 19:50:15,Stopped,Starvation,B,Arancia Rossa 500ml,2400,0,889,0,0,False
M01,2026-11-02 19:50:15,2026-11-02 20:40:26,Running,,B,Arancia Rossa 500ml,2400,2083,3011,1742,8,False
M01,2026-11-02 20:40:26,2026-11-02 21:27:06,Running,,B,Arancia Rossa 500ml,2400,2105,2800,1637,7,False
M01,2026-11-02 21:27:06,2026-11-02 21:32:46,Stopped,External,B,Arancia Rossa 500ml,2400,0,340,0,0,False
M01,2026-11-02 21:32:46,2026-11-02 21:58:04,Running,,B,Arancia Rossa 500ml,2400,2058,1518,868,3,False
M01,2026-11-02 21:58:04,2026-11-02 22:00:00,Idle,,B,Arancia Rossa 500ml,2400,0,116,0,0,False
M01,2026-11-02 22:00:00,2026-11-02 22:39:57,Stopped,Changeover,C,Lampone Zero 560ml,2200,0,2397,0,0,True
M01,2026-11-02 22:39:57,2026-11-02 23:08:22,Running,,C,Lampone Zero 560ml,2200,1880,1705,890,4,False
M01,2026-11-02 23:08:22,2026-11-02 23:39:41,Running,,C,Lampone Zero 560ml,2200,1927,1879,1006,5,False
M01,2026-11-02 23:39:41,2026-11-02 23:59:47,Running,,C,Lampone Zero 560ml,2200,1908,1206,639,3,False
M01,2026-11-02 23:59:47,2026-11-03 00:00:00,Idle,,C,Lampone Zero 560ml,2200,0,13,0,0,False
M01,2026-11-03 00:00:00,2026-11-03 00:03:30,Stopped,Starvation,C,Lampone Zero 560ml,2200,0,210,0,0,False
M01,2026-11-03 00:03:30,2026-11-03 00:19:31,Stopped,Starvation,C,Lampone Zero 560ml,2200,0,961,0,0,False
M01,2026-11-03 00:19:31,2026-11-03 00:57:47,Running,,C,Lampone Zero 560ml,2200,1910,2296,1218,5,False
M01,2026-11-03 00:57:47,2026-11-03 01:29:48,Running,,C,Lampone Zero 560ml,2200,1924,1921,1027,5,False
M01,2026-11-03 01:29:48,2026-11-03 01:58:22,Running,,C,Lampone Zero 560ml,2200,1882,1714,896,4,False
M01,2026-11-03 01:58:22,2026-11-03 02:27:00,Running,,C,Lampone Zero 560ml,2200,1893,1718,903,4,False
M01,2026-11-03 02:27:00,2026-11-03 02:35:55,Stopped,Fault,C,Lampone Zero 560ml,2200,0,535,0,0,False
M01,2026-11-03 02:35:55,2026-11-03 03:32:43,Running,,C,Lampone Zero 560ml,2200,1877,3408,1777,8,False
M01,2026-11-03 03:32:43,2026-11-03 04:04:32,Running,,C,Lampone Zero 560ml,2200,1930,1909,1023,4,False
M01,2026-11-03 04:04:32,2026-11-03 04:07:19,Stopped,External,C,Lampone Zero 560ml,2200,0,167,0,0,False
M01,2026-11-03 04:07:19,2026-11-03 04:16:19,Idle,,C,Lampone Zero 560ml,2200,0,540,0,0,False
M01,2026-11-03 04:16:19,2026-11-03 04:44:45,Running,,C,Lampone Zero 560ml,2200,1871,1706,887,4,False
M01,2026-11-03 04:44:45,2026-11-03 05:41:06,Running,,C,Lampone Zero 560ml,2200,1874,3381,1760,9,False
M01,2026-11-03 05:41:06,2026-11-03 06:00:00,Running,,C,Lampone Zero 560ml,2200,1894,1134,597,2,False
M01,2026-11-03 06:00:00,2026-11-03 06:35:45,Stopped,Changeover,A,Arancia Rossa 500ml,2400,0,2145,0,0,True
M01,2026-11-03 06:35:45,2026-11-03 07:41:52,Stopped,Maintenance,A,Arancia Rossa 500ml,2400,0,3967,0,0,True
M01,2026-11-03 07:41:52,2026-11-03 08:40:07,Running,,A,Arancia Rossa 500ml,2400,2064,3495,2004,7,False
M01,2026-11-03 08:40:07,2026-11-03 09:31:56,Running,,A,Arancia Rossa 500ml,2400,2071,3109,1789,7,False
M01,2026-11-03 09:31:56,2026-11-03 10:15:25,Running,,A,Arancia Rossa 500ml,2400,2043,2609,1481,6,False
M01,2026-11-03 10:15:25,2026-11-03 11:14:43,Running,,A,Arancia Rossa 500ml,2400,2042,3558,2018,7,False
M01,2026-11-03 11:14:43,2026-11-03 12:13:56,Running,,A,Arancia Rossa 500ml,2400,2102,3553,2075,10,False
M01,2026-11-03 12:13:56,2026-11-03 12:20:43,Idle,,A,Arancia Rossa 500ml,2400,0,407,0,0,False
M01,2026-11-03 12:20:43,2026-11-03 13:14:30,Running,,A,Arancia Rossa 500ml,2400,2100,3227,1882,7,False
M01,2026-11-03 13:14:30,2026-11-03 13:26:25,Stopped,Starvation,A,Arancia Rossa 500ml,2400,0,715,0,0,False
M01,2026-11-03 13:26:25,2026-11-03 13:57:55,Running,,A,Arancia Rossa 500ml,2400,2089,1890,1097,5,False
M01,2026-11-03 13:57:55,2026-11-03 14:00:00,Idle,,A,Arancia Rossa 500ml,2400,0,125,0,0,False
M01,2026-11-03 14:00:00,2026-11-03 14:35:49,Stopped,Changeover,B,Lampone Zero 560ml,2200,0,2149,0,0,True
M01,2026-11-03 14:35:49,2026-11-03 15:17:08,Running,,B,Lampone Zero 560ml,2200,1936,2479,1333,5,False
M01,2026-11-03 15:17:08,2026-11-03 15:19:32,Stopped,Buildup,B,Lampone Zero 560ml,2200,0,144,0,0,False
M01,2026-11-03 15:19:32,2026-11-03 16:02:52,Running,,B,Lampone Zero 560ml,2200,1895,2600,1369,6,False
M01,2026-11-03 16:02:52,2026-11-03 16:24:45,Running,,B,Lampone Zero 560ml,2200,1895,1313,691,3,False
M01,2026-11-03 16:24:45,2026-11-03 17:09:47,Running,,B,Lampone Zero 560ml,2200,1926,2702,1446,6,False
M01,2026-11-03 17:09:47,2026-11-03 17:53:14,Running,,B,Lampone Zero 560ml,2200,1935,2607,1401,7,False
M01,2026-11-03 17:53:14,2026-11-03 18:48:07,Running,,B,Lampone Zero 560ml,2200,1923,3293,1759,8,False
M01,2026-11-03 18:48:07,2026-11-03 19:39:40,Running,,B,Lampone Zero 560ml,2200,1930,3093,1658,6,False
M01,2026-11-03 19:39:40,2026-11-03 20:12:34,Running,,B,Lampone Zero 560ml,2200,1906,1974,1045,5,False
M01,2026-11-03 20:12:34,2026-11-03 21:05:07,Running,,B,Lampone Zero 560ml,2200,1864,3153,1633,8,False
M01,2026-11-03 21:05:07,2026-11-03 21:18:52,Stopped,Buildup,B,Lampone Zero 560ml,2200,0,825,0,0,False
M01,2026-11-03 21:18:52,2026-11-03 21:28:02,Stopped,Starvation,B,Lampone Zero 560ml,2200,0,550,0,0,False
M01,2026-11-03 21:28:02,2026-11-03 21:44:51,Stopped,Starvation,B,Lampone Zero 560ml,2200,0,1009,0,0,False
M01,2026-11-03 21:44:51,2026-11-03 22:00:00,Running,,B,Lampone Zero 560ml,2200,1884,909,476,2,False
M01,2026-11-03 22:00:00,2026-11-03 22:16:26,Stopped,Fault,C,Lampone Zero 560ml,2200,0,986,0,0,False
M01,2026-11-03 22:16:26,2026-11-03 23:16:26,Running,,C,Lampone Zero 560ml,2200,1928,3600,1928,7,False
M01,2026-11-03 23:16:26,2026-11-03 23:32:42,Idle,,C,Lampone Zero 560ml,2200,0,976,0,0,False
M01,2026-11-03 23:32:42,2026-11-03 23:56:33,Running,,C,Lampone Zero 560ml,2200,1868,1431,743,3,False
M01,2026-11-03 23:56:33,2026-11-04 00:00:00,Idle,,C,Lampone Zero 560ml,2200,0,207,0,0,False
M01,2026-11-04 00:00:00,2026-11-04 00:48:34,Running,,C,Lampone Zero 560ml,2200,1885,2914,1526,6,False
M01,2026-11-04 00:48:34,2026-11-04 01:19:37,Running,,C,Lampone Zero 560ml,2200,1871,1863,968,5,False
M01,2026-11-04 01:19:37,2026-11-04 01:48:22,Running,,C,Lampone Zero 560ml,2200,1898,1725,909,5,False
M01,2026-11-04 01:48:22,2026-11-04 02:13:05,Running,,C,Lampone Zero 560ml,2200,1869,1483,770,3,False
M01,2026-11-04 02:13:05,2026-11-04 03:09:03,Running,,C,Lampone Zero 560ml,2200,1878,3358,1752,9,False
M01,2026-11-04 03:09:03,2026-11-04 03:58:39,Running,,C,Lampone Zero 560ml,2200,1864,2976,1541,7,False
M01,2026-11-04 03:58:39,2026-11-04 04:30:53,Running,,C,Lampone Zero 560ml,2200,1896,1934,1019,4,False
M01,2026-11-04 04:30:53,2026-11-04 04:59:45,Running,,C,Lampone Zero 560ml,2200,1882,1732,905,4,False
M01,2026-11-04 04:59:45,2026-11-04 05:57:00,Running,,C,Lampone Zero 560ml,2200,1879,3435,1793,8,False
M01,2026-11-04 05:57:00,2026-11-04 06:00:00,Idle,,C,Lampone Zero 560ml,2200,0,180,0,0,False
M01,2026-11-04 06:00:00,2026-11-04 06:06:19,Stopped,Starvation,A,Lampone Zero 560ml,2200,0,379,0,0,False
M01,2026-11-04 06:06:19,2026-11-04 06:21:46,Stopped,Starvation,A,Lampone Zero 560ml,2200,0,927,0,0,False
M01,2026-11-04 06:21:46,2026-11-04 06:29:55,Stopped,Starvation,A,Lampone Zero 560ml,2200,0,489,0,0,False
M01,2026-11-04 06:29:55,2026-11-04 06:46:23,Stopped,Starvation,A,Lampone Zero 560ml,2200,0,988,0,0,False
M01,2026-11-04 06:46:23,2026-11-04 07:28:20,Running,,A,Lampone Zero 560ml,2200,1864,2517,1303,6,False
M01,2026-11-04 07:28:20,2026-11-04 07:47:02,Idle,,A,Lampone Zero 560ml,2200,0,1122,0,0,False
M01,2026-11-04 07:47:02,2026-11-04 08:01:39,Stopped,Starvation,A,Lampone Zero 560ml,2200,0,877,0,0,False
M01,2026-11-04 08:01:39,2026-11-04 08:33:03,Running,,A,Lampone Zero 560ml,2200,1924,1884,1007,3,False
M01,2026-11-04 08:33:03,2026-11-04 09:29:49,Running,,A,Lampone Zero 560ml,2200,1879,3406,1778,6,False
M01,2026-11-04 09:29:49,2026-11-04 09:41:47,Stopped,Buildup,A,Lampone Zero 560ml,2200,0,718,0,0,False
M01,2026-11-04 09:41:47,2026-11-04 10:22:19,Running,,A,Lampone Zero 560ml,2200,1881,2432,1271,5,False
M01,2026-11-04 10:22:19,2026-11-04 10:27:11,Stopped,External,A,Lampone Zero 560ml,2200,0,292,0,0,False
M01,2026-11-04 10:27:11,2026-11-04 10:39:16,Stopped,External,A,Lampone Zero 560ml,2200,0,725,0,0,False
M01,2026-11-04 10:39:16,2026-11-04 11:22:24,Running,,A,Lampone Zero 560ml,2200,1912,2588,1375,5,False
M01,2026-11-04 11:22:24,2026-11-04 12:13:39,Running,,A,Lampone Zero 560ml,2200,1872,3075,1599,6,False
M01,2026-11-04 12:13:39,2026-11-04 12:21:58,Stopped,Starvation,A,Lampone Zero 560ml,2200,0,499,0,0,False
M01,2026-11-04 12:21:58,2026-11-04 13:10:42,Running,,A,Lampone Zero 560ml,2200,1874,2924,1522,7,False
M01,2026-11-04 13:10:42,2026-11-04 13:59:52,Running,,A,Lampone Zero 560ml,2200,1872,2950,1534,7,False
M01,2026-11-04 13:59:52,2026-11-04 14:00:00,Idle,,A,Lampone Zero 560ml,2200,0,8,0,0,False
M01,2026-11-04 14:00:00,2026-11-04 14:23:28,Stopped,Changeover,B,Arancia Rossa 500ml,2400,0,1408,0,0,True
M01,2026-11-04 14:23:28,2026-11-04 14:36:40,Stopped,Supplies,B,Arancia Rossa 500ml,2400,0,792,0,0,False
M01,2026-11-04 14:36:40,2026-11-04 14:56:40,Running,,B,Arancia Rossa 500ml,2400,2072,1200,691,3,False
M01,2026-11-04 14:56:40,2026-11-04 15:34:56,Running,,B,Arancia Rossa 500ml,2400,2064,2296,1316,5,False
M01,2026-11-04 15:34:56,2026-11-04 15:55:28,Running,,B,Arancia Rossa 500ml,2400,2073,1232,709,3,False
M01,2026-11-04 15:55:28,2026-11-04 16:20:47,Running,,B,Arancia Rossa 500ml,2400,2082,1519,878,4,False
M01,2026-11-04 16:20:47,2026-11-04 17:07:59,Running,,B,Arancia Rossa 500ml,2400,2081,2832,1637,7,False
M01,2026-11-04 17:07:59,2026-11-04 18:07:54,Running,,B,Arancia Rossa 500ml,2400,2081,3595,2078,10,False
M01,2026-11-04 18:07:54,2026-11-04 18:17:45,Stopped,Starvation,B,Arancia Rossa 500ml,2400,0,591,0,0,False
M01,2026-11-04 18:17:45,2026-11-04 19:03:03,Running,,B,Arancia Rossa 500ml,2400,2102,2718,1587,6,False
M01,2026-11-04 19:03:03,2026-11-04 19:12:47,Stopped,Fault,B,Arancia Rossa 500ml,2400,0,584,0,0,False
M01,2026-11-04 19:12:47,2026-11-04 19:24:57,Stopped,External,B,Arancia Rossa 500ml,2400,0,730,0,0,False
M01,2026-11-04 19:24:57,2026-11-04 19:35:49,Stopped,Starvation,B,Arancia Rossa 500ml,2400,0,652,0,0,False
M01,2026-11-04 19:35:49,2026-11-04 20:07:13,Running,,B,Arancia Rossa 500ml,2400,2072,1884,1084,4,False
M01,2026-11-04 20:07:13,2026-11-04 20:48:51,Running,,B,Arancia Rossa 500ml,2400,2067,2498,1434,5,False
M01,2026-11-04 20:48:51,2026-11-04 21:12:53,Running,,B,Arancia Rossa 500ml,2400,2030,1442,813,4,False
M01,2026-11-04 21:12:53,2026-11-04 21:57:23,Running,,B,Arancia Rossa 500ml,2400,2036,2670,1510,7,False
M01,2026-11-04 21:57:23,2026-11-04 22:00:00,Idle,,B,Arancia Rossa 500ml,2400,0,157,0,0,False
M01,2026-11-04 22:00:00,2026-11-04 22:32:34,Stopped,Changeover,C,Lampone Zero 560ml,2200,0,1954,0,0,True
M01,2026-11-04 22:32:34,2026-11-04 23:28:10,Running,,C,Lampone Zero 560ml,2200,1869,3336,1732,8,False
M01,2026-11-04 23:28:10,2026-11-04 23:37:29,Stopped,External,C,Lampone Zero 560ml,2200,0,559,0,0,False
M01,2026-11-04 23:37:29,2026-11-04 23:47:06,Idle,,C,Lampone Zero 560ml,2200,0,577,0,0,False
M01,2026-11-04 23:47:06,2026-11-05 00:00:00,Running,,C,Lampone Zero 560ml,2200,1870,774,402,2,False
M01,2026-11-05 00:00:00,2026-11-05 00:10:39,Stopped,Buildup,C,Lampone Zero 560ml,2200,0,639,0,0,False
M01,2026-11-05 00:10:39,2026-11-05 00:53:46,Running,,C,Lampone Zero 560ml,2200,1911,2587,1373,7,False
M01,2026-11-05 00:53:46,2026-11-05 01:44:34,Running,,C,Lampone Zero 560ml,2200,1882,3048,1593,7,False
M01,2026-11-05 01:44:34,2026-11-05 02:19:07,Running,,C,Lampone Zero 560ml,2200,1931,2073,1112,4,False
M01,2026-11-05 02:19:07,2026-11-05 03:01:49,Running,,C,Lampone Zero 560ml,2200,1919,2562,1366,6,False
M01,2026-11-05 03:01:49,2026-11-05 03:16:10,Idle,,C,Lampone Zero 560ml,2200,0,861,0,0,False
M01,2026-11-05 03:16:10,2026-11-05 03:20:12,Stopped,External,C,Lampone Zero 560ml,2200,0,242,0,0,False
M01,2026-11-05 03:20:12,2026-11-05 03:31:09,Stopped,Starvation,C,Lampone Zero 560ml,2200,0,657,0,0,False
M01,2026-11-05 03:31:09,2026-11-05 03:42:49,Stopped,Operator,C,Lampone Zero 560ml,2200,0,700,0,0,False
M01,2026-11-05 03:42:49,2026-11-05 04:05:12,Running,,C,Lampone Zero 560ml,2200,1889,1343,705,4,False
M01,2026-11-05 04:05:12,2026-11-05 04:54:24,Running,,C,Lampone Zero 560ml,2200,1887,2952,1547,8,False
M01,2026-11-05 04:54:24,2026-11-05 05:41:08,Running,,C,Lampone Zero 560ml,2200,1872,2804,1458,5,False
M01,2026-11-05 05:41:08,2026-11-05 06:00:00,Running,,C,Lampone Zero 560ml,2200,1926,1132,606,2,False
M01,2026-11-05 06:00:00,2026-11-05 06:27:13,Stopped,Changeover,A,Arancia Rossa 500ml,2400,0,1633,0,0,True
M01,2026-11-05 06:27:13,2026-11-05 06:42:36,Stopped,Starvation,A,Arancia Rossa 500ml,2400,0,923,0,0,False
M01,2026-11-05 06:42:36,2026-11-05 07:20:10,Running,,A,Arancia Rossa 500ml,2400,2100,2254,1315,6,False
M01,2026-11-05 07:20:10,2026-11-05 08:03:27,Running,,A,Arancia Rossa 500ml,2400,2100,2597,1515,5,False
M01,2026-11-05 08:03:27,2026-11-05 08:41:38,Running,,A,Arancia Rossa 500ml,2400,2057,2291,1309,5,False
M01,2026-11-05 08:41:38,2026-11-05 09:39:23,Running,,A,Arancia Rossa 500ml,2400,2065,3465,1988,7,False
M01,2026-11-05 09:39:23,2026-11-05 10:07:31,Running,,A,Arancia Rossa 500ml,2400,2048,1688,960,4,False
M01,2026-11-05 10:07:31,2026-11-05 10:56:24,Running,,A,Arancia Rossa 500ml,2400,2040,2933,1662,8,False
M01,2026-11-05 10:56:24,2026-11-05 11:32:48,Running,,A,Arancia Rossa 500ml,2400,2040,2184,1238,5,False
M01,2026-11-05 11:32:48,2026-11-05 12:30:44,Running,,A,Arancia Rossa 500ml,2400,2041,3476,1971,9,False
M01,2026-11-05 12:30:44,2026-11-05 12:44:40,Stopped,External,A,Arancia Rossa 500ml,2400,0,836,0,0,False
M01,2026-11-05 12:44:40,2026-11-05 12:49:56,Stopped,Starvation,A,Arancia Rossa 500ml,2400,0,316,0,0,False
M01,2026-11-05 12:49:56,2026-11-05 12:58:27,Stopped,Supplies,A,Arancia Rossa 500ml,2400,0,511,0,0,False
M01,2026-11-05 12:58:27,2026-11-05 13:03:41,Stopped,Fault,A,Arancia Rossa 500ml,2400,0,314,0,0,False
M01,2026-11-05 13:03:41,2026-11-05 13:12:07,Stopped,Starvation,A,Arancia Rossa 500ml,2400,0,506,0,0,False
M01,2026-11-05 13:12:07,2026-11-05 13:57:01,Running,,A,Arancia Rossa 500ml,2400,2095,2694,1568,8,False
M01,2026-11-05 13:57:01,2026-11-05 14:00:00,Idle,,A,Arancia Rossa 500ml,2400,0,179,0,0,False
M01,2026-11-05 14:00:00,2026-11-05 14:31:20,Stopped,Changeover,B,Lampone Zero 560ml,2200,0,1880,0,0,True
M01,2026-11-05 14:31:20,2026-11-05 14:40:42,Idle,,B,Lampone Zero 560ml,2200,0,562,0,0,False
M01,2026-11-05 14:40:42,2026-11-05 15:35:36,Running,,B,Lampone Zero 560ml,2200,1872,3294,1713,8,False
M01,2026-11-05 15:35:36,2026-11-05 16:34:04,Running,,B,Lampone Zero 560ml,2200,1865,3508,1817,7,False
M01,2026-11-05 16:34:04,2026-11-05 16:46:42,Stopped,Fault,B,Lampone Zero 560ml,2200,0,758,0,0,False
M01,2026-11-05 16:46:42,2026-11-05 16:51:12,Stopped,External,B,Lampone Zero 560ml,2200,0,270,0,0,False
M01,2026-11-05 16:51:12,2026-11-05 16:53:56,Stopped,Starvation,B,Lampone Zero 560ml,2200,0,164,0,0,False
M01,2026-11-05 16:53:56,2026-11-05 17:04:41,Stopped,External,B,Lampone Zero 560ml,2200,0,645,0,0,False
M01,2026-11-05 17:04:41,2026-11-05 17:59:30,Running,,B,Lampone Zero 560ml,2200,1921,3289,1755,8,False
M01,2026-11-05 17:59:30,2026-11-05 18:02:43,Stopped,External,B,Lampone Zero 560ml,2200,0,193,0,0,False
M01,2026-11-05 18:02:43,2026-11-05 18:24:00,Running,,B,Lampone Zero 560ml,2200,1873,1277,664,3,False
M01,2026-11-05 18:24:00,2026-11-05 18:39:19,Stopped,Buildup,B,Lampone Zero 560ml,2200,0,919,0,0,False
M01,2026-11-05 18:39:19,2026-11-05 18:54:04,Stopped,Fault,B,Lampone Zero 560ml,2200,0,885,0,0,False
M01,2026-11-05 18:54:04,2026-11-05 19:08:42,Stopped,Starvation,B,Lampone Zero 560ml,2200,0,878,0,0,False
M01,2026-11-05 19:08:42,2026-11-05 19:17:53,Stopped,Fault,B,Lampone Zero 560ml,2200,0,551,0,0,False
M01,2026-11-05 19:17:53,2026-11-05 19:27:24,Stopped,External,B,Lampone Zero 560ml,2200,0,571,0,0,False
M01,2026-11-05 19:27:24,2026-11-05 20:15:06,Running,,B,Lampone Zero 560ml,2200,1878,2862,1493,8,False
M01,2026-11-05 20:15:06,2026-11-05 20:30:34,Stopped,External,B,Lampone Zero 560ml,2200,0,928,0,0,False
M01,2026-11-05 20:30:34,2026-11-05 21:22:12,Running,,B,Lampone Zero 560ml,2200,1898,3098,1633,6,False
M01,2026-11-05 21:22:12,2026-11-05 21:39:14,Stopped,Fault,B,Lampone Zero 560ml,2200,0,1022,0,0,False
M01,2026-11-05 21:39:14,2026-11-05 21:59:56,Running,,B,Lampone Zero 560ml,2200,1908,1242,658,3,False
M01,2026-11-05 21:59:56,2026-11-05 22:00:00,Idle,,B,Lampone Zero 560ml,2200,0,4,0,0,False
M01,2026-11-05 22:00:00,2026-11-05 22:15:49,Stopped,Starvation,C,Lampone Zero 560ml,2200,0,949,0,0,False
M01,2026-11-05 22:15:49,2026-11-05 22:40:31,Running,,C,Lampone Zero 560ml,2200,1913,1482,788,3,False
M01,2026-11-05 22:40:31,2026-11-05 23:07:17,Running,,C,Lampone Zero 560ml,2200,1922,1606,857,3,False
M01,2026-11-05 23:07:17,2026-11-05 23:44:19,Running,,C,Lampone Zero 560ml,2200,1905,2222,1176,5,False
M01,2026-11-05 23:44:19,2026-11-06 00:00:00,Running,,C,Lampone Zero 560ml,2200,1914,941,500,2,False
M01,2026-11-06 00:00:00,2026-11-06 00:22:22,Running,,C,Lampone Zero 560ml,2200,1817,1342,677,2,False
M01,2026-11-06 00:22:22,2026-11-06 00:57:45,Running,,C,Lampone Zero 560ml,2200,1812,2123,1069,4,False
M01,2026-11-06 00:57:45,2026-11-06 01:14:47,Stopped,Starvation,C,Lampone Zero 560ml,2200,0,1022,0,0,False
M01,2026-11-06 01:14:47,2026-11-06 02:02:57,Running,,C,Lampone Zero 560ml,2200,1834,2890,1472,7,False
M01,2026-11-06 02:02:57,2026-11-06 02:08:04,Stopped,Starvation,C,Lampone Zero 560ml,2200,0,307,0,0,False
M01,2026-11-06 02:08:04,2026-11-06 02:55:43,Running,,C,Lampone Zero 560ml,2200,1809,2859,1437,5,False
M01,2026-11-06 02:55:43,2026-11-06 03:48:35,Running,,C,Lampone Zero 560ml,2200,1867,3172,1645,8,False
M01,2026-11-06 03:48:35,2026-11-06 04:01:48,Stopped,Starvation,C,Lampone Zero 560ml,2200,0,793,0,0,False
M01,2026-11-06 04:01:48,2026-11-06 04:40:44,Running,,C,Lampone Zero 560ml,2200,1874,2336,1216,5,False
M01,2026-11-06 04:40:44,2026-11-06 05:24:50,Running,,C,Lampone Zero 560ml,2200,1862,2646,1369,7,False
M01,2026-11-06 05:24:50,2026-11-06 05:46:54,Running,,C,Lampone Zero 560ml,2200,1867,1324,687,3,False
M01,2026-11-06 05:46:54,2026-11-06 05:57:20,Stopped,Starvation,C,Lampone Zero 560ml,2200,0,626,0,0,False
M01,2026-11-06 05:57:20,2026-11-06 06:00:00,Idle,,C,Lampone Zero 560ml,2200,0,160,0,0,False
M01,2026-11-06 06:00:00,2026-11-06 06:15:12,Stopped,Starvation,A,Lampone Zero 560ml,2200,0,912,0,0,False
M01,2026-11-06 06:15:12,2026-11-06 07:13:52,Running,,A,Lampone Zero 560ml,2200,1876,3520,1834,7,False
M01,2026-11-06 07:13:52,2026-11-06 07:47:03,Running,,A,Lampone Zero 560ml,2200,1848,1991,1022,4,False
M01,2026-11-06 07:47:03,2026-11-06 08:11:36,Running,,A,Lampone Zero 560ml,2200,1843,1473,754,3,False
M01,2026-11-06 08:11:36,2026-11-06 08:54:50,Running,,A,Lampone Zero 560ml,2200,1861,2594,1341,6,False
M01,2026-11-06 08:54:50,2026-11-06 09:48:17,Running,,A,Lampone Zero 560ml,2200,1873,3207,1669,6,False
M01,2026-11-06 09:48:17,2026-11-06 10:21:15,Running,,A,Lampone Zero 560ml,2200,1844,1978,1013,5,False
M01,2026-11-06 10:21:15,2026-11-06 10:26:52,Stopped,External,A,Lampone Zero 560ml,2200,0,337,0,0,False
M01,2026-11-06 10:26:52,2026-11-06 10:35:18,Stopped,Starvation,A,Lampone Zero 560ml,2200,0,506,0,0,False
M01,2026-11-06 10:35:18,2026-11-06 11:10:46,Running,,A,Lampone Zero 560ml,2200,1827,2128,1080,5,False
M01,2026-11-06 11:10:46,2026-11-06 11:24:42,Stopped,External,A,Lampone Zero 560ml,2200,0,836,0,0,False
M01,2026-11-06 11:24:42,2026-11-06 12:22:04,Running,,A,Lampone Zero 560ml,2200,1854,3442,1773,7,False
M01,2026-11-06 12:22:04,2026-11-06 12:39:09,Idle,,A,Lampone Zero 560ml,2200,0,1025,0,0,False
M01,2026-11-06 12:39:09,2026-11-06 13:30:25,Running,,A,Lampone Zero 560ml,2200,1853,3076,1583,7,False
M01,2026-11-06 13:30:25,2026-11-06 13:55:47,Running,,A,Lampone Zero 560ml,2200,1825,1522,772,3,False
M01,2026-11-06 13:55:47,2026-11-06 14:00:00,Idle,,A,Lampone Zero 560ml,2200,0,253,0,0,False
M01,2026-11-06 14:00:00,2026-11-06 14:26:47,Stopped,Changeover,B,Arancia Rossa 500ml,2400,0,1607,0,0,True
M01,2026-11-06 14:26:47,2026-11-06 15:14:34,Running,,B,Arancia Rossa 500ml,2400,2036,2867,1621,8,False
M01,2026-11-06 15:14:34,2026-11-06 16:01:25,Running,,B,Arancia Rossa 500ml,2400,1980,2811,1546,7,False
M01,2026-11-06 16:01:25,2026-11-06 16:39:18,Running,,B,Arancia Rossa 500ml,2400,1986,2273,1254,6,False
M01,2026-11-06 16:39:18,2026-11-06 16:43:19,Stopped,Starvation,B,Arancia Rossa 500ml,2400,0,241,0,0,False
M01,2026-11-06 16:43:19,2026-11-06 16:51:30,Stopped,Supplies,B,Arancia Rossa 500ml,2400,0,491,0,0,False
M01,2026-11-06 16:51:30,2026-11-06 17:18:57,Running,,B,Arancia Rossa 500ml,2400,1978,1647,905,3,False
M01,2026-11-06 17:18:57,2026-11-06 18:14:00,Running,,B,Arancia Rossa 500ml,2400,1983,3303,1819,8,False
M01,2026-11-06 18:14:00,2026-11-06 19:06:50,Running,,B,Arancia Rossa 500ml,2400,1983,3170,1746,8,False
M01,2026-11-06 19:06:50,2026-11-06 19:45:23,Running,,B,Arancia Rossa 500ml,2400,1986,2313,1276,6,False
M01,2026-11-06 19:45:23,2026-11-06 20:21:43,Running,,B,Arancia Rossa 500ml,2400,2004,2180,1214,5,False
M01,2026-11-06 20:21:43,2026-11-06 20:48:23,Running,,B,Arancia Rossa 500ml,2400,2037,1600,905,4,False
M01,2026-11-06 20:48:23,2026-11-06 21:20:16,Running,,B,Arancia Rossa 500ml,2400,1984,1913,1054,5,False
M01,2026-11-06 21:20:16,2026-11-06 21:45:34,Running,,B,Arancia Rossa 500ml,2400,1995,1518,841,4,False
M01,2026-11-06 21:45:34,2026-11-06 21:48:20,Stopped,Starvation,B,Arancia Rossa 500ml,2400,0,166,0,0,False
M01,2026-11-06 21:48:20,2026-11-06 22:00:00,Running,,B,Arancia Rossa 500ml,2400,2034,700,396,1,False
M01,2026-11-06 22:00:00,2026-11-06 22:26:07,Running,,C,Arancia Rossa 500ml,2400,2017,1567,878,3,False
M01,2026-11-06 22:26:07,2026-11-06 23:26:00,Running,,C,Arancia Rossa 500ml,2400,2032,3593,2028,9,False
M01,2026-11-06 23:26:00,2026-11-06 23:57:00,Running,,C,Arancia Rossa 500ml,2400,2044,1860,1056,5,False
M01,2026-11-06 23:57:00,2026-11-07 00:00:00,Idle,,C,Arancia Rossa 500ml,2400,0,180,0,0,False
M01,2026-11-07 00:00:00,2026-11-07 00:41:59,Running,,C,Arancia Rossa 500ml,2400,1851,2519,1295,5,False
M01,2026-11-07 00:41:59,2026-11-07 00:48:45,Idle,,C,Arancia Rossa 500ml,2400,0,406,0,0,False
M01,2026-11-07 00:48:45,2026-11-07 01:05:21,Stopped,Starvation,C,Arancia Rossa 500ml,2400,0,996,0,0,False
M01,2026-11-07 01:05:21,2026-11-07 01:07:26,Stopped,Starvation,C,Arancia Rossa 500ml,2400,0,125,0,0,False
M01,2026-11-07 01:07:26,2026-11-07 01:59:40,Running,,C,Arancia Rossa 500ml,2400,1864,3134,1623,7,False
M01,2026-11-07 01:59:40,2026-11-07 02:26:45,Running,,C,Arancia Rossa 500ml,2400,1896,1625,856,4,False
M01,2026-11-07 02:26:45,2026-11-07 03:03:23,Running,,C,Arancia Rossa 500ml,2400,1889,2198,1153,6,False
M01,2026-11-07 03:03:23,2026-11-07 03:31:47,Running,,C,Arancia Rossa 500ml,2400,1853,1704,877,4,False
M01,2026-11-07 03:31:47,2026-11-07 04:19:49,Running,,C,Arancia Rossa 500ml,2400,1843,2882,1475,7,False
M01,2026-11-07 04:19:49,2026-11-07 05:04:41,Running,,C,Arancia Rossa 500ml,2400,1841,2692,1377,5,False
M01,2026-11-07 05:04:41,2026-11-07 05:13:26,Stopped,Starvation,C,Arancia Rossa 500ml,2400,0,525,0,0,False
M01,2026-11-07 05:13:26,2026-11-07 05:58:46,Running,,C,Arancia Rossa 500ml,2400,1881,2720,1421,6,False
M01,2026-11-07 05:58:46,2026-11-07 06:00:00,Idle,,C,Arancia Rossa 500ml,2400,0,74,0,0,False
M01,2026-11-07 06:00:00,2026-11-07 06:49:19,Running,,A,Arancia Rossa 500ml,2400,1837,2959,1510,6,False
M01,2026-11-07 06:49:19,2026-11-07 07:16:31,Running,,A,Arancia Rossa 500ml,2400,1859,1632,843,4,False
M01,2026-11-07 07:16:31,2026-11-07 07:35:33,Idle,,A,Arancia Rossa 500ml,2400,0,1142,0,0,False
M01,2026-11-07 07:35:33,2026-11-07 07:39:19,Stopped,Starvation,A,Arancia Rossa 500ml,2400,0,226,0,0,False
M01,2026-11-07 07:39:19,2026-11-07 08:30:07,Running,,A,Arancia Rossa 500ml,2400,1859,3048,1574,6,False
M01,2026-11-07 08:30:07,2026-11-07 08:46:45,Stopped,Starvation,A,Arancia Rossa 500ml,2400,0,998,0,0,False
M01,2026-11-07 08:46:45,2026-11-07 09:43:31,Running,,A,Arancia Rossa 500ml,2400,1872,3406,1771,9,False
M01,2026-11-07 09:43:31,2026-11-07 09:52:09,Stopped,Fault,A,Arancia Rossa 500ml,2400,0,518,0,0,False
M01,2026-11-07 09:52:09,2026-11-07 10:39:08,Running,,A,Arancia Rossa 500ml,2400,1893,2819,1482,7,False
M01,2026-11-07 10:39:08,2026-11-07 11:24:27,Running,,A,Arancia Rossa 500ml,2400,1893,2719,1430,5,False
M01,2026-11-07 11:24:27,2026-11-07 11:40:08,Stopped,External,A,Arancia Rossa 500ml,2400,0,941,0,0,False
M01,2026-11-07 11:40:08,2026-11-07 12:14:42,Running,,A,Arancia Rossa 500ml,2400,1866,2074,1075,5,False
M01,2026-11-07 12:14:42,2026-11-07 13:07:12,Running,,A,Arancia Rossa 500ml,2400,1832,3150,1603,6,False
M01,2026-11-07 13:07:12,2026-11-07 13:21:14,Stopped,Operator,A,Arancia Rossa 500ml,2400,0,842,0,0,False
M01,2026-11-07 13:21:14,2026-11-07 13:30:18,Stopped,Starvation,A,Arancia Rossa 500ml,2400,0,544,0,0,False
M01,2026-11-07 13:30:18,2026-11-07 13:49:58,Idle,,A,Arancia Rossa 500ml,2400,0,1180,0,0,False
M01,2026-11-07 13:49:58,2026-11-07 14:00:00,Running,,A,Arancia Rossa 500ml,2400,1839,602,308,1,False
M01,2026-11-07 14:00:00,2026-11-07 14:23:08,Stopped,Changeover,B,Lampone Zero 560ml,2200,0,1388,0,0,True
M01,2026-11-07 14:23:08,2026-11-07 15:18:52,Running,,B,Lampone Zero 560ml,2200,1674,3344,1555,7,False
M01,2026-11-07 15:18:52,2026-11-07 16:09:57,Running,,B,Lampone Zero 560ml,2200,1715,3065,1460,7,False
M01,2026-11-07 16:09:57,2026-11-07 16:40:43,Running,,B,Lampone Zero 560ml,2200,1734,1846,889,4,False
M01,2026-11-07 16:40:43,2026-11-07 17:12:27,Running,,B,Lampone Zero 560ml,2200,1733,1904,917,3,False
M01,2026-11-07 17:12:27,2026-11-07 17:35:38,Running,,B,Lampone Zero 560ml,2200,1685,1391,651,3,False
M01,2026-11-07 17:35:38,2026-11-07 18:22:31,Running,,B,Lampone Zero 560ml,2200,1686,2813,1317,6,False
M01,2026-11-07 18:22:31,2026-11-07 18:25:59,Stopped,Operator,B,Lampone Zero 560ml,2200,0,208,0,0,False
M01,2026-11-07 18:25:59,2026-11-07 19:04:16,Running,,B,Lampone Zero 560ml,2200,1695,2297,1082,5,False
M01,2026-11-07 19:04:16,2026-11-07 19:20:56,Stopped,External,B,Lampone Zero 560ml,2200,0,1000,0,0,False
M01,2026-11-07 19:20:56,2026-11-07 19:41:23,Running,,B,Lampone Zero 560ml,2200,1700,1227,579,2,False
M01,2026-11-07 19:41:23,2026-11-07 19:48:57,Stopped,Buildup,B,Lampone Zero 560ml,2200,0,454,0,0,False
M01,2026-11-07 19:48:57,2026-11-07 20:22:27,Running,,B,Lampone Zero 560ml,2200,1738,2010,970,4,False
M01,2026-11-07 20:22:27,2026-11-07 20:57:27,Running,,B,Lampone Zero 560ml,2200,1722,2100,1004,4,False
M01,2026-11-07 20:57:27,2026-11-07 21:19:36,Running,,B,Lampone Zero 560ml,2200,1733,1329,640,3,False
M01,2026-11-07 21:19:36,2026-11-07 21:43:33,Running,,B,Lampone Zero 560ml,2200,1692,1437,675,3,False
M01,2026-11-07 21:43:33,2026-11-07 22:00:00,Running,,B,Lampone Zero 560ml,2200,1719,987,471,2,False
M01,2026-11-07 22:00:00,2026-11-07 22:47:18,Running,,C,Lampone Zero 560ml,2200,1715,2838,1352,6,False
M01,2026-11-07 22:47:18,2026-11-07 22:54:43,Stopped,Starvation,C,Lampone Zero 560ml,2200,0,445,0,0,False
M01,2026-11-07 22:54:43,2026-11-07 23:15:05,Running,,C,Lampone Zero 560ml,2200,1718,1222,583,3,False
M01,2026-11-07 23:15:05,2026-11-07 23:50:09,Running,,C,Lampone Zero 560ml,2200,1679,2104,981,5,False
M01,2026-11-07 23:50:09,2026-11-08 00:00:00,Running,,C,Lampone Zero 560ml,2200,1704,591,280,1,False
M01,2026-11-08 00:00:00,2026-11-08 00:50:48,Running,,C,Lampone Zero 560ml,2200,1570,3048,1329,6,False
M01,2026-11-08 00:50:48,2026-11-08 01:04:47,Stopped,Operator,C,Lampone Zero 560ml,2200,0,839,0,0,False
M01,2026-11-08 01:04:47,2026-11-08 01:17:43,Stopped,External,C,Lampone Zero 560ml,2200,0,776,0,0,False
M01,2026-11-08 01:17:43,2026-11-08 02:10:52,Running,,C,Lampone Zero 560ml,2200,1580,3189,1400,5,False
M01,2026-11-08 02:10:52,2026-11-08 03:08:35,Running,,C,Lampone Zero 560ml,2200,1602,3463,1541,8,False
M01,2026-11-08 03:08:35,2026-11-08 04:04:46,Running,,C,Lampone Zero 560ml,2200,1595,3371,1494,5,False
M01,2026-11-08 04:04:46,2026-11-08 04:15:44,Stopped,Supplies,C,Lampone Zero 560ml,2200,0,658,0,0,False
M01,2026-11-08 04:15:44,2026-11-08 04:18:10,Stopped,External,C,Lampone Zero 560ml,2200,0,146,0,0,False
M01,2026-11-08 04:18:10,2026-11-08 05:05:31,Running,,C,Lampone Zero 560ml,2200,1594,2841,1258,6,False
M01,2026-11-08 05:05:31,2026-11-08 05:37:01,Running,,C,Lampone Zero 560ml,2200,1622,1890,852,4,False
M01,2026-11-08 05:37:01,2026-11-08 05:47:43,Stopped,Fault,C,Lampone Zero 560ml,2200,0,642,0,0,False
M01,2026-11-08 05:47:43,2026-11-08 06:00:00,Running,,C,Lampone Zero 560ml,2200,1571,737,322,1,False
M01,2026-11-08 06:00:00,2026-11-08 06:25:57,Running,,A,Lampone Zero 560ml,2200,1603,1557,693,3,False
M01,2026-11-08 06:25:57,2026-11-08 06:42:32,Stopped,External,A,Lampone Zero 560ml,2200,0,995,0,0,False
M01,2026-11-08 06:42:32,2026-11-08 07:07:24,Running,,A,Lampone Zero 560ml,2200,1587,1492,658,2,False
M01,2026-11-08 07:07:24,2026-11-08 07:22:59,Stopped,External,A,Lampone Zero 560ml,2200,0,935,0,0,False
M01,2026-11-08 07:22:59,2026-11-08 08:14:15,Running,,A,Lampone Zero 560ml,2200,1623,3076,1387,5,False
M01,2026-11-08 08:14:15,2026-11-08 08:37:15,Running,,A,Lampone Zero 560ml,2200,1621,1380,621,3,False
M01,2026-11-08 08:37:15,2026-11-08 08:56:44,Idle,,A,Lampone Zero 560ml,2200,0,1169,0,0,False
M01,2026-11-08 08:56:44,2026-11-08 09:52:19,Running,,A,Lampone Zero 560ml,2200,1612,3335,1493,7,False
M01,2026-11-08 09:52:19,2026-11-08 09:56:59,Stopped,Starvation,A,Lampone Zero 560ml,2200,0,280,0,0,False
M01,2026-11-08 09:56:59,2026-11-08 10:38:23,Running,,A,Lampone Zero 560ml,2200,1579,2484,1090,4,False
M01,2026-11-08 10:38:23,2026-11-08 10:45:37,Stopped,Starvation,A,Lampone Zero 560ml,2200,0,434,0,0,False
M01,2026-11-08 10:45:37,2026-11-08 11:07:40,Running,,A,Lampone Zero 560ml,2200,1592,1323,585,3,False
M01,2026-11-08 11:07:40,2026-11-08 11:31:15,Running,,A,Lampone Zero 560ml,2200,1567,1415,616,3,False
M01,2026-11-08 11:31:15,2026-11-08 11:54:19,Running,,A,Lampone Zero 560ml,2200,1604,1384,617,3,False
M01,2026-11-08 11:54:19,2026-11-08 12:37:47,Running,,A,Lampone Zero 560ml,2200,1581,2608,1145,4,False
M01,2026-11-08 12:37:47,2026-11-08 12:53:24,Stopped,Operator,A,Lampone Zero 560ml,2200,0,937,0,0,False
M01,2026-11-08 12:53:24,2026-11-08 13:28:42,Running,,A,Lampone Zero 560ml,2200,1617,2118,951,5,False
M01,2026-11-08 13:28:42,2026-11-08 13:35:53,Stopped,Starvation,A,Lampone Zero 560ml,2200,0,431,0,0,False
M01,2026-11-08 13:35:53,2026-11-08 13:44:49,Stopped,External,A,Lampone Zero 560ml,2200,0,536,0,0,False
M01,2026-11-08 13:44:49,2026-11-08 13:52:45,Stopped,External,A,Lampone Zero 560ml,2200,0,476,0,0,False
M01,2026-11-08 13:52:45,2026-11-08 13:59:19,Idle,,A,Lampone Zero 560ml,2200,0,394,0,0,False
M01,2026-11-08 13:59:19,2026-11-08 14:00:00,Idle,,A,Lampone Zero 560ml,2200,0,41,0,0,False
M01,2026-11-08 14:00:00,2026-11-08 14:21:50,Stopped,Changeover,B,Arancia Rossa 500ml,2400,0,1310,0,0,True
M01,2026-11-08 14:21:50,2026-11-08 15:05:14,Running,,B,Arancia Rossa 500ml,2400,1748,2604,1264,6,False
M01,2026-11-08 15:05:14,2026-11-08 15:45:01,Running,,B,Arancia Rossa 500ml,2400,1736,2387,1151,4,False
M01,2026-11-08 15:45:01,2026-11-08 16:24:10,Running,,B,Arancia Rossa 500ml,2400,1764,2349,1151,5,False
M01,2026-11-08 16:24:10,2026-11-08 17:08:20,Running,,B,Arancia Rossa 500ml,2400,1762,2650,1297,5,False
M01,2026-11-08 17:08:20,2026-11-08 17:46:36,Running,,B,Arancia Rossa 500ml,2400,1711,2296,1091,4,False
M01,2026-11-08 17:46:36,2026-11-08 18:34:36,Running,,B,Arancia Rossa 500ml,2400,1712,2880,1370,6,False
M01,2026-11-08 18:34:36,2026-11-08 18:59:12,Running,,B,Arancia Rossa 500ml,2400,1708,1476,700,3,False
M01,2026-11-08 18:59:12,2026-11-08 19:16:29,Idle,,B,Arancia Rossa 500ml,2400,0,1037,0,0,False
M01,2026-11-08 19:16:29,2026-11-08 20:01:17,Running,,B,Arancia Rossa 500ml,2400,1726,2688,1289,4,False
M01,2026-11-08 20:01:17,2026-11-08 20:23:48,Running,,B,Arancia Rossa 500ml,2400,1741,1351,653,3,False
M01,2026-11-08 20:23:48,2026-11-08 20:48:22,Running,,B,Arancia Rossa 500ml,2400,1727,1474,707,3,False
M01,2026-11-08 20:48:22,2026-11-08 21:25:33,Running,,B,Arancia Rossa 500ml,2400,1709,2231,1059,4,False
M01,2026-11-08 21:25:33,2026-11-08 21:48:16,Running,,B,Arancia Rossa 500ml,2400,1765,1363,668,3,False
M01,2026-11-08 21:48:16,2026-11-08 21:54:39,Stopped,Operator,B,Arancia Rossa 500ml,2400,0,383,0,0,False
M01,2026-11-08 21:54:39,2026-11-08 22:00:00,Running,,B,Arancia Rossa 500ml,2400,1720,321,153,1,False
M01,2026-11-08 22:00:00,2026-11-08 22:21:20,Running,,C,Arancia Rossa 500ml,2400,1724,1280,613,3,False
M01,2026-11-08 22:21:20,2026-11-08 22:27:09,Idle,,C,Arancia Rossa 500ml,2400,0,349,0,0,False
M01,2026-11-08 22:27:09,2026-11-08 23:09:23,Running,,C,Arancia Rossa 500ml,2400,1722,2534,1212,4,False
M01,2026-11-08 23:09:23,2026-11-08 23:37:25,Running,,C,Arancia Rossa 500ml,2400,1769,1682,827,3,False
M01,2026-11-08 23:37:25,2026-11-08 23:58:38,Running,,C,Arancia Rossa 500ml,2400,1735,1273,614,3,False
M01,2026-11-08 23:58:38,2026-11-09 00:00:00,Idle,,C,Arancia Rossa 500ml,2400,0,82,0,0,False
M01,2026-11-09 00:00:00,2026-11-09 00:20:06,Running,,C,Arancia Rossa 500ml,2400,2080,1206,697,3,False
M01,2026-11-09 00:20:06,2026-11-09 00:48:00,Running,,C,Arancia Rossa 500ml,2400,2067,1674,961,4,False
M01,2026-11-09 00:48:00,2026-11-09 01:08:13,Running,,C,Arancia Rossa 500ml,2400,2047,1213,690,3,False
M01,2026-11-09 01:08:13,2026-11-09 02:08:03,Running,,C,Arancia Rossa 500ml,2400,2061,3590,2055,8,False
M01,2026-11-09 02:08:03,2026-11-09 02:16:39,Stopped,Buildup,C,Arancia Rossa 500ml,2400,0,516,0,0,False
M01,2026-11-09 02:16:39,2026-11-09 02:45:39,Running,,C,Arancia Rossa 500ml,2400,2071,1740,1001,4,False
M01,2026-11-09 02:45:39,2026-11-09 03:12:01,Running,,C,Arancia Rossa 500ml,2400,2039,1582,896,4,False
M01,2026-11-09 03:12:01,2026-11-09 03:52:57,Running,,C,Arancia Rossa 500ml,2400,2092,2456,1427,7,False
M01,2026-11-09 03:52:57,2026-11-09 04:20:07,Running,,C,Arancia Rossa 500ml,2400,2080,1630,942,3,False
M01,2026-11-09 04:20:07,2026-11-09 04:33:17,Idle,,C,Arancia Rossa 500ml,2400,0,790,0,0,False
M01,2026-11-09 04:33:17,2026-11-09 05:25:24,Running,,C,Arancia Rossa 500ml,2400,2105,3127,1828,8,False
M01,2026-11-09 05:25:24,2026-11-09 05:51:46,Running,,C,Arancia Rossa 500ml,2400,2061,1582,906,4,False
M01,2026-11-09 05:51:46,2026-11-09 06:00:00,Running,,C,Arancia Rossa 500ml,2400,2088,494,287,1,False
M01,2026-11-09 06:00:00,2026-11-09 06:36:37,Running,,A,Arancia Rossa 500ml,2400,2061,2197,1258,5,False
M01,2026-11-09 06:36:37,2026-11-09 06:51:07,Idle,,A,Arancia Rossa 500ml,2400,0,870,0,0,False
M01,2026-11-09 06:51:07,2026-11-09 07:29:32,Running,,A,Arancia Rossa 500ml,2400,2079,2305,1331,6,False
M01,2026-11-09 07:29:32,2026-11-09 08:18:43,Running,,A,Arancia Rossa 500ml,2400,2098,2951,1720,7,False
M01,2026-11-09 08:18:43,2026-11-09 08:22:59,Stopped,Starvation,A,Arancia Rossa 500ml,2400,0,256,0,0,False
M01,2026-11-09 08:22:59,2026-11-09 08:49:30,Running,,A,Arancia Rossa 500ml,2400,2037,1591,900,3,False
M01,2026-11-09 08:49:30,2026-11-09 09:47:11,Running,,A,Arancia Rossa 500ml,2400,2072,3461,1992,7,False
M01,2026-11-09 09:47:11,2026-11-09 10:43:22,Running,,A,Arancia Rossa 500ml,2400,2101,3371,1967,10,False
M01,2026-11-09 10:43:22,2026-11-09 11:22:07,Running,,A,Arancia Rossa 500ml,2400,2097,2325,1354,7,False
M01,2026-11-09 11:22:07,2026-11-09 11:55:04,Running,,A,Arancia Rossa 500ml,2400,2096,1977,1151,6,False
M01,2026-11-09 11:55:04,2026-11-09 12:35:33,Running,,A,Arancia Rossa 500ml,2400,2109,2429,1423,6,False
M01,2026-11-09 12:35:33,2026-11-09 13:00:43,Running,,A,Arancia Rossa 500ml,2400,2057,1510,863,4,False
M01,2026-11-09 13:00:43,2026-11-09 13:59:36,Running,,A,Arancia Rossa 500ml,2400,2051,3533,2013,7,False
M01,2026-11-09 13:59:36,2026-11-09 14:00:00,Idle,,A,Arancia Rossa 500ml,2400,0,24,0,0,False
M01,2026-11-09 14:00:00,2026-11-09 14:28:12,Stopped,Changeover,B,Lampone Zero 560ml,2200,0,1692,0,0,True
M01,2026-11-09 14:28:12,2026-11-09 15:06:56,Running,,B,Lampone Zero 560ml,2200,1871,2324,1208,4,False
M01,2026-11-09 15:06:56,2026-11-09 15:32:11,Running,,B,Lampone Zero 560ml,2200,1896,1515,798,3,False
M01,2026-11-09 15:32:11,2026-11-09 15:56:35,Running,,B,Lampone Zero 560ml,2200,1864,1464,758,3,False
M01,2026-11-09 15:56:35,2026-11-09 16:11:01,Idle,,B,Lampone Zero 560ml,2200,0,866,0,0,False
M01,2026-11-09 16:11:01,2026-11-09 16:31:42,Running,,B,Lampone Zero 560ml,2200,1913,1241,659,2,False
M01,2026-11-09 16:31:42,2026-11-09 16:48:51,Stopped,Starvation,B,Lampone Zero 560ml,2200,0,1029,0,0,False
M01,2026-11-09 16:48:51,2026-11-09 17:41:30,Running,,B,Lampone Zero 560ml,2200,1930,3159,1694,7,False
M01,2026-11-09 17:41:30,2026-11-09 17:57:56,Stopped,Buildup,B,Lampone Zero 560ml,2200,0,986,0,0,False
M01,2026-11-09 17:57:56,2026-11-09 18:39:09,Running,,B,Lampone Zero 560ml,2200,1875,2473,1288,7,False
M01,2026-11-09 18:39:09,2026-11-09 18:54:55,Stopped,Buildup,B,Lampone Zero 560ml,2200,0,946,0,0,False
M01,2026-11-09 18:54:55,2026-11-09 19:49:05,Running,,B,Lampone Zero 560ml,2200,1912,3250,1726,7,False
M01,2026-11-09 19:49:05,2026-11-09 20:36:34,Running,,B,Lampone Zero 560ml,2200,1867,2849,1478,6,False
M01,2026-11-09 20:36:34,2026-11-09 21:01:40,Running,,B,Lampone Zero 560ml,2200,1884,1506,788,4,False
M01,2026-11-09 21:01:40,2026-11-09 21:31:49,Running,,B,Lampone Zero 560ml,2200,1896,1809,953,5,False
M01,2026-11-09 21:31:49,2026-11-09 21:44:26,Stopped,Supplies,B,Lampone Zero 560ml,2200,0,757,0,0,False
M01,2026-11-09 21:44:26,2026-11-09 22:00:00,Running,,B,Lampone Zero 560ml,2200,1918,934,498,3,False
M01,2026-11-09 22:00:00,2026-11-09 22:12:22,Stopped,Starvation,C,Lampone Zero 560ml,2200,0,742,0,0,False
M01,2026-11-09 22:12:22,2026-11-09 22:18:09,Stopped,External,C,Lampone Zero 560ml,2200,0,347,0,0,False
M01,2026-11-09 22:18:09,2026-11-09 23:14:15,Running,,C,Lampone Zero 560ml,2200,1871,3366,1749,7,False
M01,2026-11-09 23:14:15,2026-11-09 23:54:37,Running,,C,Lampone Zero 560ml,2200,1882,2422,1266,4,False
M01,2026-11-09 23:54:37,2026-11-09 23:58:48,Stopped,External,C,Lampone Zero 560ml,2200,0,251,0,0,False
M01,2026-11-09 23:58:48,2026-11-10 00:00:00,Idle,,C,Lampone Zero 560ml,2200,0,72,0,0,False
M01,2026-11-10 00:00:00,2026-11-10 00:42:40,Running,,C,Lampone Zero 560ml,2200,1868,2560,1328,7,False
M01,2026-11-10 00:42:40,2026-11-10 01:10:23,Running,,C,Lampone Zero 560ml,2200,1910,1663,882,4,False
M01,2026-11-10 01:10:23,2026-11-10 01:55:13,Running,,C,Lampone Zero 560ml,2200,1888,2690,1411,7,False
M01,2026-11-10 01:55:13,2026-11-10 02:27:37,Running,,C,Lampone Zero 560ml,2200,1888,1944,1020,4,False
M01,2026-11-10 02:27:37,2026-11-10 03:13:31,Running,,C,Lampone Zero 560ml,2200,1880,2754,1438,6,False
M01,2026-11-10 03:13:31,2026-11-10 03:24:20,Stopped,Starvation,C,Lampone Zero 560ml,2200,0,649,0,0,False
M01,2026-11-10 03:24:20,2026-11-10 03:37:31,Stopped,Operator,C,Lampone Zero 560ml,2200,0,791,0,0,False
M01,2026-11-10 03:37:31,2026-11-10 04:00:14,Running,,C,Lampone Zero 560ml,2200,1930,1363,731,3,False
M01,2026-11-10 04:00:14,2026-11-10 04:54:31,Running,,C,Lampone Zero 560ml,2200,1879,3257,1700,7,False
M01,2026-11-10 04:54:31,2026-11-10 05:42:56,Running,,C,Lampone Zero 560ml,2200,1907,2905,1539,6,False
M01,2026-11-10 05:42:56,2026-11-10 06:00:00,Running,,C,Lampone Zero 560ml,2200,1922,1024,547,3,False
M01,2026-11-10 06:00:00,2026-11-10 07:14:10,Stopped,Maintenance,A,Lampone Zero 560ml,2200,0,4450,0,0,True
M01,2026-11-10 07:14:10,2026-11-10 08:07:05,Running,,A,Lampone Zero 560ml,2200,1913,3175,1687,7,False
M01,2026-11-10 08:07:05,2026-11-10 08:46:46,Running,,A,Lampone Zero 560ml,2200,1867,2381,1235,4,False
M01,2026-11-10 08:46:46,2026-11-10 09:20:07,Running,,A,Lampone Zero 560ml,2200,1891,2001,1051,5,False
M01,2026-11-10 09:20:07,2026-11-10 09:35:54,Idle,,A,Lampone Zero 560ml,2200,0,947,0,0,False
M01,2026-11-10 09:35:54,2026-11-10 10:27:28,Running,,A,Lampone Zero 560ml,2200,1859,3094,1598,6,False
M01,2026-11-10 10:27:28,2026-11-10 10:30:11,Stopped,External,A,Lampone Zero 560ml,2200,0,163,0,0,False
M01,2026-11-10 10:30:11,2026-11-10 11:05:08,Running,,A,Lampone Zero 560ml,2200,1884,2097,1097,5,False
M01,2026-11-10 11:05:08,2026-11-10 11:11:46,Stopped,Fault,A,Lampone Zero 560ml,2200,0,398,0,0,False
M01,2026-11-10 11:11:46,2026-11-10 11:37:00,Running,,A,Lampone Zero 560ml,2200,1865,1514,784,4,False
M01,2026-11-10 11:37:00,2026-11-10 12:20:04,Running,,A,Lampone Zero 560ml,2200,1922,2584,1380,6,False
M01,2026-11-10 12:20:04,2026-11-10 12:55:46,Running,,A,Lampone Zero 560ml,2200,1869,2142,1112,5,False
M01,2026-11-10 12:55:46,2026-11-10 13:51:28,Running,,A,Lampone Zero 560ml,2200,1913,3342,1776,8,False
M01,2026-11-10 13:51:28,2026-11-10 14:00:00,Running,,A,Lampone Zero 560ml,2200,1901,512,270,1,False
M01,2026-11-10 14:00:00,2026-11-10 14:25:47,Stopped,Changeover,B,Arancia Rossa 500ml,2400,0,1547,0,0,True
M01,2026-11-10 14:25:47,2026-11-10 14:30:39,Stopped,Starvation,B,Arancia Rossa 500ml,2400,0,292,0,0,False
M01,2026-11-10 14:30:39,2026-11-10 15:12:55,Running,,B,Arancia Rossa 500ml,2400,2076,2536,1462,6,False
M01,2026-11-10 15:12:55,2026-11-10 15:45:14,Running,,B,Arancia Rossa 500ml,2400,2078,1939,1119,5,False
M01,2026-11-10 15:45:14,2026-11-10 16:05:01,Idle,,B,Arancia Rossa 500ml,2400,0,1187,0,0,False
M01,2026-11-10 16:05:01,2026-11-10 16:27:21,Running,,B,Arancia Rossa 500ml,2400,2030,1340,756,4,False
M01,2026-11-10 16:27:21,2026-11-10 16:37:16,Stopped,Starvation,B,Arancia Rossa 500ml,2400,0,595,0,0,False
M01,2026-11-10 16:37:16,2026-11-10 16:45:55,Stopped,Starvation,B,Arancia Rossa 500ml,2400,0,519,0,0,False
M01,2026-11-10 16:45:55,2026-11-10 16:57:04,Stopped,External,B,Arancia Rossa 500ml,2400,0,669,0,0,False
M01,2026-11-10 16:57:04,2026-11-10 17:05:13,Stopped,Starvation,B,Arancia Rossa 500ml,2400,0,489,0,0,False
M01,2026-11-10 17:05:13,2026-11-10 17:41:23,Running,,B,Arancia Rossa 500ml,2400,2080,2170,1254,6,False
M01,2026-11-10 17:41:23,2026-11-10 17:50:30,Stopped,Buildup,B,Arancia Rossa 500ml,2400,0,547,0,0,False
M01,2026-11-10 17:50:30,2026-11-10 18:04:21,Stopped,Operator,B,Arancia Rossa 500ml,2400,0,831,0,0,False
M01,2026-11-10 18:04:21,2026-11-10 18:44:59,Running,,B,Arancia Rossa 500ml,2400,2030,2438,1375,5,False
M01,2026-11-10 18:44:59,2026-11-10 19:32:30,Running,,B,Arancia Rossa 500ml,2400,2063,2851,1634,6,False
M01,2026-11-10 19:32:30,2026-11-10 19:55:00,Running,,B,Arancia Rossa 500ml,2400,2045,1350,767,3,False
M01,2026-11-10 19:55:00,2026-11-10 20:54:34,Running,,B,Arancia Rossa 500ml,2400,2093,3574,2078,9,False
M01,2026-11-10 20:54:34,2026-11-10 21:33:42,Running,,B,Arancia Rossa 500ml,2400,2044,2348,1333,6,False
M01,2026-11-10 21:33:42,2026-11-10 21:55:38,Running,,B,Arancia Rossa 500ml,2400,2052,1316,750,3,False
M01,2026-11-10 21:55:38,2026-11-10 22:00:00,Idle,,B,Arancia Rossa 500ml,2400,0,262,0,0,False
M01,2026-11-10 22:00:00,2026-11-10 22:49:22,Running,,C,Arancia Rossa 500ml,2400,2097,2962,1725,7,False
M01,2026-11-10 22:49:22,2026-11-10 23:34:50,Running,,C,Arancia Rossa 500ml,2400,2036,2728,1543,6,False
M01,2026-11-10 23:34:50,2026-11-10 23:58:20,Running,,C,Arancia Rossa 500ml,2400,2068,1410,810,4,False
M01,2026-11-10 23:58:20,2026-11-11 00:00:00,Idle,,C,Arancia Rossa 500ml,2400,0,100,0,0,False
M01,2026-11-11 00:00:00,2026-11-11 00:56:35,Running,,C,Arancia Rossa 500ml,2400,2075,3395,1957,9,False
M01,2026-11-11 00:56:35,2026-11-11 01:10:05,Idle,,C,Arancia Rossa 500ml,2400,0,810,0,0,False
M01,2026-11-11 01:10:05,2026-11-11 02:04:34,Running,,C,Arancia Rossa 500ml,2400,2104,3269,1911,9,False
M01,2026-11-11 02:04:34,2026-11-11 02:34:38,Running,,C,Arancia Rossa 500ml,2400,2027,1804,1016,4,False
M01,2026-11-11 02:34:38,2026-11-11 02:38:24,Stopped,Supplies,C,Arancia Rossa 500ml,2400,0,226,0,0,False
M01,2026-11-11 02:38:24,2026-11-11 03:14:41,Running,,C,Arancia Rossa 500ml,2400,2046,2177,1237,6,False
M01,2026-11-11 03:14:41,2026-11-11 03:44:50,Running,,C,Arancia Rossa 500ml,2400,2052,1809,1031,4,False
M01,2026-11-11 03:44:50,2026-11-11 04:02:29,Idle,,C,Arancia Rossa 500ml,2400,0,1059,0,0,False
M01,2026-11-11 04:02:29,2026-11-11 04:12:20,Stopped,Starvation,C,Arancia Rossa 500ml,2400,0,591,0,0,False
M01,2026-11-11 04:12:20,2026-11-11 04:18:52,Idle,,C,Arancia Rossa 500ml,2400,0,392,0,0,False
M01,2026-11-11 04:18:52,2026-11-11 04:27:13,Stopped,Fault,C,Arancia Rossa 500ml,2400,0,501,0,0,False
M01,2026-11-11 04:27:13,2026-11-11 04:33:07,Stopped,Starvation,C,Arancia Rossa 500ml,2400,0,354,0,0,False
M01,2026-11-11 04:33:07,2026-11-11 05:05:25,Running,,C,Arancia Rossa 500ml,2400,2045,1938,1101,4,False
M01,2026-11-11 05:05:25,2026-11-11 05:27:30,Running,,C,Arancia Rossa 500ml,2400,2054,1325,756,3,False
M01,2026-11-11 05:27:30,2026-11-11 05:50:54,Running,,C,Arancia Rossa 500ml,2400,2072,1404,808,4,False
M01,2026-11-11 05:50:54,2026-11-11 06:00:00,Running,,C,Arancia Rossa 500ml,2400,2075,546,315,1,False
M01,2026-11-11 06:00:00,2026-11-11 06:24:03,Running,,A,Arancia Rossa 500ml,2400,2089,1443,837,4,False
M01,2026-11-11 06:24:03,2026-11-11 07:21:05,Running,,A,Arancia Rossa 500ml,2400,2029,3422,1929,9,False
M01,2026-11-11 07:21:05,2026-11-11 08:03:03,Running,,A,Arancia Rossa 500ml,2400,2051,2518,1435,6,False
M01,2026-11-11 08:03:03,2026-11-11 08:09:53,Stopped,Operator,A,Arancia Rossa 500ml,2400,0,410,0,0,False
M01,2026-11-11 08:09:53,2026-11-11 08:21:58,Stopped,Starvation,A,Arancia Rossa 500ml,2400,0,725,0,0,False
M01,2026-11-11 08:21:58,2026-11-11 08:43:26,Running,,A,Arancia Rossa 500ml,2400,2071,1288,741,3,False
M01,2026-11-11 08:43:26,2026-11-11 09:32:26,Running,,A,Arancia Rossa 500ml,2400,2031,2940,1659,9,False
M01,2026-11-11 09:32:26,2026-11-11 09:58:22,Running,,A,Arancia Rossa 500ml,2400,2083,1556,900,3,False
M01,2026-11-11 09:58:22,2026-11-11 10:54:57,Running,,A,Arancia Rossa 500ml,2400,2100,3395,1980,9,False
M01,2026-11-11 10:54:57,2026-11-11 11:04:41,Idle,,A,Arancia Rossa 500ml,2400,0,584,0,0,False
M01,2026-11-11 11:04:41,2026-11-11 11:10:03,Stopped,Starvation,A,Arancia Rossa 500ml,2400,0,322,0,0,False
M01,2026-11-11 11:10:03,2026-11-11 11:41:33,Running,,A,Arancia Rossa 500ml,2400,2060,1890,1082,5,False
M01,2026-11-11 11:41:33,2026-11-11 12:33:05,Running,,A,Arancia Rossa 500ml,2400,2059,3092,1768,8,False
M01,2026-11-11 12:33:05,2026-11-11 13:25:59,Running,,A,Arancia Rossa 500ml,2400,2066,3174,1822,9,False
M01,2026-11-11 13:25:59,2026-11-11 13:57:19,Running,,A,Arancia Rossa 500ml,2400,2066,1880,1079,5,False
M01,2026-11-11 13:57:19,2026-11-11 14:00:00,Idle,,A,Arancia Rossa 500ml,2400,0,161,0,0,False
M01,2026-11-11 14:00:00,2026-11-11 14:17:56,Stopped,Changeover,B,Lampone Zero 560ml,2200,0,1076,0,0,True
M01,2026-11-11 14:17:56,2026-11-11 15:11:21,Running,,B,Lampone Zero 560ml,2200,1879,3205,1673,6,False
M01,2026-11-11 15:11:21,2026-11-11 15:46:03,Running,,B,Lampone Zero 560ml,2200,1906,2082,1102,5,False
M01,2026-11-11 15:46:03,2026-11-11 16:18:22,Running,,B,Lampone Zero 560ml,2200,1875,1939,1010,5,False
M01,2026-11-11 16:18:22,2026-11-11 16:21:19,Stopped,Fault,B,Lampone Zero 560ml,2200,0,177,0,0,False
M01,2026-11-11 16:21:19,2026-11-11 16:41:08,Idle,,B,Lampone Zero 560ml,2200,0,1189,0,0,False
M01,2026-11-11 16:41:08,2026-11-11 17:25:12,Running,,B,Lampone Zero 560ml,2200,1894,2644,1391,6,False
M01,2026-11-11 17:25:12,2026-11-11 17:58:51,Running,,B,Lampone Zero 560ml,2200,1878,2019,1053,4,False
M01,2026-11-11 17:58:51,2026-11-11 18:25:44,Running,,B,Lampone Zero 560ml,2200,1866,1613,836,4,False
M01,2026-11-11 18:25:44,2026-11-11 18:47:12,Running,,B,Lampone Zero 560ml,2200,1877,1288,672,3,False
M01,2026-11-11 18:47:12,2026-11-11 19:01:42,Stopped,Starvation,B,Lampone Zero 560ml,2200,0,870,0,0,False
M01,2026-11-11 19:01:42,2026-11-11 19:38:42,Running,,B,Lampone Zero 560ml,2200,1928,2220,1189,6,False
M01,2026-11-11 19:38:42,2026-11-11 20:34:03,Running,,B,Lampone Zero 560ml,2200,1893,3321,1746,9,False
M01,2026-11-11 20:34:03,2026-11-11 21:16:52,Running,,B,Lampone Zero 560ml,2200,1917,2569,1368,5,False
M01,2026-11-11 21:16:52,2026-11-11 21:20:34,Stopped,Buildup,B,Lampone Zero 560ml,2200,0,222,0,0,False
M01,2026-11-11 21:20:34,2026-11-11 21:27:55,Stopped,Fault,B,Lampone Zero 560ml,2200,0,441,0,0,False
M01,2026-11-11 21:27:55,2026-11-11 21:53:38,Running,,B,Lampone Zero 560ml,2200,1927,1543,826,4,False
M01,2026-11-11 21:53:38,2026-11-11 21:59:17,Idle,,B,Lampone Zero 560ml,2200,0,339,0,0,False
M01,2026-11-11 21:59:17,2026-11-11 22:00:00,Idle,,B,Lampone Zero 560ml,2200,0,43,0,0,False
M01,2026-11-11 22:00:00,2026-11-11 22:18:30,Stopped,Changeover,C,Arancia Rossa 500ml,2400,0,1110,0,0,True
M01,2026-11-11 22:18:30,2026-11-11 23:14:37,Running,,C,Arancia Rossa 500ml,2400,2089,3367,1954,7,False
M01,2026-11-11 23:14:37,2026-11-11 23:23:50,Stopped,Starvation,C,Arancia Rossa 500ml,2400,0,553,0,0,False
M01,2026-11-11 23:23:50,2026-11-11 23:29:12,Stopped,Starvation,C,Arancia Rossa 500ml,2400,0,322,0,0,False
M01,2026-11-11 23:29:12,2026-11-11 23:50:40,Running,,C,Arancia Rossa 500ml,2400,2060,1288,737,3,False
M01,2026-11-11 23:50:40,2026-11-12 00:00:00,Running,,C,Arancia Rossa 500ml,2400,2055,560,320,2,False
M01,2026-11-12 00:00:00,2026-11-12 00:34:46,Running,,C,Arancia Rossa 500ml,2400,2083,2086,1207,5,False
M01,2026-11-12 00:34:46,2026-11-12 00:47:52,Idle,,C,Arancia Rossa 500ml,2400,0,786,0,0,False
M01,2026-11-12 00:47:52,2026-11-12 01:28:08,Running,,C,Arancia Rossa 500ml,2400,2090,2416,1403,7,False
M01,2026-11-12 01:28:08,2026-11-12 02:15:51,Running,,C,Arancia Rossa 500ml,2400,2093,2863,1665,8,False
M01,2026-11-12 02:15:51,2026-11-12 02:53:42,Running,,C,Arancia Rossa 500ml,2400,2105,2271,1328,6,False
M01,2026-11-12 02:53:42,2026-11-12 03:16:44,Running,,C,Arancia Rossa 500ml,2400,2064,1382,792,3,False
M01,2026-11-12 03:16:44,2026-11-12 03:52:56,Running,,C,Arancia Rossa 500ml,2400,2088,2172,1260,5,False
M01,2026-11-12 03:52:56,2026-11-12 04:45:35,Running,,C,Arancia Rossa 500ml,2400,2084,3159,1829,8,False
M01,2026-11-12 04:45:35,2026-11-12 05:42:05,Running,,C,Arancia Rossa 500ml,2400,2088,3390,1966,8,False
M01,2026-11-12 05:42:05,2026-11-12 05:56:53,Stopped,Supplies,C,Arancia Rossa 500ml,2400,0,888,0,0,False
M01,2026-11-12 05:56:53,2026-11-12 06:00:00,Idle,,C,Arancia Rossa 500ml,2400,0,187,0,0,False
M01,2026-11-12 06:00:00,2026-11-12 06:28:28,Stopped,Changeover,A,Lampone Zero 560ml,2200,0,1708,0,0,True
M01,2026-11-12 06:28:28,2026-11-12 06:31:02,Stopped,Starvation,A,Lampone Zero 560ml,2200,0,154,0,0,False
M01,2026-11-12 06:31:02,2026-11-12 06:49:10,Idle,,A,Lampone Zero 560ml,2200,0,1088,0,0,False
M01,2026-11-12 06:49:10,2026-11-12 06:59:44,Stopped,Operator,A,Lampone Zero 560ml,2200,0,634,0,0,False
M01,2026-11-12 06:59:44,2026-11-12 07:34:19,Running,,A,Lampone Zero 560ml,2200,1882,2075,1085,4,False
M01,2026-11-12 07:34:19,2026-11-12 07:48:46,Idle,,A,Lampone Zero 560ml,2200,0,867,0,0,False
M01,2026-11-12 07:48:46,2026-11-12 07:57:47,Stopped,Operator,A,Lampone Zero 560ml,2200,0,541,0,0,False
M01,2026-11-12 07:57:47,2026-11-12 08:52:25,Running,,A,Lampone Zero 560ml,2200,1892,3278,1723,6,False
M01,2026-11-12 08:52:25,2026-11-12 09:04:14,Stopped,Starvation,A,Lampone Zero 560ml,2200,0,709,0,0,False
M01,2026-11-12 09:04:14,2026-11-12 09:40:58,Running,,A,Lampone Zero 560ml,2200,1918,2204,1174,5,False
M01,2026-11-12 09:40:58,2026-11-12 09:48:54,Stopped,Starvation,A,Lampone Zero 560ml,2200,0,476,0,0,False
M01,2026-11-12 09:48:54,2026-11-12 10:03:27,Stopped,External,A,Lampone Zero 560ml,2200,0,873,0,0,False
M01,2026-11-12 10:03:27,2026-11-12 10:55:00,Running,,A,Lampone Zero 560ml,2200,1890,3093,1624,6,False
M01,2026-11-12 10:55:00,2026-11-12 11:26:28,Running,,A,Lampone Zero 560ml,2200,1864,1888,978,5,False
M01,2026-11-12 11:26:28,2026-11-12 11:46:30,Running,,A,Lampone Zero 560ml,2200,1920,1202,641,3,False
M01,2026-11-12 11:46:30,2026-11-12 12:09:24,Running,,A,Lampone Zero 560ml,2200,1919,1374,732,4,False
M01,2026-11-12 12:09:24,2026-11-12 12:23:22,Stopped,External,A,Lampone Zero 560ml,2200,0,838,0,0,False
M01,2026-11-12 12:23:22,2026-11-12 12:34:38,Stopped,External,A,Lampone Zero 560ml,2200,0,676,0,0,False
M01,2026-11-12 12:34:38,2026-11-12 12:59:40,Running,,A,Lampone Zero 560ml,2200,1905,1502,795,3,False
M01,2026-11-12 12:59:40,2026-11-12 13:54:13,Running,,A,Lampone Zero 560ml,2200,1917,3273,1743,8,False
M01,2026-11-12 13:54:13,2026-11-12 14:00:00,Running,,A,Lampone Zero 560ml,2200,1887,347,182,1,False
M01,2026-11-12 14:00:00,2026-11-12 14:20:12,Stopped,Changeover,B,Arancia Rossa 500ml,2400,0,1212,0,0,True
M01,2026-11-12 14:20:12,2026-11-12 15:08:39,Running,,B,Arancia Rossa 500ml,2400,2103,2907,1698,7,False
M01,2026-11-12 15:08:39,2026-11-12 15:12:27,Stopped,Buildup,B,Arancia Rossa 500ml,2400,0,228,0,0,False
M01,2026-11-12 15:12:27,2026-11-12 15:33:49,Running,,B,Arancia Rossa 500ml,2400,2043,1282,728,4,False
M01,2026-11-12 15:33:49,2026-11-12 16:14:29,Running,,B,Arancia Rossa 500ml,2400,2100,2440,1423,7,False
M01,2026-11-12 16:14:29,2026-11-12 16:23:53,Stopped,Starvation,B,Arancia Rossa 500ml,2400,0,564,0,0,False
M01,2026-11-12 16:23:53,2026-11-12 16:59:14,Running,,B,Arancia Rossa 500ml,2400,2094,2121,1234,5,False
M01,2026-11-12 16:59:14,2026-11-12 17:14:10,Stopped,Buildup,B,Arancia Rossa 500ml,2400,0,896,0,0,False
M01,2026-11-12 17:14:10,2026-11-12 17:40:31,Running,,B,Arancia Rossa 500ml,2400,2108,1581,926,4,False
M01,2026-11-12 17:40:31,2026-11-12 17:43:24,Stopped,External,B,Arancia Rossa 500ml,2400,0,173,0,0,False
M01,2026-11-12 17:43:24,2026-11-12 18:23:45,Running,,B,Arancia Rossa 500ml,2400,2065,2421,1389,5,False
M01,2026-11-12 18:23:45,2026-11-12 18:35:12,Stopped,Fault,B,Arancia Rossa 500ml,2400,0,687,0,0,False
M01,2026-11-12 18:35:12,2026-11-12 19:07:17,Running,,B,Arancia Rossa 500ml,2400,2061,1925,1102,4,False
M01,2026-11-12 19:07:17,2026-11-12 19:51:16,Running,,B,Arancia Rossa 500ml,2400,2079,2639,1524,5,False
M01,2026-11-12 19:51:16,2026-11-12 20:06:06,Stopped,External,B,Arancia Rossa 500ml,2400,0,890,0,0,False
M01,2026-11-12 20:06:06,2026-11-12 21:02:40,Running,,B,Arancia Rossa 500ml,2400,2052,3394,1935,7,False
M01,2026-11-12 21:02:40,2026-11-12 21:14:10,Stopped,Fault,B,Arancia Rossa 500ml,2400,0,690,0,0,False
M01,2026-11-12 21:14:10,2026-11-12 21:43:47,Running,,B,Arancia Rossa 500ml,2400,2049,1777,1011,4,False
M01,2026-11-12 21:43:47,2026-11-12 22:00:00,Running,,B,Arancia Rossa 500ml,2400,2037,973,551,3,False
M01,2026-11-12 22:00:00,2026-11-12 22:38:41,Stopped,Changeover,C,Lampone Zero 560ml,2200,0,2321,0,0,True
M01,2026-11-12 22:38:41,2026-11-12 23:35:37,Running,,C,Lampone Zero 560ml,2200,1879,3416,1783,7,False
M01,2026-11-12 23:35:37,2026-11-12 23:57:29,Running,,C,Lampone Zero 560ml,2200,1885,1312,687,3,False
M01,2026-11-12 23:57:29,2026-11-13 00:00:00,Idle,,C,Lampone Zero 560ml,2200,0,151,0,0,False
M01,2026-11-13 00:00:00,2026-11-13 00:39:37,Running,,C,Lampone Zero 560ml,2200,1835,2377,1212,6,False
M01,2026-11-13 00:39:37,2026-11-13 01:37:33,Running,,C,Lampone Zero 560ml,2200,1803,3476,1741,6,False
M01,2026-11-13 01:37:33,2026-11-13 02:32:16,Running,,C,Lampone Zero 560ml,2200,1810,3283,1651,6,False
M01,2026-11-13 02:32:16,2026-11-13 02:45:10,Stopped,Starvation,C,Lampone Zero 560ml,2200,0,774,0,0,False
M01,2026-11-13 02:45:10,2026-11-13 03:34:11,Running,,C,Lampone Zero 560ml,2200,1815,2941,1483,6,False
M01,2026-11-13 03:34:11,2026-11-13 04:17:40,Running,,C,Lampone Zero 560ml,2200,1814,2609,1315,6,False
M01,2026-11-13 04:17:40,2026-11-13 05:13:21,Running,,C,Lampone Zero 560ml,2200,1836,3341,1704,7,False
M01,2026-11-13 05:13:21,2026-11-13 05:36:16,Running,,C,Lampone Zero 560ml,2200,1859,1375,710,3,False
M01,2026-11-13 05:36:16,2026-11-13 05:38:32,Stopped,Operator,C,Lampone Zero 560ml,2200,0,136,0,0,False
M01,2026-11-13 05:38:32,2026-11-13 05:58:50,Running,,C,Lampone Zero 560ml,2200,1812,1218,613,2,False
M01,2026-11-13 05:58:50,2026-11-13 06:00:00,Idle,,C,Lampone Zero 560ml,2200,0,70,0,0,False
M01,2026-11-13 06:00:00,2026-11-13 06:23:36,Stopped,Changeover,A,Arancia Rossa 500ml,2400,0,1416,0,0,True
M01,2026-11-13 06:23:36,2026-11-13 07:02:06,Running,,A,Arancia Rossa 500ml,2400,1982,2310,1272,5,False
M01,2026-11-13 07:02:06,2026-11-13 07:22:54,Running,,A,Arancia Rossa 500ml,2400,2016,1248,699,4,False
M01,2026-11-13 07:22:54,2026-11-13 08:18:03,Running,,A,Arancia Rossa 500ml,2400,1975,3309,1815,9,False
M01,2026-11-13 08:18:03,2026-11-13 08:23:55,Idle,,A,Arancia Rossa 500ml,2400,0,352,0,0,False
M01,2026-11-13 08:23:55,2026-11-13 08:40:23,Stopped,Starvation,A,Arancia Rossa 500ml,2400,0,988,0,0,False
M01,2026-11-13 08:40:23,2026-11-13 08:52:35,Stopped,Fault,A,Arancia Rossa 500ml,2400,0,732,0,0,False
M01,2026-11-13 08:52:35,2026-11-13 09:42:06,Running,,A,Arancia Rossa 500ml,2400,1976,2971,1631,6,False
M01,2026-11-13 09:42:06,2026-11-13 10:32:14,Running,,A,Arancia Rossa 500ml,2400,1989,3008,1662,6,False
M01,2026-11-13 10:32:14,2026-11-13 11:14:25,Running,,A,Arancia Rossa 500ml,2400,2001,2531,1407,6,False
M01,2026-11-13 11:14:25,2026-11-13 11:38:43,Running,,A,Arancia Rossa 500ml,2400,2009,1458,814,4,False
M01,2026-11-13 11:38:43,2026-11-13 11:55:52,Stopped,Starvation,A,Arancia Rossa 500ml,2400,0,1029,0,0,False
M01,2026-11-13 11:55:52,2026-11-13 12:53:11,Running,,A,Arancia Rossa 500ml,2400,2022,3439,1932,10,False
M01,2026-11-13 12:53:11,2026-11-13 13:18:28,Running,,A,Arancia Rossa 500ml,2400,1993,1517,840,4,False
M01,2026-11-13 13:18:28,2026-11-13 13:22:17,Stopped,Starvation,A,Arancia Rossa 500ml,2400,0,229,0,0,False
M01,2026-11-13 13:22:17,2026-11-13 13:50:56,Running,,A,Arancia Rossa 500ml,2400,2026,1719,967,4,False
M01,2026-11-13 13:50:56,2026-11-13 14:00:00,Running,,A,Arancia Rossa 500ml,2400,1983,544,300,1,False
M01,2026-11-13 14:00:00,2026-11-13 14:32:09,Stopped,Changeover,B,Lampone Zero 560ml,2200,0,1929,0,0,True
M01,2026-11-13 14:32:09,2026-11-13 15:30:26,Running,,B,Lampone Zero 560ml,2200,1854,3497,1801,7,False
M01,2026-11-13 15:30:26,2026-11-13 16:29:33,Running,,B,Lampone Zero 560ml,2200,1814,3547,1787,6,False
M01,2026-11-13 16:29:33,2026-11-13 17:12:56,Running,,B,Lampone Zero 560ml,2200,1820,2603,1316,6,False
M01,2026-11-13 17:12:56,2026-11-13 17:24:09,Stopped,Operator,B,Lampone Zero 560ml,2200,0,673,0,0,False
M01,2026-11-13 17:24:09,2026-11-13 17:55:25,Running,,B,Lampone Zero 560ml,2200,1840,1876,959,4,False
M01,2026-11-13 17:55:25,2026-11-13 18:42:52,Running,,B,Lampone Zero 560ml,2200,1841,2847,1456,7,False
M01,2026-11-13 18:42:52,2026-11-13 19:21:43,Running,,B,Lampone Zero 560ml,2200,1806,2331,1169,6,False
M01,2026-11-13 19:21:43,2026-11-13 19:47:20,Running,,B,Lampone Zero 560ml,2200,1818,1537,776,4,False
M01,2026-11-13 19:47:20,2026-11-13 20:40:09,Running,,B,Lampone Zero 560ml,2200,1849,3169,1628,8,False
M01,2026-11-13 20:40:09,2026-11-13 21:27:31,Running,,B,Lampone Zero 560ml,2200,1808,2842,1427,7,False
M01,2026-11-13 21:27:31,2026-11-13 21:52:30,Running,,B,Lampone Zero 560ml,2200,1830,1499,762,3,False
M01,2026-11-13 21:52:30,2026-11-13 22:00:00,Running,,B,Lampone Zero 560ml,2200,1812,450,226,1,False
M01,2026-11-13 22:00:00,2026-11-13 22:10:01,Stopped,Starvation,C,Lampone Zero 560ml,2200,0,601,0,0,False
M01,2026-11-13 22:10:01,2026-11-13 22:31:41,Running,,C,Lampone Zero 560ml,2200,1872,1300,676,3,False
M01,2026-11-13 22:31:41,2026-11-13 23:14:09,Running,,C,Lampone Zero 560ml,2200,1815,2548,1285,5,False
M01,2026-11-13 23:14:09,2026-11-13 23:23:00,Stopped,Starvation,C,Lampone Zero 560ml,2200,0,531,0,0,False
M01,2026-11-13 23:23:00,2026-11-13 23:45:33,Running,,C,Lampone Zero 560ml,2200,1849,1353,695,3,False
M01,2026-11-13 23:45:33,2026-11-13 23:55:58,Idle,,C,Lampone Zero 560ml,2200,0,625,0,0,False
M01,2026-11-13 23:55:58,2026-11-14 00:00:00,Idle,,C,Lampone Zero 560ml,2200,0,242,0,0,False
M01,2026-11-14 00:00:00,2026-11-14 00:27:21,Running,,C,Lampone Zero 560ml,2200,1711,1641,780,4,False
M01,2026-11-14 00:27:21,2026-11-14 01:26:22,Running,,C,Lampone Zero 560ml,2200,1716,3541,1688,7,False
M01,2026-11-14 01:26:22,2026-11-14 02:10:13,Running,,C,Lampone Zero 560ml,2200,1684,2631,1231,5,False
M01,2026-11-14 02:10:13,2026-11-14 02:50:50,Running,,C,Lampone Zero 560ml,2200,1715,2437,1161,5,False
M01,2026-11-14 02:50:50,2026-11-14 03:20:53,Running,,C,Lampone Zero 560ml,2200,1675,1803,839,3,False
M01,2026-11-14 03:20:53,2026-11-14 03:50:31,Running,,C,Lampone Zero 560ml,2200,1697,1778,838,4,False
M01,2026-11-14 03:50:31,2026-11-14 04:46:14,Running,,C,Lampone Zero 560ml,2200,1708,3343,1586,7,False
M01,2026-11-14 04:46:14,2026-11-14 05:13:45,Running,,C,Lampone Zero 560ml,2200,1686,1651,773,4,False
M01,2026-11-14 05:13:45,2026-11-14 05:30:57,Idle,,C,Lampone Zero 560ml,2200,0,1032,0,0,False
M01,2026-11-14 05:30:57,2026-11-14 05:53:59,Running,,C,Lampone Zero 560ml,2200,1738,1382,667,3,False
M01,2026-11-14 05:53:59,2026-11-14 06:00:00,Running,,C,Lampone Zero 560ml,2200,1713,361,172,1,False
M01,2026-11-14 06:00:00,2026-11-14 06:10:09,Stopped,External,A,Lampone Zero 560ml,2200,0,609,0,0,False
M01,2026-11-14 06:10:09,2026-11-14 06:41:15,Running,,A,Lampone Zero 560ml,2200,1693,1866,878,4,False
M01,2026-11-14 06:41:15,2026-11-14 07:17:40,Running,,A,Lampone Zero 560ml,2200,1715,2185,1041,5,False
M01,2026-11-14 07:17:40,2026-11-14 08:03:57,Running,,A,Lampone Zero 560ml,2200,1715,2777,1323,5,False
M01,2026-11-14 08:03:57,2026-11-14 08:42:59,Running,,A,Lampone Zero 560ml,2200,1736,2342,1129,5,False
M01,2026-11-14 08:42:59,2026-11-14 09:13:35,Running,,A,Lampone Zero 560ml,2200,1731,1836,883,4,False
M01,2026-11-14 09:13:35,2026-11-14 09:23:39,Stopped,Starvation,A,Lampone Zero 560ml,2200,0,604,0,0,False
M01,2026-11-14 09:23:39,2026-11-14 09:31:42,Stopped,External,A,Lampone Zero 560ml,2200,0,483,0,0,False
M01,2026-11-14 09:31:42,2026-11-14 09:42:04,Idle,,A,Lampone Zero 560ml,2200,0,622,0,0,False
M01,2026-11-14 09:42:04,2026-11-14 10:24:57,Running,,A,Lampone Zero 560ml,2200,1735,2573,1240,5,False
M01,2026-11-14 10:24:57,2026-11-14 10:56:10,Running,,A,Lampone Zero 560ml,2200,1722,1873,896,3,False
M01,2026-11-14 10:56:10,2026-11-14 11:03:58,Stopped,Operator,A,Lampone Zero 560ml,2200,0,468,0,0,False
M01,2026-11-14 11:03:58,2026-11-14 11:48:10,Running,,A,Lampone Zero 560ml,2200,1698,2652,1251,6,False
M01,2026-11-14 11:48:10,2026-11-14 11:52:24,Stopped,Fault,A,Lampone Zero 560ml,2200,0,254,0,0,False
M01,2026-11-14 11:52:24,2026-11-14 12:22:18,Running,,A,Lampone Zero 560ml,2200,1692,1794,843,4,False
M01,2026-11-14 12:22:18,2026-11-14 13:09:31,Running,,A,Lampone Zero 560ml,2200,1697,2833,1335,5,False
M01,2026-11-14 13:09:31,2026-11-14 13:59:06,Running,,A,Lampone Zero 560ml,2200,1689,2975,1396,5,False
M01,2026-11-14 13:59:06,2026-11-14 14:00:00,Idle,,A,Lampone Zero 560ml,2200,0,54,0,0,False
M01,2026-11-14 14:00:00,2026-11-14 14:39:40,Stopped,Changeover,B,Arancia Rossa 500ml,2400,0,2380,0,0,True
M01,2026-11-14 14:39:40,2026-11-14 14:52:07,Stopped,Starvation,B,Arancia Rossa 500ml,2400,0,747,0,0,False
M01,2026-11-14 14:52:07,2026-11-14 15:33:05,Running,,B,Arancia Rossa 500ml,2400,1825,2458,1246,5,False
M01,2026-11-14 15:33:05,2026-11-14 16:13:38,Running,,B,Arancia Rossa 500ml,2400,1866,2433,1261,6,False
M01,2026-11-14 16:13:38,2026-11-14 16:57:19,Running,,B,Arancia Rossa 500ml,2400,1854,2621,1350,7,False
M01,2026-11-14 16:57:19,2026-11-14 17:38:53,Running,,B,Arancia Rossa 500ml,2400,1875,2494,1299,6,False
M01,2026-11-14 17:38:53,2026-11-14 18:24:10,Running,,B,Arancia Rossa 500ml,2400,1892,2717,1428,6,False
M01,2026-11-14 18:24:10,2026-11-14 18:37:03,Stopped,External,B,Arancia Rossa 500ml,2400,0,773,0,0,False
M01,2026-11-14 18:37:03,2026-11-14 18:57:14,Running,,B,Arancia Rossa 500ml,2400,1876,1211,631,3,False
M01,2026-11-14 18:57:14,2026-11-14 19:37:43,Running,,B,Arancia Rossa 500ml,2400,1873,2429,1264,5,False
M01,2026-11-14 19:37:43,2026-11-14 20:08:20,Running,,B,Arancia Rossa 500ml,2400,1875,1837,957,3,False
M01,2026-11-14 20:08:20,2026-11-14 20:40:40,Running,,B,Arancia Rossa 500ml,2400,1868,1940,1007,4,False
M01,2026-11-14 20:40:40,2026-11-14 21:33:21,Running,,B,Arancia Rossa 500ml,2400,1861,3161,1634,8,False
M01,2026-11-14 21:33:21,2026-11-14 21:57:41,Running,,B,Arancia Rossa 500ml,2400,1848,1460,749,3,False
M01,2026-11-14 21:57:41,2026-11-14 22:00:00,Idle,,B,Arancia Rossa 500ml,2400,0,139,0,0,False
M01,2026-11-14 22:00:00,2026-11-14 22:18:54,Stopped,Changeover,C,Lampone Zero 560ml,2200,0,1134,0,0,True
M01,2026-11-14 22:18:54,2026-11-14 23:08:01,Running,,C,Lampone Zero 560ml,2200,1688,2947,1382,6,False
M01,2026-11-14 23:08:01,2026-11-14 23:18:06,Idle,,C,Lampone Zero 560ml,2200,0,605,0,0,False
M01,2026-11-14 23:18:06,2026-11-14 23:43:33,Running,,C,Lampone Zero 560ml,2200,1700,1527,721,3,False
M01,2026-11-14 23:43:33,2026-11-15 00:00:00,Running,,C,Lampone Zero 560ml,2200,1686,987,462,2,False
M01,2026-11-15 00:00:00,2026-11-15 00:33:37,Running,,C,Lampone Zero 560ml,2200,1624,2017,910,4,False
M01,2026-11-15 00:33:37,2026-11-15 00:59:15,Running,,C,Lampone Zero 560ml,2200,1594,1538,681,2,False
M01,2026-11-15 00:59:15,2026-11-15 01:31:19,Running,,C,Lampone Zero 560ml,2200,1582,1924,845,4,False
M01,2026-11-15 01:31:19,2026-11-15 01:43:27,Stopped,External,C,Lampone Zero 560ml,2200,0,728,0,0,False
M01,2026-11-15 01:43:27,2026-11-15 02:08:01,Running,,C,Lampone Zero 560ml,2200,1608,1474,658,3,False
M01,2026-11-15 02:08:01,2026-11-15 02:25:06,Stopped,Buildup,C,Lampone Zero 560ml,2200,0,1025,0,0,False
M01,2026-11-15 02:25:06,2026-11-15 02:42:31,Stopped,External,C,Lampone Zero 560ml,2200,0,1045,0,0,False
M01,2026-11-15 02:42:31,2026-11-15 03:13:47,Running,,C,Lampone Zero 560ml,2200,1604,1876,836,4,False
M01,2026-11-15 03:13:47,2026-11-15 03:29:57,Idle,,C,Lampone Zero 560ml,2200,0,970,0,0,False
M01,2026-11-15 03:29:57,2026-11-15 03:58:51,Running,,C,Lampone Zero 560ml,2200,1589,1734,765,4,False
M01,2026-11-15 03:58:51,2026-11-15 04:40:10,Running,,C,Lampone Zero 560ml,2200,1601,2479,1102,4,False
M01,2026-11-15 04:40:10,2026-11-15 05:36:15,Running,,C,Lampone Zero 560ml,2200,1583,3365,1480,6,False
M01,2026-11-15 05:36:15,2026-11-15 05:47:29,Stopped,External,C,Lampone Zero 560ml,2200,0,674,0,0,False
M01,2026-11-15 05:47:29,2026-11-15 06:00:00,Running,,C,Lampone Zero 560ml,2200,1562,751,326,1,False
M01,2026-11-15 06:00:00,2026-11-15 06:19:17,Stopped,Changeover,A,Arancia Rossa 500ml,2400,0,1157,0,0,True
M01,2026-11-15 06:19:17,2026-11-15 07:14:04,Running,,A,Arancia Rossa 500ml,2400,1738,3287,1587,7,False
M01,2026-11-15 07:14:04,2026-11-15 07:33:33,Idle,,A,Arancia Rossa 500ml,2400,0,1169,0,0,False
M01,2026-11-15 07:33:33,2026-11-15 08:10:45,Running,,A,Arancia Rossa 500ml,2400,1761,2232,1092,4,False
M01,2026-11-15 08:10:45,2026-11-15 08:56:34,Running,,A,Arancia Rossa 500ml,2400,1718,2749,1312,5,False
M01,2026-11-15 08:56:34,2026-11-15 09:56:00,Running,,A,Arancia Rossa 500ml,2400,1756,3566,1739,9,False
M01,2026-11-15 09:56:00,2026-11-15 10:35:59,Running,,A,Arancia Rossa 500ml,2400,1755,2399,1170,5,False
M01,2026-11-15 10:35:59,2026-11-15 10:39:13,Stopped,External,A,Arancia Rossa 500ml,2400,0,194,0,0,False
M01,2026-11-15 10:39:13,2026-11-15 11:06:44,Running,,A,Arancia Rossa 500ml,2400,1746,1651,801,3,False
M01,2026-11-15 11:06:44,2026-11-15 11:52:45,Running,,A,Arancia Rossa 500ml,2400,1711,2761,1312,6,False
M01,2026-11-15 11:52:45,2026-11-15 12:37:48,Running,,A,Arancia Rossa 500ml,2400,1718,2703,1290,6,False
M01,2026-11-15 12:37:48,2026-11-15 12:46:16,Stopped,External,A,Arancia Rossa 500ml,2400,0,508,0,0,False
M01,2026-11-15 12:46:16,2026-11-15 13:12:26,Running,,A,Arancia Rossa 500ml,2400,1751,1570,764,4,False
M01,2026-11-15 13:12:26,2026-11-15 13:54:27,Running,,A,Arancia Rossa 500ml,2400,1763,2521,1235,5,False
M01,2026-11-15 13:54:27,2026-11-15 14:00:00,Running,,A,Arancia Rossa 500ml,2400,1717,333,159,1,False
M01,2026-11-15 14:00:00,2026-11-15 14:30:03,Stopped,Changeover,B,Lampone Zero 560ml,2200,0,1803,0,0,True
M01,2026-11-15 14:30:03,2026-11-15 15:24:34,Running,,B,Lampone Zero 560ml,2200,1597,3271,1451,5,False
M01,2026-11-15 15:24:34,2026-11-15 15:31:29,Stopped,Starvation,B,Lampone Zero 560ml,2200,0,415,0,0,False
M01,2026-11-15 15:31:29,2026-11-15 16:02:13,Running,,B,Lampone Zero 560ml,2200,1582,1844,810,3,False
M01,2026-11-15 16:02:13,2026-11-15 16:38:12,Running,,B,Lampone Zero 560ml,2200,1575,2159,945,4,False
M01,2026-11-15 16:38:12,2026-11-15 16:48:31,Stopped,External,B,Lampone Zero 560ml,2200,0,619,0,0,False
M01,2026-11-15 16:48:31,2026-11-15 17:13:13,Running,,B,Lampone Zero 560ml,2200,1599,1482,658,2,False
M01,2026-11-15 17:13:13,2026-11-15 17:51:01,Running,,B,Lampone Zero 560ml,2200,1599,2268,1007,4,False
M01,2026-11-15 17:51:01,2026-11-15 18:33:32,Running,,B,Lampone Zero 560ml,2200,1572,2551,1114,4,False
M01,2026-11-15 18:33:32,2026-11-15 18:38:18,Stopped,Operator,B,Lampone Zero 560ml,2200,0,286,0,0,False
M01,2026-11-15 18:38:18,2026-11-15 19:01:55,Running,,B,Lampone Zero 560ml,2200,1575,1417,620,2,False
M01,2026-11-15 19:01:55,2026-11-15 19:33:21,Running,,B,Lampone Zero 560ml,2200,1588,1886,832,3,False
M01,2026-11-15 19:33:21,2026-11-15 19:57:53,Running,,B,Lampone Zero 560ml,2200,1598,1472,653,3,False
M01,2026-11-15 19:57:53,2026-11-15 20:53:26,Running,,B,Lampone Zero 560ml,2200,1577,3333,1460,5,False
M01,2026-11-15 20:53:26,2026-11-15 21:50:33,Running,,B,Lampone Zero 560ml,2200,1589,3427,1513,6,False
M01,2026-11-15 21:50:33,2026-11-15 22:00:00,Running,,B,Lampone Zero 560ml,2200,1579,567,249,1,False
M01,2026-11-15 22:00:00,2026-11-15 22:35:41,Stopped,Changeover,C,Arancia Rossa 500ml,2400,0,2141,0,0,True
M01,2026-11-15 22:35:41,2026-11-15 23:06:21,Running,,C,Arancia Rossa 500ml,2400,1731,1840,885,3,False
M01,2026-11-15 23:06:21,2026-11-15 23:50:58,Running,,C,Arancia Rossa 500ml,2400,1753,2677,1304,5,False
M01,2026-11-15 23:50:58,2026-11-15 23:58:24,Stopped,Starvation,C,Arancia Rossa 500ml,2400,0,446,0,0,False
M01,2026-11-15 23:58:24,2026-11-16 00:00:00,Idle,,C,Arancia Rossa 500ml,2400,0,96,0,0,False
M01,2026-11-16 00:00:00,2026-11-16 00:42:17,Running,,C,Arancia Rossa 500ml,2400,2099,2537,1479,7,False
M01,2026-11-16 00:42:17,2026-11-16 00:51:14,Stopped,Operator,C,Arancia Rossa 500ml,2400,0,537,0,0,False
M01,2026-11-16 00:51:14,2026-11-16 00:54:23,Stopped,External,C,Arancia Rossa 500ml,2400,0,189,0,0,False
M01,2026-11-16 00:54:23,2026-11-16 01:38:30,Running,,C,Arancia Rossa 500ml,2400,2043,2647,1502,7,False
M01,2026-11-16 01:38:30,2026-11-16 02:14:16,Running,,C,Arancia Rossa 500ml,2400,2066,2146,1232,5,False
M01,2026-11-16 02:14:16,2026-11-16 03:12:33,Running,,C,Arancia Rossa 500ml,2400,2095,3497,2035,8,False
M01,2026-11-16 03:12:33,2026-11-16 04:02:48,Running,,C,Arancia Rossa 500ml,2400,2031,3015,1701,8,False
M01,2026-11-16 04:02:48,2026-11-16 04:37:02,Running,,C,Arancia Rossa 500ml,2400,2042,2054,1165,4,False
M01,2026-11-16 04:37:02,2026-11-16 05:25:59,Running,,C,Arancia Rossa 500ml,2400,2079,2937,1696,6,False
M01,2026-11-16 05:25:59,2026-11-16 05:58:34,Running,,C,Arancia Rossa 500ml,2400,2068,1955,1123,6,False
M01,2026-11-16 05:58:34,2026-11-16 06:00:00,Idle,,C,Arancia Rossa 500ml,2400,0,86,0,0,False
M01,2026-11-16 06:00:00,2026-11-16 06:31:19,Stopped,Changeover,A,Lampone Zero 560ml,2200,0,1879,0,0,True
M01,2026-11-16 06:31:19,2026-11-16 07:30:49,Running,,A,Lampone Zero 560ml,2200,1922,3570,1906,9,False
M01,2026-11-16 07:30:49,2026-11-16 07:38:10,Idle,,A,Lampone Zero 560ml,2200,0,441,0,0,False
M01,2026-11-16 07:38:10,2026-11-16 07:54:43,Stopped,Starvation,A,Lampone Zero 560ml,2200,0,993,0,0,False
M01,2026-11-16 07:54:43,2026-11-16 08:39:00,Running,,A,Lampone Zero 560ml,2200,1932,2657,1426,6,False
M01,2026-11-16 08:39:00,2026-11-16 08:47:09,Stopped,Fault,A,Lampone Zero 560ml,2200,0,489,0,0,False
M01,2026-11-16 08:47:09,2026-11-16 09:16:52,Running,,A,Lampone Zero 560ml,2200,1921,1783,951,4,False
M01,2026-11-16 09:16:52,2026-11-16 09:58:54,Running,,A,Lampone Zero 560ml,2200,1868,2522,1309,6,False
M01,2026-11-16 09:58:54,2026-11-16 10:42:41,Running,,A,Lampone Zero 560ml,2200,1917,2627,1399,7,False
M01,2026-11-16 10:42:41,2026-11-16 11:30:40,Running,,A,Lampone Zero 560ml,2200,1916,2879,1532,6,False
M01,2026-11-16 11:30:40,2026-11-16 11:54:41,Running,,A,Lampone Zero 560ml,2200,1883,1441,754,4,False
M01,2026-11-16 11:54:41,2026-11-16 12:10:22,Stopped,Supplies,A,Lampone Zero 560ml,2200,0,941,0,0,False
M01,2026-11-16 12:10:22,2026-11-16 12:36:04,Running,,A,Lampone Zero 560ml,2200,1933,1542,828,4,False
M01,2026-11-16 12:36:04,2026-11-16 12:41:25,Stopped,Starvation,A,Lampone Zero 560ml,2200,0,321,0,0,False
M01,2026-11-16 12:41:25,2026-11-16 12:46:28,Stopped,Starvation,A,Lampone Zero 560ml,2200,0,303,0,0,False
M01,2026-11-16 12:46:28,2026-11-16 13:02:11,Stopped,External,A,Lampone Zero 560ml,2200,0,943,0,0,False
M01,2026-11-16 13:02:11,2026-11-16 13:31:02,Running,,A,Lampone Zero 560ml,2200,1893,1731,910,4,False
M01,2026-11-16 13:31:02,2026-11-16 13:41:22,Stopped,Starvation,A,Lampone Zero 560ml,2200,0,620,0,0,False
M01,2026-11-16 13:41:22,2026-11-16 13:47:22,Idle,,A,Lampone Zero 560ml,2200,0,360,0,0,False
M01,2026-11-16 13:47:22,2026-11-16 14:00:00,Running,,A,Lampone Zero 560ml,2200,1928,758,406,1,False
M01,2026-11-16 14:00:00,2026-11-16 14:26:59,Stopped,Changeover,B,Arancia Rossa 500ml,2400,0,1619,0,0,True
M01,2026-11-16 14:26:59,2026-11-16 14:47:10,Running,,B,Arancia Rossa 500ml,2400,2106,1211,708,4,False
M01,2026-11-16 14:47:10,2026-11-16 15:22:29,Running,,B,Arancia Rossa 500ml,2400,2085,2119,1227,5,False
M01,2026-11-16 15:22:29,2026-11-16 16:00:22,Running,,B,Arancia Rossa 500ml,2400,2101,2273,1327,7,False
M01,2026-11-16 16:00:22,2026-11-16 16:44:47,Running,,B,Arancia Rossa 500ml,2400,2034,2665,1506,6,False
M01,2026-11-16 16:44:47,2026-11-16 17:18:27,Running,,B,Arancia Rossa 500ml,2400,2048,2020,1149,5,False
M01,2026-11-16 17:18:27,2026-11-16 17:55:40,Running,,B,Arancia Rossa 500ml,2400,2046,2233,1269,6,False
M01,2026-11-16 17:55:40,2026-11-16 18:19:52,Running,,B,Arancia Rossa 500ml,2400,2038,1452,822,3,False
M01,2026-11-16 18:19:52,2026-11-16 18:28:22,Idle,,B,Arancia Rossa 500ml,2400,0,510,0,0,False
M01,2026-11-16 18:28:22,2026-11-16 18:34:11,Stopped,Operator,B,Arancia Rossa 500ml,2400,0,349,0,0,False
M01,2026-11-16 18:34:11,2026-11-16 19:29:32,Running,,B,Arancia Rossa 500ml,2400,2034,3321,1876,9,False
M01,2026-11-16 19:29:32,2026-11-16 19:49:49,Running,,B,Arancia Rossa 500ml,2400,2053,1217,694,3,False
M01,2026-11-16 19:49:49,2026-11-16 20:23:55,Running,,B,Arancia Rossa 500ml,2400,2084,2046,1184,4,False
M01,2026-11-16 20:23:55,2026-11-16 21:05:41,Running,,B,Arancia Rossa 500ml,2400,2034,2506,1416,7,False
M01,2026-11-16 21:05:41,2026-11-16 21:19:56,Stopped,Starvation,B,Arancia Rossa 500ml,2400,0,855,0,0,False
M01,2026-11-16 21:19:56,2026-11-16 21:56:38,Running,,B,Arancia Rossa 500ml,2400,2027,2202,1240,6,False
M01,2026-11-16 21:56:38,2026-11-16 22:00:00,Idle,,B,Arancia Rossa 500ml,2400,0,202,0,0,False
M01,2026-11-16 22:00:00,2026-11-16 22:26:55,Running,,C,Arancia Rossa 500ml,2400,2039,1615,915,4,False
M01,2026-11-16 22:26:55,2026-11-16 23:05:05,Running,,C,Arancia Rossa 500ml,2400,2090,2290,1329,7,False
M01,2026-11-16 23:05:05,2026-11-16 23:31:08,Running,,C,Arancia Rossa 500ml,2400,2102,1563,913,3,False
M01,2026-11-16 23:31:08,2026-11-16 23:57:32,Running,,C,Arancia Rossa 500ml,2400,2066,1584,909,4,False
M01,2026-11-16 23:57:32,2026-11-17 00:00:00,Idle,,C,Arancia Rossa 500ml,2400,0,148,0,0,False
M01,2026-11-17 00:00:00,2026-11-17 00:57:06,Running,,C,Arancia Rossa 500ml,2400,2028,3426,1930,8,False
M01,2026-11-17 00:57:06,2026-11-17 01:09:59,Stopped,Operator,C,Arancia Rossa 500ml,2400,0,773,0,0,False
M01,2026-11-17 01:09:59,2026-11-17 01:37:48,Running,,C,Arancia Rossa 500ml,2400,2044,1669,948,4,False
M01,2026-11-17 01:37:48,2026-11-17 02:04:27,Running,,C,Arancia Rossa 500ml,2400,2085,1599,926,5,False
M01,2026-11-17 02:04:27,2026-11-17 02:29:32,Running,,C,Arancia Rossa 500ml,2400,2109,1505,882,4,False
M01,2026-11-17 02:29:32,2026-11-17 03:26:27,Running,,C,Arancia Rossa 500ml,2400,2070,3415,1964,9,False
M01,2026-11-17 03:26:27,2026-11-17 04:02:22,Running,,C,Arancia Rossa 500ml,2400,2105,2155,1260,4,False
M01,2026-11-17 04:02:22,2026-11-17 04:59:16,Running,,C,Arancia Rossa 500ml,2400,2062,3414,1955,8,False
M01,2026-11-17 04:59:16,2026-11-17 05:04:57,Stopped,Buildup,C,Arancia Rossa 500ml,2400,0,341,0,0,False
M01,2026-11-17 05:04:57,2026-11-17 05:59:31,Running,,C,Arancia Rossa 500ml,2400,2059,3274,1873,7,False
M01,2026-11-17 05:59:31,2026-11-17 06:00:00,Idle,,C,Arancia Rossa 500ml,2400,0,29,0,0,False
M01,2026-11-17 06:00:00,2026-11-17 06:32:51,Stopped,Maintenance,A,Arancia Rossa 500ml,2400,0,1971,0,0,True
M01,2026-11-17 06:32:51,2026-11-17 06:36:40,Stopped,Starvation,A,Arancia Rossa 500ml,2400,0,229,0,0,False
M01,2026-11-17 06:36:40,2026-11-17 06:53:42,Stopped,Starvation,A,Arancia Rossa 500ml,2400,0,1022,0,0,False
M01,2026-11-17 06:53:42,2026-11-17 07:49:36,Running,,A,Arancia Rossa 500ml,2400,2059,3354,1918,7,False
M01,2026-11-17 07:49:36,2026-11-17 08:27:38,Running,,A,Arancia Rossa 500ml,2400,2096,2282,1329,5,False
M01,2026-11-17 08:27:38,2026-11-17 08:54:31,Running,,A,Arancia Rossa 500ml,2400,2052,1613,919,3,False
M01,2026-11-17 08:54:31,2026-11-17 09:12:56,Idle,,A,Arancia Rossa 500ml,2400,0,1105,0,0,False
M01,2026-11-17 09:12:56,2026-11-17 09:31:21,Idle,,A,Arancia Rossa 500ml,2400,0,1105,0,0,False
M01,2026-11-17 09:31:21,2026-11-17 10:21:17,Running,,A,Arancia Rossa 500ml,2400,2100,2996,1748,8,False
M01,2026-11-17 10:21:17,2026-11-17 11:12:13,Running,,A,Arancia Rossa 500ml,2400,2054,3056,1744,8,False
M01,2026-11-17 11:12:13,2026-11-17 11:25:06,Idle,,A,Arancia Rossa 500ml,2400,0,773,0,0,False
M01,2026-11-17 11:25:06,2026-11-17 12:16:39,Running,,A,Arancia Rossa 500ml,2400,2030,3093,1744,6,False
M01,2026-11-17 12:16:39,2026-11-17 12:30:00,Stopped,External,A,Arancia Rossa 500ml,2400,0,801,0,0,False
M01,2026-11-17 12:30:00,2026-11-17 13:19:37,Running,,A,Arancia Rossa 500ml,2400,2091,2977,1729,7,False
M01,2026-11-17 13:19:37,2026-11-17 13:45:39,Running,,A,Arancia Rossa 500ml,2400,2047,1562,888,5,False
M01,2026-11-17 13:45:39,2026-11-17 14:00:00,Running,,A,Arancia Rossa 500ml,2400,2052,861,491,2,False
M01,2026-11-17 14:00:00,2026-11-17 14:31:29,Stopped,Changeover,B,Lampone Zero 560ml,2200,0,1889,0,0,True
M01,2026-11-17 14:31:29,2026-11-17 15:16:33,Running,,B,Lampone Zero 560ml,2200,1867,2704,1402,7,False
M01,2026-11-17 15:16:33,2026-11-17 15:43:34,Running,,B,Lampone Zero 560ml,2200,1923,1621,866,3,False
M01,2026-11-17 15:43:34,2026-11-17 16:41:59,Running,,B,Lampone Zero 560ml,2200,1907,3505,1857,7,False
M01,2026-11-17 16:41:59,2026-11-17 17:28:36,Running,,B,Lampone Zero 560ml,2200,1926,2797,1496,7,False
M01,2026-11-17 17:28:36,2026-11-17 17:35:54,Stopped,Starvation,B,Lampone Zero 560ml,2200,0,438,0,0,False
M01,2026-11-17 17:35:54,2026-11-17 18:03:09,Running,,B,Lampone Zero 560ml,2200,1889,1635,858,3,False
M01,2026-11-17 18:03:09,2026-11-17 18:43:09,Running,,B,Lampone Zero 560ml,2200,1864,2400,1243,6,False
M01,2026-11-17 18:43:09,2026-11-17 19:10:11,Running,,B,Lampone Zero 560ml,2200,1862,1622,839,3,False
M01,2026-11-17 19:10:11,2026-11-17 19:34:47,Running,,B,Lampone Zero 560ml,2200,1899,1476,779,3,False
M01,2026-11-17 19:34:47,2026-11-17 19:42:51,Stopped,Starvation,B,Lampone Zero 560ml,2200,0,484,0,0,False
M01,2026-11-17 19:42:51,2026-11-17 20:40:57,Running,,B,Lampone Zero 560ml,2200,1884,3486,1824,8,False
M01,2026-11-17 20:40:57,2026-11-17 21:38:19,Running,,B,Lampone Zero 560ml,2200,1921,3442,1837,8,False
M01,2026-11-17 21:38:19,2026-11-17 21:59:00,Running,,B,Lampone Zero 560ml,2200,1917,1241,661,3,False
M01,2026-11-17 21:59:00,2026-11-17 22:00:00,Idle,,B,Lampone Zero 560ml,2200,0,60,0,0,False
M01,2026-11-17 22:00:00,2026-11-17 22:36:12,Stopped,Changeover,C,Arancia Rossa 500ml,2400,0,2172,0,0,True
M01,2026-11-17 22:36:12,2026-11-17 23:23:24,Running,,C,Arancia Rossa 500ml,2400,2087,2832,1642,6,False
M01,2026-11-17 23:23:24,2026-11-17 23:29:36,Stopped,Starvation,C,Arancia Rossa 500ml,2400,0,372,0,0,False
M01,2026-11-17 23:29:36,2026-11-17 23:50:57,Running,,C,Arancia Rossa 500ml,2400,2099,1281,747,3,False
M01,2026-11-17 23:50:57,2026-11-18 00:00:00,Running,,C,Arancia Rossa 500ml,2400,2051,543,309,1,False
M01,2026-11-18 00:00:00,2026-11-18 00:07:36,Stopped,Starvation,C,Arancia Rossa 500ml,2400,0,456,0,0,False
M01,2026-11-18 00:07:36,2026-11-18 00:52:44,Running,,C,Arancia Rossa 500ml,2400,2029,2708,1526,7,False
M01,2026-11-18 00:52:44,2026-11-18 01:17:37,Running,,C,Arancia Rossa 500ml,2400,2082,1493,863,3,False
M01,2026-11-18 01:17:37,2026-11-18 01:59:02,Running,,C,Arancia Rossa 500ml,2400,2046,2485,1412,7,False
M01,2026-11-18 01:59:02,2026-11-18 02:34:34,Running,,C,Arancia Rossa 500ml,2400,2101,2132,1244,6,False
M01,2026-11-18 02:34:34,2026-11-18 03:01:01,Running,,C,Arancia Rossa 500ml,2400,2055,1587,906,5,False
M01,2026-11-18 03:01:01,2026-11-18 03:07:48,Stopped,Buildup,C,Arancia Rossa 500ml,2400,0,407,0,0,False
M01,2026-11-18 03:07:48,2026-11-18 03:56:59,Running,,C,Arancia Rossa 500ml,2400,2056,2951,1685,7,False
M01,2026-11-18 03:56:59,2026-11-18 04:40:47,Running,,C,Arancia Rossa 500ml,2400,2101,2628,1534,6,False
M01,2026-11-18 04:40:47,2026-11-18 05:16:18,Running,,C,Arancia Rossa 500ml,2400,2081,2131,1232,6,False
M01,2026-11-18 05:16:18,2026-11-18 05:55:36,Running,,C,Arancia Rossa 500ml,2400,2099,2358,1375,5,False
M01,2026-11-18 05:55:36,2026-11-18 06:00:00,Idle,,C,Arancia Rossa 500ml,2400,0,264,0,0,False
M01,2026-11-18 06:00:00,2026-11-18 06:27:28,Stopped,Changeover,A,Lampone Zero 560ml,2200,0,1648,0,0,True
M01,2026-11-18 06:27:28,2026-11-18 07:09:19,Running,,A,Lampone Zero 560ml,2200,1872,2511,1306,6,False
M01,2026-11-18 07:09:19,2026-11-18 07:25:34,Stopped,Starvation,A,Lampone Zero 560ml,2200,0,975,0,0,False
M01,2026-11-18 07:25:34,2026-11-18 07:39:49,Idle,,A,Lampone Zero 560ml,2200,0,855,0,0,False
M01,2026-11-18 07:39:49,2026-11-18 08:07:49,Running,,A,Lampone Zero 560ml,2200,1863,1680,869,4,False
M01,2026-11-18 08:07:49,2026-11-18 08:37:30,Running,,A,Lampone Zero 560ml,2200,1887,1781,934,5,False
M01,2026-11-18 08:37:30,2026-11-18 09:35:25,Running,,A,Lampone Zero 560ml,2200,1868,3475,1803,7,False
M01,2026-11-18 09:35:25,2026-11-18 09:47:45,Stopped,External,A,Lampone Zero 560ml,2200,0,740,0,0,False
M01,2026-11-18 09:47:45,2026-11-18 10:30:07,Running,,A,Lampone Zero 560ml,2200,1891,2542,1335,5,False
M01,2026-11-18 10:30:07,2026-11-18 11:28:33,Running,,A,Lampone Zero 560ml,2200,1871,3506,1822,7,False
M01,2026-11-18 11:28:33,2026-11-18 11:56:46,Running,,A,Lampone Zero 560ml,2200,1900,1693,894,3,False
M01,2026-11-18 11:56:46,2026-11-18 12:43:42,Running,,A,Lampone Zero 560ml,2200,1891,2816,1479,7,False
M01,2026-11-18 12:43:42,2026-11-18 13:22:54,Running,,A,Lampone Zero 560ml,2200,1933,2352,1263,4,False
M01,2026-11-18 13:22:54,2026-11-18 13:50:24,Running,,A,Lampone Zero 560ml,2200,1896,1650,869,3,False
M01,2026-11-18 13:50:24,2026-11-18 14:00:00,Running,,A,Lampone Zero 560ml,2200,1923,576,308,1,False
M01,2026-11-18 14:00:00,2026-11-18 14:19:25,Stopped,Changeover,B,Arancia Rossa 500ml,2400,0,1165,0,0,True
M01,2026-11-18 14:19:25,2026-11-18 14:59:06,Running,,B,Arancia Rossa 500ml,2400,2078,2381,1374,6,False
M01,2026-11-18 14:59:06,2026-11-18 15:35:33,Running,,B,Arancia Rossa 500ml,2400,2045,2187,1242,6,False
M01,2026-11-18 15:35:33,2026-11-18 16:31:14,Running,,B,Arancia Rossa 500ml,2400,2053,3341,1905,8,False
M01,2026-11-18 16:31:14,2026-11-18 16:39:02,Stopped,Operator,B,Arancia Rossa 500ml,2400,0,468,0,0,False
M01,2026-11-18 16:39:02,2026-11-18 16:52:56,Running,,B,Arancia Rossa 500ml,2400,2110,834,489,2,False
M01,2026-11-18 16:52:56,2026-11-18 17:46:13,Stopped,Fault,B,Arancia Rossa 500ml,2400,0,3197,0,0,False
M01,2026-11-18 17:46:13,2026-11-18 17:52:01,Stopped,Fault,B,Arancia Rossa 500ml,2400,0,348,0,0,False
M01,2026-11-18 17:52:01,2026-11-18 18:08:15,Stopped,Starvation,B,Arancia Rossa 500ml,2400,0,974,0,0,False
M01,2026-11-18 18:08:15,2026-11-18 18:14:29,Stopped,Buildup,B,Arancia Rossa 500ml,2400,0,374,0,0,False
M01,2026-11-18 18:14:29,2026-11-18 19:06:12,Running,,B,Arancia Rossa 500ml,2400,2042,3103,1760,9,False
M01,2026-11-18 19:06:12,2026-11-18 19:56:46,Running,,B,Arancia Rossa 500ml,2400,2062,3034,1738,8,False
M01,2026-11-18 19:56:46,2026-11-18 20:38:39,Running,,B,Arancia Rossa 500ml,2400,2058,2513,1437,7,False
M01,2026-11-18 20:38:39,2026-11-18 20:51:10,Idle,,B,Arancia Rossa 500ml,2400,0,751,0,0,False
M01,2026-11-18 20:51:10,2026-11-18 21:29:05,Running,,B,Arancia Rossa 500ml,2400,2106,2275,1331,5,False
M01,2026-11-18 21:29:05,2026-11-18 21:53:03,Running,,B,Arancia Rossa 500ml,2400,2029,1438,810,3,False
M01,2026-11-18 21:53:03,2026-11-18 22:00:00,Running,,B,Arancia Rossa 500ml,2400,2059,417,239,1,False
M01,2026-11-18 22:00:00,2026-11-18 22:19:46,Idle,,C,Arancia Rossa 500ml,2400,0,1186,0,0,False
M01,2026-11-18 22:19:46,2026-11-18 23:06:25,Running,,C,Arancia Rossa 500ml,2400,2073,2799,1612,8,False
M01,2026-11-18 23:06:25,2026-11-18 23:48:26,Running,,C,Arancia Rossa 500ml,2400,2074,2521,1452,6,False
M01,2026-11-18 23:48:26,2026-11-19 00:00:00,Running,,C,Arancia Rossa 500ml,2400,2078,694,401,2,False
M01,2026-11-19 00:00:00,2026-11-19 00:34:48,Running,,C,Arancia Rossa 500ml,2400,2098,2088,1217,6,False
M01,2026-11-19 00:34:48,2026-11-19 01:11:33,Running,,C,Arancia Rossa 500ml,2400,2089,2205,1280,6,False
M01,2026-11-19 01:11:33,2026-11-19 01:35:55,Running,,C,Arancia Rossa 500ml,2400,2110,1462,857,4,False
M01,2026-11-19 01:35:55,2026-11-19 02:22:29,Running,,C,Arancia Rossa 500ml,2400,2101,2794,1631,6,False
M01,2026-11-19 02:22:29,2026-11-19 02:55:51,Running,,C,Arancia Rossa 500ml,2400,2074,2002,1153,6,False
M01,2026-11-19 02:55:51,2026-11-19 03:16:40,Running,,C,Arancia Rossa 500ml,2400,2068,1249,717,3,False
M01,2026-11-19 03:16:40,2026-11-19 03:48:12,Running,,C,Arancia Rossa 500ml,2400,2039,1892,1072,5,False
M01,2026-11-19 03:48:12,2026-11-19 04:33:11,Running,,C,Arancia Rossa 500ml,2400,2071,2699,1553,7,False
M01,2026-11-19 04:33:11,2026-11-19 04:35:35,Stopped,Starvation,C,Arancia Rossa 500ml,2400,0,144,0,0,False
M01,2026-11-19 04:35:35,2026-11-19 05:25:29,Running,,C,Arancia Rossa 500ml,2400,2075,2994,1726,8,False
M01,2026-11-19 05:25:29,2026-11-19 05:50:50,Running,,C,Arancia Rossa 500ml,2400,2088,1521,882,4,False
M01,2026-11-19 05:50:50,2026-11-19 06:00:00,Running,,C,Arancia Rossa 500ml,2400,2087,550,319,2,False
M01,2026-11-19 06:00:00,2026-11-19 06:15:42,Stopped,Buildup,A,Arancia Rossa 500ml,2400,0,942,0,0,False
M01,2026-11-19 06:15:42,2026-11-19 06:22:21,Stopped,Supplies,A,Arancia Rossa 500ml,2400,0,399,0,0,False
M01,2026-11-19 06:22:21,2026-11-19 06:57:55,Running,,A,Arancia Rossa 500ml,2400,2076,2134,1231,5,False
M01,2026-11-19 06:57:55,2026-11-19 07:37:26,Running,,A,Arancia Rossa 500ml,2400,2061,2371,1357,6,False
M01,2026-11-19 07:37:26,2026-11-19 08:25:27,Running,,A,Arancia Rossa 500ml,2400,2104,2881,1684,8,False
M01,2026-11-19 08:25:27,2026-11-19 08:28:27,Stopped,Starvation,A,Arancia Rossa 500ml,2400,0,180,0,0,False
M01,2026-11-19 08:28:27,2026-11-19 09:06:05,Running,,A,Arancia Rossa 500ml,2400,2078,2258,1303,7,False
M01,2026-11-19 09:06:05,2026-11-19 09:26:30,Running,,A,Arancia Rossa 500ml,2400,2097,1225,714,2,False
M01,2026-11-19 09:26:30,2026-11-19 09:49:13,Running,,A,Arancia Rossa 500ml,2400,2110,1363,799,4,False
M01,2026-11-19 09:49:13,2026-11-19 09:56:16,Stopped,Starvation,A,Arancia Rossa 500ml,2400,0,423,0,0,False
M01,2026-11-19 09:56:16,2026-11-19 10:11:50,Stopped,Starvation,A,Arancia Rossa 500ml,2400,0,934,0,0,False
M01,2026-11-19 10:11:50,2026-11-19 10:14:02,Stopped,External,A,Arancia Rossa 500ml,2400,0,132,0,0,False
M01,2026-11-19 10:14:02,2026-11-19 11:00:03,Running,,A,Arancia Rossa 500ml,2400,2061,2761,1581,7,False
M01,2026-11-19 11:00:03,2026-11-19 11:08:27,Stopped,Fault,A,Arancia Rossa 500ml,2400,0,504,0,0,False
M01,2026-11-19 11:08:27,2026-11-19 11:21:22,Stopped,Starvation,A,Arancia Rossa 500ml,2400,0,775,0,0,False
M01,2026-11-19 11:21:22,2026-11-19 11:50:47,Running,,A,Arancia Rossa 500ml,2400,2068,1765,1014,5,False
M01,2026-11-19 11:50:47,2026-11-19 12:29:55,Running,,A,Arancia Rossa 500ml,2400,2063,2348,1346,6,False
M01,2026-11-19 12:29:55,2026-11-19 12:39:34,Idle,,A,Arancia Rossa 500ml,2400,0,579,0,0,False
M01,2026-11-19 12:39:34,2026-11-19 13:13:15,Running,,A,Arancia Rossa 500ml,2400,2104,2021,1181,5,False
M01,2026-11-19 13:13:15,2026-11-19 13:25:53,Stopped,Starvation,A,Arancia Rossa 500ml,2400,0,758,0,0,False
M01,2026-11-19 13:25:53,2026-11-19 13:54:14,Running,,A,Arancia Rossa 500ml,2400,2108,1701,996,4,False
M01,2026-11-19 13:54:14,2026-11-19 14:00:00,Running,,A,Arancia Rossa 500ml,2400,2101,346,202,1,False
M01,2026-11-19 14:00:00,2026-11-19 14:28:23,Stopped,Changeover,B,Lampone Zero 560ml,2200,0,1703,0,0,True
M01,2026-11-19 14:28:23,2026-11-19 14:35:09,Stopped,Starvation,B,Lampone Zero 560ml,2200,0,406,0,0,False
M01,2026-11-19 14:35:09,2026-11-19 15:08:32,Running,,B,Lampone Zero 560ml,2200,1911,2003,1063,5,False
M01,2026-11-19 15:08:32,2026-11-19 15:13:17,Stopped,Starvation,B,Lampone Zero 560ml,2200,0,285,0,0,False
M01,2026-11-19 15:13:17,2026-11-19 15:58:32,Running,,B,Lampone Zero 560ml,2200,1894,2715,1428,7,False
M01,2026-11-19 15:58:32,2026-11-19 16:08:49,Stopped,External,B,Lampone Zero 560ml,2200,0,617,0,0,False
M01,2026-11-19 16:08:49,2026-11-19 16:39:33,Running,,B,Lampone Zero 560ml,2200,1888,1844,967,4,False
M01,2026-11-19 16:39:33,2026-11-19 17:13:31,Running,,B,Lampone Zero 560ml,2200,1902,2038,1077,5,False
M01,2026-11-19 17:13:31,2026-11-19 17:20:00,Idle,,B,Lampone Zero 560ml,2200,0,389,0,0,False
M01,2026-11-19 17:20:00,2026-11-19 17:50:03,Running,,B,Lampone Zero 560ml,2200,1892,1803,948,4,False
M01,2026-11-19 17:50:03,2026-11-19 18:01:55,Stopped,Operator,B,Lampone Zero 560ml,2200,0,712,0,0,False
M01,2026-11-19 18:01:55,2026-11-19 18:47:12,Running,,B,Lampone Zero 560ml,2200,1910,2717,1442,7,False
M01,2026-11-19 18:47:12,2026-11-19 19:16:28,Running,,B,Lampone Zero 560ml,2200,1920,1756,937,5,False
M01,2026-11-19 19:16:28,2026-11-19 19:56:36,Running,,B,Lampone Zero 560ml,2200,1892,2408,1266,6,False
M01,2026-11-19 19:56:36,2026-11-19 20:27:38,Running,,B,Lampone Zero 560ml,2200,1875,1862,970,5,False
M01,2026-11-19 20:27:38,2026-11-19 20:33:31,Stopped,Operator,B,Lampone Zero 560ml,2200,0,353,0,0,False
M01,2026-11-19 20:33:31,2026-11-19 21:17:17,Running,,B,Lampone Zero 560ml,2200,1860,2626,1357,6,False
M01,2026-11-19 21:17:17,2026-11-19 21:28:06,Stopped,Buildup,B,Lampone Zero 560ml,2200,0,649,0,0,False
M01,2026-11-19 21:28:06,2026-11-19 21:50:58,Running,,B,Lampone Zero 560ml,2200,1906,1372,726,3,False
M01,2026-11-19 21:50:58,2026-11-19 21:56:15,Stopped,External,B,Lampone Zero 560ml,2200,0,317,0,0,False
M01,2026-11-19 21:56:15,2026-11-19 22:00:00,Idle,,B,Lampone Zero 560ml,2200,0,225,0,0,False
M01,2026-11-19 22:00:00,2026-11-19 22:23:49,Stopped,Changeover,C,Arancia Rossa 500ml,2400,0,1429,0,0,True
M01,2026-11-19 22:23:49,2026-11-19 23:18:54,Running,,C,Arancia Rossa 500ml,2400,2046,3305,1878,8,False
M01,2026-11-19 23:18:54,2026-11-19 23:25:22,Idle,,C,Arancia Rossa 500ml,2400,0,388,0,0,False
M01,2026-11-19 23:25:22,2026-11-19 23:50:06,Running,,C,Arancia Rossa 500ml,2400,2044,1484,843,3,False
M01,2026-11-19 23:50:06,2026-11-20 00:00:00,Running,,C,Arancia Rossa 500ml,2400,2079,594,343,1,False
M01,2026-11-20 00:00:00,2026-11-20 00:05:12,Stopped,Starvation,C,Arancia Rossa 500ml,2400,0,312,0,0,False
M01,2026-11-20 00:05:12,2026-11-20 00:22:36,Stopped,Fault,C,Arancia Rossa 500ml,2400,0,1044,0,0,False
M01,2026-11-20 00:22:36,2026-11-20 01:14:31,Running,,C,Arancia Rossa 500ml,2400,2047,3115,1771,7,False
M01,2026-11-20 01:14:31,2026-11-20 01:40:33,Running,,C,Arancia Rossa 500ml,2400,2019,1562,876,4,False
M01,2026-11-20 01:40:33,2026-11-20 01:44:30,Stopped,Buildup,C,Arancia Rossa 500ml,2400,0,237,0,0,False
M01,2026-11-20 01:44:30,2026-11-20 01:51:04,Idle,,C,Arancia Rossa 500ml,2400,0,394,0,0,False
M01,2026-11-20 01:51:04,2026-11-20 02:01:29,Stopped,Supplies,C,Arancia Rossa 500ml,2400,0,625,0,0,False
M01,2026-11-20 02:01:29,2026-11-20 02:32:07,Running,,C,Arancia Rossa 500ml,2400,2021,1838,1032,5,False
M01,2026-11-20 02:32:07,2026-11-20 02:45:49,Stopped,Starvation,C,Arancia Rossa 500ml,2400,0,822,0,0,False
M01,2026-11-20 02:45:49,2026-11-20 02:55:16,Stopped,External,C,Arancia Rossa 500ml,2400,0,567,0,0,False
M01,2026-11-20 02:55:16,2026-11-20 03:10:47,Stopped,Fault,C,Arancia Rossa 500ml,2400,0,931,0,0,False
M01,2026-11-20 03:10:47,2026-11-20 03:18:12,Idle,,C,Arancia Rossa 500ml,2400,0,445,0,0,False
M01,2026-11-20 03:18:12,2026-11-20 03:35:22,Stopped,Fault,C,Arancia Rossa 500ml,2400,0,1030,0,0,False
M01,2026-11-20 03:35:22,2026-11-20 04:01:35,Running,,C,Arancia Rossa 500ml,2400,1983,1573,866,4,False
M01,2026-11-20 04:01:35,2026-11-20 04:40:35,Running,,C,Arancia Rossa 500ml,2400,1979,2340,1286,5,False
M01,2026-11-20 04:40:35,2026-11-20 05:02:21,Running,,C,Arancia Rossa 500ml,2400,2025,1306,735,3,False
M01,2026-11-20 05:02:21,2026-11-20 05:22:56,Running,,C,Arancia Rossa 500ml,2400,1993,1235,684,3,False
M01,2026-11-20 05:22:56,2026-11-20 05:26:04,Stopped,Fault,C,Arancia Rossa 500ml,2400,0,188,0,0,False
M01,2026-11-20 05:26:04,2026-11-20 05:47:53,Running,,C,Arancia Rossa 500ml,2400,2000,1309,727,3,False
M01,2026-11-20 05:47:53,2026-11-20 05:50:00,Stopped,Buildup,C,Arancia Rossa 500ml,2400,0,127,0,0,False
M01,2026-11-20 05:50:00,2026-11-20 06:00:00,Running,,C,Arancia Rossa 500ml,2400,2016,600,336,2,False
M01,2026-11-20 06:00:00,2026-11-20 06:25:17,Stopped,Changeover,A,Lampone Zero 560ml,2200,0,1517,0,0,True
M01,2026-11-20 06:25:17,2026-11-20 07:13:02,Running,,A,Lampone Zero 560ml,2200,1822,2865,1450,5,False
M01,2026-11-20 07:13:02,2026-11-20 07:48:48,Running,,A,Lampone Zero 560ml,2200,1836,2146,1094,4,False
M01,2026-11-20 07:48:48,2026-11-20 08:09:59,Running,,A,Lampone Zero 560ml,2200,1851,1271,654,2,False
M01,2026-11-20 08:09:59,2026-11-20 08:40:10,Running,,A,Lampone Zero 560ml,2200,1855,1811,933,4,False
M01,2026-11-20 08:40:10,2026-11-20 09:33:50,Running,,A,Lampone Zero 560ml,2200,1808,3220,1617,8,False
M01,2026-11-20 09:33:50,2026-11-20 10:10:56,Running,,A,Lampone Zero 560ml,2200,1862,2226,1151,5,False
M01,2026-11-20 10:10:56,2026-11-20 10:47:06,Running,,A,Lampone Zero 560ml,2200,1818,2170,1096,4,False
M01,2026-11-20 10:47:06,2026-11-20 11:31:10,Running,,A,Lampone Zero 560ml,2200,1809,2644,1329,6,False
M01,2026-11-20 11:31:10,2026-11-20 12:25:28,Running,,A,Lampone Zero 560ml,2200,1805,3258,1634,8,False
M01,2026-11-20 12:25:28,2026-11-20 13:04:15,Running,,A,Lampone Zero 560ml,2200,1814,2327,1173,6,False
M01,2026-11-20 13:04:15,2026-11-20 13:18:20,Stopped,External,A,Lampone Zero 560ml,2200,0,845,0,0,False
M01,2026-11-20 13:18:20,2026-11-20 13:49:30,Running,,A,Lampone Zero 560ml,2200,1873,1870,973,3,False
M01,2026-11-20 13:49:30,2026-11-20 13:54:14,Stopped,External,A,Lampone Zero 560ml,2200,0,284,0,0,False
M01,2026-11-20 13:54:14,2026-11-20 14:00:00,Running,,A,Lampone Zero 560ml,2200,1836,346,176,1,False
M01,2026-11-20 14:00:00,2026-11-20 14:16:28,Stopped,Changeover,B,Arancia Rossa 500ml,2400,0,988,0,0,True
M01,2026-11-20 14:16:28,2026-11-20 15:02:40,Running,,B,Arancia Rossa 500ml,2400,2042,2772,1572,6,False
M01,2026-11-20 15:02:40,2026-11-20 15:59:50,Running,,B,Arancia Rossa 500ml,2400,1975,3430,1882,9,False
M01,2026-11-20 15:59:50,2026-11-20 16:02:13,Stopped,External,B,Arancia Rossa 500ml,2400,0,143,0,0,False
M01,2026-11-20 16:02:13,2026-11-20 16:28:41,Running,,B,Arancia Rossa 500ml,2400,2033,1588,897,3,False
M01,2026-11-20 16:28:41,2026-11-20 16:40:59,Idle,,B,Arancia Rossa 500ml,2400,0,738,0,0,False
M01,2026-11-20 16:40:59,2026-11-20 17:34:50,Running,,B,Arancia Rossa 500ml,2400,1984,3231,1781,7,False
M01,2026-11-20 17:34:50,2026-11-20 18:09:02,Running,,B,Arancia Rossa 500ml,2400,1987,2052,1133,4,False
M01,2026-11-20 18:09:02,2026-11-20 18:29:17,Running,,B,Arancia Rossa 500ml,2400,1999,1215,675,3,False
M01,2026-11-20 18:29:17,2026-11-20 19:01:58,Running,,B,Arancia Rossa 500ml,2400,2031,1961,1106,5,False
M01,2026-11-20 19:01:58,2026-11-20 19:59:42,Running,,B,Arancia Rossa 500ml,2400,1984,3464,1909,7,False
M01,2026-11-20 19:59:42,2026-11-20 20:03:30,Stopped,External,B,Arancia Rossa 500ml,2400,0,228,0,0,False
M01,2026-11-20 20:03:30,2026-11-20 20:35:27,Running,,B,Arancia Rossa 500ml,2400,2038,1917,1085,5,False
M01,2026-11-20 20:35:27,2026-11-20 21:17:13,Running,,B,Arancia Rossa 500ml,2400,2037,2506,1418,5,False
M01,2026-11-20 21:17:13,2026-11-20 21:53:41,Running,,B,Arancia Rossa 500ml,2400,2024,2188,1230,4,False
M01,2026-11-20 21:53:41,2026-11-20 22:00:00,Running,,B,Arancia Rossa 500ml,2400,1968,379,207,1,False
M01,2026-11-20 22:00:00,2026-11-20 22:41:05,Running,,C,Arancia Rossa 500ml,2400,2027,2465,1388,5,False
M01,2026-11-20 22:41:05,2026-11-20 23:22:35,Running,,C,Arancia Rossa 500ml,2400,2028,2490,1403,7,False
M01,2026-11-20 23:22:35,2026-11-20 23:32:34,Stopped,Operator,C,Arancia Rossa 500ml,2400,0,599,0,0,False
M01,2026-11-20 23:32:34,2026-11-20 23:53:47,Running,,C,Arancia Rossa 500ml,2400,1970,1273,697,4,False
M01,2026-11-20 23:53:47,2026-11-20 23:58:04,Stopped,Buildup,C,Arancia Rossa 500ml,2400,0,257,0,0,False
M01,2026-11-20 23:58:04,2026-11-21 00:00:00,Idle,,C,Arancia Rossa 500ml,2400,0,116,0,0,False
M01,2026-11-21 00:00:00,2026-11-21 00:51:13,Running,,C,Arancia Rossa 500ml,2400,1892,3073,1615,8,False
M01,2026-11-21 00:51:13,2026-11-21 00:56:19,Stopped,Fault,C,Arancia Rossa 500ml,2400,0,306,0,0,False
M01,2026-11-21 00:56:19,2026-11-21 01:05:07,Stopped,Starvation,C,Arancia Rossa 500ml,2400,0,528,0,0,False
M01,2026-11-21 01:05:07,2026-11-21 01:58:25,Running,,C,Arancia Rossa 500ml,2400,1848,3198,1642,8,False
M01,2026-11-21 01:58:25,2026-11-21 02:21:25,Running,,C,Arancia Rossa 500ml,2400,1863,1380,714,3,False
M01,2026-11-21 02:21:25,2026-11-21 03:13:03,Running,,C,Arancia Rossa 500ml,2400,1892,3098,1628,8,False
M01,2026-11-21 03:13:03,2026-11-21 03:44:43,Running,,C,Arancia Rossa 500ml,2400,1883,1900,994,5,False
M01,2026-11-21 03:44:43,2026-11-21 04:24:40,Running,,C,Arancia Rossa 500ml,2400,1896,2397,1262,6,False
M01,2026-11-21 04:24:40,2026-11-21 04:55:04,Running,,C,Arancia Rossa 500ml,2400,1854,1824,939,5,False
M01,2026-11-21 04:55:04,2026-11-21 04:59:50,Stopped,External,C,Arancia Rossa 500ml,2400,0,286,0,0,False
M01,2026-11-21 04:59:50,2026-11-21 05:55:12,Running,,C,Arancia Rossa 500ml,2400,1882,3322,1737,8,False
M01,2026-11-21 05:55:12,2026-11-21 06:00:00,Idle,,C,Arancia Rossa 500ml,2400,0,288,0,0,False
M01,2026-11-21 06:00:00,2026-11-21 06:26:01,Running,,A,Arancia Rossa 500ml,2400,1878,1561,814,3,False
M01,2026-11-21 06:26:01,2026-11-21 07:13:45,Running,,A,Arancia Rossa 500ml,2400,1892,2864,1505,6,False
M01,2026-11-21 07:13:45,2026-11-21 08:11:40,Running,,A,Arancia Rossa 500ml,2400,1888,3475,1822,7,False
M01,2026-11-21 08:11:40,2026-11-21 09:11:28,Running,,A,Arancia Rossa 500ml,2400,1874,3588,1868,8,False
M01,2026-11-21 09:11:28,2026-11-21 09:24:31,Idle,,A,Arancia Rossa 500ml,2400,0,783,0,0,False
M01,2026-11-21 09:24:31,2026-11-21 09:32:31,Stopped,Supplies,A,Arancia Rossa 500ml,2400,0,480,0,0,False
M01,2026-11-21 09:32:31,2026-11-21 10:25:18,Running,,A,Arancia Rossa 500ml,2400,1852,3167,1629,8,False
M01,2026-11-21 10:25:18,2026-11-21 10:34:40,Idle,,A,Arancia Rossa 500ml,2400,0,562,0,0,False
M01,2026-11-21 10:34:40,2026-11-21 11:26:37,Running,,A,Arancia Rossa 500ml,2400,1874,3117,1623,7,False
M01,2026-11-21 11:26:37,2026-11-21 11:53:43,Running,,A,Arancia Rossa 500ml,2400,1830,1626,827,3,False
M01,2026-11-21 11:53:43,2026-11-21 12:34:31,Running,,A,Arancia Rossa 500ml,2400,1860,2448,1265,5,False
M01,2026-11-21 12:34:31,2026-11-21 13:26:54,Running,,A,Arancia Rossa 500ml,2400,1842,3143,1608,7,False
M01,2026-11-21 13:26:54,2026-11-21 13:33:41,Stopped,External,A,Arancia Rossa 500ml,2400,0,407,0,0,False
M01,2026-11-21 13:33:41,2026-11-21 13:58:21,Running,,A,Arancia Rossa 500ml,2400,1889,1480,777,3,False
M01,2026-11-21 13:58:21,2026-11-21 14:00:00,Idle,,A,Arancia Rossa 500ml,2400,0,99,0,0,False
M01,2026-11-21 14:00:00,2026-11-21 14:23:38,Stopped,Changeover,B,Lampone Zero 560ml,2200,0,1418,0,0,True
M01,2026-11-21 14:23:38,2026-11-21 15:16:09,Running,,B,Lampone Zero 560ml,2200,1722,3151,1507,6,False
M01,2026-11-21 15:16:09,2026-11-21 16:06:27,Running,,B,Lampone Zero 560ml,2200,1730,3018,1450,5,False
M01,2026-11-21 16:06:27,2026-11-21 16:42:11,Running,,B,Lampone Zero 560ml,2200,1685,2144,1004,4,False
M01,2026-11-21 16:42:11,2026-11-21 17:32:01,Running,,B,Lampone Zero 560ml,2200,1678,2990,1394,6,False
M01,2026-11-21 17:32:01,2026-11-21 18:26:44,Running,,B,Lampone Zero 560ml,2200,1734,3283,1581,6,False
M01,2026-11-21 18:26:44,2026-11-21 19:02:31,Running,,B,Lampone Zero 560ml,2200,1688,2147,1007,4,False
M01,2026-11-21 19:02:31,2026-11-21 19:23:02,Running,,B,Lampone Zero 560ml,2200,1724,1231,590,2,False
M01,2026-11-21 19:23:02,2026-11-21 20:04:25,Running,,B,Lampone Zero 560ml,2200,1680,2483,1159,5,False
M01,2026-11-21 20:04:25,2026-11-21 20:24:32,Running,,B,Lampone Zero 560ml,2200,1720,1207,577,3,False
M01,2026-11-21 20:24:32,2026-11-21 21:00:20,Running,,B,Lampone Zero 560ml,2200,1728,2148,1031,4,False
M01,2026-11-21 21:00:20,2026-11-21 21:28:34,Running,,B,Lampone Zero 560ml,2200,1721,1694,810,3,False
M01,2026-11-21 21:28:34,2026-11-21 21:53:15,Running,,B,Lampone Zero 560ml,2200,1689,1481,695,3,False
M01,2026-11-21 21:53:15,2026-11-21 21:58:04,Stopped,External,B,Lampone Zero 560ml,2200,0,289,0,0,False
M01,2026-11-21 21:58:04,2026-11-21 22:00:00,Idle,,B,Lampone Zero 560ml,2200,0,116,0,0,False
M01,2026-11-21 22:00:00,2026-11-21 22:56:06,Running,,C,Lampone Zero 560ml,2200,1693,3366,1583,6,False
M01,2026-11-21 22:56:06,2026-11-21 23:27:47,Running,,C,Lampone Zero 560ml,2200,1736,1901,917,4,False
M01,2026-11-21 23:27:47,2026-11-21 23:37:38,Stopped,External,C,Lampone Zero 560ml,2200,0,591,0,0,False
M01,2026-11-21 23:37:38,2026-11-21 23:54:35,Stopped,Starvation,C,Lampone Zero 560ml,2200,0,1017,0,0,False
M01,2026-11-21 23:54:35,2026-11-21 23:58:34,Stopped,Starvation,C,Lampone Zero 560ml,2200,0,239,0,0,False
M01,2026-11-21 23:58:34,2026-11-22 00:00:00,Idle,,C,Lampone Zero 560ml,2200,0,86,0,0,False
M01,2026-11-22 00:00:00,2026-11-22 00:59:34,Running,,C,Lampone Zero 560ml,2200,1566,3574,1555,8,False
M01,2026-11-22 00:59:34,2026-11-22 01:37:02,Running,,C,Lampone Zero 560ml,2200,1613,2248,1007,5,False
M01,2026-11-22 01:37:02,2026-11-22 01:53:09,Stopped,Starvation,C,Lampone Zero 560ml,2200,0,967,0,0,False
M01,2026-11-22 01:53:09,2026-11-22 02:41:01,Running,,C,Lampone Zero 560ml,2200,1604,2872,1280,6,False
M01,2026-11-22 02:41:01,2026-11-22 03:18:46,Running,,C,Lampone Zero 560ml,2200,1624,2265,1022,5,False
M01,2026-11-22 03:18:46,2026-11-22 04:13:17,Running,,C,Lampone Zero 560ml,2200,1615,3271,1467,7,False
M01,2026-11-22 04:13:17,2026-11-22 05:08:04,Running,,C,Lampone Zero 560ml,2200,1596,3287,1457,6,False
M01,2026-11-22 05:08:04,2026-11-22 05:18:17,Stopped,Operator,C,Lampone Zero 560ml,2200,0,613,0,0,False
M01,2026-11-22 05:18:17,2026-11-22 05:27:40,Stopped,Operator,C,Lampone Zero 560ml,2200,0,563,0,0,False
M01,2026-11-22 05:27:40,2026-11-22 05:53:46,Running,,C,Lampone Zero 560ml,2200,1623,1566,706,3,False
M01,2026-11-22 05:53:46,2026-11-22 06:00:00,Running,,C,Lampone Zero 560ml,2200,1602,374,166,1,False
M01,2026-11-22 06:00:00,2026-11-22 06:04:49,Stopped,Fault,A,Lampone Zero 560ml,2200,0,289,0,0,False
M01,2026-11-22 06:04:49,2026-11-22 06:12:32,Idle,,A,Lampone Zero 560ml,2200,0,463,0,0,False
M01,2026-11-22 06:12:32,2026-11-22 06:32:04,Idle,,A,Lampone Zero 560ml,2200,0,1172,0,0,False
M01,2026-11-22 06:32:04,2026-11-22 06:41:00,Stopped,Fault,A,Lampone Zero 560ml,2200,0,536,0,0,False
M01,2026-11-22 06:41:00,2026-11-22 06:57:14,Stopped,Buildup,A,Lampone Zero 560ml,2200,0,974,0,0,False
M01,2026-11-22 06:57:14,2026-11-22 07:08:26,Stopped,External,A,Lampone Zero 560ml,2200,0,672,0,0,False
M01,2026-11-22 07:08:26,2026-11-22 07:55:55,Running,,A,Lampone Zero 560ml,2200,1626,2849,1287,7,False
M01,2026-11-22 07:55:55,2026-11-22 08:46:31,Running,,A,Lampone Zero 560ml,2200,1592,3036,1343,7,False
M01,2026-11-22 08:46:31,2026-11-22 09:10:10,Running,,A,Lampone Zero 560ml,2200,1571,1419,619,3,False
M01,2026-11-22 09:10:10,2026-11-22 09:14:01,Stopped,Buildup,A,Lampone Zero 560ml,2200,0,231,0,0,False
M01,2026-11-22 09:14:01,2026-11-22 09:50:09,Running,,A,Lampone Zero 560ml,2200,1615,2168,973,4,False
M01,2026-11-22 09:50:09,2026-11-22 10:26:23,Running,,A,Lampone Zero 560ml,2200,1565,2174,945,4,False
M01,2026-11-22 10:26:23,2026-11-22 10:53:01,Running,,A,Lampone Zero 560ml,2200,1565,1598,695,4,False
M01,2026-11-22 10:53:01,2026-11-22 11:17:51,Running,,A,Lampone Zero 560ml,2200,1584,1490,656,2,False
M01,2026-11-22 11:17:51,2026-11-22 12:17:11,Running,,A,Lampone Zero 560ml,2200,1590,3560,1572,6,False
M01,2026-11-22 12:17:11,2026-11-22 13:13:40,Running,,A,Lampone Zero 560ml,2200,1564,3389,1472,7,False
M01,2026-11-22 13:13:40,2026-11-22 13:43:34,Running,,A,Lampone Zero 560ml,2200,1618,1794,806,3,False
M01,2026-11-22 13:43:34,2026-11-22 14:00:00,Running,,A,Lampone Zero 560ml,2200,1596,986,437,2,False
M01,2026-11-22 14:00:00,2026-11-22 14:16:30,Stopped,Changeover,B,Arancia Rossa 500ml,2400,0,990,0,0,True
M01,2026-11-22 14:16:30,2026-11-22 14:30:45,Stopped,Starvation,B,Arancia Rossa 500ml,2400,0,855,0,0,False
M01,2026-11-22 14:30:45,2026-11-22 15:07:45,Running,,B,Arancia Rossa 500ml,2400,1714,2220,1057,5,False
M01,2026-11-22 15:07:45,2026-11-22 15:30:12,Running,,B,Arancia Rossa 500ml,2400,1772,1347,663,3,False
M01,2026-11-22 15:30:12,2026-11-22 16:08:50,Running,,B,Arancia Rossa 500ml,2400,1767,2318,1138,5,False
M01,2026-11-22 16:08:50,2026-11-22 16:13:29,Stopped,Starvation,B,Arancia Rossa 500ml,2400,0,279,0,0,False
M01,2026-11-22 16:13:29,2026-11-22 16:59:38,Running,,B,Arancia Rossa 500ml,2400,1764,2769,1357,6,False
M01,2026-11-22 16:59:38,2026-11-22 17:19:43,Running,,B,Arancia Rossa 500ml,2400,1729,1205,579,2,False
M01,2026-11-22 17:19:43,2026-11-22 17:28:40,Stopped,External,B,Arancia Rossa 500ml,2400,0,537,0,0,False
M01,2026-11-22 17:28:40,2026-11-22 17:33:39,Stopped,Starvation,B,Arancia Rossa 500ml,2400,0,299,0,0,False
M01,2026-11-22 17:33:39,2026-11-22 17:58:53,Running,,B,Arancia Rossa 500ml,2400,1707,1514,718,3,False
M01,2026-11-22 17:58:53,2026-11-22 18:07:23,Idle,,B,Arancia Rossa 500ml,2400,0,510,0,0,False
M01,2026-11-22 18:07:23,2026-11-22 18:30:51,Running,,B,Arancia Rossa 500ml,2400,1745,1408,682,2,False
M01,2026-11-22 18:30:51,2026-11-22 19:04:26,Running,,B,Arancia Rossa 500ml,2400,1719,2015,962,4,False
M01,2026-11-22 19:04:26,2026-11-22 19:59:31,Running,,B,Arancia Rossa 500ml,2400,1718,3305,1577,6,False
M01,2026-11-22 19:59:31,2026-11-22 20:06:02,Stopped,Operator,B,Arancia Rossa 500ml,2400,0,391,0,0,False
M01,2026-11-22 20:06:02,2026-11-22 20:21:25,Stopped,External,B,Arancia Rossa 500ml,2400,0,923,0,0,False
M01,2026-11-22 20:21:25,2026-11-22 20:46:08,Running,,B,Arancia Rossa 500ml,2400,1718,1483,708,3,False
M01,2026-11-22 20:46:08,2026-11-22 21:16:08,Running,,B,Arancia Rossa 500ml,2400,1743,1800,872,4,False
M01,2026-11-22 21:16:08,2026-11-22 21:39:16,Running,,B,Arancia Rossa 500ml,2400,1772,1388,683,3,False
M01,2026-11-22 21:39:16,2026-11-22 21:59:19,Running,,B,Arancia Rossa 500ml,2400,1743,1203,582,3,False
M01,2026-11-22 21:59:19,2026-11-22 22:00:00,Idle,,B,Arancia Rossa 500ml,2400,0,41,0,0,False
M01,2026-11-22 22:00:00,2026-11-22 22:23:35,Running,,C,Arancia Rossa 500ml,2400,1740,1415,684,3,False
M01,2026-11-22 22:23:35,2026-11-22 22:32:15,Stopped,External,C,Arancia Rossa 500ml,2400,0,520,0,0,False
M01,2026-11-22 22:32:15,2026-11-22 22:37:07,Stopped,Starvation,C,Arancia Rossa 500ml,2400,0,292,0,0,False
M01,2026-11-22 22:37:07,2026-11-22 22:42:37,Idle,,C,Arancia Rossa 500ml,2400,0,330,0,0,False
M01,2026-11-22 22:42:37,2026-11-22 23:35:06,Running,,C,Arancia Rossa 500ml,2400,1708,3149,1494,7,False
M01,2026-11-22 23:35:06,2026-11-22 23:55:49,Running,,C,Arancia Rossa 500ml,2400,1707,1243,589,2,False
M01,2026-11-22 23:55:49,2026-11-23 00:00:00,Idle,,C,Arancia Rossa 500ml,2400,0,251,0,0,False
M01,2026-11-23 00:00:00,2026-11-23 00:40:03,Running,,C,Arancia Rossa 500ml,2400,2032,2403,1356,6,False
M01,2026-11-23 00:40:03,2026-11-23 01:24:24,Running,,C,Arancia Rossa 500ml,2400,2066,2661,1527,6,False
M01,2026-11-23 01:24:24,2026-11-23 01:52:01,Running,,C,Arancia Rossa 500ml,2400,2109,1657,971,4,False
M01,2026-11-23 01:52:01,2026-11-23 02:40:37,Running,,C,Arancia Rossa 500ml,2400,2055,2916,1665,8,False
M01,2026-11-23 02:40:37,2026-11-23 03:03:15,Running,,C,Arancia Rossa 500ml,2400,2091,1358,789,3,False
M01,2026-11-23 03:03:15,2026-11-23 03:55:03,Running,,C,Arancia Rossa 500ml,2400,2067,3108,1785,7,False
M01,2026-11-23 03:55:03,2026-11-23 04:44:39,Running,,C,Arancia Rossa 500ml,2400,2073,2976,1714,8,False
M01,2026-11-23 04:44:39,2026-11-23 05:09:08,Running,,C,Arancia Rossa 500ml,2400,2106,1469,859,3,False
M01,2026-11-23 05:09:08,2026-11-23 05:53:11,Running,,C,Arancia Rossa 500ml,2400,2109,2643,1548,7,False
M01,2026-11-23 05:53:11,2026-11-23 06:00:00,Running,,C,Arancia Rossa 500ml,2400,2111,409,240,1,False
M01,2026-11-23 06:00:00,2026-11-23 06:59:19,Running,,A,Arancia Rossa 500ml,2400,2107,3559,2083,9,False
M01,2026-11-23 06:59:19,2026-11-23 07:08:55,Stopped,Buildup,A,Arancia Rossa 500ml,2400,0,576,0,0,False
M01,2026-11-23 07:08:55,2026-11-23 07:52:03,Running,,A,Arancia Rossa 500ml,2400,2084,2588,1498,6,False
M01,2026-11-23 07:52:03,2026-11-23 08:05:33,Idle,,A,Arancia Rossa 500ml,2400,0,810,0,0,False
M01,2026-11-23 08:05:33,2026-11-23 08:33:30,Running,,A,Arancia Rossa 500ml,2400,2095,1677,976,4,False
M01,2026-11-23 08:33:30,2026-11-23 09:21:25,Running,,A,Arancia Rossa 500ml,2400,2053,2875,1640,6,False
M01,2026-11-23 09:21:25,2026-11-23 09:33:20,Stopped,Supplies,A,Arancia Rossa 500ml,2400,0,715,0,0,False
M01,2026-11-23 09:33:20,2026-11-23 10:03:19,Running,,A,Arancia Rossa 500ml,2400,2042,1799,1020,4,False
M01,2026-11-23 10:03:19,2026-11-23 10:11:19,Stopped,Operator,A,Arancia Rossa 500ml,2400,0,480,0,0,False
M01,2026-11-23 10:11:19,2026-11-23 10:41:55,Running,,A,Arancia Rossa 500ml,2400,2099,1836,1070,4,False
M01,2026-11-23 10:41:55,2026-11-23 11:28:23,Running,,A,Arancia Rossa 500ml,2400,2081,2788,1612,8,False
M01,2026-11-23 11:28:23,2026-11-23 12:09:09,Running,,A,Arancia Rossa 500ml,2400,2075,2446,1410,6,False
M01,2026-11-23 12:09:09,2026-11-23 12:24:08,Stopped,Starvation,A,Arancia Rossa 500ml,2400,0,899,0,0,False
M01,2026-11-23 12:24:08,2026-11-23 13:23:41,Running,,A,Arancia Rossa 500ml,2400,2056,3573,2041,9,False
M01,2026-11-23 13:23:41,2026-11-23 13:51:40,Running,,A,Arancia Rossa 500ml,2400,2102,1679,980,5,False
M01,2026-11-23 13:51:40,2026-11-23 14:00:00,Running,,A,Arancia Rossa 500ml,2400,2046,500,284,1,False
M01,2026-11-23 14:00:00,2026-11-23 14:24:37,Stopped,Changeover,B,Lampone Zero 560ml,2200,0,1477,0,0,True
M01,2026-11-23 14:24:37,2026-11-23 15:14:00,Running,,B,Lampone Zero 560ml,2200,1906,2963,1569,7,False
M01,2026-11-23 15:14:00,2026-11-23 15:54:59,Running,,B,Lampone Zero 560ml,2200,1905,2459,1301,5,False
M01,2026-11-23 15:54:59,2026-11-23 15:59:22,Stopped,Starvation,B,Lampone Zero 560ml,2200,0,263,0,0,False
M01,2026-11-23 15:59:22,2026-11-23 16:29:31,Running,,B,Lampone Zero 560ml,2200,1875,1809,942,4,False
M01,2026-11-23 16:29:31,2026-11-23 16:56:43,Running,,B,Lampone Zero 560ml,2200,1922,1632,871,3,False
M01,2026-11-23 16:56:43,2026-11-23 17:13:40,Stopped,Starvation,B,Lampone Zero 560ml,2200,0,1017,0,0,False
M01,2026-11-23 17:13:40,2026-11-23 17:59:34,Running,,B,Lampone Zero 560ml,2200,1937,2754,1482,6,False
M01,2026-11-23 17:59:34,2026-11-23 18:33:01,Running,,B,Lampone Zero 560ml,2200,1936,2007,1079,5,False
M01,2026-11-23 18:33:01,2026-11-23 19:20:32,Running,,B,Lampone Zero 560ml,2200,1916,2851,1517,8,False
M01,2026-11-23 19:20:32,2026-11-23 19:53:07,Running,,B,Lampone Zero 560ml,2200,1916,1955,1040,5,False
M01,2026-11-23 19:53:07,2026-11-23 20:23:02,Running,,B,Lampone Zero 560ml,2200,1865,1795,930,5,False
M01,2026-11-23 20:23:02,2026-11-23 20:53:47,Running,,B,Lampone Zero 560ml,2200,1869,1845,958,5,False
M01,2026-11-23 20:53:47,2026-11-23 21:17:21,Running,,B,Lampone Zero 560ml,2200,1905,1414,748,3,False
M01,2026-11-23 21:17:21,2026-11-23 21:26:39,Idle,,B,Lampone Zero 560ml,2200,0,558,0,0,False
M01,2026-11-23 21:26:39,2026-11-23 21:30:39,Stopped,Starvation,B,Lampone Zero 560ml,2200,0,240,0,0,False
M01,2026-11-23 21:30:39,2026-11-23 21:59:03,Running,,B,Lampone Zero 560ml,2200,1875,1704,888,4,False
M01,2026-11-23 21:59:03,2026-11-23 22:00:00,Idle,,B,Lampone Zero 560ml,2200,0,57,0,0,False
M01,2026-11-23 22:00:00,2026-11-23 22:34:44,Stopped,Changeover,C,Arancia Rossa 500ml,2400,0,2084,0,0,True
M01,2026-11-23 22:34:44,2026-11-23 22:41:00,Stopped,Buildup,C,Arancia Rossa 500ml,2400,0,376,0,0,False
M01,2026-11-23 22:41:00,2026-11-23 22:58:15,Stopped,Fault,C,Arancia Rossa 500ml,2400,0,1035,0,0,False
M01,2026-11-23 22:58:15,2026-11-23 23:51:14,Running,,C,Arancia Rossa 500ml,2400,2068,3179,1826,9,False
M01,2026-11-23 23:51:14,2026-11-23 23:57:55,Stopped,Starvation,C,Arancia Rossa 500ml,2400,0,401,0,0,False
M01,2026-11-23 23:57:55,2026-11-24 00:00:00,Idle,,C,Arancia Rossa 500ml,2400,0,125,0,0,False
M01,2026-11-24 00:00:00,2026-11-24 00:10:02,Stopped,Operator,C,Arancia Rossa 500ml,2400,0,602,0,0,False
M01,2026-11-24 00:10:02,2026-11-24 00:38:57,Running,,C,Arancia Rossa 500ml,2400,2112,1735,1018,5,False
M01,2026-11-24 00:38:57,2026-11-24 01:14:28,Running,,C,Arancia Rossa 500ml,2400,2054,2131,1216,4,False
M01,2026-11-24 01:14:28,2026-11-24 02:01:03,Running,,C,Arancia Rossa 500ml,2400,2054,2795,1595,6,False
M01,2026-11-24 02:01:03,2026-11-24 02:31:38,Running,,C,Arancia Rossa 500ml,2400,2052,1835,1046,4,False
M01,2026-11-24 02:31:38,2026-11-24 03:07:15,Running,,C,Arancia Rossa 500ml,2400,2105,2137,1250,5,False
M01,2026-11-24 03:07:15,2026-11-24 03:29:05,Running,,C,Arancia Rossa 500ml,2400,2063,1310,751,3,False
M01,2026-11-24 03:29:05,2026-11-24 04:11:55,Running,,C,Arancia Rossa 500ml,2400,2092,2570,1493,7,False
M01,2026-11-24 04:11:55,2026-11-24 04:43:59,Running,,C,Arancia Rossa 500ml,2400,2083,1924,1113,4,False
M01,2026-11-24 04:43:59,2026-11-24 05:17:59,Running,,C,Arancia Rossa 500ml,2400,2050,2040,1162,6,False
M01,2026-11-24 05:17:59,2026-11-24 05:57:29,Running,,C,Arancia Rossa 500ml,2400,2099,2370,1382,5,False
M01,2026-11-24 05:57:29,2026-11-24 06:00:00,Idle,,C,Arancia Rossa 500ml,2400,0,151,0,0,False
M01,2026-11-24 06:00:00,2026-11-24 06:29:43,Stopped,Changeover,A,Lampone Zero 560ml,2200,0,1783,0,0,True
M01,2026-11-24 06:29:43,2026-11-24 07:37:46,Stopped,Maintenance,A,Lampone Zero 560ml,2200,0,4083,0,0,True
M01,2026-11-24 07:37:46,2026-11-24 08:03:45,Running,,A,Lampone Zero 560ml,2200,1889,1559,818,3,False
M01,2026-11-24 08:03:45,2026-11-24 09:03:03,Running,,A,Lampone Zero 560ml,2200,1889,3558,1867,8,False
M01,2026-11-24 09:03:03,2026-11-24 09:23:36,Running,,A,Lampone Zero 560ml,2200,1887,1233,646,3,False
M01,2026-11-24 09:23:36,2026-11-24 09:30:33,Stopped,Starvation,A,Lampone Zero 560ml,2200,0,417,0,0,False
M01,2026-11-24 09:30:33,2026-11-24 09:51:58,Running,,A,Lampone Zero 560ml,2200,1872,1285,668,3,False
M01,2026-11-24 09:51:58,2026-11-24 09:59:54,Idle,,A,Lampone Zero 560ml,2200,0,476,0,0,False
M01,2026-11-24 09:59:54,2026-11-24 10:23:34,Running,,A,Lampone Zero 560ml,2200,1907,1420,752,4,False
M01,2026-11-24 10:23:34,2026-11-24 10:25:48,Stopped,Starvation,A,Lampone Zero 560ml,2200,0,134,0,0,False
M01,2026-11-24 10:25:48,2026-11-24 10:49:59,Running,,A,Lampone Zero 560ml,2200,1866,1451,752,4,False
M01,2026-11-24 10:49:59,2026-11-24 11:20:13,Running,,A,Lampone Zero 560ml,2200,1938,1814,977,4,False
M01,2026-11-24 11:20:13,2026-11-24 11:41:57,Running,,A,Lampone Zero 560ml,2200,1880,1304,681,3,False
M01,2026-11-24 11:41:57,2026-11-24 12:23:02,Running,,A,Lampone Zero 560ml,2200,1879,2465,1287,6,False
M01,2026-11-24 12:23:02,2026-11-24 12:27:22,Stopped,Operator,A,Lampone Zero 560ml,2200,0,260,0,0,False
M01,2026-11-24 12:27:22,2026-11-24 13:10:49,Running,,A,Lampone Zero 560ml,2200,1889,2607,1368,6,False
M01,2026-11-24 13:10:49,2026-11-24 13:20:17,Stopped,Starvation,A,Lampone Zero 560ml,2200,0,568,0,0,False
M01,2026-11-24 13:20:17,2026-11-24 13:34:21,Stopped,External,A,Lampone Zero 560ml,2200,0,844,0,0,False
M01,2026-11-24 13:34:21,2026-11-24 13:58:09,Running,,A,Lampone Zero 560ml,2200,1870,1428,742,3,False
M01,2026-11-24 13:58:09,2026-11-24 14:00:00,Idle,,A,Lampone Zero 560ml,2200,0,111,0,0,False
M01,2026-11-24 14:00:00,2026-11-24 14:17:38,Stopped,Changeover,B,Arancia Rossa 500ml,2400,0,1058,0,0,True
M01,2026-11-24 14:17:38,2026-11-24 14:57:35,Running,,B,Arancia Rossa 500ml,2400,2069,2397,1378,7,False
M01,2026-11-24 14:57:35,2026-11-24 15:47:19,Running,,B,Arancia Rossa 500ml,2400,2038,2984,1689,6,False
M01,2026-11-24 15:47:19,2026-11-24 16:31:11,Running,,B,Arancia Rossa 500ml,2400,2103,2632,1538,6,False
M01,2026-11-24 16:31:11,2026-11-24 16:46:32,Stopped,Starvation,B,Arancia Rossa 500ml,2400,0,921,0,0,False
M01,2026-11-24 16:46:32,2026-11-24 17:31:00,Running,,B,Arancia Rossa 500ml,2400,2086,2668,1546,7,False
M01,2026-11-24 17:31:00,2026-11-24 18:02:45,Running,,B,Arancia Rossa 500ml,2400,2101,1905,1112,6,False
M01,2026-11-24 18:02:45,2026-11-24 18:44:54,Running,,B,Arancia Rossa 500ml,2400,2097,2529,1473,6,False
M01,2026-11-24 18:44:54,2026-11-24 19:36:25,Running,,B,Arancia Rossa 500ml,2400,2107,3091,1809,7,False
M01,2026-11-24 19:36:25,2026-11-24 19:45:13,Stopped,Supplies,B,Arancia Rossa 500ml,2400,0,528,0,0,False
M01,2026-11-24 19:45:13,2026-11-24 19:55:00,Stopped,Starvation,B,Arancia Rossa 500ml,2400,0,587,0,0,False
M01,2026-11-24 19:55:00,2026-11-24 20:35:06,Running,,B,Arancia Rossa 500ml,2400,2072,2406,1385,6,False
M01,2026-11-24 20:35:06,2026-11-24 21:10:13,Running,,B,Arancia Rossa 500ml,2400,2051,2107,1200,5,False
M01,2026-11-24 21:10:13,2026-11-24 21:13:40,Stopped,Buildup,B,Arancia Rossa 500ml,2400,0,207,0,0,False
M01,2026-11-24 21:13:40,2026-11-24 21:23:04,Stopped,External,B,Arancia Rossa 500ml,2400,0,564,0,0,False
M01,2026-11-24 21:23:04,2026-11-24 21:45:37,Running,,B,Arancia Rossa 500ml,2400,2062,1353,775,3,False
M01,2026-11-24 21:45:37,2026-11-24 22:00:00,Running,,B,Arancia Rossa 500ml,2400,2033,863,487,2,False
M01,2026-11-24 22:00:00,2026-11-24 22:51:33,Running,,C,Arancia Rossa 500ml,2400,2103,3093,1807,7,False
M01,2026-11-24 22:51:33,2026-11-24 23:05:26,Idle,,C,Arancia Rossa 500ml,2400,0,833,0,0,False
M01,2026-11-24 23:05:26,2026-11-24 23:13:15,Stopped,External,C,Arancia Rossa 500ml,2400,0,469,0,0,False
M01,2026-11-24 23:13:15,2026-11-24 23:53:48,Running,,C,Arancia Rossa 500ml,2400,2072,2433,1400,5,False
M01,2026-11-24 23:53:48,2026-11-25 00:00:00,Running,,C,Arancia Rossa 500ml,2400,2045,372,211,1,False
M01,2026-11-25 00:00:00,2026-11-25 00:56:30,Running,,C,Arancia Rossa 500ml,2400,2097,3390,1975,10,False
M01,2026-11-25 00:56:30,2026-11-25 01:54:30,Running,,C,Arancia Rossa 500ml,2400,2079,3480,2010,10,False
M01,2026-11-25 01:54:30,2026-11-25 02:54:20,Running,,C,Arancia Rossa 500ml,2400,2070,3590,2064,11,False
M01,2026-11-25 02:54:20,2026-11-25 03:09:07,Stopped,Starvation,C,Arancia Rossa 500ml,2400,0,887,0,0,False
M01,2026-11-25 03:09:07,2026-11-25 03:38:19,Running,,C,Arancia Rossa 500ml,2400,2043,1752,994,5,False
M01,2026-11-25 03:38:19,2026-11-25 03:49:18,Stopped,Starvation,C,Arancia Rossa 500ml,2400,0,659,0,0,False
M01,2026-11-25 03:49:18,2026-11-25 04:27:02,Running,,C,Arancia Rossa 500ml,2400,2097,2264,1319,5,False
M01,2026-11-25 04:27:02,2026-11-25 04:56:25,Running,,C,Arancia Rossa 500ml,2400,2099,1763,1028,4,False
M01,2026-11-25 04:56:25,2026-11-25 05:12:21,Stopped,Buildup,C,Arancia Rossa 500ml,2400,0,956,0,0,False
M01,2026-11-25 05:12:21,2026-11-25 05:33:34,Running,,C,Arancia Rossa 500ml,2400,2114,1273,748,3,False
M01,2026-11-25 05:33:34,2026-11-25 05:41:02,Stopped,Operator,C,Arancia Rossa 500ml,2400,0,448,0,0,False
M01,2026-11-25 05:41:02,2026-11-25 06:00:00,Running,,C,Arancia Rossa 500ml,2400,2086,1138,659,3,False
M01,2026-11-25 06:00:00,2026-11-25 06:26:44,Running,,A,Arancia Rossa 500ml,2400,2061,1604,918,3,False
M01,2026-11-25 06:26:44,2026-11-25 07:16:45,Running,,A,Arancia Rossa 500ml,2400,2036,3001,1697,8,False
M01,2026-11-25 07:16:45,2026-11-25 07:59:51,Running,,A,Arancia Rossa 500ml,2400,2091,2586,1502,5,False
M01,2026-11-25 07:59:51,2026-11-25 08:07:50,Stopped,Starvation,A,Arancia Rossa 500ml,2400,0,479,0,0,False
M01,2026-11-25 08:07:50,2026-11-25 08:55:10,Running,,A,Arancia Rossa 500ml,2400,2089,2840,1648,7,False
M01,2026-11-25 08:55:10,2026-11-25 09:43:14,Running,,A,Arancia Rossa 500ml,2400,2077,2884,1664,7,False
M01,2026-11-25 09:43:14,2026-11-25 10:36:42,Running,,A,Arancia Rossa 500ml,2400,2079,3208,1853,8,False
M01,2026-11-25 10:36:42,2026-11-25 11:34:23,Running,,A,Arancia Rossa 500ml,2400,2035,3461,1956,8,False
M01,2026-11-25 11:34:23,2026-11-25 11:51:18,Stopped,Fault,A,Arancia Rossa 500ml,2400,0,1015,0,0,False
M01,2026-11-25 11:51:18,2026-11-25 12:14:15,Running,,A,Arancia Rossa 500ml,2400,2060,1377,788,4,False
M01,2026-11-25 12:14:15,2026-11-25 12:27:58,Stopped,Fault,A,Arancia Rossa 500ml,2400,0,823,0,0,False
M01,2026-11-25 12:27:58,2026-11-25 12:50:26,Running,,A,Arancia Rossa 500ml,2400,2109,1348,790,4,False
M01,2026-11-25 12:50:26,2026-11-25 13:40:03,Running,,A,Arancia Rossa 500ml,2400,2039,2977,1686,8,False
M01,2026-11-25 13:40:03,2026-11-25 14:00:00,Running,,A,Arancia Rossa 500ml,2400,2043,1197,679,3,False
M01,2026-11-25 14:00:00,2026-11-25 14:32:46,Stopped,Changeover,B,Lampone Zero 560ml,2200,0,1966,0,0,True
M01,2026-11-25 14:32:46,2026-11-25 14:36:06,Stopped,Starvation,B,Lampone Zero 560ml,2200,0,200,0,0,False
M01,2026-11-25 14:36:06,2026-11-25 14:56:12,Running,,B,Lampone Zero 560ml,2200,1892,1206,634,3,False
M01,2026-11-25 14:56:12,2026-11-25 15:45:08,Running,,B,Lampone Zero 560ml,2200,1932,2936,1576,6,False
M01,2026-11-25 15:45:08,2026-11-25 15:50:49,Stopped,External,B,Lampone Zero 560ml,2200,0,341,0,0,False
M01,2026-11-25 15:50:49,2026-11-25 16:25:25,Running,,B,Lampone Zero 560ml,2200,1884,2076,1086,4,False
M01,2026-11-25 16:25:25,2026-11-25 17:23:44,Running,,B,Lampone Zero 560ml,2200,1929,3499,1875,7,False
M01,2026-11-25 17:23:44,2026-11-25 17:48:10,Running,,B,Lampone Zero 560ml,2200,1923,1466,783,4,False
M01,2026-11-25 17:48:10,2026-11-25 18:00:49,Stopped,External,B,Lampone Zero 560ml,2200,0,759,0,0,False
M01,2026-11-25 18:00:49,2026-11-25 18:22:03,Running,,B,Lampone Zero 560ml,2200,1874,1274,663,3,False
M01,2026-11-25 18:22:03,2026-11-25 18:47:10,Running,,B,Lampone Zero 560ml,2200,1937,1507,811,4,False
M01,2026-11-25 18:47:10,2026-11-25 19:19:56,Running,,B,Lampone Zero 560ml,2200,1910,1966,1043,5,False
M01,2026-11-25 19:19:56,2026-11-25 20:12:14,Running,,B,Lampone Zero 560ml,2200,1877,3138,1636,6,False
M01,2026-11-25 20:12:14,2026-11-25 21:07:24,Running,,B,Lampone Zero 560ml,2200,1902,3310,1749,9,False
M01,2026-11-25 21:07:24,2026-11-25 21:37:32,Running,,B,Lampone Zero 560ml,2200,1938,1808,973,5,False
M01,2026-11-25 21:37:32,2026-11-25 21:49:18,Stopped,External,B,Lampone Zero 560ml,2200,0,706,0,0,False
M01,2026-11-25 21:49:18,2026-11-25 21:51:48,Stopped,Starvation,B,Lampone Zero 560ml,2200,0,150,0,0,False
M01,2026-11-25 21:51:48,2026-11-25 22:00:00,Running,,B,Lampone Zero 560ml,2200,1876,492,256,1,False
M01,2026-11-25 22:00:00,2026-11-25 22:40:10,Running,,C,Lampone Zero 560ml,2200,1893,2410,1267,5,False
M01,2026-11-25 22:40:10,2026-11-25 22:53:37,Stopped,External,C,Lampone Zero 560ml,2200,0,807,0,0,False
M01,2026-11-25 22:53:37,2026-11-25 23:28:31,Running,,C,Lampone Zero 560ml,2200,1870,2094,1088,4,False
M01,2026-11-25 23:28:31,2026-11-25 23:57:02,Running,,C,Lampone Zero 560ml,2200,1928,1711,916,4,False
M01,2026-11-25 23:57:02,2026-11-26 00:00:00,Idle,,C,Lampone Zero 560ml,2200,0,178,0,0,False
M01,2026-11-26 00:00:00,2026-11-26 00:38:20,Running,,C,Lampone Zero 560ml,2200,1921,2300,1227,5,False
M01,2026-11-26 00:38:20,2026-11-26 01:14:54,Running,,C,Lampone Zero 560ml,2200,1882,2194,1147,4,False
M01,2026-11-26 01:14:54,2026-11-26 02:09:17,Running,,C,Lampone Zero 560ml,2200,1934,3263,1753,7,False
M01,2026-11-26 02:09:17,2026-11-26 02:42:39,Running,,C,Lampone Zero 560ml,2200,1932,2002,1074,5,False
M01,2026-11-26 02:42:39,2026-11-26 03:30:21,Running,,C,Lampone Zero 560ml,2200,1897,2862,1508,6,False
M01,2026-11-26 03:30:21,2026-11-26 03:43:07,Stopped,Buildup,C,Lampone Zero 560ml,2200,0,766,0,0,False
M01,2026-11-26 03:43:07,2026-11-26 04:41:08,Running,,C,Lampone Zero 560ml,2200,1926,3481,1862,7,False
M01,2026-11-26 04:41:08,2026-11-26 05:06:18,Running,,C,Lampone Zero 560ml,2200,1878,1510,788,3,False
M01,2026-11-26 05:06:18,2026-11-26 05:47:20,Running,,C,Lampone Zero 560ml,2200,1895,2462,1296,5,False
M01,2026-11-26 05:47:20,2026-11-26 05:56:43,Stopped,External,C,Lampone Zero 560ml,2200,0,563,0,0,False
M01,2026-11-26 05:56:43,2026-11-26 06:00:00,Idle,,C,Lampone Zero 560ml,2200,0,197,0,0,False
M01,2026-11-26 06:00:00,2026-11-26 06:10:48,Stopped,Fault,A,Lampone Zero 560ml,2200,0,648,0,0,False
M01,2026-11-26 06:10:48,2026-11-26 07:09:54,Running,,A,Lampone Zero 560ml,2200,1926,3546,1897,10,False
M01,2026-11-26 07:09:54,2026-11-26 07:20:16,Stopped,Buildup,A,Lampone Zero 560ml,2200,0,622,0,0,False
M01,2026-11-26 07:20:16,2026-11-26 08:17:10,Running,,A,Lampone Zero 560ml,2200,1928,3414,1828,9,False
M01,2026-11-26 08:17:10,2026-11-26 08:55:40,Running,,A,Lampone Zero 560ml,2200,1906,2310,1223,6,False
M01,2026-11-26 08:55:40,2026-11-26 09:30:48,Running,,A,Lampone Zero 560ml,2200,1867,2108,1093,5,False
M01,2026-11-26 09:30:48,2026-11-26 10:24:31,Running,,A,Lampone Zero 560ml,2200,1896,3223,1697,9,False
M01,2026-11-26 10:24:31,2026-11-26 11:05:12,Running,,A,Lampone Zero 560ml,2200,1878,2441,1273,5,False
M01,2026-11-26 11:05:12,2026-11-26 11:08:28,Stopped,External,A,Lampone Zero 560ml,2200,0,196,0,0,False
M01,2026-11-26 11:08:28,2026-11-26 12:03:53,Running,,A,Lampone Zero 560ml,2200,1876,3325,1733,7,False
M01,2026-11-26 12:03:53,2026-11-26 12:11:35,Idle,,A,Lampone Zero 560ml,2200,0,462,0,0,False
M01,2026-11-26 12:11:35,2026-11-26 12:13:53,Stopped,Supplies,A,Lampone Zero 560ml,2200,0,138,0,0,False
M01,2026-11-26 12:13:53,2026-11-26 13:09:48,Running,,A,Lampone Zero 560ml,2200,1905,3355,1775,7,False
M01,2026-11-26 13:09:48,2026-11-26 13:51:12,Running,,A,Lampone Zero 560ml,2200,1867,2484,1288,6,False
M01,2026-11-26 13:51:12,2026-11-26 14:00:00,Running,,A,Lampone Zero 560ml,2200,1912,528,280,1,False
M01,2026-11-26 14:00:00,2026-11-26 14:32:46,Stopped,Changeover,B,Arancia Rossa 500ml,2400,0,1966,0,0,True
M01,2026-11-26 14:32:46,2026-11-26 14:50:03,Stopped,Starvation,B,Arancia Rossa 500ml,2400,0,1037,0,0,False
M01,2026-11-26 14:50:03,2026-11-26 15:40:42,Running,,B,Arancia Rossa 500ml,2400,2110,3039,1781,8,False
M01,2026-11-26 15:40:42,2026-11-26 16:15:25,Running,,B,Arancia Rossa 500ml,2400,2075,2083,1201,5,False
M01,2026-11-26 16:15:25,2026-11-26 16:54:33,Running,,B,Arancia Rossa 500ml,2400,2057,2348,1342,5,False
M01,2026-11-26 16:54:33,2026-11-26 17:52:12,Running,,B,Arancia Rossa 500ml,2400,2090,3459,2008,8,False
M01,2026-11-26 17:52:12,2026-11-26 18:26:01,Running,,B,Arancia Rossa 500ml,2400,2105,2029,1186,5,False
M01,2026-11-26 18:26:01,2026-11-26 19:11:12,Running,,B,Arancia Rossa 500ml,2400,2053,2711,1546,8,False
M01,2026-11-26 19:11:12,2026-11-26 19:37:41,Running,,B,Arancia Rossa 500ml,2400,2107,1589,930,4,False
M01,2026-11-26 19:37:41,2026-11-26 19:55:10,Idle,,B,Arancia Rossa 500ml,2400,0,1049,0,0,False
M01,2026-11-26 19:55:10,2026-11-26 20:16:26,Running,,B,Arancia Rossa 500ml,2400,2047,1276,726,4,False
M01,2026-11-26 20:16:26,2026-11-26 21:07:20,Running,,B,Arancia Rossa 500ml,2400,2060,3054,1748,6,False
M01,2026-11-26 21:07:20,2026-11-26 21:14:18,Stopped,Starvation,B,Arancia Rossa 500ml,2400,0,418,0,0,False
M01,2026-11-26 21:14:18,2026-11-26 21:39:24,Running,,B,Arancia Rossa 500ml,2400,2038,1506,853,4,False
M01,2026-11-26 21:39:24,2026-11-26 21:59:55,Running,,B,Arancia Rossa 500ml,2400,2050,1231,701,3,False
M01,2026-11-26 21:59:55,2026-11-26 22:00:00,Idle,,B,Arancia Rossa 500ml,2400,0,5,0,0,False
M01,2026-11-26 22:00:00,2026-11-26 22:59:14,Running,,C,Arancia Rossa 500ml,2400,2094,3554,2067,9,False
M01,2026-11-26 22:59:14,2026-11-26 23:21:10,Running,,C,Arancia Rossa 500ml,2400,2055,1316,751,3,False
M01,2026-11-26 23:21:10,2026-11-26 23:44:43,Running,,C,Arancia Rossa 500ml,2400,2097,1413,823,4,False
M01,2026-11-26 23:44:43,2026-11-27 00:00:00,Running,,C,Arancia Rossa 500ml,2400,2107,917,537,3,False
M01,2026-11-27 00:00:00,2026-11-27 00:50:32,Running,,C,Arancia Rossa 500ml,2400,2035,3032,1714,8,False
M01,2026-11-27 00:50:32,2026-11-27 01:21:00,Running,,C,Arancia Rossa 500ml,2400,2034,1828,1033,5,False
M01,2026-11-27 01:21:00,2026-11-27 02:12:12,Running,,C,Arancia Rossa 500ml,2400,2011,3072,1716,7,False
M01,2026-11-27 02:12:12,2026-11-27 02:57:00,Running,,C,Arancia Rossa 500ml,2400,2006,2688,1498,7,False
M01,2026-11-27 02:57:00,2026-11-27 03:29:37,Running,,C,Arancia Rossa 500ml,2400,2023,1957,1100,6,False
M01,2026-11-27 03:29:37,2026-11-27 04:27:38,Running,,C,Arancia Rossa 500ml,2400,1985,3481,1919,8,False
M01,2026-11-27 04:27:38,2026-11-27 05:14:10,Running,,C,Arancia Rossa 500ml,2400,1988,2792,1542,6,False
M01,2026-11-27 05:14:10,2026-11-27 05:35:35,Running,,C,Arancia Rossa 500ml,2400,1983,1285,708,4,False
M01,2026-11-27 05:35:35,2026-11-27 05:56:21,Running,,C,Arancia Rossa 500ml,2400,2011,1246,696,3,False
M01,2026-11-27 05:56:21,2026-11-27 06:00:00,Idle,,C,Arancia Rossa 500ml,2400,0,219,0,0,False
M01,2026-11-27 06:00:00,2026-11-27 06:03:28,Stopped,External,A,Arancia Rossa 500ml,2400,0,208,0,0,False
M01,2026-11-27 06:03:28,2026-11-27 06:15:10,Stopped,Operator,A,Arancia Rossa 500ml,2400,0,702,0,0,False
M01,2026-11-27 06:15:10,2026-11-27 06:57:20,Running,,A,Arancia Rossa 500ml,2400,2015,2530,1416,6,False
M01,2026-11-27 06:57:20,2026-11-27 07:18:49,Running,,A,Arancia Rossa 500ml,2400,1991,1289,713,4,False
M01,2026-11-27 07:18:49,2026-11-27 08:03:32,Running,,A,Arancia Rossa 500ml,2400,2037,2683,1518,7,False
M01,2026-11-27 08:03:32,2026-11-27 08:40:31,Running,,A,Arancia Rossa 500ml,2400,1989,2219,1226,5,False
M01,2026-11-27 08:40:31,2026-11-27 09:31:55,Running,,A,Arancia Rossa 500ml,2400,1995,3084,1709,8,False
M01,2026-11-27 09:31:55,2026-11-27 10:26:11,Running,,A,Arancia Rossa 500ml,2400,2039,3256,1844,8,False
M01,2026-11-27 10:26:11,2026-11-27 11:10:35,Running,,A,Arancia Rossa 500ml,2400,1982,2664,1467,7,False
M01,2026-11-27 11:10:35,2026-11-27 11:44:53,Running,,A,Arancia Rossa 500ml,2400,2012,2058,1150,5,False
M01,2026-11-27 11:44:53,2026-11-27 12:05:39,Running,,A,Arancia Rossa 500ml,2400,2031,1246,703,3,False
M01,2026-11-27 12:05:39,2026-11-27 12:53:01,Running,,A,Arancia Rossa 500ml,2400,1978,2842,1562,6,False
M01,2026-11-27 12:53:01,2026-11-27 13:34:41,Running,,A,Arancia Rossa 500ml,2400,2029,2500,1409,6,False
M01,2026-11-27 13:34:41,2026-11-27 13:54:43,Running,,A,Arancia Rossa 500ml,2400,1984,1202,662,3,False
M01,2026-11-27 13:54:43,2026-11-27 13:58:05,Stopped,Fault,A,Arancia Rossa 500ml,2400,0,202,0,0,False
M01,2026-11-27 13:58:05,2026-11-27 14:00:00,Idle,,A,Arancia Rossa 500ml,2400,0,115,0,0,False
M01,2026-11-27 14:00:00,2026-11-27 14:18:31,Stopped,Changeover,B,Lampone Zero 560ml,2200,0,1111,0,0,True
M01,2026-11-27 14:18:31,2026-11-27 14:26:59,Stopped,External,B,Lampone Zero 560ml,2200,0,508,0,0,False
M01,2026-11-27 14:26:59,2026-11-27 15:16:00,Running,,B,Lampone Zero 560ml,2200,1830,2941,1495,7,False
M01,2026-11-27 15:16:00,2026-11-27 15:30:11,Stopped,Fault,B,Lampone Zero 560ml,2200,0,851,0,0,False
M01,2026-11-27 15:30:11,2026-11-27 15:35:01,Stopped,Fault,B,Lampone Zero 560ml,2200,0,290,0,0,False
M01,2026-11-27 15:35:01,2026-11-27 16:10:47,Running,,B,Lampone Zero 560ml,2200,1870,2146,1115,6,False
M01,2026-11-27 16:10:47,2026-11-27 16:56:23,Running,,B,Lampone Zero 560ml,2200,1811,2736,1376,7,False
M01,2026-11-27 16:56:23,2026-11-27 17:11:17,Idle,,B,Lampone Zero 560ml,2200,0,894,0,0,False
M01,2026-11-27 17:11:17,2026-11-27 17:19:41,Stopped,Starvation,B,Lampone Zero 560ml,2200,0,504,0,0,False
M01,2026-11-27 17:19:41,2026-11-27 17:46:17,Running,,B,Lampone Zero 560ml,2200,1869,1596,829,3,False
M01,2026-11-27 17:46:17,2026-11-27 18:27:59,Running,,B,Lampone Zero 560ml,2200,1876,2502,1304,7,False
M01,2026-11-27 18:27:59,2026-11-27 19:18:40,Running,,B,Lampone Zero 560ml,2200,1838,3041,1553,7,False
M01,2026-11-27 19:18:40,2026-11-27 19:29:26,Idle,,B,Lampone Zero 560ml,2200,0,646,0,0,False
M01,2026-11-27 19:29:26,2026-11-27 20:28:02,Running,,B,Lampone Zero 560ml,2200,1878,3516,1834,8,False
M01,2026-11-27 20:28:02,2026-11-27 20:38:02,Stopped,Buildup,B,Lampone Zero 560ml,2200,0,600,0,0,False
M01,2026-11-27 20:38:02,2026-11-27 21:17:01,Running,,B,Lampone Zero 560ml,2200,1828,2339,1188,4,False
M01,2026-11-27 21:17:01,2026-11-27 22:00:00,Running,,B,Lampone Zero 560ml,2200,1840,2579,1318,7,False
M01,2026-11-27 22:00:00,2026-11-27 22:23:45,Stopped,Changeover,C,Arancia Rossa 500ml,2400,0,1425,0,0,True
M01,2026-11-27 22:23:45,2026-11-27 22:37:42,Stopped,Buildup,C,Arancia Rossa 500ml,2400,0,837,0,0,False
M01,2026-11-27 22:37:42,2026-11-27 22:43:33,Stopped,Operator,C,Arancia Rossa 500ml,2400,0,351,0,0,False
M01,2026-11-27 22:43:33,2026-11-27 23:19:14,Running,,C,Arancia Rossa 500ml,2400,2012,2141,1197,6,False
M01,2026-11-27 23:19:14,2026-11-27 23:50:47,Running,,C,Arancia Rossa 500ml,2400,2046,1893,1076,4,False
M01,2026-11-27 23:50:47,2026-11-28 00:00:00,Running,,C,Arancia Rossa 500ml,2400,2013,553,309,2,False
M01,2026-11-28 00:00:00,2026-11-28 00:04:36,Stopped,Starvation,C,Arancia Rossa 500ml,2400,0,276,0,0,False
M01,2026-11-28 00:04:36,2026-11-28 00:42:35,Running,,C,Arancia Rossa 500ml,2400,1842,2279,1166,5,False
M01,2026-11-28 00:42:35,2026-11-28 01:29:01,Running,,C,Arancia Rossa 500ml,2400,1867,2786,1445,7,False
M01,2026-11-28 01:29:01,2026-11-28 02:09:58,Running,,C,Arancia Rossa 500ml,2400,1855,2457,1266,6,False
M01,2026-11-28 02:09:58,2026-11-28 03:06:23,Running,,C,Arancia Rossa 500ml,2400,1869,3385,1757,7,False
M01,2026-11-28 03:06:23,2026-11-28 04:00:43,Running,,C,Arancia Rossa 500ml,2400,1869,3260,1692,8,False
M01,2026-11-28 04:00:43,2026-11-28 04:35:51,Running,,C,Arancia Rossa 500ml,2400,1892,2108,1108,5,False
M01,2026-11-28 04:35:51,2026-11-28 05:24:49,Running,,C,Arancia Rossa 500ml,2400,1904,2938,1554,8,False
M01,2026-11-28 05:24:49,2026-11-28 05:59:08,Running,,C,Arancia Rossa 500ml,2400,1895,2059,1084,6,False
M01,2026-11-28 05:59:08,2026-11-28 06:00:00,Idle,,C,Arancia Rossa 500ml,2400,0,52,0,0,False
M01,2026-11-28 06:00:00,2026-11-28 06:28:55,Stopped,Changeover,A,Lampone Zero 560ml,2200,0,1735,0,0,True
M01,2026-11-28 06:28:55,2026-11-28 07:07:23,Running,,A,Lampone Zero 560ml,2200,1693,2308,1085,5,False
M01,2026-11-28 07:07:23,2026-11-28 07:13:25,Idle,,A,Lampone Zero 560ml,2200,0,362,0,0,False
M01,2026-11-28 07:13:25,2026-11-28 07:55:51,Running,,A,Lampone Zero 560ml,2200,1692,2546,1197,5,False
M01,2026-11-28 07:55:51,2026-11-28 08:47:39,Running,,A,Lampone Zero 560ml,2200,1721,3108,1486,6,False
M01,2026-11-28 08:47:39,2026-11-28 09:40:21,Running,,A,Lampone Zero 560ml,2200,1723,3162,1513,6,False
M01,2026-11-28 09:40:21,2026-11-28 10:19:54,Running,,A,Lampone Zero 560ml,2200,1732,2373,1142,6,False
M01,2026-11-28 10:19:54,2026-11-28 10:45:34,Running,,A,Lampone Zero 560ml,2200,1708,1540,731,3,False
M01,2026-11-28 10:45:34,2026-11-28 11:18:12,Running,,A,Lampone Zero 560ml,2200,1731,1958,941,4,False
M01,2026-11-28 11:18:12,2026-11-28 11:31:01,Stopped,Operator,A,Lampone Zero 560ml,2200,0,769,0,0,False
M01,2026-11-28 11:31:01,2026-11-28 12:22:24,Running,,A,Lampone Zero 560ml,2200,1726,3083,1478,6,False
M01,2026-11-28 12:22:24,2026-11-28 12:47:34,Running,,A,Lampone Zero 560ml,2200,1742,1510,731,3,False
M01,2026-11-28 12:47:34,2026-11-28 12:53:47,Idle,,A,Lampone Zero 560ml,2200,0,373,0,0,False
M01,2026-11-28 12:53:47,2026-11-28 13:48:48,Running,,A,Lampone Zero 560ml,2200,1708,3301,1566,7,False
M01,2026-11-28 13:48:48,2026-11-28 13:56:15,Stopped,Supplies,A,Lampone Zero 560ml,2200,0,447,0,0,False
M01,2026-11-28 13:56:15,2026-11-28 14:00:00,Idle,,A,Lampone Zero 560ml,2200,0,225,0,0,False
M01,2026-11-28 14:00:00,2026-11-28 14:22:37,Stopped,Changeover,B,Arancia Rossa 500ml,2400,0,1357,0,0,True
M01,2026-11-28 14:22:37,2026-11-28 15:20:35,Running,,B,Arancia Rossa 500ml,2400,1836,3478,1774,7,False
M01,2026-11-28 15:20:35,2026-11-28 16:01:39,Running,,B,Arancia Rossa 500ml,2400,1893,2464,1296,6,False
M01,2026-11-28 16:01:39,2026-11-28 16:18:52,Stopped,Starvation,B,Arancia Rossa 500ml,2400,0,1033,0,0,False
M01,2026-11-28 16:18:52,2026-11-28 17:07:01,Running,,B,Arancia Rossa 500ml,2400,1836,2889,1473,7,False
M01,2026-11-28 17:07:01,2026-11-28 17:14:02,Stopped,External,B,Arancia Rossa 500ml,2400,0,421,0,0,False
M01,2026-11-28 17:14:02,2026-11-28 17:18:20,Stopped,Starvation,B,Arancia Rossa 500ml,2400,0,258,0,0,False
M01,2026-11-28 17:18:20,2026-11-28 17:23:41,Idle,,B,Arancia Rossa 500ml,2400,0,321,0,0,False
M01,2026-11-28 17:23:41,2026-11-28 17:54:08,Running,,B,Arancia Rossa 500ml,2400,1877,1827,953,3,False
M01,2026-11-28 17:54:08,2026-11-28 18:23:02,Running,,B,Arancia Rossa 500ml,2400,1878,1734,905,4,False
M01,2026-11-28 18:23:02,2026-11-28 18:46:48,Running,,B,Arancia Rossa 500ml,2400,1857,1426,736,3,False
M01,2026-11-28 18:46:48,2026-11-28 18:57:06,Stopped,Buildup,B,Arancia Rossa 500ml,2400,0,618,0,0,False
M01,2026-11-28 18:57:06,2026-11-28 19:23:34,Running,,B,Arancia Rossa 500ml,2400,1906,1588,841,4,False
M01,2026-11-28 19:23:34,2026-11-28 19:28:34,Stopped,Starvation,B,Arancia Rossa 500ml,2400,0,300,0,0,False
M01,2026-11-28 19:28:34,2026-11-28 20:06:26,Running,,B,Arancia Rossa 500ml,2400,1856,2272,1171,6,False
M01,2026-11-28 20:06:26,2026-11-28 20:37:04,Running,,B,Arancia Rossa 500ml,2400,1841,1838,940,3,False
M01,2026-11-28 20:37:04,2026-11-28 21:11:27,Running,,B,Arancia Rossa 500ml,2400,1835,2063,1052,5,False
M01,2026-11-28 21:11:27,2026-11-28 21:47:48,Running,,B,Arancia Rossa 500ml,2400,1899,2181,1150,6,False
M01,2026-11-28 21:47:48,2026-11-28 21:54:32,Stopped,Starvation,B,Arancia Rossa 500ml,2400,0,404,0,0,False
M01,2026-11-28 21:54:32,2026-11-28 22:00:00,Running,,B,Arancia Rossa 500ml,2400,1902,328,173,1,False
M01,2026-11-28 22:00:00,2026-11-28 22:53:41,Running,,C,Arancia Rossa 500ml,2400,1894,3221,1695,6,False
M01,2026-11-28 22:53:41,2026-11-28 23:04:57,Stopped,Fault,C,Arancia Rossa 500ml,2400,0,676,0,0,False
M01,2026-11-28 23:04:57,2026-11-28 23:51:40,Running,,C,Arancia Rossa 500ml,2400,1870,2803,1456,7,False
M01,2026-11-28 23:51:40,2026-11-28 23:55:01,Stopped,Buildup,C,Arancia Rossa 500ml,2400,0,201,0,0,False
M01,2026-11-28 23:55:01,2026-11-29 00:00:00,Idle,,C,Arancia Rossa 500ml,2400,0,299,0,0,False
M01,2026-11-29 00:00:00,2026-11-29 00:02:36,Stopped,Starvation,C,Arancia Rossa 500ml,2400,0,156,0,0,False
M01,2026-11-29 00:02:36,2026-11-29 00:19:26,Stopped,Starvation,C,Arancia Rossa 500ml,2400,0,1010,0,0,False
M01,2026-11-29 00:19:26,2026-11-29 00:45:18,Running,,C,Arancia Rossa 500ml,2400,1743,1552,751,3,False
M01,2026-11-29 00:45:18,2026-11-29 01:32:57,Running,,C,Arancia Rossa 500ml,2400,1743,2859,1384,7,False
M01,2026-11-29 01:32:57,2026-11-29 01:36:14,Stopped,Operator,C,Arancia Rossa 500ml,2400,0,197,0,0,False
M01,2026-11-29 01:36:14,2026-11-29 02:10:34,Running,,C,Arancia Rossa 500ml,2400,1759,2060,1007,4,False
M01,2026-11-29 02:10:34,2026-11-29 02:55:36,Running,,C,Arancia Rossa 500ml,2400,1775,2702,1332,6,False
M01,2026-11-29 02:55:36,2026-11-29 03:29:52,Running,,C,Arancia Rossa 500ml,2400,1773,2056,1013,4,False
M01,2026-11-29 03:29:52,2026-11-29 04:12:54,Running,,C,Arancia Rossa 500ml,2400,1742,2582,1249,5,False
M01,2026-11-29 04:12:54,2026-11-29 04:23:02,Stopped,Starvation,C,Arancia Rossa 500ml,2400,0,608,0,0,False
M01,2026-11-29 04:23:02,2026-11-29 04:47:32,Running,,C,Arancia Rossa 500ml,2400,1759,1470,718,3,False
M01,2026-11-29 04:47:32,2026-11-29 05:23:09,Running,,C,Arancia Rossa 500ml,2400,1756,2137,1042,4,False
M01,2026-11-29 05:23:09,2026-11-29 05:56:27,Running,,C,Arancia Rossa 500ml,2400,1762,1998,978,3,False
M01,2026-11-29 05:56:27,2026-11-29 06:00:00,Idle,,C,Arancia Rossa 500ml,2400,0,213,0,0,False
M01,2026-11-29 06:00:00,2026-11-29 06:11:57,Idle,,A,Arancia Rossa 500ml,2400,0,717,0,0,False
M01,2026-11-29 06:11:57,2026-11-29 06:56:08,Running,,A,Arancia Rossa 500ml,2400,1748,2651,1287,6,False
M01,2026-11-29 06:56:08,2026-11-29 06:58:27,Stopped,Starvation,A,Arancia Rossa 500ml,2400,0,139,0,0,False
M01,2026-11-29 06:58:27,2026-11-29 07:22:24,Running,,A,Arancia Rossa 500ml,2400,1744,1437,696,3,False
M01,2026-11-29 07:22:24,2026-11-29 08:07:20,Running,,A,Arancia Rossa 500ml,2400,1727,2696,1293,6,False
M01,2026-11-29 08:07:20,2026-11-29 08:28:04,Running,,A,Arancia Rossa 500ml,2400,1763,1244,609,2,False
M01,2026-11-29 08:28:04,2026-11-29 09:22:13,Running,,A,Arancia Rossa 500ml,2400,1724,3249,1556,6,False
M01,2026-11-29 09:22:13,2026-11-29 10:20:51,Running,,A,Arancia Rossa 500ml,2400,1723,3518,1684,6,False
M01,2026-11-29 10:20:51,2026-11-29 11:08:37,Running,,A,Arancia Rossa 500ml,2400,1762,2866,1403,7,False
M01,2026-11-29 11:08:37,2026-11-29 11:40:38,Running,,A,Arancia Rossa 500ml,2400,1776,1921,948,5,False
M01,2026-11-29 11:40:38,2026-11-29 11:51:13,Stopped,External,A,Arancia Rossa 500ml,2400,0,635,0,0,False
M01,2026-11-29 11:51:13,2026-11-29 12:18:58,Running,,A,Arancia Rossa 500ml,2400,1732,1665,801,4,False
M01,2026-11-29 12:18:58,2026-11-29 13:13:23,Running,,A,Arancia Rossa 500ml,2400,1753,3265,1590,7,False
M01,2026-11-29 13:13:23,2026-11-29 13:37:11,Running,,A,Arancia Rossa 500ml,2400,1742,1428,691,3,False
M01,2026-11-29 13:37:11,2026-11-29 13:57:20,Running,,A,Arancia Rossa 500ml,2400,1740,1209,584,3,False
M01,2026-11-29 13:57:20,2026-11-29 14:00:00,Idle,,A,Arancia Rossa 500ml,2400,0,160,0,0,False
M01,2026-11-29 14:00:00,2026-11-29 14:22:31,Stopped,Changeover,B,Lampone Zero 560ml,2200,0,1351,0,0,True
M01,2026-11-29 14:22:31,2026-11-29 14:37:40,Stopped,Starvation,B,Lampone Zero 560ml,2200,0,909,0,0,False
M01,2026-11-29 14:37:40,2026-11-29 14:41:14,Stopped,Starvation,B,Lampone Zero 560ml,2200,0,214,0,0,False
M01,2026-11-29 14:41:14,2026-11-29 15:35:27,Running,,B,Lampone Zero 560ml,2200,1578,3253,1426,6,False
M01,2026-11-29 15:35:27,2026-11-29 16:13:59,Running,,B,Lampone Zero 560ml,2200,1600,2312,1028,5,False
M01,2026-11-29 16:13:59,2026-11-29 17:00:30,Running,,B,Lampone Zero 560ml,2200,1611,2791,1249,6,False
M01,2026-11-29 17:00:30,2026-11-29 17:07:44,Idle,,B,Lampone Zero 560ml,2200,0,434,0,0,False
M01,2026-11-29 17:07:44,2026-11-29 18:03:24,Running,,B,Lampone Zero 560ml,2200,1597,3340,1482,7,False
M01,2026-11-29 18:03:24,2026-11-29 18:05:35,Stopped,Buildup,B,Lampone Zero 560ml,2200,0,131,0,0,False
M01,2026-11-29 18:05:35,2026-11-29 18:14:57,Idle,,B,Lampone Zero 560ml,2200,0,562,0,0,False
M01,2026-11-29 18:14:57,2026-11-29 18:27:36,Stopped,External,B,Lampone Zero 560ml,2200,0,759,0,0,False
M01,2026-11-29 18:27:36,2026-11-29 18:49:50,Running,,B,Lampone Zero 560ml,2200,1587,1334,588,3,False
M01,2026-11-29 18:49:50,2026-11-29 19:40:33,Running,,B,Lampone Zero 560ml,2200,1604,3043,1356,5,False
M01,2026-11-29 19:40:33,2026-11-29 20:37:50,Running,,B,Lampone Zero 560ml,2200,1606,3437,1533,6,False
M01,2026-11-29 20:37:50,2026-11-29 21:20:45,Running,,B,Lampone Zero 560ml,2200,1583,2575,1132,4,False
M01,2026-11-29 21:20:45,2026-11-29 21:52:33,Running,,B,Lampone Zero 560ml,2200,1587,1908,841,4,False
M01,2026-11-29 21:52:33,2026-11-29 21:57:33,Idle,,B,Lampone Zero 560ml,2200,0,300,0,0,False
M01,2026-11-29 21:57:33,2026-11-29 22:00:00,Idle,,B,Lampone Zero 560ml,2200,0,147,0,0,False
M01,2026-11-29 22:00:00,2026-11-29 22:14:04,Stopped,Operator,C,Lampone Zero 560ml,2200,0,844,0,0,False
M01,2026-11-29 22:14:04,2026-11-29 22:22:42,Stopped,Buildup,C,Lampone Zero 560ml,2200,0,518,0,0,False
M01,2026-11-29 22:22:42,2026-11-29 23:15:27,Running,,C,Lampone Zero 560ml,2200,1618,3165,1422,6,False
M01,2026-11-29 23:15:27,2026-11-29 23:54:37,Running,,C,Lampone Zero 560ml,2200,1582,2350,1033,4,False
M01,2026-11-29 23:54:37,2026-11-29 23:56:48,Stopped,Starvation,C,Lampone Zero 560ml,2200,0,131,0,0,False
M01,2026-11-29 23:56:48,2026-11-30 00:00:00,Idle,,C,Lampone Zero 560ml,2200,0,192,0,0,False
M01,2026-11-30 00:00:00,2026-11-30 00:45:19,Running,,C,Lampone Zero 560ml,2200,1886,2719,1424,7,False
M01,2026-11-30 00:45:19,2026-11-30 00:56:37,Idle,,C,Lampone Zero 560ml,2200,0,678,0,0,False
M01,2026-11-30 00:56:37,2026-11-30 01:13:14,Stopped,Starvation,C,Lampone Zero 560ml,2200,0,997,0,0,False
M01,2026-11-30 01:13:14,2026-11-30 02:08:42,Running,,C,Lampone Zero 560ml,2200,1881,3328,1739,8,False
M01,2026-11-30 02:08:42,2026-11-30 02:15:52,Stopped,Buildup,C,Lampone Zero 560ml,2200,0,430,0,0,False
M01,2026-11-30 02:15:52,2026-11-30 02:43:40,Running,,C,Lampone Zero 560ml,2200,1897,1668,879,3,False
M01,2026-11-30 02:43:40,2026-11-30 02:49:50,Stopped,Fault,C,Lampone Zero 560ml,2200,0,370,0,0,False
M01,2026-11-30 02:49:50,2026-11-30 03:16:59,Running,,C,Lampone Zero 560ml,2200,1870,1629,846,4,False
M01,2026-11-30 03:16:59,2026-11-30 04:07:10,Running,,C,Lampone Zero 560ml,2200,1944,3011,1626,8,False
M01,2026-11-30 04:07:10,2026-11-30 04:33:19,Running,,C,Lampone Zero 560ml,2200,1881,1569,820,3,False
M01,2026-11-30 04:33:19,2026-11-30 05:16:05,Running,,C,Lampone Zero 560ml,2200,1928,2566,1374,6,False
M01,2026-11-30 05:16:05,2026-11-30 05:41:09,Running,,C,Lampone Zero 560ml,2200,1917,1504,801,3,False
M01,2026-11-30 05:41:09,2026-11-30 06:00:00,Running,,C,Lampone Zero 560ml,2200,1893,1131,595,2,False
M01,2026-11-30 06:00:00,2026-11-30 06:39:19,Running,,A,Lampone Zero 560ml,2200,1941,2359,1272,6,False
M01,2026-11-30 06:39:19,2026-11-30 06:47:07,Idle,,A,Lampone Zero 560ml,2200,0,468,0,0,False
M01,2026-11-30 06:47:07,2026-11-30 06:53:35,Stopped,Starvation,A,Lampone Zero 560ml,2200,0,388,0,0,False
M01,2026-11-30 06:53:35,2026-11-30 07:27:08,Running,,A,Lampone Zero 560ml,2200,1927,2013,1078,4,False
M01,2026-11-30 07:27:08,2026-11-30 08:21:49,Running,,A,Lampone Zero 560ml,2200,1880,3281,1713,9,False
M01,2026-11-30 08:21:49,2026-11-30 08:56:30,Running,,A,Lampone Zero 560ml,2200,1912,2081,1105,6,False
M01,2026-11-30 08:56:30,2026-11-30 09:37:24,Running,,A,Lampone Zero 560ml,2200,1942,2454,1324,5,False
M01,2026-11-30 09:37:24,2026-11-30 09:51:19,Idle,,A,Lampone Zero 560ml,2200,0,835,0,0,False
M01,2026-11-30 09:51:19,2026-11-30 10:24:50,Running,,A,Lampone Zero 560ml,2200,1900,2011,1061,5,False
M01,2026-11-30 10:24:50,2026-11-30 10:31:02,Stopped,Starvation,A,Lampone Zero 560ml,2200,0,372,0,0,False
M01,2026-11-30 10:31:02,2026-11-30 11:24:38,Running,,A,Lampone Zero 560ml,2200,1902,3216,1699,8,False
M01,2026-11-30 11:24:38,2026-11-30 11:30:55,Stopped,Operator,A,Lampone Zero 560ml,2200,0,377,0,0,False
M01,2026-11-30 11:30:55,2026-11-30 11:33:32,Stopped,Starvation,A,Lampone Zero 560ml,2200,0,157,0,0,False
M01,2026-11-30 11:33:32,2026-11-30 11:51:12,Stopped,Operator,A,Lampone Zero 560ml,2200,0,1060,0,0,False
M01,2026-11-30 11:51:12,2026-11-30 12:20:10,Running,,A,Lampone Zero 560ml,2200,1903,1738,919,4,False
M01,2026-11-30 12:20:10,2026-11-30 12:44:22,Running,,A,Lampone Zero 560ml,2200,1932,1452,779,3,False
M01,2026-11-30 12:44:22,2026-11-30 12:54:53,Stopped,Fault,A,Lampone Zero 560ml,2200,0,631,0,0,False
M01,2026-11-30 12:54:53,2026-11-30 13:00:37,Stopped,Starvation,A,Lampone Zero 560ml,2200,0,344,0,0,False
M01,2026-11-30 13:00:37,2026-11-30 13:27:20,Running,,A,Lampone Zero 560ml,2200,1936,1603,862,3,False
M01,2026-11-30 13:27:20,2026-11-30 13:44:48,Idle,,A,Lampone Zero 560ml,2200,0,1048,0,0,False
M01,2026-11-30 13:44:48,2026-11-30 14:00:00,Running,,A,Lampone Zero 560ml,2200,1933,912,490,2,False
M01,2026-11-30 14:00:00,2026-11-30 14:27:12,Stopped,Changeover,B,Arancia Rossa 500ml,2400,0,1632,0,0,True
M01,2026-11-30 14:27:12,2026-11-30 14:31:02,Stopped,Starvation,B,Arancia Rossa 500ml,2400,0,230,0,0,False
M01,2026-11-30 14:31:02,2026-11-30 15:26:06,Running,,B,Arancia Rossa 500ml,2400,2112,3304,1938,10,False
M01,2026-11-30 15:26:06,2026-11-30 16:25:04,Running,,B,Arancia Rossa 500ml,2400,2108,3538,2072,8,False
M01,2026-11-30 16:25:04,2026-11-30 17:12:19,Running,,B,Arancia Rossa 500ml,2400,2043,2835,1609,6,False
M01,2026-11-30 17:12:19,2026-11-30 18:04:11,Running,,B,Arancia Rossa 500ml,2400,2053,3112,1775,8,False
M01,2026-11-30 18:04:11,2026-11-30 19:01:38,Running,,B,Arancia Rossa 500ml,2400,2099,3447,2010,10,False
M01,2026-11-30 19:01:38,2026-11-30 19:54:15,Running,,B,Arancia Rossa 500ml,2400,2081,3157,1825,7,False
M01,2026-11-30 19:54:15,2026-11-30 20:41:39,Running,,B,Arancia Rossa 500ml,2400,2112,2844,1668,8,False
M01,2026-11-30 20:41:39,2026-11-30 21:10:21,Running,,B,Arancia Rossa 500ml,2400,2080,1722,995,5,False
M01,2026-11-30 21:10:21,2026-11-30 21:46:31,Running,,B,Arancia Rossa 500ml,2400,2079,2170,1253,5,False
M01,2026-11-30 21:46:31,2026-11-30 22:00:00,Running,,B,Arancia Rossa 500ml,2400,2094,809,471,2,False
M01,2026-11-30 22:00:00,2026-11-30 22:34:45,Running,,C,Arancia Rossa 500ml,2400,2047,2085,1186,6,False
M01,2026-11-30 22:34:45,2026-11-30 22:56:21,Running,,C,Arancia Rossa 500ml,2400,2110,1296,760,3,False
M01,2026-11-30 22:56:21,2026-11-30 23:02:55,Stopped,Buildup,C,Arancia Rossa 500ml,2400,0,394,0,0,False
M01,2026-11-30 23:02:55,2026-11-30 23:09:19,Stopped,External,C,Arancia Rossa 500ml,2400,0,384,0,0,False
M01,2026-11-30 23:09:19,2026-11-30 23:17:49,Stopped,Starvation,C,Arancia Rossa 500ml,2400,0,510,0,0,False
M01,2026-11-30 23:17:49,2026-11-30 23:45:38,Running,,C,Arancia Rossa 500ml,2400,2082,1669,965,5,False
M01,2026-11-30 23:45:38,2026-12-01 00:00:00,Running,,C,Arancia Rossa 500ml,2400,2060,862,493,2,False
M01,2026-12-01 00:00:00,2026-12-01 00:36:52,Running,,C,Arancia Rossa 500ml,2400,2107,2212,1295,6,False
M01,2026-12-01 00:36:52,2026-12-01 00:47:23,Stopped,Starvation,C,Arancia Rossa 500ml,2400,0,631,0,0,False
M01,2026-12-01 00:47:23,2026-12-01 00:50:10,Stopped,Starvation,C,Arancia Rossa 500ml,2400,0,167,0,0,False
M01,2026-12-01 00:50:10,2026-12-01 01:48:17,Running,,C,Arancia Rossa 500ml,2400,2054,3487,1990,9,False
M01,2026-12-01 01:48:17,2026-12-01 02:35:29,Running,,C,Arancia Rossa 500ml,2400,2059,2832,1620,6,False
M01,2026-12-01 02:35:29,2026-12-01 03:20:09,Running,,C,Arancia Rossa 500ml,2400,2087,2680,1554,7,False
M01,2026-12-01 03:20:09,2026-12-01 03:23:59,Stopped,Starvation,C,Arancia Rossa 500ml,2400,0,230,0,0,False
M01,2026-12-01 03:23:59,2026-12-01 04:14:11,Running,,C,Arancia Rossa 500ml,2400,2105,3012,1761,9,False
M01,2026-12-01 04:14:11,2026-12-01 05:01:32,Running,,C,Arancia Rossa 500ml,2400,2065,2841,1630,7,False
M01,2026-12-01 05:01:32,2026-12-01 05:54:25,Running,,C,Arancia Rossa 500ml,2400,2059,3173,1815,7,False
M01,2026-12-01 05:54:25,2026-12-01 05:56:30,Stopped,External,C,Arancia Rossa 500ml,2400,0,125,0,0,False
M01,2026-12-01 05:56:30,2026-12-01 06:00:00,Idle,,C,Arancia Rossa 500ml,2400,0,210,0,0,False
M01,2026-12-01 06:00:00,2026-12-01 07:05:50,Stopped,Maintenance,A,Arancia Rossa 500ml,2400,0,3950,0,0,True
M01,2026-12-01 07:05:50,2026-12-01 07:26:36,Running,,A,Arancia Rossa 500ml,2400,2091,1246,724,3,False
M01,2026-12-01 07:26:36,2026-12-01 07:51:17,Running,,A,Arancia Rossa 500ml,2400,2053,1481,845,3,False
M01,2026-12-01 07:51:17,2026-12-01 08:24:53,Running,,A,Arancia Rossa 500ml,2400,2073,2016,1161,6,False
M01,2026-12-01 08:24:53,2026-12-01 09:08:25,Running,,A,Arancia Rossa 500ml,2400,2092,2612,1518,6,False
M01,2026-12-01 09:08:25,2026-12-01 09:59:05,Running,,A,Arancia Rossa 500ml,2400,2064,3040,1743,7,False
M01,2026-12-01 09:59:05,2026-12-01 10:04:19,Idle,,A,Arancia Rossa 500ml,2400,0,314,0,0,False
M01,2026-12-01 10:04:19,2026-12-01 10:48:39,Running,,A,Arancia Rossa 500ml,2400,2063,2660,1524,8,False
M01,2026-12-01 10:48:39,2026-12-01 11:44:53,Running,,A,Arancia Rossa 500ml,2400,2045,3374,1917,7,False
M01,2026-12-01 11:44:53,2026-12-01 12:29:51,Running,,A,Arancia Rossa 500ml,2400,2105,2698,1578,6,False
M01,2026-12-01 12:29:51,2026-12-01 12:42:10,Stopped,External,A,Arancia Rossa 500ml,2400,0,739,0,0,False
M01,2026-12-01 12:42:10,2026-12-01 13:22:59,Running,,A,Arancia Rossa 500ml,2400,2066,2449,1405,6,False
M01,2026-12-01 13:22:59,2026-12-01 13:35:03,Stopped,Fault,A,Arancia Rossa 500ml,2400,0,724,0,0,False
M01,2026-12-01 13:35:03,2026-12-01 13:51:38,Idle,,A,Arancia Rossa 500ml,2400,0,995,0,0,False
M01,2026-12-01 13:51:38,2026-12-01 13:55:31,Stopped,Starvation,A,Arancia Rossa 500ml,2400,0,233,0,0,False
M01,2026-12-01 13:55:31,2026-12-01 14:00:00,Idle,,A,Arancia Rossa 500ml,2400,0,269,0,0,False
M01,2026-12-01 14:00:00,2026-12-01 14:19:11,Stopped,Changeover,B,Lampone Zero 560ml,2200,0,1151,0,0,True
M01,2026-12-01 14:19:11,2026-12-01 14:49:26,Running,,B,Lampone Zero 560ml,2200,1922,1815,969,5,False
M01,2026-12-01 14:49:26,2026-12-01 15:40:18,Running,,B,Lampone Zero 560ml,2200,1927,3052,1634,6,False
M01,2026-12-01 15:40:18,2026-12-01 16:17:29,Running,,B,Lampone Zero 560ml,2200,1901,2231,1178,5,False
M01,2026-12-01 16:17:29,2026-12-01 16:59:27,Running,,B,Lampone Zero 560ml,2200,1914,2518,1339,5,False
M01,2026-12-01 16:59:27,2026-12-01 17:39:34,Running,,B,Lampone Zero 560ml,2200,1937,2407,1295,7,False
M01,2026-12-01 17:39:34,2026-12-01 18:17:59,Running,,B,Lampone Zero 560ml,2200,1936,2305,1240,5,False
M01,2026-12-01 18:17:59,2026-12-01 18:44:28,Running,,B,Lampone Zero 560ml,2200,1899,1589,838,3,False
M01,2026-12-01 18:44:28,2026-12-01 18:54:53,Idle,,B,Lampone Zero 560ml,2200,0,625,0,0,False
M01,2026-12-01 18:54:53,2026-12-01 19:38:27,Running,,B,Lampone Zero 560ml,2200,1895,2614,1376,7,False
M01,2026-12-01 19:38:27,2026-12-01 19:54:11,Idle,,B,Lampone Zero 560ml,2200,0,944,0,0,False
M01,2026-12-01 19:54:11,2026-12-01 20:32:22,Running,,B,Lampone Zero 560ml,2200,1905,2291,1212,5,False
M01,2026-12-01 20:32:22,2026-12-01 20:46:34,Stopped,Starvation,B,Lampone Zero 560ml,2200,0,852,0,0,False
M01,2026-12-01 20:46:34,2026-12-01 20:56:51,Stopped,Starvation,B,Lampone Zero 560ml,2200,0,617,0,0,False
M01,2026-12-01 20:56:51,2026-12-01 21:36:27,Running,,B,Lampone Zero 560ml,2200,1942,2376,1282,6,False
M01,2026-12-01 21:36:27,2026-12-01 21:45:28,Idle,,B,Lampone Zero 560ml,2200,0,541,0,0,False
M01,2026-12-01 21:45:28,2026-12-01 22:00:00,Running,,B,Lampone Zero 560ml,2200,1940,872,470,2,False
M01,2026-12-01 22:00:00,2026-12-01 22:05:14,Stopped,Starvation,C,Lampone Zero 560ml,2200,0,314,0,0,False
M01,2026-12-01 22:05:14,2026-12-01 22:18:34,Idle,,C,Lampone Zero 560ml,2200,0,800,0,0,False
M01,2026-12-01 22:18:34,2026-12-01 23:15:23,Running,,C,Lampone Zero 560ml,2200,1898,3409,1797,8,False
M01,2026-12-01 23:15:23,2026-12-01 23:21:14,Idle,,C,Lampone Zero 560ml,2200,0,351,0,0,False
M01,2026-12-01 23:21:14,2026-12-01 23:31:59,Idle,,C,Lampone Zero 560ml,2200,0,645,0,0,False
M01,2026-12-01 23:31:59,2026-12-01 23:52:25,Running,,C,Lampone Zero 560ml,2200,1941,1226,661,2,False
M01,2026-12-01 23:52:25,2026-12-01 23:59:55,Stopped,Starvation,C,Lampone Zero 560ml,2200,0,450,0,0,False
M01,2026-12-01 23:59:55,2026-12-02 00:00:00,Idle,,C,Lampone Zero 560ml,2200,0,5,0,0,False
M01,2026-12-02 00:00:00,2026-12-02 00:16:56,Stopped,Buildup,C,Lampone Zero 560ml,2200,0,1016,0,0,False
M01,2026-12-02 00:16:56,2026-12-02 00:51:18,Running,,C,Lampone Zero 560ml,2200,1906,2062,1092,5,False
M01,2026-12-02 00:51:18,2026-12-02 01:27:36,Running,,C,Lampone Zero 560ml,2200,1941,2178,1174,6,False
M01,2026-12-02 01:27:36,2026-12-02 02:19:33,Running,,C,Lampone Zero 560ml,2200,1900,3117,1645,8,False
M01,2026-12-02 02:19:33,2026-12-02 03:07:05,Running,,C,Lampone Zero 560ml,2200,1930,2852,1529,7,False
M01,2026-12-02 03:07:05,2026-12-02 03:28:12,Running,,C,Lampone Zero 560ml,2200,1922,1267,676,3,False
M01,2026-12-02 03:28:12,2026-12-02 04:01:06,Running,,C,Lampone Zero 560ml,2200,1943,1974,1065,4,False
M01,2026-12-02 04:01:06,2026-12-02 04:55:26,Running,,C,Lampone Zero 560ml,2200,1932,3260,1750,8,False
M01,2026-12-02 04:55:26,2026-12-02 05:37:34,Running,,C,Lampone Zero 560ml,2200,1904,2528,1337,5,False
M01,2026-12-02 05:37:34,2026-12-02 05:39:41,Stopped,External,C,Lampone Zero 560ml,2200,0,127,0,0,False
M01,2026-12-02 05:39:41,2026-12-02 05:59:49,Running,,C,Lampone Zero 560ml,2200,1947,1208,653,3,False
M01,2026-12-02 05:59:49,2026-12-02 06:00:00,Idle,,C,Lampone Zero 560ml,2200,0,11,0,0,False
M01,2026-12-02 06:00:00,2026-12-02 06:12:42,Stopped,Operator,A,Lampone Zero 560ml,2200,0,762,0,0,False
M01,2026-12-02 06:12:42,2026-12-02 06:47:11,Running,,A,Lampone Zero 560ml,2200,1895,2069,1089,5,False
M01,2026-12-02 06:47:11,2026-12-02 07:32:40,Running,,A,Lampone Zero 560ml,2200,1913,2729,1450,7,False
M01,2026-12-02 07:32:40,2026-12-02 08:27:00,Running,,A,Lampone Zero 560ml,2200,1941,3260,1758,8,False
M01,2026-12-02 08:27:00,2026-12-02 08:36:55,Stopped,Buildup,A,Lampone Zero 560ml,2200,0,595,0,0,False
M01,2026-12-02 08:36:55,2026-12-02 08:46:23,Stopped,Starvation,A,Lampone Zero 560ml,2200,0,568,0,0,False
M01,2026-12-02 08:46:23,2026-12-02 09:35:48,Running,,A,Lampone Zero 560ml,2200,1929,2965,1589,6,False
M01,2026-12-02 09:35:48,2026-12-02 10:10:29,Running,,A,Lampone Zero 560ml,2200,1920,2081,1110,6,False
M01,2026-12-02 10:10:29,2026-12-02 10:47:55,Running,,A,Lampone Zero 560ml,2200,1900,2246,1185,5,False
M01,2026-12-02 10:47:55,2026-12-02 11:41:08,Running,,A,Lampone Zero 560ml,2200,1935,3193,1716,8,False
M01,2026-12-02 11:41:08,2026-12-02 12:26:51,Running,,A,Lampone Zero 560ml,2200,1946,2743,1483,5,False
M01,2026-12-02 12:26:51,2026-12-02 13:02:20,Running,,A,Lampone Zero 560ml,2200,1940,2129,1147,5,False
M01,2026-12-02 13:02:20,2026-12-02 13:21:56,Idle,,A,Lampone Zero 560ml,2200,0,1176,0,0,False
M01,2026-12-02 13:21:56,2026-12-02 13:39:30,Stopped,Buildup,A,Lampone Zero 560ml,2200,0,1054,0,0,False
M01,2026-12-02 13:39:30,2026-12-02 13:59:39,Running,,A,Lampone Zero 560ml,2200,1926,1209,647,2,False
M01,2026-12-02 13:59:39,2026-12-02 14:00:00,Idle,,A,Lampone Zero 560ml,2200,0,21,0,0,False
M01,2026-12-02 14:00:00,2026-12-02 14:28:19,Stopped,Changeover,B,Arancia Rossa 500ml,2400,0,1699,0,0,True
M01,2026-12-02 14:28:19,2026-12-02 14:41:05,Stopped,Fault,B,Arancia Rossa 500ml,2400,0,766,0,0,False
M01,2026-12-02 14:41:05,2026-12-02 14:49:18,Idle,,B,Arancia Rossa 500ml,2400,0,493,0,0,False
M01,2026-12-02 14:49:18,2026-12-02 15:20:59,Running,,B,Arancia Rossa 500ml,2400,2098,1901,1108,4,False
M01,2026-12-02 15:20:59,2026-12-02 15:47:38,Running,,B,Arancia Rossa 500ml,2400,2112,1599,938,3,False
M01,2026-12-02 15:47:38,2026-12-02 16:39:38,Running,,B,Arancia Rossa 500ml,2400,2105,3120,1824,8,False
M01,2026-12-02 16:39:38,2026-12-02 16:52:10,Stopped,Starvation,B,Arancia Rossa 500ml,2400,0,752,0,0,False
M01,2026-12-02 16:52:10,2026-12-02 17:02:28,Idle,,B,Arancia Rossa 500ml,2400,0,618,0,0,False
M01,2026-12-02 17:02:28,2026-12-02 17:51:11,Running,,B,Arancia Rossa 500ml,2400,2107,2923,1711,8,False
M01,2026-12-02 17:51:11,2026-12-02 17:57:21,Stopped,Starvation,B,Arancia Rossa 500ml,2400,0,370,0,0,False
M01,2026-12-02 17:57:21,2026-12-02 17:59:45,Stopped,Starvation,B,Arancia Rossa 500ml,2400,0,144,0,0,False
M01,2026-12-02 17:59:45,2026-12-02 18:41:21,Running,,B,Arancia Rossa 500ml,2400,2047,2496,1419,6,False
M01,2026-12-02 18:41:21,2026-12-02 18:51:45,Stopped,Starvation,B,Arancia Rossa 500ml,2400,0,624,0,0,False
M01,2026-12-02 18:51:45,2026-12-02 18:59:30,Stopped,Starvation,B,Arancia Rossa 500ml,2400,0,465,0,0,False
M01,2026-12-02 18:59:30,2026-12-02 19:47:19,Running,,B,Arancia Rossa 500ml,2400,2043,2869,1628,8,False
M01,2026-12-02 19:47:19,2026-12-02 20:00:58,Stopped,Supplies,B,Arancia Rossa 500ml,2400,0,819,0,0,False
M01,2026-12-02 20:00:58,2026-12-02 20:35:09,Running,,B,Arancia Rossa 500ml,2400,2099,2051,1196,5,False
M01,2026-12-02 20:35:09,2026-12-02 20:49:20,Stopped,External,B,Arancia Rossa 500ml,2400,0,851,0,0,False
M01,2026-12-02 20:49:20,2026-12-02 20:58:27,Stopped,Buildup,B,Arancia Rossa 500ml,2400,0,547,0,0,False
M01,2026-12-02 20:58:27,2026-12-02 21:37:39,Running,,B,Arancia Rossa 500ml,2400,2113,2352,1380,6,False
M01,2026-12-02 21:37:39,2026-12-02 21:57:43,Running,,B,Arancia Rossa 500ml,2400,2103,1204,703,3,False
M01,2026-12-02 21:57:43,2026-12-02 22:00:00,Idle,,B,Arancia Rossa 500ml,2400,0,137,0,0,False
M01,2026-12-02 22:00:00,2026-12-02 22:28:10,Stopped,Changeover,C,Lampone Zero 560ml,2200,0,1690,0,0,True
M01,2026-12-02 22:28:10,2026-12-02 23:00:05,Running,,C,Lampone Zero 560ml,2200,1876,1915,998,4,False
M01,2026-12-02 23:00:05,2026-12-02 23:47:40,Running,,C,Lampone Zero 560ml,2200,1930,2855,1531,5,False
M01,2026-12-02 23:47:40,2026-12-03 00:00:00,Running,,C,Lampone Zero 560ml,2200,1913,740,393,1,False
M01,2026-12-03 00:00:00,2026-12-03 00:17:02,Stopped,Starvation,C,Lampone Zero 560ml,2200,0,1022,0,0,False
M01,2026-12-03 00:17:02,2026-12-03 01:00:03,Running,,C,Lampone Zero 560ml,2200,1889,2581,1354,5,False
M01,2026-12-03 01:00:03,2026-12-03 01:16:37,Stopped,Fault,C,Lampone Zero 560ml,2200,0,994,0,0,False
M01,2026-12-03 01:16:37,2026-12-03 01:32:10,Stopped,Starvation,C,Lampone Zero 560ml,2200,0,933,0,0,False
M01,2026-12-03 01:32:10,2026-12-03 02:25:50,Running,,C,Lampone Zero 560ml,2200,1933,3220,1729,8,False
M01,2026-12-03 02:25:50,2026-12-03 02:40:24,Stopped,Starvation,C,Lampone Zero 560ml,2200,0,874,0,0,False
M01,2026-12-03 02:40:24,2026-12-03 03:24:59,Running,,C,Lampone Zero 560ml,2200,1920,2675,1427,6,False
M01,2026-12-03 03:24:59,2026-12-03 03:29:14,Stopped,Starvation,C,Lampone Zero 560ml,2200,0,255,0,0,False
M01,2026-12-03 03:29:14,2026-12-03 03:55:17,Running,,C,Lampone Zero 560ml,2200,1928,1563,837,4,False
M01,2026-12-03 03:55:17,2026-12-03 04:47:01,Running,,C,Lampone Zero 560ml,2200,1913,3104,1649,8,False
M01,2026-12-03 04:47:01,2026-12-03 05:08:44,Running,,C,Lampone Zero 560ml,2200,1893,1303,685,4,False
M01,2026-12-03 05:08:44,2026-12-03 05:39:32,Running,,C,Lampone Zero 560ml,2200,1924,1848,988,5,False
M01,2026-12-03 05:39:32,2026-12-03 05:52:43,Stopped,Starvation,C,Lampone Zero 560ml,2200,0,791,0,0,False
M01,2026-12-03 05:52:43,2026-12-03 06:00:00,Running,,C,Lampone Zero 560ml,2200,1922,437,233,1,False
M01,2026-12-03 06:00:00,2026-12-03 06:19:29,Stopped,Changeover,A,Arancia Rossa 500ml,2400,0,1169,0,0,True
M01,2026-12-03 06:19:29,2026-12-03 06:30:00,Stopped,External,A,Arancia Rossa 500ml,2400,0,631,0,0,False
M01,2026-12-03 06:30:00,2026-12-03 06:58:09,Running,,A,Arancia Rossa 500ml,2400,2078,1689,975,5,False
M01,2026-12-03 06:58:09,2026-12-03 07:03:27,Stopped,Starvation,A,Arancia Rossa 500ml,2400,0,318,0,0,False
M01,2026-12-03 07:03:27,2026-12-03 07:33:43,Running,,A,Arancia Rossa 500ml,2400,2073,1816,1046,5,False
M01,2026-12-03 07:33:43,2026-12-03 08:13:05,Running,,A,Arancia Rossa 500ml,2400,2092,2362,1373,6,False
M01,2026-12-03 08:13:05,2026-12-03 09:08:54,Running,,A,Arancia Rossa 500ml,2400,2047,3349,1904,9,False
M01,2026-12-03 09:08:54,2026-12-03 09:20:18,Stopped,Buildup,A,Arancia Rossa 500ml,2400,0,684,0,0,False
M01,2026-12-03 09:20:18,2026-12-03 09:28:25,Idle,,A,Arancia Rossa 500ml,2400,0,487,0,0,False
M01,2026-12-03 09:28:25,2026-12-03 09:37:55,Stopped,Buildup,A,Arancia Rossa 500ml,2400,0,570,0,0,False
M01,2026-12-03 09:37:55,2026-12-03 09:45:43,Stopped,Buildup,A,Arancia Rossa 500ml,2400,0,468,0,0,False
M01,2026-12-03 09:45:43,2026-12-03 10:15:58,Running,,A,Arancia Rossa 500ml,2400,2116,1815,1067,5,False
M01,2026-12-03 10:15:58,2026-12-03 10:40:14,Running,,A,Arancia Rossa 500ml,2400,2081,1456,842,4,False
M01,2026-12-03 10:40:14,2026-12-03 10:46:56,Idle,,A,Arancia Rossa 500ml,2400,0,402,0,0,False
M01,2026-12-03 10:46:56,2026-12-03 11:20:06,Running,,A,Arancia Rossa 500ml,2400,2104,1990,1163,5,False
M01,2026-12-03 11:20:06,2026-12-03 11:51:29,Running,,A,Arancia Rossa 500ml,2400,2053,1883,1074,4,False
M01,2026-12-03 11:51:29,2026-12-03 12:43:40,Running,,A,Arancia Rossa 500ml,2400,2078,3131,1807,8,False
M01,2026-12-03 12:43:40,2026-12-03 13:27:06,Running,,A,Arancia Rossa 500ml,2400,2064,2606,1494,5,False
M01,2026-12-03 13:27:06,2026-12-03 13:34:30,Stopped,External,A,Arancia Rossa 500ml,2400,0,444,0,0,False
M01,2026-12-03 13:34:30,2026-12-03 13:55:33,Running,,A,Arancia Rossa 500ml,2400,2099,1263,736,4,False
M01,2026-12-03 13:55:33,2026-12-03 14:00:00,Idle,,A,Arancia Rossa 500ml,2400,0,267,0,0,False
M01,2026-12-03 14:00:00,2026-12-03 14:38:47,Stopped,Changeover,B,Lampone Zero 560ml,2200,0,2327,0,0,True
M01,2026-12-03 14:38:47,2026-12-03 15:02:51,Running,,B,Lampone Zero 560ml,2200,1905,1444,764,3,False
M01,2026-12-03 15:02:51,2026-12-03 15:25:41,Running,,B,Lampone Zero 560ml,2200,1880,1370,715,3,False
M01,2026-12-03 15:25:41,2026-12-03 16:20:23,Running,,B,Lampone Zero 560ml,2200,1949,3282,1777,7,False
M01,2026-12-03 16:20:23,2026-12-03 16:27:24,Stopped,Starvation,B,Lampone Zero 560ml,2200,0,421,0,0,False
M01,2026-12-03 16:27:24,2026-12-03 17:03:44,Running,,B,Lampone Zero 560ml,2200,1937,2180,1173,4,False
M01,2026-12-03 17:03:44,2026-12-03 17:24:17,Running,,B,Lampone Zero 560ml,2200,1894,1233,649,3,False
M01,2026-12-03 17:24:17,2026-12-03 17:31:24,Stopped,Supplies,B,Lampone Zero 560ml,2200,0,427,0,0,False
M01,2026-12-03 17:31:24,2026-12-03 18:05:01,Running,,B,Lampone Zero 560ml,2200,1944,2017,1089,4,False
M01,2026-12-03 18:05:01,2026-12-03 18:11:50,Stopped,Starvation,B,Lampone Zero 560ml,2200,0,409,0,0,False
M01,2026-12-03 18:11:50,2026-12-03 18:25:40,Stopped,Buildup,B,Lampone Zero 560ml,2200,0,830,0,0,False
M01,2026-12-03 18:25:40,2026-12-03 19:12:58,Running,,B,Lampone Zero 560ml,2200,1884,2838,1485,7,False
M01,2026-12-03 19:12:58,2026-12-03 19:27:30,Stopped,Supplies,B,Lampone Zero 560ml,2200,0,872,0,0,False
M01,2026-12-03 19:27:30,2026-12-03 19:58:12,Running,,B,Lampone Zero 560ml,2200,1939,1842,992,4,False
M01,2026-12-03 19:58:12,2026-12-03 20:26:26,Running,,B,Lampone Zero 560ml,2200,1898,1694,893,4,False
M01,2026-12-03 20:26:26,2026-12-03 20:46:56,Running,,B,Lampone Zero 560ml,2200,1910,1230,653,3,False
M01,2026-12-03 20:46:56,2026-12-03 21:25:58,Running,,B,Lampone Zero 560ml,2200,1894,2342,1232,6,False
M01,2026-12-03 21:25:58,2026-12-03 21:53:31,Running,,B,Lampone Zero 560ml,2200,1903,1653,874,4,False
M01,2026-12-03 21:53:31,2026-12-03 21:57:31,Stopped,Buildup,B,Lampone Zero 560ml,2200,0,240,0,0,False
M01,2026-12-03 21:57:31,2026-12-03 22:00:00,Idle,,B,Lampone Zero 560ml,2200,0,149,0,0,False
M01,2026-12-03 22:00:00,2026-12-03 22:36:44,Running,,C,Lampone Zero 560ml,2200,1924,2204,1178,6,False
M01,2026-12-03 22:36:44,2026-12-03 23:10:34,Running,,C,Lampone Zero 560ml,2200,1931,2030,1089,5,False
M01,2026-12-03 23:10:34,2026-12-03 23:34:47,Running,,C,Lampone Zero 560ml,2200,1894,1453,764,4,False
M01,2026-12-03 23:34:47,2026-12-03 23:42:30,Stopped,Starvation,C,Lampone Zero 560ml,2200,0,463,0,0,False
M01,2026-12-03 23:42:30,2026-12-04 00:00:00,Running,,C,Lampone Zero 560ml,2200,1939,1050,566,3,False
M01,2026-12-04 00:00:00,2026-12-04 00:32:33,Running,,C,Lampone Zero 560ml,2200,1833,1953,994,4,False
M01,2026-12-04 00:32:33,2026-12-04 00:37:57,Stopped,Starvation,C,Lampone Zero 560ml,2200,0,324,0,0,False
M01,2026-12-04 00:37:57,2026-12-04 01:35:08,Running,,C,Lampone Zero 560ml,2200,1842,3431,1756,7,False
M01,2026-12-04 01:35:08,2026-12-04 02:18:09,Running,,C,Lampone Zero 560ml,2200,1839,2581,1318,7,False
M01,2026-12-04 02:18:09,2026-12-04 02:41:35,Running,,C,Lampone Zero 560ml,2200,1848,1406,722,3,False
M01,2026-12-04 02:41:35,2026-12-04 03:14:58,Running,,C,Lampone Zero 560ml,2200,1852,2003,1030,5,False
M01,2026-12-04 03:14:58,2026-12-04 03:54:11,Running,,C,Lampone Zero 560ml,2200,1827,2353,1194,5,False
M01,2026-12-04 03:54:11,2026-12-04 04:38:26,Running,,C,Lampone Zero 560ml,2200,1864,2655,1375,7,False
M01,2026-12-04 04:38:26,2026-12-04 05:16:10,Running,,C,Lampone Zero 560ml,2200,1868,2264,1175,6,False
M01,2026-12-04 05:16:10,2026-12-04 05:47:39,Running,,C,Lampone Zero 560ml,2200,1862,1889,977,5,False
M01,2026-12-04 05:47:39,2026-12-04 05:52:51,Stopped,Starvation,C,Lampone Zero 560ml,2200,0,312,0,0,False
M01,2026-12-04 05:52:51,2026-12-04 06:00:00,Running,,C,Lampone Zero 560ml,2200,1875,429,223,1,False
M01,2026-12-04 06:00:00,2026-12-04 06:28:22,Running,,A,Lampone Zero 560ml,2200,1882,1702,890,3,False
M01,2026-12-04 06:28:22,2026-12-04 06:59:25,Running,,A,Lampone Zero 560ml,2200,1825,1863,944,5,False
M01,2026-12-04 06:59:25,2026-12-04 07:36:02,Running,,A,Lampone Zero 560ml,2200,1837,2197,1121,5,False
M01,2026-12-04 07:36:02,2026-12-04 08:24:29,Running,,A,Lampone Zero 560ml,2200,1866,2907,1507,7,False
M01,2026-12-04 08:24:29,2026-12-04 08:34:54,Stopped,Buildup,A,Lampone Zero 560ml,2200,0,625,0,0,False
M01,2026-12-04 08:34:54,2026-12-04 09:00:40,Running,,A,Lampone Zero 560ml,2200,1857,1546,797,3,False
M01,2026-12-04 09:00:40,2026-12-04 09:05:22,Stopped,Supplies,A,Lampone Zero 560ml,2200,0,282,0,0,False
M01,2026-12-04 09:05:22,2026-12-04 09:27:04,Running,,A,Lampone Zero 560ml,2200,1872,1302,677,3,False
M01,2026-12-04 09:27:04,2026-12-04 09:29:23,Stopped,External,A,Lampone Zero 560ml,2200,0,139,0,0,False
M01,2026-12-04 09:29:23,2026-12-04 10:28:10,Running,,A,Lampone Zero 560ml,2200,1830,3527,1793,7,False
M01,2026-12-04 10:28:10,2026-12-04 11:05:20,Running,,A,Lampone Zero 560ml,2200,1828,2230,1132,4,False
M01,2026-12-04 11:05:20,2026-12-04 11:49:43,Running,,A,Lampone Zero 560ml,2200,1885,2663,1394,5,False
M01,2026-12-04 11:49:43,2026-12-04 11:54:00,Stopped,Starvation,A,Lampone Zero 560ml,2200,0,257,0,0,False
M01,2026-12-04 11:54:00,2026-12-04 12:14:59,Running,,A,Lampone Zero 560ml,2200,1829,1259,640,2,False
M01,2026-12-04 12:14:59,2026-12-04 13:11:50,Running,,A,Lampone Zero 560ml,2200,1852,3411,1755,9,False
M01,2026-12-04 13:11:50,2026-12-04 13:19:01,Stopped,Starvation,A,Lampone Zero 560ml,2200,0,431,0,0,False
M01,2026-12-04 13:19:01,2026-12-04 13:47:40,Running,,A,Lampone Zero 560ml,2200,1864,1719,890,5,False
M01,2026-12-04 13:47:40,2026-12-04 13:56:35,Stopped,Operator,A,Lampone Zero 560ml,2200,0,535,0,0,False
M01,2026-12-04 13:56:35,2026-12-04 14:00:00,Idle,,A,Lampone Zero 560ml,2200,0,205,0,0,False
M01,2026-12-04 14:00:00,2026-12-04 14:17:40,Stopped,Changeover,B,Arancia Rossa 500ml,2400,0,1060,0,0,True
M01,2026-12-04 14:17:40,2026-12-04 14:40:58,Running,,B,Arancia Rossa 500ml,2400,2053,1398,797,4,False
M01,2026-12-04 14:40:58,2026-12-04 15:14:33,Running,,B,Arancia Rossa 500ml,2400,2010,2015,1125,5,False
M01,2026-12-04 15:14:33,2026-12-04 16:03:48,Running,,B,Arancia Rossa 500ml,2400,2020,2955,1658,8,False
M01,2026-12-04 16:03:48,2026-12-04 16:14:23,Stopped,External,B,Arancia Rossa 500ml,2400,0,635,0,0,False
M01,2026-12-04 16:14:23,2026-12-04 16:39:00,Running,,B,Arancia Rossa 500ml,2400,2028,1477,832,3,False
M01,2026-12-04 16:39:00,2026-12-04 17:05:54,Running,,B,Arancia Rossa 500ml,2400,2019,1614,905,4,False
M01,2026-12-04 17:05:54,2026-12-04 17:30:31,Running,,B,Arancia Rossa 500ml,2400,2042,1477,838,3,False
M01,2026-12-04 17:30:31,2026-12-04 17:55:05,Running,,B,Arancia Rossa 500ml,2400,1988,1474,814,4,False
M01,2026-12-04 17:55:05,2026-12-04 18:51:32,Running,,B,Arancia Rossa 500ml,2400,2023,3387,1903,7,False
M01,2026-12-04 18:51:32,2026-12-04 19:45:33,Running,,B,Arancia Rossa 500ml,2400,2049,3241,1845,7,False
M01,2026-12-04 19:45:33,2026-12-04 19:56:25,Stopped,External,B,Arancia Rossa 500ml,2400,0,652,0,0,False
M01,2026-12-04 19:56:25,2026-12-04 20:41:32,Running,,B,Arancia Rossa 500ml,2400,2026,2707,1523,6,False
M01,2026-12-04 20:41:32,2026-12-04 21:31:07,Running,,B,Arancia Rossa 500ml,2400,2043,2975,1688,8,False
M01,2026-12-04 21:31:07,2026-12-04 21:36:28,Stopped,Fault,B,Arancia Rossa 500ml,2400,0,321,0,0,False
M01,2026-12-04 21:36:28,2026-12-04 21:59:38,Running,,B,Arancia Rossa 500ml,2400,2033,1390,785,4,False
M01,2026-12-04 21:59:38,2026-12-04 22:00:00,Idle,,B,Arancia Rossa 500ml,2400,0,22,0,0,False
M01,2026-12-04 22:00:00,2026-12-04 22:26:19,Running,,C,Arancia Rossa 500ml,2400,2004,1579,879,3,False
M01,2026-12-04 22:26:19,2026-12-04 23:18:23,Running,,C,Arancia Rossa 500ml,2400,1993,3124,1729,8,False
M01,2026-12-04 23:18:23,2026-12-04 23:51:36,Running,,C,Arancia Rossa 500ml,2400,2013,1993,1114,4,False
M01,2026-12-04 23:51:36,2026-12-04 23:59:17,Idle,,C,Arancia Rossa 500ml,2400,0,461,0,0,False
M01,2026-12-04 23:59:17,2026-12-05 00:00:00,Idle,,C,Arancia Rossa 500ml,2400,0,43,0,0,False
M01,2026-12-05 00:00:00,2026-12-05 00:31:47,Running,,C,Arancia Rossa 500ml,2400,1894,1907,1003,4,False
M01,2026-12-05 00:31:47,2026-12-05 00:43:56,Stopped,External,C,Arancia Rossa 500ml,2400,0,729,0,0,False
M01,2026-12-05 00:43:56,2026-12-05 01:41:36,Running,,C,Arancia Rossa 500ml,2400,1883,3460,1810,10,False
M01,2026-12-05 01:41:36,2026-12-05 02:12:45,Running,,C,Arancia Rossa 500ml,2400,1898,1869,985,4,False
M01,2026-12-05 02:12:45,2026-12-05 02:18:22,Stopped,Operator,C,Arancia Rossa 500ml,2400,0,337,0,0,False
M01,2026-12-05 02:18:22,2026-12-05 03:01:39,Running,,C,Arancia Rossa 500ml,2400,1872,2597,1350,7,False
M01,2026-12-05 03:01:39,2026-12-05 03:51:58,Running,,C,Arancia Rossa 500ml,2400,1913,3019,1604,7,False
M01,2026-12-05 03:51:58,2026-12-05 04:07:05,Idle,,C,Arancia Rossa 500ml,2400,0,907,0,0,False
M01,2026-12-05 04:07:05,2026-12-05 04:30:49,Running,,C,Arancia Rossa 500ml,2400,1912,1424,756,3,False
M01,2026-12-05 04:30:49,2026-12-05 04:45:04,Stopped,Starvation,C,Arancia Rossa 500ml,2400,0,855,0,0,False
M01,2026-12-05 04:45:04,2026-12-05 04:53:46,Stopped,Starvation,C,Arancia Rossa 500ml,2400,0,522,0,0,False
M01,2026-12-05 04:53:46,2026-12-05 05:50:17,Running,,C,Arancia Rossa 500ml,2400,1911,3391,1800,7,False
M01,2026-12-05 05:50:17,2026-12-05 05:52:56,Stopped,Starvation,C,Arancia Rossa 500ml,2400,0,159,0,0,False
M01,2026-12-05 05:52:56,2026-12-05 05:55:05,Stopped,Supplies,C,Arancia Rossa 500ml,2400,0,129,0,0,False
M01,2026-12-05 05:55:05,2026-12-05 06:00:00,Idle,,C,Arancia Rossa 500ml,2400,0,295,0,0,False
M01,2026-12-05 06:00:00,2026-12-05 06:20:56,Running,,A,Arancia Rossa 500ml,2400,1916,1256,668,3,False
M01,2026-12-05 06:20:56,2026-12-05 06:56:12,Running,,A,Arancia Rossa 500ml,2400,1900,2116,1117,5,False
M01,2026-12-05 06:56:12,2026-12-05 07:19:19,Running,,A,Arancia Rossa 500ml,2400,1888,1387,727,3,False
M01,2026-12-05 07:19:19,2026-12-05 08:19:02,Running,,A,Arancia Rossa 500ml,2400,1885,3583,1876,8,False
M01,2026-12-05 08:19:02,2026-12-05 08:53:12,Running,,A,Arancia Rossa 500ml,2400,1874,2050,1067,5,False
M01,2026-12-05 08:53:12,2026-12-05 09:01:32,Stopped,Starvation,A,Arancia Rossa 500ml,2400,0,500,0,0,False
M01,2026-12-05 09:01:32,2026-12-05 09:51:12,Running,,A,Arancia Rossa 500ml,2400,1896,2980,1569,7,False
M01,2026-12-05 09:51:12,2026-12-05 10:08:47,Idle,,A,Arancia Rossa 500ml,2400,0,1055,0,0,False
M01,2026-12-05 10:08:47,2026-12-05 10:45:18,Running,,A,Arancia Rossa 500ml,2400,1910,2191,1162,6,False
M01,2026-12-05 10:45:18,2026-12-05 11:38:21,Running,,A,Arancia Rossa 500ml,2400,1875,3183,1658,6,False
M01,2026-12-05 11:38:21,2026-12-05 11:41:57,Stopped,External,A,Arancia Rossa 500ml,2400,0,216,0,0,False
M01,2026-12-05 11:41:57,2026-12-05 12:36:44,Running,,A,Arancia Rossa 500ml,2400,1843,3287,1683,7,False
M01,2026-12-05 12:36:44,2026-12-05 12:39:03,Stopped,Starvation,A,Arancia Rossa 500ml,2400,0,139,0,0,False
M01,2026-12-05 12:39:03,2026-12-05 13:09:51,Running,,A,Arancia Rossa 500ml,2400,1907,1848,979,4,False
M01,2026-12-05 13:09:51,2026-12-05 13:13:08,Stopped,Starvation,A,Arancia Rossa 500ml,2400,0,197,0,0,False
M01,2026-12-05 13:13:08,2026-12-05 13:20:15,Idle,,A,Arancia Rossa 500ml,2400,0,427,0,0,False
M01,2026-12-05 13:20:15,2026-12-05 13:34:07,Stopped,External,A,Arancia Rossa 500ml,2400,0,832,0,0,False
M01,2026-12-05 13:34:07,2026-12-05 13:45:16,Idle,,A,Arancia Rossa 500ml,2400,0,669,0,0,False
M01,2026-12-05 13:45:16,2026-12-05 13:58:42,Stopped,Starvation,A,Arancia Rossa 500ml,2400,0,806,0,0,False
M01,2026-12-05 13:58:42,2026-12-05 14:00:00,Idle,,A,Arancia Rossa 500ml,2400,0,78,0,0,False
M01,2026-12-05 14:00:00,2026-12-05 14:24:50,Stopped,Changeover,B,Lampone Zero 560ml,2200,0,1490,0,0,True
M01,2026-12-05 14:24:50,2026-12-05 15:17:30,Running,,B,Lampone Zero 560ml,2200,1693,3160,1486,8,False
M01,2026-12-05 15:17:30,2026-12-05 15:47:29,Running,,B,Lampone Zero 560ml,2200,1725,1799,862,4,False
M01,2026-12-05 15:47:29,2026-12-05 15:51:50,Stopped,Starvation,B,Lampone Zero 560ml,2200,0,261,0,0,False
M01,2026-12-05 15:51:50,2026-12-05 16:27:00,Running,,B,Lampone Zero 560ml,2200,1696,2110,994,5,False
M01,2026-12-05 16:27:00,2026-12-05 16:36:06,Stopped,External,B,Lampone Zero 560ml,2200,0,546,0,0,False
M01,2026-12-05 16:36:06,2026-12-05 17:26:01,Running,,B,Lampone Zero 560ml,2200,1709,2995,1422,6,False
M01,2026-12-05 17:26:01,2026-12-05 17:47:41,Running,,B,Lampone Zero 560ml,2200,1726,1300,623,3,False
M01,2026-12-05 17:47:41,2026-12-05 18:34:06,Running,,B,Lampone Zero 560ml,2200,1731,2785,1339,6,False
M01,2026-12-05 18:34:06,2026-12-05 18:57:26,Running,,B,Lampone Zero 560ml,2200,1735,1400,675,3,False
M01,2026-12-05 18:57:26,2026-12-05 19:07:28,Idle,,B,Lampone Zero 560ml,2200,0,602,0,0,False
M01,2026-12-05 19:07:28,2026-12-05 19:50:53,Running,,B,Lampone Zero 560ml,2200,1750,2605,1266,6,False
M01,2026-12-05 19:50:53,2026-12-05 20:08:20,Stopped,Buildup,B,Lampone Zero 560ml,2200,0,1047,0,0,False
M01,2026-12-05 20:08:20,2026-12-05 20:23:45,Stopped,Starvation,B,Lampone Zero 560ml,2200,0,925,0,0,False
M01,2026-12-05 20:23:45,2026-12-05 21:02:36,Running,,B,Lampone Zero 560ml,2200,1751,2331,1134,5,False
M01,2026-12-05 21:02:36,2026-12-05 21:35:01,Running,,B,Lampone Zero 560ml,2200,1723,1945,931,4,False
M01,2026-12-05 21:35:01,2026-12-05 21:56:37,Running,,B,Lampone Zero 560ml,2200,1705,1296,614,3,False
M01,2026-12-05 21:56:37,2026-12-05 22:00:00,Idle,,B,Lampone Zero 560ml,2200,0,203,0,0,False
M01,2026-12-05 22:00:00,2026-12-05 22:20:54,Running,,C,Lampone Zero 560ml,2200,1745,1254,608,2,False
M01,2026-12-05 22:20:54,2026-12-05 23:19:38,Running,,C,Lampone Zero 560ml,2200,1693,3524,1657,8,False
M01,2026-12-05 23:19:38,2026-12-05 23:39:35,Idle,,C,Lampone Zero 560ml,2200,0,1197,0,0,False
M01,2026-12-05 23:39:35,2026-12-05 23:59:43,Running,,C,Lampone Zero 560ml,2200,1721,1208,577,2,False
M01,2026-12-05 23:59:43,2026-12-06 00:00:00,Idle,,C,Lampone Zero 560ml,2200,0,17,0,0,False
M01,2026-12-06 00:00:00,2026-12-06 00:22:37,Running,,C,Lampone Zero 560ml,2200,1635,1357,616,3,False
M01,2026-12-06 00:22:37,2026-12-06 01:15:09,Running,,C,Lampone Zero 560ml,2200,1595,3152,1397,6,False
M01,2026-12-06 01:15:09,2026-12-06 02:07:32,Running,,C,Lampone Zero 560ml,2200,1601,3143,1398,6,False
M01,2026-12-06 02:07:32,2026-12-06 02:19:16,Stopped,Buildup,C,Lampone Zero 560ml,2200,0,704,0,0,False
M01,2026-12-06 02:19:16,2026-12-06 02:43:57,Running,,C,Lampone Zero 560ml,2200,1578,1481,649,3,False
M01,2026-12-06 02:43:57,2026-12-06 03:30:27,Running,,C,Lampone Zero 560ml,2200,1592,2790,1234,5,False
M01,2026-12-06 03:30:27,2026-12-06 03:33:27,Stopped,Starvation,C,Lampone Zero 560ml,2200,0,180,0,0,False
M01,2026-12-06 03:33:27,2026-12-06 03:49:54,Stopped,External,C,Lampone Zero 560ml,2200,0,987,0,0,False
M01,2026-12-06 03:49:54,2026-12-06 03:59:07,Stopped,External,C,Lampone Zero 560ml,2200,0,553,0,0,False
M01,2026-12-06 03:59:07,2026-12-06 04:09:53,Stopped,Starvation,C,Lampone Zero 560ml,2200,0,646,0,0,False
M01,2026-12-06 04:09:53,2026-12-06 04:50:58,Running,,C,Lampone Zero 560ml,2200,1581,2465,1083,5,False
M01,2026-12-06 04:50:58,2026-12-06 05:20:25,Running,,C,Lampone Zero 560ml,2200,1590,1767,780,4,False
M01,2026-12-06 05:20:25,2026-12-06 05:23:59,Stopped,External,C,Lampone Zero 560ml,2200,0,214,0,0,False
M01,2026-12-06 05:23:59,2026-12-06 05:57:07,Running,,C,Lampone Zero 560ml,2200,1640,1988,906,4,False
M01,2026-12-06 05:57:07,2026-12-06 06:00:00,Idle,,C,Lampone Zero 560ml,2200,0,173,0,0,False
M01,2026-12-06 06:00:00,2026-12-06 06:35:40,Running,,A,Lampone Zero 560ml,2200,1615,2140,960,4,False
M01,2026-12-06 06:35:40,2026-12-06 06:45:46,Stopped,Starvation,A,Lampone Zero 560ml,2200,0,606,0,0,False
M01,2026-12-06 06:45:46,2026-12-06 07:42:42,Running,,A,Lampone Zero 560ml,2200,1627,3416,1544,8,False
M01,2026-12-06 07:42:42,2026-12-06 07:45:19,Stopped,External,A,Lampone Zero 560ml,2200,0,157,0,0,False
M01,2026-12-06 07:45:19,2026-12-06 07:59:49,Stopped,External,A,Lampone Zero 560ml,2200,0,870,0,0,False
M01,2026-12-06 07:59:49,2026-12-06 08:20:03,Running,,A,Lampone Zero 560ml,2200,1633,1214,551,2,False
M01,2026-12-06 08:20:03,2026-12-06 08:57:14,Running,,A,Lampone Zero 560ml,2200,1624,2231,1006,4,False
M01,2026-12-06 08:57:14,2026-12-06 09:47:06,Running,,A,Lampone Zero 560ml,2200,1593,2992,1324,6,False
M01,2026-12-06 09:47:06,2026-12-06 09:57:16,Stopped,External,A,Lampone Zero 560ml,2200,0,610,0,0,False
M01,2026-12-06 09:57:16,2026-12-06 10:13:16,Stopped,Starvation,A,Lampone Zero 560ml,2200,0,960,0,0,False
M01,2026-12-06 10:13:16,2026-12-06 10:57:52,Running,,A,Lampone Zero 560ml,2200,1596,2676,1186,4,False
M01,2026-12-06 10:57:52,2026-12-06 11:46:02,Running,,A,Lampone Zero 560ml,2200,1596,2890,1281,6,False
M01,2026-12-06 11:46:02,2026-12-06 12:11:46,Running,,A,Lampone Zero 560ml,2200,1598,1544,685,4,False
M01,2026-12-06 12:11:46,2026-12-06 12:55:56,Running,,A,Lampone Zero 560ml,2200,1580,2650,1163,6,False
M01,2026-12-06 12:55:56,2026-12-06 13:34:03,Running,,A,Lampone Zero 560ml,2200,1620,2287,1029,4,False
M01,2026-12-06 13:34:03,2026-12-06 13:38:17,Stopped,Buildup,A,Lampone Zero 560ml,2200,0,254,0,0,False
M01,2026-12-06 13:38:17,2026-12-06 13:58:58,Running,,A,Lampone Zero 560ml,2200,1599,1241,551,2,False
M01,2026-12-06 13:58:58,2026-12-06 14:00:00,Idle,,A,Lampone Zero 560ml,2200,0,62,0,0,False
M01,2026-12-06 14:00:00,2026-12-06 14:36:23,Stopped,Changeover,B,Arancia Rossa 500ml,2400,0,2183,0,0,True
M01,2026-12-06 14:36:23,2026-12-06 15:15:55,Running,,B,Arancia Rossa 500ml,2400,1759,2372,1159,5,False
M01,2026-12-06 15:15:55,2026-12-06 15:50:11,Running,,B,Arancia Rossa 500ml,2400,1782,2056,1018,4,False
M01,2026-12-06 15:50:11,2026-12-06 16:33:11,Running,,B,Arancia Rossa 500ml,2400,1759,2580,1261,6,False
M01,2026-12-06 16:33:11,2026-12-06 16:56:53,Running,,B,Arancia Rossa 500ml,2400,1751,1422,692,3,False
M01,2026-12-06 16:56:53,2026-12-06 17:56:50,Running,,B,Arancia Rossa 500ml,2400,1730,3597,1729,6,False
M01,2026-12-06 17:56:50,2026-12-06 18:30:17,Running,,B,Arancia Rossa 500ml,2400,1757,2007,980,4,False
M01,2026-12-06 18:30:17,2026-12-06 19:29:54,Running,,B,Arancia Rossa 500ml,2400,1765,3577,1754,7,False
M01,2026-12-06 19:29:54,2026-12-06 19:55:03,Running,,B,Arancia Rossa 500ml,2400,1734,1509,727,3,False
M01,2026-12-06 19:55:03,2026-12-06 20:53:56,Running,,B,Arancia Rossa 500ml,2400,1730,3533,1698,7,False
M01,2026-12-06 20:53:56,2026-12-06 21:30:15,Running,,B,Arancia Rossa 500ml,2400,1779,2179,1077,4,False
M01,2026-12-06 21:30:15,2026-12-06 21:46:49,Stopped,Starvation,B,Arancia Rossa 500ml,2400,0,994,0,0,False
M01,2026-12-06 21:46:49,2026-12-06 22:00:00,Running,,B,Arancia Rossa 500ml,2400,1757,791,386,2,False
M01,2026-12-06 22:00:00,2026-12-06 22:24:40,Running,,C,Arancia Rossa 500ml,2400,1744,1480,717,4,False
M01,2026-12-06 22:24:40,2026-12-06 23:08:24,Running,,C,Arancia Rossa 500ml,2400,1788,2624,1303,7,False
M01,2026-12-06 23:08:24,2026-12-06 23:34:39,Running,,C,Arancia Rossa 500ml,2400,1733,1575,758,3,False
M01,2026-12-06 23:34:39,2026-12-06 23:59:17,Running,,C,Arancia Rossa 500ml,2400,1720,1478,706,3,False
M01,2026-12-06 23:59:17,2026-12-07 00:00:00,Idle,,C,Arancia Rossa 500ml,2400,0,43,0,0,False
M01,2026-12-07 00:00:00,2026-12-07 00:30:30,Running,,C,Arancia Rossa 500ml,2400,2105,1830,1070,4,False
M01,2026-12-07 00:30:30,2026-12-07 01:21:18,Running,,C,Arancia Rossa 500ml,2400,2067,3048,1750,9,False
M01,2026-12-07 01:21:18,2026-12-07 02:04:48,Running,,C,Arancia Rossa 500ml,2400,2061,2610,1494,7,False
M01,2026-12-07 02:04:48,2026-12-07 02:26:08,Running,,C,Arancia Rossa 500ml,2400,2056,1280,731,3,False
M01,2026-12-07 02:26:08,2026-12-07 03:08:50,Running,,C,Arancia Rossa 500ml,2400,2073,2562,1475,7,False
M01,2026-12-07 03:08:50,2026-12-07 03:11:57,Stopped,Starvation,C,Arancia Rossa 500ml,2400,0,187,0,0,False
M01,2026-12-07 03:11:57,2026-12-07 04:11:47,Running,,C,Arancia Rossa 500ml,2400,2051,3590,2045,10,False
M01,2026-12-07 04:11:47,2026-12-07 04:25:33,Idle,,C,Arancia Rossa 500ml,2400,0,826,0,0,False
M01,2026-12-07 04:25:33,2026-12-07 05:13:13,Running,,C,Arancia Rossa 500ml,2400,2091,2860,1661,7,False
M01,2026-12-07 05:13:13,2026-12-07 05:40:01,Running,,C,Arancia Rossa 500ml,2400,2081,1608,930,4,False
M01,2026-12-07 05:40:01,2026-12-07 06:00:00,Running,,C,Arancia Rossa 500ml,2400,2073,1199,690,3,False
M01,2026-12-07 06:00:00,2026-12-07 06:04:28,Stopped,Starvation,A,Arancia Rossa 500ml,2400,0,268,0,0,False
M01,2026-12-07 06:04:28,2026-12-07 06:59:05,Running,,A,Arancia Rossa 500ml,2400,2071,3277,1885,9,False
M01,2026-12-07 06:59:05,2026-12-07 07:30:44,Running,,A,Arancia Rossa 500ml,2400,2063,1899,1088,4,False
M01,2026-12-07 07:30:44,2026-12-07 08:21:19,Running,,A,Arancia Rossa 500ml,2400,2080,3035,1754,9,False
M01,2026-12-07 08:21:19,2026-12-07 09:12:18,Running,,A,Arancia Rossa 500ml,2400,2122,3059,1803,7,False
M01,2026-12-07 09:12:18,2026-12-07 10:00:17,Running,,A,Arancia Rossa 500ml,2400,2084,2879,1667,7,False
M01,2026-12-07 10:00:17,2026-12-07 10:06:56,Idle,,A,Arancia Rossa 500ml,2400,0,399,0,0,False
M01,2026-12-07 10:06:56,2026-12-07 10:48:08,Running,,A,Arancia Rossa 500ml,2400,2067,2472,1419,6,False
M01,2026-12-07 10:48:08,2026-12-07 11:37:24,Running,,A,Arancia Rossa 500ml,2400,2100,2956,1724,8,False
M01,2026-12-07 11:37:24,2026-12-07 12:02:39,Running,,A,Arancia Rossa 500ml,2400,2098,1515,883,4,False
M01,2026-12-07 12:02:39,2026-12-07 12:11:58,Stopped,Starvation,A,Arancia Rossa 500ml,2400,0,559,0,0,False
M01,2026-12-07 12:11:58,2026-12-07 12:36:02,Running,,A,Arancia Rossa 500ml,2400,2086,1444,837,4,False
M01,2026-12-07 12:36:02,2026-12-07 13:01:07,Running,,A,Arancia Rossa 500ml,2400,2085,1505,872,4,False
M01,2026-12-07 13:01:07,2026-12-07 13:32:39,Running,,A,Arancia Rossa 500ml,2400,2103,1892,1105,5,False
M01,2026-12-07 13:32:39,2026-12-07 13:57:02,Running,,A,Arancia Rossa 500ml,2400,2116,1463,860,4,False
M01,2026-12-07 13:57:02,2026-12-07 14:00:00,Idle,,A,Arancia Rossa 500ml,2400,0,178,0,0,False
M01,2026-12-07 14:00:00,2026-12-07 14:23:08,Stopped,Changeover,B,Lampone Zero 560ml,2200,0,1388,0,0,True
M01,2026-12-07 14:23:08,2026-12-07 15:04:46,Running,,B,Lampone Zero 560ml,2200,1954,2498,1356,7,False
M01,2026-12-07 15:04:46,2026-12-07 15:57:14,Running,,B,Lampone Zero 560ml,2200,1899,3148,1661,7,False
M01,2026-12-07 15:57:14,2026-12-07 16:13:33,Stopped,External,B,Lampone Zero 560ml,2200,0,979,0,0,False
M01,2026-12-07 16:13:33,2026-12-07 16:35:06,Running,,B,Lampone Zero 560ml,2200,1927,1293,692,3,False
M01,2026-12-07 16:35:06,2026-12-07 17:16:15,Running,,B,Lampone Zero 560ml,2200,1879,2469,1289,5,False
M01,2026-12-07 17:16:15,2026-12-07 18:01:41,Running,,B,Lampone Zero 560ml,2200,1928,2726,1460,7,False
M01,2026-12-07 18:01:41,2026-12-07 18:25:42,Running,,B,Lampone Zero 560ml,2200,1930,1441,773,3,False
M01,2026-12-07 18:25:42,2026-12-07 18:43:21,Stopped,External,B,Lampone Zero 560ml,2200,0,1059,0,0,False
M01,2026-12-07 18:43:21,2026-12-07 19:22:02,Running,,B,Lampone Zero 560ml,2200,1913,2321,1233,6,False
M01,2026-12-07 19:22:02,2026-12-07 20:00:43,Running,,B,Lampone Zero 560ml,2200,1884,2321,1215,4,False
M01,2026-12-07 20:00:43,2026-12-07 20:11:12,Idle,,B,Lampone Zero 560ml,2200,0,629,0,0,False
M01,2026-12-07 20:11:12,2026-12-07 20:39:28,Running,,B,Lampone Zero 560ml,2200,1913,1696,901,5,False
M01,2026-12-07 20:39:28,2026-12-07 21:19:41,Running,,B,Lampone Zero 560ml,2200,1937,2413,1298,6,False
M01,2026-12-07 21:19:41,2026-12-07 21:57:44,Running,,B,Lampone Zero 560ml,2200,1890,2283,1199,6,False
M01,2026-12-07 21:57:44,2026-12-07 22:00:00,Idle,,B,Lampone Zero 560ml,2200,0,136,0,0,False
M01,2026-12-07 22:00:00,2026-12-07 22:07:25,Stopped,External,C,Lampone Zero 560ml,2200,0,445,0,0,False
M01,2026-12-07 22:07:25,2026-12-07 22:35:26,Running,,C,Lampone Zero 560ml,2200,1954,1681,912,3,False
M01,2026-12-07 22:35:26,2026-12-07 23:27:43,Running,,C,Lampone Zero 560ml,2200,1879,3137,1637,6,False
M01,2026-12-07 23:27:43,2026-12-07 23:38:58,Stopped,Starvation,C,Lampone Zero 560ml,2200,0,675,0,0,False
M01,2026-12-07 23:38:58,2026-12-07 23:56:00,Idle,,C,Lampone Zero 560ml,2200,0,1022,0,0,False
M01,2026-12-07 23:56:00,2026-12-08 00:00:00,Idle,,C,Lampone Zero 560ml,2200,0,240,0,0,False
M01,2026-12-08 00:00:00,2026-12-08 00:31:34,Running,,C,Lampone Zero 560ml,2200,1923,1894,1012,4,False
M01,2026-12-08 00:31:34,2026-12-08 00:49:07,Stopped,Starvation,C,Lampone Zero 560ml,2200,0,1053,0,0,False
M01,2026-12-08 00:49:07,2026-12-08 01:06:51,Stopped,Fault,C,Lampone Zero 560ml,2200,0,1064,0,0,False
M01,2026-12-08 01:06:51,2026-12-08 01:45:38,Running,,C,Lampone Zero 560ml,2200,1956,2327,1264,5,False
M01,2026-12-08 01:45:38,2026-12-08 02:44:37,Running,,C,Lampone Zero 560ml,2200,1898,3539,1866,8,False
M01,2026-12-08 02:44:37,2026-12-08 02:48:59,Stopped,External,C,Lampone Zero 560ml,2200,0,262,0,0,False
M01,2026-12-08 02:48:59,2026-12-08 03:36:20,Running,,C,Lampone Zero 560ml,2200,1895,2841,1495,6,False
M01,2026-12-08 03:36:20,2026-12-08 03:43:09,Idle,,C,Lampone Zero 560ml,2200,0,409,0,0,False
M01,2026-12-08 03:43:09,2026-12-08 03:49:25,Stopped,External,C,Lampone Zero 560ml,2200,0,376,0,0,False
M01,2026-12-08 03:49:25,2026-12-08 04:12:00,Running,,C,Lampone Zero 560ml,2200,1880,1355,708,3,False
M01,2026-12-08 04:12:00,2026-12-08 04:41:00,Running,,C,Lampone Zero 560ml,2200,1885,1740,911,4,False
M01,2026-12-08 04:41:00,2026-12-08 04:47:54,Stopped,External,C,Lampone Zero 560ml,2200,0,414,0,0,False
M01,2026-12-08 04:47:54,2026-12-08 04:56:42,Stopped,Starvation,C,Lampone Zero 560ml,2200,0,528,0,0,False
M01,2026-12-08 04:56:42,2026-12-08 05:54:32,Running,,C,Lampone Zero 560ml,2200,1919,3470,1850,9,False
M01,2026-12-08 05:54:32,2026-12-08 06:00:00,Running,,C,Lampone Zero 560ml,2200,1909,328,174,1,False
M01,2026-12-08 06:00:00,2026-12-08 06:54:17,Stopped,Maintenance,A,Lampone Zero 560ml,2200,0,3257,0,0,True
M01,2026-12-08 06:54:17,2026-12-08 07:24:54,Running,,A,Lampone Zero 560ml,2200,1952,1837,996,4,False
M01,2026-12-08 07:24:54,2026-12-08 08:08:37,Running,,A,Lampone Zero 560ml,2200,1954,2623,1424,6,False
M01,2026-12-08 08:08:37,2026-12-08 09:05:36,Running,,A,Lampone Zero 560ml,2200,1886,3419,1791,8,False
M01,2026-12-08 09:05:36,2026-12-08 09:24:18,Idle,,A,Lampone Zero 560ml,2200,0,1122,0,0,False
M01,2026-12-08 09:24:18,2026-12-08 10:10:08,Running,,A,Lampone Zero 560ml,2200,1888,2750,1442,5,False
M01,2026-12-08 10:10:08,2026-12-08 10:26:05,Stopped,Fault,A,Lampone Zero 560ml,2200,0,957,0,0,False
M01,2026-12-08 10:26:05,2026-12-08 10:31:17,Stopped,Fault,A,Lampone Zero 560ml,2200,0,312,0,0,False
M01,2026-12-08 10:31:17,2026-12-08 10:42:33,Stopped,External,A,Lampone Zero 560ml,2200,0,676,0,0,False
M01,2026-12-08 10:42:33,2026-12-08 11:17:36,Running,,A,Lampone Zero 560ml,2200,1888,2103,1103,5,False
M01,2026-12-08 11:17:36,2026-12-08 11:47:57,Running,,A,Lampone Zero 560ml,2200,1947,1821,985,5,False
M01,2026-12-08 11:47:57,2026-12-08 12:38:31,Running,,A,Lampone Zero 560ml,2200,1939,3034,1634,8,False
M01,2026-12-08 12:38:31,2026-12-08 12:45:17,Stopped,Supplies,A,Lampone Zero 560ml,2200,0,406,0,0,False
M01,2026-12-08 12:45:17,2026-12-08 13:17:14,Running,,A,Lampone Zero 560ml,2200,1948,1917,1037,5,False
M01,2026-12-08 13:17:14,2026-12-08 13:50:25,Running,,A,Lampone Zero 560ml,2200,1943,1991,1075,4,False
M01,2026-12-08 13:50:25,2026-12-08 14:00:00,Running,,A,Lampone Zero 560ml,2200,1943,575,310,1,False
M01,2026-12-08 14:00:00,2026-12-08 14:21:07,Stopped,Changeover,B,Arancia Rossa 500ml,2400,0,1267,0,0,True
M01,2026-12-08 14:21:07,2026-12-08 14:36:37,Stopped,External,B,Arancia Rossa 500ml,2400,0,930,0,0,False
M01,2026-12-08 14:36:37,2026-12-08 15:06:56,Running,,B,Arancia Rossa 500ml,2400,2079,1819,1050,5,False
M01,2026-12-08 15:06:56,2026-12-08 15:55:42,Running,,B,Arancia Rossa 500ml,2400,2083,2926,1693,8,False
M01,2026-12-08 15:55:42,2026-12-08 16:17:47,Running,,B,Arancia Rossa 500ml,2400,2053,1325,756,3,False
M01,2026-12-08 16:17:47,2026-12-08 16:51:59,Running,,B,Arancia Rossa 500ml,2400,2119,2052,1208,5,False
M01,2026-12-08 16:51:59,2026-12-08 17:31:56,Running,,B,Arancia Rossa 500ml,2400,2053,2397,1367,6,False
M01,2026-12-08 17:31:56,2026-12-08 17:59:29,Running,,B,Arancia Rossa 500ml,2400,2112,1653,970,4,False
M01,2026-12-08 17:59:29,2026-12-08 18:15:53,Stopped,Operator,B,Arancia Rossa 500ml,2400,0,984,0,0,False
M01,2026-12-08 18:15:53,2026-12-08 18:36:56,Running,,B,Arancia Rossa 500ml,2400,2062,1263,723,3,False
M01,2026-12-08 18:36:56,2026-12-08 19:10:24,Running,,B,Arancia Rossa 500ml,2400,2059,2008,1148,5,False
M01,2026-12-08 19:10:24,2026-12-08 19:22:13,Idle,,B,Arancia Rossa 500ml,2400,0,709,0,0,False
M01,2026-12-08 19:22:13,2026-12-08 20:14:59,Running,,B,Arancia Rossa 500ml,2400,2122,3166,1866,10,False
M01,2026-12-08 20:14:59,2026-12-08 20:31:24,Idle,,B,Arancia Rossa 500ml,2400,0,985,0,0,False
M01,2026-12-08 20:31:24,2026-12-08 20:59:51,Running,,B,Arancia Rossa 500ml,2400,2101,1707,996,5,False
M01,2026-12-08 20:59:51,2026-12-08 21:15:47,Stopped,External,B,Arancia Rossa 500ml,2400,0,956,0,0,False
M01,2026-12-08 21:15:47,2026-12-08 21:57:40,Running,,B,Arancia Rossa 500ml,2400,2102,2513,1467,6,False
M01,2026-12-08 21:57:40,2026-12-08 22:00:00,Idle,,B,Arancia Rossa 500ml,2400,0,140,0,0,False
M01,2026-12-08 22:00:00,2026-12-08 22:24:43,Stopped,Changeover,C,Lampone Zero 560ml,2200,0,1483,0,0,True
M01,2026-12-08 22:24:43,2026-12-08 23:13:15,Running,,C,Lampone Zero 560ml,2200,1916,2912,1550,6,False
M01,2026-12-08 23:13:15,2026-12-08 23:22:24,Stopped,Operator,C,Lampone Zero 560ml,2200,0,549,0,0,False
M01,2026-12-08 23:22:24,2026-12-08 23:50:05,Running,,C,Lampone Zero 560ml,2200,1927,1661,889,4,False
M01,2026-12-08 23:50:05,2026-12-09 00:00:00,Running,,C,Lampone Zero 560ml,2200,1901,595,314,2,False
M01,2026-12-09 00:00:00,2026-12-09 00:04:07,Stopped,External,C,Lampone Zero 560ml,2200,0,247,0,0,False
M01,2026-12-09 00:04:07,2026-12-09 00:36:15,Running,,C,Lampone Zero 560ml,2200,1951,1928,1045,4,False
M01,2026-12-09 00:36:15,2026-12-09 00:42:38,Stopped,Starvation,C,Lampone Zero 560ml,2200,0,383,0,0,False
M01,2026-12-09 00:42:38,2026-12-09 01:41:35,Running,,C,Lampone Zero 560ml,2200,1940,3537,1906,9,False
M01,2026-12-09 01:41:35,2026-12-09 02:11:56,Running,,C,Lampone Zero 560ml,2200,1929,1821,976,4,False
M01,2026-12-09 02:11:56,2026-12-09 02:18:59,Stopped,Buildup,C,Lampone Zero 560ml,2200,0,423,0,0,False
M01,2026-12-09 02:18:59,2026-12-09 02:45:12,Running,,C,Lampone Zero 560ml,2200,1936,1573,846,3,False
M01,2026-12-09 02:45:12,2026-12-09 03:07:29,Running,,C,Lampone Zero 560ml,2200,1954,1337,726,4,False
M01,2026-12-09 03:07:29,2026-12-09 03:21:06,Stopped,Operator,C,Lampone Zero 560ml,2200,0,817,0,0,False
M01,2026-12-09 03:21:06,2026-12-09 03:59:24,Running,,C,Lampone Zero 560ml,2200,1937,2298,1236,4,False
M01,2026-12-09 03:59:24,2026-12-09 04:04:39,Stopped,Starvation,C,Lampone Zero 560ml,2200,0,315,0,0,False
M01,2026-12-09 04:04:39,2026-12-09 04:41:09,Running,,C,Lampone Zero 560ml,2200,1913,2190,1164,6,False
M01,2026-12-09 04:41:09,2026-12-09 05:27:28,Running,,C,Lampone Zero 560ml,2200,1885,2779,1455,8,False
M01,2026-12-09 05:27:28,2026-12-09 05:52:09,Running,,C,Lampone Zero 560ml,2200,1910,1481,786,4,False
M01,2026-12-09 05:52:09,2026-12-09 06:00:00,Running,,C,Lampone Zero 560ml,2200,1936,471,253,1,False
M01,2026-12-09 06:00:00,2026-12-09 06:18:18,Stopped,Changeover,A,Arancia Rossa 500ml,2400,0,1098,0,0,True
M01,2026-12-09 06:18:18,2026-12-09 06:26:01,Stopped,Starvation,A,Arancia Rossa 500ml,2400,0,463,0,0,False
M01,2026-12-09 06:26:01,2026-12-09 07:21:07,Running,,A,Arancia Rossa 500ml,2400,2114,3306,1941,10,False
M01,2026-12-09 07:21:07,2026-12-09 08:09:02,Running,,A,Arancia Rossa 500ml,2400,2052,2875,1639,6,False
M01,2026-12-09 08:09:02,2026-12-09 08:19:35,Idle,,A,Arancia Rossa 500ml,2400,0,633,0,0,False
M01,2026-12-09 08:19:35,2026-12-09 08:35:16,Idle,,A,Arancia Rossa 500ml,2400,0,941,0,0,False
M01,2026-12-09 08:35:16,2026-12-09 09:20:04,Running,,A,Arancia Rossa 500ml,2400,2069,2688,1545,8,False
M01,2026-12-09 09:20:04,2026-12-09 09:58:47,Running,,A,Arancia Rossa 500ml,2400,2064,2323,1332,7,False
M01,2026-12-09 09:58:47,2026-12-09 10:02:31,Stopped,Fault,A,Arancia Rossa 500ml,2400,0,224,0,0,False
M01,2026-12-09 10:02:31,2026-12-09 10:45:41,Running,,A,Arancia Rossa 500ml,2400,2073,2590,1491,6,False
M01,2026-12-09 10:45:41,2026-12-09 11:30:13,Running,,A,Arancia Rossa 500ml,2400,2129,2672,1580,6,False
M01,2026-12-09 11:30:13,2026-12-09 12:14:22,Running,,A,Arancia Rossa 500ml,2400,2113,2649,1555,6,False
M01,2026-12-09 12:14:22,2026-12-09 12:59:16,Running,,A,Arancia Rossa 500ml,2400,2087,2694,1562,7,False
M01,2026-12-09 12:59:16,2026-12-09 13:40:58,Running,,A,Arancia Rossa 500ml,2400,2078,2502,1444,6,False
M01,2026-12-09 13:40:58,2026-12-09 14:00:00,Running,,A,Arancia Rossa 500ml,2400,2119,1142,672,3,False
M01,2026-12-09 14:00:00,2026-12-09 14:19:20,Stopped,Changeover,B,Lampone Zero 560ml,2200,0,1160,0,0,True
M01,2026-12-09 14:19:20,2026-12-09 14:48:43,Running,,B,Lampone Zero 560ml,2200,1944,1763,952,4,False
M01,2026-12-09 14:48:43,2026-12-09 15:30:17,Running,,B,Lampone Zero 560ml,2200,1947,2494,1349,7,False
M01,2026-12-09 15:30:17,2026-12-09 16:21:10,Running,,B,Lampone Zero 560ml,2200,1906,3053,1616,8,False
M01,2026-12-09 16:21:10,2026-12-09 16:34:06,Stopped,Starvation,B,Lampone Zero 560ml,2200,0,776,0,0,False
M01,2026-12-09 16:34:06,2026-12-09 17:01:46,Running,,B,Lampone Zero 560ml,2200,1894,1660,873,4,False
M01,2026-12-09 17:01:46,2026-12-09 17:18:29,Stopped,Starvation,B,Lampone Zero 560ml,2200,0,1003,0,0,False
M01,2026-12-09 17:18:29,2026-12-09 17:49:40,Running,,B,Lampone Zero 560ml,2200,1958,1871,1018,4,False
M01,2026-12-09 17:49:40,2026-12-09 18:43:09,Running,,B,Lampone Zero 560ml,2200,1955,3209,1743,6,False
M01,2026-12-09 18:43:09,2026-12-09 19:42:34,Running,,B,Lampone Zero 560ml,2200,1907,3565,1888,7,False
M01,2026-12-09 19:42:34,2026-12-09 20:41:36,Running,,B,Lampone Zero 560ml,2200,1926,3542,1895,7,False
M01,2026-12-09 20:41:36,2026-12-09 20:46:34,Stopped,Fault,B,Lampone Zero 560ml,2200,0,298,0,0,False
M01,2026-12-09 20:46:34,2026-12-09 21:15:59,Running,,B,Lampone Zero 560ml,2200,1951,1765,957,4,False
M01,2026-12-09 21:15:59,2026-12-09 21:57:14,Running,,B,Lampone Zero 560ml,2200,1892,2475,1301,5,False
M01,2026-12-09 21:57:14,2026-12-09 22:00:00,Idle,,B,Lampone Zero 560ml,2200,0,166,0,0,False
M01,2026-12-09 22:00:00,2026-12-09 22:43:16,Running,,C,Lampone Zero 560ml,2200,1905,2596,1374,7,False
M01,2026-12-09 22:43:16,2026-12-09 23:17:14,Running,,C,Lampone Zero 560ml,2200,1947,2038,1102,5,False
M01,2026-12-09 23:17:14,2026-12-09 23:44:19,Running,,C,Lampone Zero 560ml,2200,1891,1625,854,3,False
M01,2026-12-09 23:44:19,2026-12-10 00:00:00,Running,,C,Lampone Zero 560ml,2200,1950,941,510,2,False
M01,2026-12-10 00:00:00,2026-12-10 00:04:05,Stopped,External,C,Lampone Zero 560ml,2200,0,245,0,0,False
M01,2026-12-10 00:04:05,2026-12-10 00:12:29,Stopped,Operator,C,Lampone Zero 560ml,2200,0,504,0,0,False
M01,2026-12-10 00:12:29,2026-12-10 01:01:39,Running,,C,Lampone Zero 560ml,2200,1935,2950,1586,6,False
M01,2026-12-10 01:01:39,2026-12-10 01:58:26,Running,,C,Lampone Zero 560ml,2200,1956,3407,1851,7,False
M01,2026-12-10 01:58:26,2026-12-10 02:37:54,Running,,C,Lampone Zero 560ml,2200,1890,2368,1243,5,False
M01,2026-12-10 02:37:54,2026-12-10 02:51:19,Stopped,Buildup,C,Lampone Zero 560ml,2200,0,805,0,0,False
M01,2026-12-10 02:51:19,2026-12-10 03:48:05,Running,,C,Lampone Zero 560ml,2200,1886,3406,1784,7,False
M01,2026-12-10 03:48:05,2026-12-10 04:32:47,Running,,C,Lampone Zero 560ml,2200,1949,2682,1452,7,False
M01,2026-12-10 04:32:47,2026-12-10 05:24:41,Running,,C,Lampone Zero 560ml,2200,1927,3114,1667,7,False
M01,2026-12-10 05:24:41,2026-12-10 05:33:04,Stopped,Fault,C,Lampone Zero 560ml,2200,0,503,0,0,False
M01,2026-12-10 05:33:04,2026-12-10 05:58:39,Running,,C,Lampone Zero 560ml,2200,1954,1535,833,4,False
M01,2026-12-10 05:58:39,2026-12-10 06:00:00,Idle,,C,Lampone Zero 560ml,2200,0,81,0,0,False
M01,2026-12-10 06:00:00,2026-12-10 06:47:50,Running,,A,Lampone Zero 560ml,2200,1952,2870,1556,8,False
M01,2026-12-10 06:47:50,2026-12-10 07:19:04,Running,,A,Lampone Zero 560ml,2200,1945,1874,1012,5,False
M01,2026-12-10 07:19:04,2026-12-10 07:44:18,Running,,A,Lampone Zero 560ml,2200,1932,1514,813,4,False
M01,2026-12-10 07:44:18,2026-12-10 08:35:55,Running,,A,Lampone Zero 560ml,2200,1907,3097,1641,6,False
M01,2026-12-10 08:35:55,2026-12-10 09:13:14,Running,,A,Lampone Zero 560ml,2200,1929,2239,1200,6,False
M01,2026-12-10 09:13:14,2026-12-10 09:18:09,Stopped,Operator,A,Lampone Zero 560ml,2200,0,295,0,0,False
M01,2026-12-10 09:18:09,2026-12-10 09:22:07,Stopped,Fault,A,Lampone Zero 560ml,2200,0,238,0,0,False
M01,2026-12-10 09:22:07,2026-12-10 09:44:21,Running,,A,Lampone Zero 560ml,2200,1932,1334,716,4,False
M01,2026-12-10 09:44:21,2026-12-10 10:05:30,Running,,A,Lampone Zero 560ml,2200,1918,1269,676,4,False
M01,2026-12-10 10:05:30,2026-12-10 10:47:46,Running,,A,Lampone Zero 560ml,2200,1946,2536,1371,5,False
M01,2026-12-10 10:47:46,2026-12-10 11:17:45,Running,,A,Lampone Zero 560ml,2200,1906,1799,952,3,False
M01,2026-12-10 11:17:45,2026-12-10 12:02:12,Running,,A,Lampone Zero 560ml,2200,1914,2667,1418,5,False
M01,2026-12-10 12:02:12,2026-12-10 12:08:36,Stopped,Operator,A,Lampone Zero 560ml,2200,0,384,0,0,False
M01,2026-12-10 12:08:36,2026-12-10 12:44:01,Running,,A,Lampone Zero 560ml,2200,1886,2125,1113,4,False
M01,2026-12-10 12:44:01,2026-12-10 12:52:25,Stopped,Starvation,A,Lampone Zero 560ml,2200,0,504,0,0,False
M01,2026-12-10 12:52:25,2026-12-10 13:07:56,Stopped,Starvation,A,Lampone Zero 560ml,2200,0,931,0,0,False
M01,2026-12-10 13:07:56,2026-12-10 13:13:21,Stopped,Starvation,A,Lampone Zero 560ml,2200,0,325,0,0,False
M01,2026-12-10 13:13:21,2026-12-10 13:50:22,Running,,A,Lampone Zero 560ml,2200,1940,2221,1197,6,False
M01,2026-12-10 13:50:22,2026-12-10 13:54:25,Stopped,Starvation,A,Lampone Zero 560ml,2200,0,243,0,0,False
M01,2026-12-10 13:54:25,2026-12-10 14:00:00,Running,,A,Lampone Zero 560ml,2200,1889,335,176,1,False
M01,2026-12-10 14:00:00,2026-12-10 14:39:36,Stopped,Changeover,B,Arancia Rossa 500ml,2400,0,2376,0,0,True
M01,2026-12-10 14:39:36,2026-12-10 15:06:55,Running,,B,Arancia Rossa 500ml,2400,2130,1639,970,4,False
M01,2026-12-10 15:06:55,2026-12-10 15:52:11,Running,,B,Arancia Rossa 500ml,2400,2105,2716,1588,7,False
M01,2026-12-10 15:52:11,2026-12-10 16:30:13,Running,,B,Arancia Rossa 500ml,2400,2091,2282,1325,5,False
M01,2026-12-10 16:30:13,2026-12-10 17:30:10,Running,,B,Arancia Rossa 500ml,2400,2115,3597,2113,9,False
M01,2026-12-10 17:30:10,2026-12-10 18:14:15,Running,,B,Arancia Rossa 500ml,2400,2057,2645,1511,7,False
M01,2026-12-10 18:14:15,2026-12-10 18:31:08,Stopped,Starvation,B,Arancia Rossa 500ml,2400,0,1013,0,0,False
M01,2026-12-10 18:31:08,2026-12-10 19:17:19,Running,,B,Arancia Rossa 500ml,2400,2102,2771,1618,6,False
M01,2026-12-10 19:17:19,2026-12-10 19:27:39,Stopped,Supplies,B,Arancia Rossa 500ml,2400,0,620,0,0,False
M01,2026-12-10 19:27:39,2026-12-10 19:54:42,Running,,B,Arancia Rossa 500ml,2400,2133,1623,962,4,False
M01,2026-12-10 19:54:42,2026-12-10 20:22:41,Running,,B,Arancia Rossa 500ml,2400,2087,1679,973,5,False
M01,2026-12-10 20:22:41,2026-12-10 21:12:30,Running,,B,Arancia Rossa 500ml,2400,2088,2989,1734,7,False
M01,2026-12-10 21:12:30,2026-12-10 21:14:58,Stopped,Buildup,B,Arancia Rossa 500ml,2400,0,148,0,0,False
M01,2026-12-10 21:14:58,2026-12-10 21:47:06,Running,,B,Arancia Rossa 500ml,2400,2107,1928,1128,6,False
M01,2026-12-10 21:47:06,2026-12-10 22:00:00,Running,,B,Arancia Rossa 500ml,2400,2095,774,450,2,False
M01,2026-12-10 22:00:00,2026-12-10 22:27:47,Running,,C,Arancia Rossa 500ml,2400,2054,1667,951,4,False
M01,2026-12-10 22:27:47,2026-12-10 22:35:46,Stopped,Starvation,C,Arancia Rossa 500ml,2400,0,479,0,0,False
M01,2026-12-10 22:35:46,2026-12-10 23:05:44,Running,,C,Arancia Rossa 500ml,2400,2083,1798,1040,5,False
M01,2026-12-10 23:05:44,2026-12-10 23:47:30,Running,,C,Arancia Rossa 500ml,2400,2071,2506,1442,6,False
M01,2026-12-10 23:47:30,2026-12-11 00:00:00,Running,,C,Arancia Rossa 500ml,2400,2096,750,437,2,False
M01,2026-12-11 00:00:00,2026-12-11 00:30:54,Running,,C,Arancia Rossa 500ml,2400,2006,1854,1033,4,False
M01,2026-12-11 00:30:54,2026-12-11 00:52:39,Running,,C,Arancia Rossa 500ml,2400,2044,1305,741,3,False
M01,2026-12-11 00:52:39,2026-12-11 01:14:12,Running,,C,Arancia Rossa 500ml,2400,2000,1293,718,4,False
M01,2026-12-11 01:14:12,2026-12-11 01:40:35,Running,,C,Arancia Rossa 500ml,2400,2001,1583,880,5,False
M01,2026-12-11 01:40:35,2026-12-11 02:05:08,Running,,C,Arancia Rossa 500ml,2400,2049,1473,838,4,False
M01,2026-12-11 02:05:08,2026-12-11 02:30:26,Running,,C,Arancia Rossa 500ml,2400,2071,1518,873,4,False
M01,2026-12-11 02:30:26,2026-12-11 03:14:30,Running,,C,Arancia Rossa 500ml,2400,2054,2644,1509,7,False
M01,2026-12-11 03:14:30,2026-12-11 03:56:41,Running,,C,Arancia Rossa 500ml,2400,1998,2531,1405,6,False
M01,2026-12-11 03:56:41,2026-12-11 04:39:59,Running,,C,Arancia Rossa 500ml,2400,2065,2598,1490,6,False
M01,2026-12-11 04:39:59,2026-12-11 05:10:46,Running,,C,Arancia Rossa 500ml,2400,2016,1847,1034,5,False
M01,2026-12-11 05:10:46,2026-12-11 05:59:55,Running,,C,Arancia Rossa 500ml,2400,2061,2949,1688,6,False
M01,2026-12-11 05:59:55,2026-12-11 06:00:00,Idle,,C,Arancia Rossa 500ml,2400,0,5,0,0,False
M01,2026-12-11 06:00:00,2026-12-11 06:55:41,Running,,A,Arancia Rossa 500ml,2400,2059,3341,1911,7,False
M01,2026-12-11 06:55:41,2026-12-11 07:16:56,Running,,A,Arancia Rossa 500ml,2400,2023,1275,716,3,False
M01,2026-12-11 07:16:56,2026-12-11 07:32:31,Stopped,Starvation,A,Arancia Rossa 500ml,2400,0,935,0,0,False
M01,2026-12-11 07:32:31,2026-12-11 08:18:07,Running,,A,Arancia Rossa 500ml,2400,2075,2736,1577,6,False
M01,2026-12-11 08:18:07,2026-12-11 08:34:31,Stopped,External,A,Arancia Rossa 500ml,2400,0,984,0,0,False
M01,2026-12-11 08:34:31,2026-12-11 08:43:18,Idle,,A,Arancia Rossa 500ml,2400,0,527,0,0,False
M01,2026-12-11 08:43:18,2026-12-11 09:14:24,Running,,A,Arancia Rossa 500ml,2400,2039,1866,1057,5,False
M01,2026-12-11 09:14:24,2026-12-11 09:39:30,Running,,A,Arancia Rossa 500ml,2400,2038,1506,853,5,False
M01,2026-12-11 09:39:30,2026-12-11 09:48:20,Stopped,Fault,A,Arancia Rossa 500ml,2400,0,530,0,0,False
M01,2026-12-11 09:48:20,2026-12-11 09:52:41,Stopped,Starvation,A,Arancia Rossa 500ml,2400,0,261,0,0,False
M01,2026-12-11 09:52:41,2026-12-11 10:49:09,Running,,A,Arancia Rossa 500ml,2400,2057,3388,1936,8,False
M01,2026-12-11 10:49:09,2026-12-11 11:29:59,Running,,A,Arancia Rossa 500ml,2400,2020,2450,1375,6,False
M01,2026-12-11 11:29:59,2026-12-11 11:47:57,Idle,,A,Arancia Rossa 500ml,2400,0,1078,0,0,False
M01,2026-12-11 11:47:57,2026-12-11 12:36:44,Running,,A,Arancia Rossa 500ml,2400,2071,2927,1684,9,False
M01,2026-12-11 12:36:44,2026-12-11 12:39:36,Stopped,External,A,Arancia Rossa 500ml,2400,0,172,0,0,False
M01,2026-12-11 12:39:36,2026-12-11 12:46:23,Stopped,Operator,A,Arancia Rossa 500ml,2400,0,407,0,0,False
M01,2026-12-11 12:46:23,2026-12-11 13:38:13,Running,,A,Arancia Rossa 500ml,2400,2044,3110,1766,8,False
M01,2026-12-11 13:38:13,2026-12-11 13:59:50,Running,,A,Arancia Rossa 500ml,2400,2054,1297,740,4,False
M01,2026-12-11 13:59:50,2026-12-11 14:00:00,Idle,,A,Arancia Rossa 500ml,2400,0,10,0,0,False
M01,2026-12-11 14:00:00,2026-12-11 14:34:10,Stopped,Changeover,B,Lampone Zero 560ml,2200,0,2050,0,0,True
M01,2026-12-11 14:34:10,2026-12-11 14:54:46,Running,,B,Lampone Zero 560ml,2200,1861,1236,639,3,False
M01,2026-12-11 14:54:46,2026-12-11 15:42:03,Running,,B,Lampone Zero 560ml,2200,1836,2837,1447,6,False
M01,2026-12-11 15:42:03,2026-12-11 16:38:32,Running,,B,Lampone Zero 560ml,2200,1833,3389,1726,9,False
M01,2026-12-11 16:38:32,2026-12-11 17:02:30,Running,,B,Lampone Zero 560ml,2200,1888,1438,754,3,False
M01,2026-12-11 17:02:30,2026-12-11 17:02:46,Idle,,B,Lampone Zero 560ml,2200,0,16,0,0,False
M01,2026-12-11 17:02:46,2026-12-11 17:54:58,Stopped,Fault,B,Lampone Zero 560ml,2200,0,3132,0,0,False
M01,2026-12-11 17:54:58,2026-12-11 18:34:43,Running,,B,Lampone Zero 560ml,2200,1891,2385,1253,6,False
M01,2026-12-11 18:34:43,2026-12-11 19:06:45,Running,,B,Lampone Zero 560ml,2200,1893,1922,1011,4,False
M01,2026-12-11 19:06:45,2026-12-11 19:20:33,Idle,,B,Lampone Zero 560ml,2200,0,828,0,0,False
M01,2026-12-11 19:20:33,2026-12-11 20:18:37,Running,,B,Lampone Zero 560ml,2200,1890,3484,1829,7,False
M01,2026-12-11 20:18:37,2026-12-11 20:29:16,Stopped,External,B,Lampone Zero 560ml,2200,0,639,0,0,False
M01,2026-12-11 20:29:16,2026-12-11 20:45:12,Stopped,Starvation,B,Lampone Zero 560ml,2200,0,956,0,0,False
M01,2026-12-11 20:45:12,2026-12-11 21:30:39,Running,,B,Lampone Zero 560ml,2200,1833,2727,1388,5,False
M01,2026-12-11 21:30:39,2026-12-11 21:59:49,Running,,B,Lampone Zero 560ml,2200,1890,1750,919,5,False
M01,2026-12-11 21:59:49,2026-12-11 22:00:00,Idle,,B,Lampone Zero 560ml,2200,0,11,0,0,False
M01,2026-12-11 22:00:00,2026-12-11 22:17:10,Stopped,External,C,Lampone Zero 560ml,2200,0,1030,0,0,False
M01,2026-12-11 22:17:10,2026-12-11 22:53:35,Running,,C,Lampone Zero 560ml,2200,1872,2185,1136,5,False
M01,2026-12-11 22:53:35,2026-12-11 23:38:29,Running,,C,Lampone Zero 560ml,2200,1899,2694,1421,6,False
M01,2026-12-11 23:38:29,2026-12-11 23:46:27,Stopped,External,C,Lampone Zero 560ml,2200,0,478,0,0,False
M01,2026-12-11 23:46:27,2026-12-12 00:00:00,Running,,C,Lampone Zero 560ml,2200,1883,813,425,2,False
M01,2026-12-12 00:00:00,2026-12-12 00:12:05,Stopped,Starvation,C,Lampone Zero 560ml,2200,0,725,0,0,False
M01,2026-12-12 00:12:05,2026-12-12 00:15:16,Stopped,Buildup,C,Lampone Zero 560ml,2200,0,191,0,0,False
M01,2026-12-12 00:15:16,2026-12-12 00:52:28,Running,,C,Lampone Zero 560ml,2200,1708,2232,1059,4,False
M01,2026-12-12 00:52:28,2026-12-12 01:28:29,Running,,C,Lampone Zero 560ml,2200,1713,2161,1028,4,False
M01,2026-12-12 01:28:29,2026-12-12 02:10:48,Running,,C,Lampone Zero 560ml,2200,1735,2539,1224,5,False
M01,2026-12-12 02:10:48,2026-12-12 03:01:31,Running,,C,Lampone Zero 560ml,2200,1731,3043,1463,7,False
M01,2026-12-12 03:01:31,2026-12-12 03:23:18,Running,,C,Lampone Zero 560ml,2200,1765,1307,641,3,False
M01,2026-12-12 03:23:18,2026-12-12 03:34:52,Idle,,C,Lampone Zero 560ml,2200,0,694,0,0,False
M01,2026-12-12 03:34:52,2026-12-12 04:20:48,Running,,C,Lampone Zero 560ml,2200,1753,2756,1342,6,False
M01,2026-12-12 04:20:48,2026-12-12 04:29:07,Stopped,External,C,Lampone Zero 560ml,2200,0,499,0,0,False
M01,2026-12-12 04:29:07,2026-12-12 05:05:19,Running,,C,Lampone Zero 560ml,2200,1726,2172,1041,5,False
M01,2026-12-12 05:05:19,2026-12-12 05:23:05,Stopped,Buildup,C,Lampone Zero 560ml,2200,0,1066,0,0,False
M01,2026-12-12 05:23:05,2026-12-12 05:58:36,Running,,C,Lampone Zero 560ml,2200,1698,2131,1005,4,False
M01,2026-12-12 05:58:36,2026-12-12 06:00:00,Idle,,C,Lampone Zero 560ml,2200,0,84,0,0,False
M01,2026-12-12 06:00:00,2026-12-12 06:05:52,Stopped,Buildup,A,Lampone Zero 560ml,2200,0,352,0,0,False
M01,2026-12-12 06:05:52,2026-12-12 06:45:59,Running,,A,Lampone Zero 560ml,2200,1760,2407,1177,6,False
M01,2026-12-12 06:45:59,2026-12-12 07:27:29,Running,,A,Lampone Zero 560ml,2200,1723,2490,1192,4,False
M01,2026-12-12 07:27:29,2026-12-12 07:57:25,Running,,A,Lampone Zero 560ml,2200,1759,1796,878,5,False
M01,2026-12-12 07:57:25,2026-12-12 08:14:12,Stopped,Buildup,A,Lampone Zero 560ml,2200,0,1007,0,0,False
M01,2026-12-12 08:14:12,2026-12-12 08:38:03,Running,,A,Lampone Zero 560ml,2200,1747,1431,694,4,False
M01,2026-12-12 08:38:03,2026-12-12 09:32:29,Running,,A,Lampone Zero 560ml,2200,1738,3266,1577,6,False
M01,2026-12-12 09:32:29,2026-12-12 10:24:20,Running,,A,Lampone Zero 560ml,2200,1735,3111,1499,8,False
M01,2026-12-12 10:24:20,2026-12-12 10:37:12,Stopped,Starvation,A,Lampone Zero 560ml,2200,0,772,0,0,False
M01,2026-12-12 10:37:12,2026-12-12 10:58:59,Running,,A,Lampone Zero 560ml,2200,1756,1307,638,3,False
M01,2026-12-12 10:58:59,2026-12-12 11:34:32,Running,,A,Lampone Zero 560ml,2200,1700,2133,1007,4,False
M01,2026-12-12 11:34:32,2026-12-12 11:44:08,Stopped,External,A,Lampone Zero 560ml,2200,0,576,0,0,False
M01,2026-12-12 11:44:08,2026-12-12 12:43:23,Running,,A,Lampone Zero 560ml,2200,1760,3555,1738,8,False
M01,2026-12-12 12:43:23,2026-12-12 13:11:22,Running,,A,Lampone Zero 560ml,2200,1729,1679,806,3,False
M01,2026-12-12 13:11:22,2026-12-12 13:23:19,Stopped,Starvation,A,Lampone Zero 560ml,2200,0,717,0,0,False
M01,2026-12-12 13:23:19,2026-12-12 13:48:32,Running,,A,Lampone Zero 560ml,2200,1700,1513,714,3,False
M01,2026-12-12 13:48:32,2026-12-12 14:00:00,Running,,A,Lampone Zero 560ml,2200,1711,688,327,2,False
M01,2026-12-12 14:00:00,2026-12-12 14:30:45,Stopped,Changeover,B,Arancia Rossa 500ml,2400,0,1845,0,0,True
M01,2026-12-12 14:30:45,2026-12-12 15:05:51,Running,,B,Arancia Rossa 500ml,2400,1896,2106,1109,5,False
M01,2026-12-12 15:05:51,2026-12-12 16:00:12,Running,,B,Arancia Rossa 500ml,2400,1871,3261,1695,6,False
M01,2026-12-12 16:00:12,2026-12-12 16:17:36,Stopped,Starvation,B,Arancia Rossa 500ml,2400,0,1044,0,0,False
M01,2026-12-12 16:17:36,2026-12-12 16:35:22,Stopped,Starvation,B,Arancia Rossa 500ml,2400,0,1066,0,0,False
M01,2026-12-12 16:35:22,2026-12-12 16:56:00,Running,,B,Arancia Rossa 500ml,2400,1912,1238,658,3,False
M01,2026-12-12 16:56:00,2026-12-12 17:05:35,Stopped,Fault,B,Arancia Rossa 500ml,2400,0,575,0,0,False
M01,2026-12-12 17:05:35,2026-12-12 17:29:56,Running,,B,Arancia Rossa 500ml,2400,1904,1461,773,3,False
M01,2026-12-12 17:29:56,2026-12-12 17:38:11,Idle,,B,Arancia Rossa 500ml,2400,0,495,0,0,False
M01,2026-12-12 17:38:11,2026-12-12 18:06:25,Running,,B,Arancia Rossa 500ml,2400,1890,1694,889,3,False
M01,2026-12-12 18:06:25,2026-12-12 18:28:45,Running,,B,Arancia Rossa 500ml,2400,1914,1340,712,3,False
M01,2026-12-12 18:28:45,2026-12-12 19:24:00,Running,,B,Arancia Rossa 500ml,2400,1896,3315,1746,9,False
M01,2026-12-12 19:24:00,2026-12-12 19:44:42,Running,,B,Arancia Rossa 500ml,2400,1852,1242,639,3,False
M01,2026-12-12 19:44:42,2026-12-12 20:01:42,Stopped,Fault,B,Arancia Rossa 500ml,2400,0,1020,0,0,False
M01,2026-12-12 20:01:42,2026-12-12 20:22:10,Running,,B,Arancia Rossa 500ml,2400,1902,1228,649,3,False
M01,2026-12-12 20:22:10,2026-12-12 21:08:39,Running,,B,Arancia Rossa 500ml,2400,1853,2789,1436,6,False
M01,2026-12-12 21:08:39,2026-12-12 21:30:42,Running,,B,Arancia Rossa 500ml,2400,1921,1323,706,4,False
M01,2026-12-12 21:30:42,2026-12-12 21:43:58,Stopped,Buildup,B,Arancia Rossa 500ml,2400,0,796,0,0,False
M01,2026-12-12 21:43:58,2026-12-12 22:00:00,Running,,B,Arancia Rossa 500ml,2400,1889,962,505,2,False
M01,2026-12-12 22:00:00,2026-12-12 22:25:27,Running,,C,Arancia Rossa 500ml,2400,1892,1527,803,3,False
M01,2026-12-12 22:25:27,2026-12-12 23:15:49,Running,,C,Arancia Rossa 500ml,2400,1860,3022,1561,7,False
M01,2026-12-12 23:15:49,2026-12-12 23:49:56,Running,,C,Arancia Rossa 500ml,2400,1894,2047,1077,5,False
M01,2026-12-12 23:49:56,2026-12-13 00:00:00,Running,,C,Arancia Rossa 500ml,2400,1921,604,322,1,False
M01,2026-12-13 00:00:00,2026-12-13 00:19:00,Idle,,C,Arancia Rossa 500ml,2400,0,1140,0,0,False
M01,2026-12-13 00:19:00,2026-12-13 00:25:06,Idle,,C,Arancia Rossa 500ml,2400,0,366,0,0,False
M01,2026-12-13 00:25:06,2026-12-13 00:37:57,Stopped,Operator,C,Arancia Rossa 500ml,2400,0,771,0,0,False
M01,2026-12-13 00:37:57,2026-12-13 01:32:57,Running,,C,Arancia Rossa 500ml,2400,1783,3300,1634,7,False
M01,2026-12-13 01:32:57,2026-12-13 01:42:45,Stopped,Fault,C,Arancia Rossa 500ml,2400,0,588,0,0,False
M01,2026-12-13 01:42:45,2026-12-13 02:02:55,Running,,C,Arancia Rossa 500ml,2400,1789,1210,601,3,False
M01,2026-12-13 02:02:55,2026-12-13 02:57:41,Running,,C,Arancia Rossa 500ml,2400,1749,3286,1596,6,False
M01,2026-12-13 02:57:41,2026-12-13 03:41:10,Running,,C,Arancia Rossa 500ml,2400,1771,2609,1283,5,False
M01,2026-12-13 03:41:10,2026-12-13 04:10:14,Running,,C,Arancia Rossa 500ml,2400,1758,1744,852,4,False
M01,2026-12-13 04:10:14,2026-12-13 04:47:23,Running,,C,Arancia Rossa 500ml,2400,1789,2229,1108,4,False
M01,2026-12-13 04:47:23,2026-12-13 05:24:33,Running,,C,Arancia Rossa 500ml,2400,1788,2230,1108,5,False
M01,2026-12-13 05:24:33,2026-12-13 05:52:40,Running,,C,Arancia Rossa 500ml,2400,1792,1687,840,4,False
M01,2026-12-13 05:52:40,2026-12-13 06:00:00,Running,,C,Arancia Rossa 500ml,2400,1733,440,212,1,False
M01,2026-12-13 06:00:00,2026-12-13 06:42:14,Running,,A,Arancia Rossa 500ml,2400,1792,2534,1261,7,False
M01,2026-12-13 06:42:14,2026-12-13 07:27:55,Running,,A,Arancia Rossa 500ml,2400,1762,2741,1342,6,False
M01,2026-12-13 07:27:55,2026-12-13 08:24:04,Running,,A,Arancia Rossa 500ml,2400,1766,3369,1653,8,False
M01,2026-12-13 08:24:04,2026-12-13 09:00:10,Running,,A,Arancia Rossa 500ml,2400,1783,2166,1073,4,False
M01,2026-12-13 09:00:10,2026-12-13 09:25:29,Running,,A,Arancia Rossa 500ml,2400,1778,1519,750,3,False
M01,2026-12-13 09:25:29,2026-12-13 09:36:40,Stopped,Buildup,A,Arancia Rossa 500ml,2400,0,671,0,0,False
M01,2026-12-13 09:36:40,2026-12-13 10:25:44,Running,,A,Arancia Rossa 500ml,2400,1781,2944,1456,6,False
M01,2026-12-13 10:25:44,2026-12-13 11:14:06,Running,,A,Arancia Rossa 500ml,2400,1770,2902,1427,7,False
M01,2026-12-13 11:14:06,2026-12-13 12:09:03,Running,,A,Arancia Rossa 500ml,2400,1749,3297,1602,8,False
M01,2026-12-13 12:09:03,2026-12-13 12:54:41,Running,,A,Arancia Rossa 500ml,2400,1744,2738,1326,7,False
M01,2026-12-13 12:54:41,2026-12-13 13:23:25,Running,,A,Arancia Rossa 500ml,2400,1800,1724,862,4,False
M01,2026-12-13 13:23:25,2026-12-13 13:57:33,Running,,A,Arancia Rossa 500ml,2400,1777,2048,1011,4,False
M01,2026-12-13 13:57:33,2026-12-13 14:00:00,Idle,,A,Arancia Rossa 500ml,2400,0,147,0,0,False
M01,2026-12-13 14:00:00,2026-12-13 14:39:37,Stopped,Changeover,B,Lampone Zero 560ml,2200,0,2377,0,0,True
M01,2026-12-13 14:39:37,2026-12-13 15:32:23,Running,,B,Lampone Zero 560ml,2200,1599,3166,1406,6,False
M01,2026-12-13 15:32:23,2026-12-13 16:17:39,Running,,B,Lampone Zero 560ml,2200,1606,2716,1212,6,False
M01,2026-12-13 16:17:39,2026-12-13 16:37:37,Idle,,B,Lampone Zero 560ml,2200,0,1198,0,0,False
M01,2026-12-13 16:37:37,2026-12-13 16:45:04,Stopped,Operator,B,Lampone Zero 560ml,2200,0,447,0,0,False
M01,2026-12-13 16:45:04,2026-12-13 17:16:53,Running,,B,Lampone Zero 560ml,2200,1630,1909,864,4,False
M01,2026-12-13 17:16:53,2026-12-13 17:41:40,Running,,B,Lampone Zero 560ml,2200,1589,1487,656,2,False
M01,2026-12-13 17:41:40,2026-12-13 18:16:05,Running,,B,Lampone Zero 560ml,2200,1604,2065,920,4,False
M01,2026-12-13 18:16:05,2026-12-13 18:41:22,Running,,B,Lampone Zero 560ml,2200,1610,1517,678,3,False
M01,2026-12-13 18:41:22,2026-12-13 19:01:37,Running,,B,Lampone Zero 560ml,2200,1622,1215,547,2,False
M01,2026-12-13 19:01:37,2026-12-13 19:37:21,Running,,B,Lampone Zero 560ml,2200,1596,2144,951,4,False
M01,2026-12-13 19:37:21,2026-12-13 20:33:35,Running,,B,Lampone Zero 560ml,2200,1642,3374,1539,6,False
M01,2026-12-13 20:33:35,2026-12-13 21:28:01,Running,,B,Lampone Zero 560ml,2200,1610,3266,1461,7,False
M01,2026-12-13 21:28:01,2026-12-13 21:38:56,Stopped,Starvation,B,Lampone Zero 560ml,2200,0,655,0,0,False
M01,2026-12-13 21:38:56,2026-12-13 21:59:26,Running,,B,Lampone Zero 560ml,2200,1646,1230,562,3,False
M01,2026-12-13 21:59:26,2026-12-13 22:00:00,Idle,,B,Lampone Zero 560ml,2200,0,34,0,0,False
M01,2026-12-13 22:00:00,2026-12-13 22:05:41,Stopped,Starvation,C,Lampone Zero 560ml,2200,0,341,0,0,False
M01,2026-12-13 22:05:41,2026-12-13 22:32:11,Running,,C,Lampone Zero 560ml,2200,1625,1590,718,3,False
M01,2026-12-13 22:32:11,2026-12-13 23:10:54,Running,,C,Lampone Zero 560ml,2200,1628,2323,1051,5,False
M01,2026-12-13 23:10:54,2026-12-13 23:49:42,Running,,C,Lampone Zero 560ml,2200,1646,2328,1064,6,False
M01,2026-12-13 23:49:42,2026-12-14 00:00:00,Running,,C,Lampone Zero 560ml,2200,1624,618,279,1,False
M01,2026-12-14 00:00:00,2026-12-14 00:39:50,Running,,C,Lampone Zero 560ml,2200,1951,2390,1295,6,False
M01,2026-12-14 00:39:50,2026-12-14 01:22:09,Running,,C,Lampone Zero 560ml,2200,1913,2539,1349,6,False
M01,2026-12-14 01:22:09,2026-12-14 02:12:48,Running,,C,Lampone Zero 560ml,2200,1963,3039,1657,8,False
M01,2026-12-14 02:12:48,2026-12-14 02:54:17,Running,,C,Lampone Zero 560ml,2200,1950,2489,1348,5,False
M01,2026-12-14 02:54:17,2026-12-14 03:01:00,Stopped,Supplies,C,Lampone Zero 560ml,2200,0,403,0,0,False
M01,2026-12-14 03:01:00,2026-12-14 03:40:27,Running,,C,Lampone Zero 560ml,2200,1907,2367,1254,5,False
M01,2026-12-14 03:40:27,2026-12-14 04:22:05,Running,,C,Lampone Zero 560ml,2200,1893,2498,1314,7,False
M01,2026-12-14 04:22:05,2026-12-14 04:48:12,Running,,C,Lampone Zero 560ml,2200,1956,1567,851,3,False
M01,2026-12-14 04:48:12,2026-12-14 05:26:44,Running,,C,Lampone Zero 560ml,2200,1950,2312,1252,6,False
M01,2026-12-14 05:26:44,2026-12-14 05:44:04,Idle,,C,Lampone Zero 560ml,2200,0,1040,0,0,False
M01,2026-12-14 05:44:04,2026-12-14 06:00:00,Running,,C,Lampone Zero 560ml,2200,1896,956,503,2,False
M01,2026-12-14 06:00:00,2026-12-14 06:26:17,Running,,A,Lampone Zero 560ml,2200,1928,1577,845,4,False
M01,2026-12-14 06:26:17,2026-12-14 07:01:28,Running,,A,Lampone Zero 560ml,2200,1893,2111,1110,5,False
M01,2026-12-14 07:01:28,2026-12-14 07:35:03,Running,,A,Lampone Zero 560ml,2200,1945,2015,1089,5,False
M01,2026-12-14 07:35:03,2026-12-14 07:40:36,Stopped,Buildup,A,Lampone Zero 560ml,2200,0,333,0,0,False
M01,2026-12-14 07:40:36,2026-12-14 07:59:36,Idle,,A,Lampone Zero 560ml,2200,0,1140,0,0,False
M01,2026-12-14 07:59:36,2026-12-14 08:11:59,Stopped,External,A,Lampone Zero 560ml,2200,0,743,0,0,False
M01,2026-12-14 08:11:59,2026-12-14 08:33:13,Running,,A,Lampone Zero 560ml,2200,1898,1274,672,3,False
M01,2026-12-14 08:33:13,2026-12-14 09:09:31,Running,,A,Lampone Zero 560ml,2200,1915,2178,1159,6,False
M01,2026-12-14 09:09:31,2026-12-14 09:22:23,Stopped,Fault,A,Lampone Zero 560ml,2200,0,772,0,0,False
M01,2026-12-14 09:22:23,2026-12-14 09:49:57,Running,,A,Lampone Zero 560ml,2200,1961,1654,901,4,False
M01,2026-12-14 09:49:57,2026-12-14 10:47:31,Running,,A,Lampone Zero 560ml,2200,1928,3454,1850,9,False
M01,2026-12-14 10:47:31,2026-12-14 11:30:42,Running,,A,Lampone Zero 560ml,2200,1892,2591,1362,5,False
M01,2026-12-14 11:30:42,2026-12-14 11:59:29,Running,,A,Lampone Zero 560ml,2200,1924,1727,923,3,False
M01,2026-12-14 11:59:29,2026-12-14 12:40:44,Running,,A,Lampone Zero 560ml,2200,1951,2475,1341,7,False
M01,2026-12-14 12:40:44,2026-12-14 13:21:45,Running,,A,Lampone Zero 560ml,2200,1945,2461,1330,7,False
M01,2026-12-14 13:21:45,2026-12-14 13:42:38,Running,,A,Lampone Zero 560ml,2200,1927,1253,671,3,False
M01,2026-12-14 13:42:38,2026-12-14 14:00:00,Running,,A,Lampone Zero 560ml,2200,1966,1042,569,2,False
M01,2026-12-14 14:00:00,2026-12-14 14:23:35,Stopped,Changeover,B,Arancia Rossa 500ml,2400,0,1415,0,0,True
M01,2026-12-14 14:23:35,2026-12-14 15:03:21,Running,,B,Arancia Rossa 500ml,2400,2080,2386,1379,6,False
M01,2026-12-14 15:03:21,2026-12-14 15:46:19,Running,,B,Arancia Rossa 500ml,2400,2127,2578,1523,6,False
M01,2026-12-14 15:46:19,2026-12-14 16:26:42,Running,,B,Arancia Rossa 500ml,2400,2064,2423,1389,6,False
M01,2026-12-14 16:26:42,2026-12-14 17:20:17,Running,,B,Arancia Rossa 500ml,2400,2096,3215,1872,8,False
M01,2026-12-14 17:20:17,2026-12-14 18:09:48,Running,,B,Arancia Rossa 500ml,2400,2076,2971,1713,9,False
M01,2026-12-14 18:09:48,2026-12-14 18:21:44,Stopped,Starvation,B,Arancia Rossa 500ml,2400,0,716,0,0,False
M01,2026-12-14 18:21:44,2026-12-14 18:54:19,Running,,B,Arancia Rossa 500ml,2400,2081,1955,1130,5,False
M01,2026-12-14 18:54:19,2026-12-14 19:16:12,Running,,B,Arancia Rossa 500ml,2400,2118,1313,772,4,False
M01,2026-12-14 19:16:12,2026-12-14 19:30:12,Stopped,Starvation,B,Arancia Rossa 500ml,2400,0,840,0,0,False
M01,2026-12-14 19:30:12,2026-12-14 20:06:41,Running,,B,Arancia Rossa 500ml,2400,2103,2189,1279,6,False
M01,2026-12-14 20:06:41,2026-12-14 20:37:17,Running,,B,Arancia Rossa 500ml,2400,2077,1836,1059,5,False
M01,2026-12-14 20:37:17,2026-12-14 20:48:54,Idle,,B,Arancia Rossa 500ml,2400,0,697,0,0,False
M01,2026-12-14 20:48:54,2026-12-14 20:53:52,Stopped,External,B,Arancia Rossa 500ml,2400,0,298,0,0,False
M01,2026-12-14 20:53:52,2026-12-14 21:20:53,Running,,B,Arancia Rossa 500ml,2400,2074,1621,934,4,False
M01,2026-12-14 21:20:53,2026-12-14 21:42:21,Running,,B,Arancia Rossa 500ml,2400,2077,1288,743,4,False
M01,2026-12-14 21:42:21,2026-12-14 21:49:09,Stopped,Starvation,B,Arancia Rossa 500ml,2400,0,408,0,0,False
M01,2026-12-14 21:49:09,2026-12-14 22:00:00,Running,,B,Arancia Rossa 500ml,2400,2097,651,379,2,False
M01,2026-12-14 22:00:00,2026-12-14 22:28:28,Stopped,Changeover,C,Lampone Zero 560ml,2200,0,1708,0,0,True
M01,2026-12-14 22:28:28,2026-12-14 23:21:59,Running,,C,Lampone Zero 560ml,2200,1905,3211,1699,8,False
M01,2026-12-14 23:21:59,2026-12-14 23:46:52,Running,,C,Lampone Zero 560ml,2200,1948,1493,808,3,False
M01,2026-12-14 23:46:52,2026-12-14 23:57:53,Idle,,C,Lampone Zero 560ml,2200,0,661,0,0,False
M01,2026-12-14 23:57:53,2026-12-15 00:00:00,Idle,,C,Lampone Zero 560ml,2200,0,127,0,0,False
M01,2026-12-15 00:00:00,2026-12-15 00:35:10,Running,,C,Lampone Zero 560ml,2200,1947,2110,1141,5,False
M01,2026-12-15 00:35:10,2026-12-15 01:18:52,Running,,C,Lampone Zero 560ml,2200,1953,2622,1422,7,False
M01,2026-12-15 01:18:52,2026-12-15 01:45:27,Running,,C,Lampone Zero 560ml,2200,1907,1595,845,4,False
M01,2026-12-15 01:45:27,2026-12-15 02:29:22,Running,,C,Lampone Zero 560ml,2200,1928,2635,1411,7,False
M01,2026-12-15 02:29:22,2026-12-15 03:26:51,Running,,C,Lampone Zero 560ml,2200,1919,3449,1839,9,False
M01,2026-12-15 03:26:51,2026-12-15 03:45:40,Idle,,C,Lampone Zero 560ml,2200,0,1129,0,0,False
M01,2026-12-15 03:45:40,2026-12-15 04:29:23,Running,,C,Lampone Zero 560ml,2200,1939,2623,1413,7,False
M01,2026-12-15 04:29:23,2026-12-15 04:32:37,Stopped,External,C,Lampone Zero 560ml,2200,0,194,0,0,False
M01,2026-12-15 04:32:37,2026-12-15 05:19:25,Running,,C,Lampone Zero 560ml,2200,1936,2808,1510,8,False
M01,2026-12-15 05:19:25,2026-12-15 05:41:43,Running,,C,Lampone Zero 560ml,2200,1913,1338,711,3,False
M01,2026-12-15 05:41:43,2026-12-15 06:00:00,Running,,C,Lampone Zero 560ml,2200,1916,1097,584,3,False
M01,2026-12-15 06:00:00,2026-12-15 06:22:44,Stopped,Changeover,A,Arancia Rossa 500ml,2400,0,1364,0,0,True
M01,2026-12-15 06:22:44,2026-12-15 07:22:05,Stopped,Maintenance,A,Arancia Rossa 500ml,2400,0,3561,0,0,True
M01,2026-12-15 07:22:05,2026-12-15 08:14:28,Running,,A,Arancia Rossa 500ml,2400,2126,3143,1856,8,False
M01,2026-12-15 08:14:28,2026-12-15 08:54:40,Running,,A,Arancia Rossa 500ml,2400,2132,2412,1428,7,False
M01,2026-12-15 08:54:40,2026-12-15 09:05:04,Stopped,Operator,A,Arancia Rossa 500ml,2400,0,624,0,0,False
M01,2026-12-15 09:05:04,2026-12-15 09:27:44,Running,,A,Arancia Rossa 500ml,2400,2063,1360,779,4,False
M01,2026-12-15 09:27:44,2026-12-15 09:41:03,Stopped,Operator,A,Arancia Rossa 500ml,2400,0,799,0,0,False
M01,2026-12-15 09:41:03,2026-12-15 10:33:23,Running,,A,Arancia Rossa 500ml,2400,2118,3140,1847,7,False
M01,2026-12-15 10:33:23,2026-12-15 11:01:42,Running,,A,Arancia Rossa 500ml,2400,2134,1699,1007,4,False
M01,2026-12-15 11:01:42,2026-12-15 11:53:38,Running,,A,Arancia Rossa 500ml,2400,2114,3116,1830,7,False
M01,2026-12-15 11:53:38,2026-12-15 12:40:39,Running,,A,Arancia Rossa 500ml,2400,2135,2821,1673,7,False
M01,2026-12-15 12:40:39,2026-12-15 13:29:53,Running,,A,Arancia Rossa 500ml,2400,2146,2954,1761,7,False
M01,2026-12-15 13:29:53,2026-12-15 13:50:04,Running,,A,Arancia Rossa 500ml,2400,2068,1211,696,4,False
M01,2026-12-15 13:50:04,2026-12-15 14:00:00,Running,,A,Arancia Rossa 500ml,2400,2072,596,343,1,False
M01,2026-12-15 14:00:00,2026-12-15 14:15:29,Stopped,Changeover,B,Lampone Zero 560ml,2200,0,929,0,0,True
M01,2026-12-15 14:15:29,2026-12-15 15:00:02,Running,,B,Lampone Zero 560ml,2200,1907,2673,1416,6,False
M01,2026-12-15 15:00:02,2026-12-15 15:33:58,Running,,B,Lampone Zero 560ml,2200,1948,2036,1102,5,False
M01,2026-12-15 15:33:58,2026-12-15 16:28:49,Running,,B,Lampone Zero 560ml,2200,1962,3291,1794,9,False
M01,2026-12-15 16:28:49,2026-12-15 16:49:35,Running,,B,Lampone Zero 560ml,2200,1950,1246,675,3,False
M01,2026-12-15 16:49:35,2026-12-15 16:58:33,Stopped,Fault,B,Lampone Zero 560ml,2200,0,538,0,0,False
M01,2026-12-15 16:58:33,2026-12-15 17:25:02,Running,,B,Lampone Zero 560ml,2200,1899,1589,838,4,False
M01,2026-12-15 17:25:02,2026-12-15 17:41:20,Stopped,Buildup,B,Lampone Zero 560ml,2200,0,978,0,0,False
M01,2026-12-15 17:41:20,2026-12-15 18:30:48,Running,,B,Lampone Zero 560ml,2200,1895,2968,1562,6,False
M01,2026-12-15 18:30:48,2026-12-15 18:44:57,Stopped,Buildup,B,Lampone Zero 560ml,2200,0,849,0,0,False
M01,2026-12-15 18:44:57,2026-12-15 19:02:04,Stopped,Operator,B,Lampone Zero 560ml,2200,0,1027,0,0,False
M01,2026-12-15 19:02:04,2026-12-15 19:15:17,Stopped,Starvation,B,Lampone Zero 560ml,2200,0,793,0,0,False
M01,2026-12-15 19:15:17,2026-12-15 19:31:22,Stopped,Buildup,B,Lampone Zero 560ml,2200,0,965,0,0,False
M01,2026-12-15 19:31:22,2026-12-15 20:17:49,Running,,B,Lampone Zero 560ml,2200,1928,2787,1493,8,False
M01,2026-12-15 20:17:49,2026-12-15 20:48:34,Running,,B,Lampone Zero 560ml,2200,1908,1845,978,4,False
M01,2026-12-15 20:48:34,2026-12-15 21:09:43,Running,,B,Lampone Zero 560ml,2200,1923,1269,678,3,False
M01,2026-12-15 21:09:43,2026-12-15 21:21:20,Stopped,Starvation,B,Lampone Zero 560ml,2200,0,697,0,0,False
M01,2026-12-15 21:21:20,2026-12-15 21:47:19,Running,,B,Lampone Zero 560ml,2200,1900,1559,823,3,False
M01,2026-12-15 21:47:19,2026-12-15 22:00:00,Running,,B,Lampone Zero 560ml,2200,1924,761,407,2,False
M01,2026-12-15 22:00:00,2026-12-15 22:20:57,Running,,C,Lampone Zero 560ml,2200,1954,1257,682,4,False
M01,2026-12-15 22:20:57,2026-12-15 22:51:21,Running,,C,Lampone Zero 560ml,2200,1955,1824,991,4,False
M01,2026-12-15 22:51:21,2026-12-15 23:43:22,Running,,C,Lampone Zero 560ml,2200,1943,3121,1684,6,False
M01,2026-12-15 23:43:22,2026-12-16 00:00:00,Running,,C,Lampone Zero 560ml,2200,1938,998,537,2,False
M01,2026-12-16 00:00:00,2026-12-16 00:41:12,Running,,C,Lampone Zero 560ml,2200,1919,2472,1318,7,False
M01,2026-12-16 00:41:12,2026-12-16 01:05:40,Running,,C,Lampone Zero 560ml,2200,1941,1468,791,3,False
M01,2026-12-16 01:05:40,2026-12-16 01:34:09,Running,,C,Lampone Zero 560ml,2200,1954,1709,928,4,False
M01,2026-12-16 01:34:09,2026-12-16 01:56:37,Running,,C,Lampone Zero 560ml,2200,1907,1348,714,4,False
M01,2026-12-16 01:56:37,2026-12-16 02:27:28,Running,,C,Lampone Zero 560ml,2200,1969,1851,1012,5,False
M01,2026-12-16 02:27:28,2026-12-16 02:57:40,Running,,C,Lampone Zero 560ml,2200,1967,1812,990,4,False
M01,2026-12-16 02:57:40,2026-12-16 03:00:41,Stopped,Buildup,C,Lampone Zero 560ml,2200,0,181,0,0,False
M01,2026-12-16 03:00:41,2026-12-16 03:47:37,Running,,C,Lampone Zero 560ml,2200,1917,2816,1500,6,False
M01,2026-12-16 03:47:37,2026-12-16 03:50:06,Stopped,Fault,C,Lampone Zero 560ml,2200,0,149,0,0,False
M01,2026-12-16 03:50:06,2026-12-16 04:05:23,Stopped,Starvation,C,Lampone Zero 560ml,2200,0,917,0,0,False
M01,2026-12-16 04:05:23,2026-12-16 04:08:59,Stopped,Starvation,C,Lampone Zero 560ml,2200,0,216,0,0,False
M01,2026-12-16 04:08:59,2026-12-16 04:17:10,Stopped,External,C,Lampone Zero 560ml,2200,0,491,0,0,False
M01,2026-12-16 04:17:10,2026-12-16 04:47:47,Running,,C,Lampone Zero 560ml,2200,1922,1837,981,4,False
M01,2026-12-16 04:47:47,2026-12-16 05:23:09,Running,,C,Lampone Zero 560ml,2200,1962,2122,1156,4,False
M01,2026-12-16 05:23:09,2026-12-16 05:58:11,Running,,C,Lampone Zero 560ml,2200,1923,2102,1123,4,False
M01,2026-12-16 05:58:11,2026-12-16 06:00:00,Idle,,C,Lampone Zero 560ml,2200,0,109,0,0,False
M01,2026-12-16 06:00:00,2026-12-16 06:17:56,Stopped,Starvation,A,Lampone Zero 560ml,2200,0,1076,0,0,False
M01,2026-12-16 06:17:56,2026-12-16 06:38:36,Running,,A,Lampone Zero 560ml,2200,1952,1240,672,3,False
M01,2026-12-16 06:38:36,2026-12-16 07:32:49,Running,,A,Lampone Zero 560ml,2200,1937,3253,1750,8,False
M01,2026-12-16 07:32:49,2026-12-16 08:11:31,Running,,A,Lampone Zero 560ml,2200,1902,2322,1227,6,False
M01,2026-12-16 08:11:31,2026-12-16 08:29:06,Stopped,Fault,A,Lampone Zero 560ml,2200,0,1055,0,0,False
M01,2026-12-16 08:29:06,2026-12-16 09:18:17,Running,,A,Lampone Zero 560ml,2200,1960,2951,1607,8,False
M01,2026-12-16 09:18:17,2026-12-16 10:12:05,Running,,A,Lampone Zero 560ml,2200,1959,3228,1757,7,False
M01,2026-12-16 10:12:05,2026-12-16 10:38:42,Running,,A,Lampone Zero 560ml,2200,1923,1597,853,3,False
M01,2026-12-16 10:38:42,2026-12-16 10:46:07,Idle,,A,Lampone Zero 560ml,2200,0,445,0,0,False
M01,2026-12-16 10:46:07,2026-12-16 11:03:40,Stopped,External,A,Lampone Zero 560ml,2200,0,1053,0,0,False
M01,2026-12-16 11:03:40,2026-12-16 11:47:31,Running,,A,Lampone Zero 560ml,2200,1893,2631,1383,5,False
M01,2026-12-16 11:47:31,2026-12-16 12:36:26,Running,,A,Lampone Zero 560ml,2200,1910,2935,1557,8,False
M01,2026-12-16 12:36:26,2026-12-16 13:17:49,Running,,A,Lampone Zero 560ml,2200,1928,2483,1330,6,False
M01,2026-12-16 13:17:49,2026-12-16 13:28:10,Idle,,A,Lampone Zero 560ml,2200,0,621,0,0,False
M01,2026-12-16 13:28:10,2026-12-16 13:54:32,Running,,A,Lampone Zero 560ml,2200,1911,1582,840,3,False
M01,2026-12-16 13:54:32,2026-12-16 14:00:00,Running,,A,Lampone Zero 560ml,2200,1943,328,177,1,False
M01,2026-12-16 14:00:00,2026-12-16 14:34:12,Stopped,Changeover,B,Arancia Rossa 500ml,2400,0,2052,0,0,True
M01,2026-12-16 14:34:12,2026-12-16 14:43:10,Idle,,B,Arancia Rossa 500ml,2400,0,538,0,0,False
M01,2026-12-16 14:43:10,2026-12-16 14:51:35,Stopped,Buildup,B,Arancia Rossa 500ml,2400,0,505,0,0,False
M01,2026-12-16 14:51:35,2026-12-16 15:28:11,Running,,B,Arancia Rossa 500ml,2400,2115,2196,1290,6,False
M01,2026-12-16 15:28:11,2026-12-16 16:02:11,Running,,B,Arancia Rossa 500ml,2400,2141,2040,1213,6,False
M01,2026-12-16 16:02:11,2026-12-16 16:47:20,Running,,B,Arancia Rossa 500ml,2400,2116,2709,1592,8,False
M01,2026-12-16 16:47:20,2026-12-16 17:39:43,Running,,B,Arancia Rossa 500ml,2400,2112,3143,1844,10,False
M01,2026-12-16 17:39:43,2026-12-16 17:56:53,Idle,,B,Arancia Rossa 500ml,2400,0,1030,0,0,False
M01,2026-12-16 17:56:53,2026-12-16 18:38:09,Running,,B,Arancia Rossa 500ml,2400,2100,2476,1444,6,False
M01,2026-12-16 18:38:09,2026-12-16 18:53:31,Stopped,Supplies,B,Arancia Rossa 500ml,2400,0,922,0,0,False
M01,2026-12-16 18:53:31,2026-12-16 19:28:59,Running,,B,Arancia Rossa 500ml,2400,2124,2128,1256,6,False
M01,2026-12-16 19:28:59,2026-12-16 20:00:36,Running,,B,Arancia Rossa 500ml,2400,2125,1897,1120,5,False
M01,2026-12-16 20:00:36,2026-12-16 20:08:20,Stopped,External,B,Arancia Rossa 500ml,2400,0,464,0,0,False
M01,2026-12-16 20:08:20,2026-12-16 20:22:38,Stopped,External,B,Arancia Rossa 500ml,2400,0,858,0,0,False
M01,2026-12-16 20:22:38,2026-12-16 20:40:24,Idle,,B,Arancia Rossa 500ml,2400,0,1066,0,0,False
M01,2026-12-16 20:40:24,2026-12-16 21:02:09,Running,,B,Arancia Rossa 500ml,2400,2099,1305,761,3,False
M01,2026-12-16 21:02:09,2026-12-16 21:59:27,Running,,B,Arancia Rossa 500ml,2400,2121,3438,2026,8,False
M01,2026-12-16 21:59:27,2026-12-16 22:00:00,Idle,,B,Arancia Rossa 500ml,2400,0,33,0,0,False
M01,2026-12-16 22:00:00,2026-12-16 22:39:47,Stopped,Changeover,C,Lampone Zero 560ml,2200,0,2387,0,0,True
M01,2026-12-16 22:39:47,2026-12-16 23:01:20,Running,,C,Lampone Zero 560ml,2200,1914,1293,687,3,False
M01,2026-12-16 23:01:20,2026-12-16 23:41:46,Running,,C,Lampone Zero 560ml,2200,1919,2426,1293,5,False
M01,2026-12-16 23:41:46,2026-12-17 00:00:00,Running,,C,Lampone Zero 560ml,2200,1926,1094,585,2,False
M01,2026-12-17 00:00:00,2026-12-17 00:08:25,Stopped,External,C,Lampone Zero 560ml,2200,0,505,0,0,False
M01,2026-12-17 00:08:25,2026-12-17 00:29:57,Running,,C,Lampone Zero 560ml,2200,1939,1292,696,3,False
M01,2026-12-17 00:29:57,2026-12-17 00:51:20,Running,,C,Lampone Zero 560ml,2200,1898,1283,676,3,False
M01,2026-12-17 00:51:20,2026-12-17 00:58:10,Stopped,Starvation,C,Lampone Zero 560ml,2200,0,410,0,0,False
M01,2026-12-17 00:58:10,2026-12-17 01:18:41,Running,,C,Lampone Zero 560ml,2200,1930,1231,660,3,False
M01,2026-12-17 01:18:41,2026-12-17 01:32:58,Stopped,Starvation,C,Lampone Zero 560ml,2200,0,857,0,0,False
M01,2026-12-17 01:32:58,2026-12-17 02:06:18,Running,,C,Lampone Zero 560ml,2200,1966,2000,1092,6,False
M01,2026-12-17 02:06:18,2026-12-17 02:20:01,Stopped,Operator,C,Lampone Zero 560ml,2200,0,823,0,0,False
M01,2026-12-17 02:20:01,2026-12-17 02:37:14,Stopped,Starvation,C,Lampone Zero 560ml,2200,0,1033,0,0,False
M01,2026-12-17 02:37:14,2026-12-17 02:47:58,Stopped,Starvation,C,Lampone Zero 560ml,2200,0,644,0,0,False
M01,2026-12-17 02:47:58,2026-12-17 03:18:15,Running,,C,Lampone Zero 560ml,2200,1948,1817,983,4,False
M01,2026-12-17 03:18:15,2026-12-17 03:30:23,Idle,,C,Lampone Zero 560ml,2200,0,728,0,0,False
M01,2026-12-17 03:30:23,2026-12-17 03:35:58,Stopped,External,C,Lampone Zero 560ml,2200,0,335,0,0,False
M01,2026-12-17 03:35:58,2026-12-17 04:28:00,Running,,C,Lampone Zero 560ml,2200,1962,3122,1701,8,False
M01,2026-12-17 04:28:00,2026-12-17 04:50:05,Running,,C,Lampone Zero 560ml,2200,1948,1325,717,3,False
M01,2026-12-17 04:50:05,2026-12-17 05:39:11,Running,,C,Lampone Zero 560ml,2200,1942,2946,1589,7,False
M01,2026-12-17 05:39:11,2026-12-17 05:59:18,Running,,C,Lampone Zero 560ml,2200,1933,1207,648,3,False
M01,2026-12-17 05:59:18,2026-12-17 06:00:00,Idle,,C,Lampone Zero 560ml,2200,0,42,0,0,False
M01,2026-12-17 06:00:00,2026-12-17 06:24:50,Stopped,Changeover,A,Arancia Rossa 500ml,2400,0,1490,0,0,True
M01,2026-12-17 06:24:50,2026-12-17 07:18:50,Running,,A,Arancia Rossa 500ml,2400,2084,3240,1876,8,False
M01,2026-12-17 07:18:50,2026-12-17 08:09:58,Running,,A,Arancia Rossa 500ml,2400,2123,3068,1809,8,False
M01,2026-12-17 08:09:58,2026-12-17 08:38:19,Running,,A,Arancia Rossa 500ml,2400,2098,1701,991,5,False
M01,2026-12-17 08:38:19,2026-12-17 09:33:51,Running,,A,Arancia Rossa 500ml,2400,2077,3332,1922,10,False
M01,2026-12-17 09:33:51,2026-12-17 10:10:20,Running,,A,Arancia Rossa 500ml,2400,2128,2189,1294,5,False
M01,2026-12-17 10:10:20,2026-12-17 10:50:04,Running,,A,Arancia Rossa 500ml,2400,2115,2384,1401,7,False
M01,2026-12-17 10:50:04,2026-12-17 10:52:10,Stopped,Fault,A,Arancia Rossa 500ml,2400,0,126,0,0,False
M01,2026-12-17 10:52:10,2026-12-17 11:52:03,Running,,A,Arancia Rossa 500ml,2400,2112,3593,2108,11,False
M01,2026-12-17 11:52:03,2026-12-17 11:58:14,Stopped,External,A,Arancia Rossa 500ml,2400,0,371,0,0,False
M01,2026-12-17 11:58:14,2026-12-17 12:56:39,Running,,A,Arancia Rossa 500ml,2400,2070,3505,2015,7,False
M01,2026-12-17 12:56:39,2026-12-17 13:52:09,Running,,A,Arancia Rossa 500ml,2400,2077,3330,1921,9,False
M01,2026-12-17 13:52:09,2026-12-17 14:00:00,Running,,A,Arancia Rossa 500ml,2400,2083,471,273,1,False
M01,2026-12-17 14:00:00,2026-12-17 14:34:46,Stopped,Changeover,B,Lampone Zero 560ml,2200,0,2086,0,0,True
M01,2026-12-17 14:34:46,2026-12-17 15:06:02,Running,,B,Lampone Zero 560ml,2200,1901,1876,991,5,False
M01,2026-12-17 15:06:02,2026-12-17 15:35:53,Running,,B,Lampone Zero 560ml,2200,1948,1791,969,4,False
M01,2026-12-17 15:35:53,2026-12-17 16:05:22,Running,,B,Lampone Zero 560ml,2200,1970,1769,968,4,False
M01,2026-12-17 16:05:22,2026-12-17 16:41:22,Running,,B,Lampone Zero 560ml,2200,1910,2160,1146,6,False
M01,2026-12-17 16:41:22,2026-12-17 17:04:36,Running,,B,Lampone Zero 560ml,2200,1943,1394,752,3,False
M01,2026-12-17 17:04:36,2026-12-17 17:07:43,Stopped,Buildup,B,Lampone Zero 560ml,2200,0,187,0,0,False
M01,2026-12-17 17:07:43,2026-12-17 17:47:27,Running,,B,Lampone Zero 560ml,2200,1935,2384,1281,7,False
M01,2026-12-17 17:47:27,2026-12-17 18:04:12,Stopped,Starvation,B,Lampone Zero 560ml,2200,0,1005,0,0,False
M01,2026-12-17 18:04:12,2026-12-17 18:06:40,Stopped,Buildup,B,Lampone Zero 560ml,2200,0,148,0,0,False
M01,2026-12-17 18:06:40,2026-12-17 18:34:20,Running,,B,Lampone Zero 560ml,2200,1936,1660,893,5,False
M01,2026-12-17 18:34:20,2026-12-17 18:40:18,Stopped,Buildup,B,Lampone Zero 560ml,2200,0,358,0,0,False
M01,2026-12-17 18:40:18,2026-12-17 19:11:52,Running,,B,Lampone Zero 560ml,2200,1918,1894,1009,4,False
M01,2026-12-17 19:11:52,2026-12-17 20:07:28,Running,,B,Lampone Zero 560ml,2200,1962,3336,1818,10,False
M01,2026-12-17 20:07:28,2026-12-17 21:03:49,Running,,B,Lampone Zero 560ml,2200,1945,3381,1827,8,False
M01,2026-12-17 21:03:49,2026-12-17 21:38:25,Running,,B,Lampone Zero 560ml,2200,1942,2076,1120,6,False
M01,2026-12-17 21:38:25,2026-12-17 21:51:30,Stopped,Starvation,B,Lampone Zero 560ml,2200,0,785,0,0,False
M01,2026-12-17 21:51:30,2026-12-17 22:00:00,Running,,B,Lampone Zero 560ml,2200,1943,510,275,1,False
M01,2026-12-17 22:00:00,2026-12-17 22:29:45,Running,,C,Lampone Zero 560ml,2200,1914,1785,949,5,False
M01,2026-12-17 22:29:45,2026-12-17 23:27:18,Running,,C,Lampone Zero 560ml,2200,1913,3453,1835,8,False
M01,2026-12-17 23:27:18,2026-12-17 23:57:57,Running,,C,Lampone Zero 560ml,2200,1900,1839,971,5,False
M01,2026-12-17 23:57:57,2026-12-18 00:00:00,Idle,,C,Lampone Zero 560ml,2200,0,123,0,0,False
M01,2026-12-18 00:00:00,2026-12-18 00:54:38,Running,,C,Lampone Zero 560ml,2200,1843,3278,1678,7,False
M01,2026-12-18 00:54:38,2026-12-18 01:03:22,Stopped,Buildup,C,Lampone Zero 560ml,2200,0,524,0,0,False
M01,2026-12-18 01:03:22,2026-12-18 01:14:50,Idle,,C,Lampone Zero 560ml,2200,0,688,0,0,False
M01,2026-12-18 01:14:50,2026-12-18 02:05:50,Running,,C,Lampone Zero 560ml,2200,1877,3060,1595,7,False
M01,2026-12-18 02:05:50,2026-12-18 02:53:34,Running,,C,Lampone Zero 560ml,2200,1847,2864,1469,6,False
M01,2026-12-18 02:53:34,2026-12-18 03:32:33,Running,,C,Lampone Zero 560ml,2200,1878,2339,1220,5,False
M01,2026-12-18 03:32:33,2026-12-18 04:28:53,Running,,C,Lampone Zero 560ml,2200,1881,3380,1766,8,False
M01,2026-12-18 04:28:53,2026-12-18 05:14:30,Running,,C,Lampone Zero 560ml,2200,1907,2737,1450,7,False
M01,2026-12-18 05:14:30,2026-12-18 05:19:41,Stopped,Operator,C,Lampone Zero 560ml,2200,0,311,0,0,False
M01,2026-12-18 05:19:41,2026-12-18 05:46:26,Running,,C,Lampone Zero 560ml,2200,1895,1605,845,4,False
M01,2026-12-18 05:46:26,2026-12-18 06:00:00,Running,,C,Lampone Zero 560ml,2200,1887,814,427,2,False
M01,2026-12-18 06:00:00,2026-12-18 06:46:18,Running,,A,Lampone Zero 560ml,2200,1913,2778,1476,7,False
M01,2026-12-18 06:46:18,2026-12-18 07:40:26,Running,,A,Lampone Zero 560ml,2200,1870,3248,1687,7,False
M01,2026-12-18 07:40:26,2026-12-18 08:16:44,Running,,A,Lampone Zero 560ml,2200,1890,2178,1143,5,False
M01,2026-12-18 08:16:44,2026-12-18 08:28:58,Stopped,External,A,Lampone Zero 560ml,2200,0,734,0,0,False
M01,2026-12-18 08:28:58,2026-12-18 09:17:10,Running,,A,Lampone Zero 560ml,2200,1848,2892,1485,7,False
M01,2026-12-18 09:17:10,2026-12-18 09:39:44,Running,,A,Lampone Zero 560ml,2200,1880,1354,707,3,False
M01,2026-12-18 09:39:44,2026-12-18 10:27:23,Running,,A,Lampone Zero 560ml,2200,1873,2859,1487,6,False
M01,2026-12-18 10:27:23,2026-12-18 10:30:38,Stopped,External,A,Lampone Zero 560ml,2200,0,195,0,0,False
M01,2026-12-18 10:30:38,2026-12-18 10:45:49,Stopped,Starvation,A,Lampone Zero 560ml,2200,0,911,0,0,False
M01,2026-12-18 10:45:49,2026-12-18 11:24:10,Running,,A,Lampone Zero 560ml,2200,1908,2301,1220,5,False
M01,2026-12-18 11:24:10,2026-12-18 12:10:48,Running,,A,Lampone Zero 560ml,2200,1839,2798,1429,6,False
M01,2026-12-18 12:10:48,2026-12-18 12:29:04,Idle,,A,Lampone Zero 560ml,2200,0,1096,0,0,False
M01,2026-12-18 12:29:04,2026-12-18 13:15:07,Running,,A,Lampone Zero 560ml,2200,1908,2763,1464,6,False
M01,2026-12-18 13:15:07,2026-12-18 13:28:35,Stopped,External,A,Lampone Zero 560ml,2200,0,808,0,0,False
M01,2026-12-18 13:28:35,2026-12-18 13:58:56,Running,,A,Lampone Zero 560ml,2200,1871,1821,946,5,False
M01,2026-12-18 13:58:56,2026-12-18 14:00:00,Idle,,A,Lampone Zero 560ml,2200,0,64,0,0,False
M01,2026-12-18 14:00:00,2026-12-18 14:27:06,Stopped,Changeover,B,Arancia Rossa 500ml,2400,0,1626,0,0,True
M01,2026-12-18 14:27:06,2026-12-18 15:14:33,Running,,B,Arancia Rossa 500ml,2400,2025,2847,1601,6,False
M01,2026-12-18 15:14:33,2026-12-18 15:26:43,Stopped,Buildup,B,Arancia Rossa 500ml,2400,0,730,0,0,False
M01,2026-12-18 15:26:43,2026-12-18 16:26:40,Running,,B,Arancia Rossa 500ml,2400,2079,3597,2077,8,False
M01,2026-12-18 16:26:40,2026-12-18 17:22:21,Running,,B,Arancia Rossa 500ml,2400,2063,3341,1915,8,False
M01,2026-12-18 17:22:21,2026-12-18 18:20:46,Running,,B,Arancia Rossa 500ml,2400,2051,3505,1997,10,False
M01,2026-12-18 18:20:46,2026-12-18 19:02:02,Running,,B,Arancia Rossa 500ml,2400,2015,2476,1386,7,False
M01,2026-12-18 19:02:02,2026-12-18 19:38:31,Running,,B,Arancia Rossa 500ml,2400,2041,2189,1241,5,False
M01,2026-12-18 19:38:31,2026-12-18 19:41:28,Stopped,Starvation,B,Arancia Rossa 500ml,2400,0,177,0,0,False
M01,2026-12-18 19:41:28,2026-12-18 20:26:36,Running,,B,Arancia Rossa 500ml,2400,2031,2708,1528,8,False
M01,2026-12-18 20:26:36,2026-12-18 20:58:30,Running,,B,Arancia Rossa 500ml,2400,2012,1914,1070,5,False
M01,2026-12-18 20:58:30,2026-12-18 21:40:59,Running,,B,Arancia Rossa 500ml,2400,2044,2549,1447,6,False
M01,2026-12-18 21:40:59,2026-12-18 22:00:00,Running,,B,Arancia Rossa 500ml,2400,2048,1141,649,3,False
M01,2026-12-18 22:00:00,2026-12-18 22:31:11,Running,,C,Arancia Rossa 500ml,2400,2014,1871,1047,4,False
M01,2026-12-18 22:31:11,2026-12-18 22:42:26,Stopped,Operator,C,Arancia Rossa 500ml,2400,0,675,0,0,False
M01,2026-12-18 22:42:26,2026-12-18 23:06:03,Running,,C,Arancia Rossa 500ml,2400,2035,1417,801,4,False
M01,2026-12-18 23:06:03,2026-12-18 23:26:23,Running,,C,Arancia Rossa 500ml,2400,2084,1220,706,4,False
M01,2026-12-18 23:26:23,2026-12-18 23:58:35,Running,,C,Arancia Rossa 500ml,2400,2045,1932,1097,6,False
M01,2026-12-18 23:58:35,2026-12-19 00:00:00,Idle,,C,Arancia Rossa 500ml,2400,0,85,0,0,False
M01,2026-12-19 00:00:00,2026-12-19 00:20:50,Running,,C,Arancia Rossa 500ml,2400,1885,1250,655,3,False
M01,2026-12-19 00:20:50,2026-12-19 00:34:21,Stopped,Fault,C,Arancia Rossa 500ml,2400,0,811,0,0,False
M01,2026-12-19 00:34:21,2026-12-19 01:29:09,Running,,C,Arancia Rossa 500ml,2400,1937,3288,1769,7,False
M01,2026-12-19 01:29:09,2026-12-19 02:11:08,Running,,C,Arancia Rossa 500ml,2400,1921,2519,1344,6,False
M01,2026-12-19 02:11:08,2026-12-19 02:54:05,Running,,C,Arancia Rossa 500ml,2400,1936,2577,1386,5,False
M01,2026-12-19 02:54:05,2026-12-19 03:38:00,Running,,C,Arancia Rossa 500ml,2400,1909,2635,1397,5,False
M01,2026-12-19 03:38:00,2026-12-19 04:36:25,Running,,C,Arancia Rossa 500ml,2400,1936,3505,1885,8,False
M01,2026-12-19 04:36:25,2026-12-19 04:56:35,Running,,C,Arancia Rossa 500ml,2400,1901,1210,639,2,False
M01,2026-12-19 04:56:35,2026-12-19 05:12:50,Stopped,Supplies,C,Arancia Rossa 500ml,2400,0,975,0,0,False
M01,2026-12-19 05:12:50,2026-12-19 05:21:32,Stopped,Starvation,C,Arancia Rossa 500ml,2400,0,522,0,0,False
M01,2026-12-19 05:21:32,2026-12-19 05:44:30,Running,,C,Arancia Rossa 500ml,2400,1895,1378,725,4,False
M01,2026-12-19 05:44:30,2026-12-19 05:52:39,Idle,,C,Arancia Rossa 500ml,2400,0,489,0,0,False
M01,2026-12-19 05:52:39,2026-12-19 06:00:00,Running,,C,Arancia Rossa 500ml,2400,1887,441,231,1,False
M01,2026-12-19 06:00:00,2026-12-19 06:36:27,Running,,A,Arancia Rossa 500ml,2400,1868,2187,1135,4,False
M01,2026-12-19 06:36:27,2026-12-19 06:52:30,Stopped,Starvation,A,Arancia Rossa 500ml,2400,0,963,0,0,False
M01,2026-12-19 06:52:30,2026-12-19 07:47:35,Running,,A,Arancia Rossa 500ml,2400,1905,3305,1749,6,False
M01,2026-12-19 07:47:35,2026-12-19 07:50:46,Stopped,Starvation,A,Arancia Rossa 500ml,2400,0,191,0,0,False
M01,2026-12-19 07:50:46,2026-12-19 08:07:43,Stopped,Starvation,A,Arancia Rossa 500ml,2400,0,1017,0,0,False
M01,2026-12-19 08:07:43,2026-12-19 08:31:31,Running,,A,Arancia Rossa 500ml,2400,1890,1428,750,3,False
M01,2026-12-19 08:31:31,2026-12-19 08:43:33,Stopped,External,A,Arancia Rossa 500ml,2400,0,722,0,0,False
M01,2026-12-19 08:43:33,2026-12-19 08:51:11,Stopped,Operator,A,Arancia Rossa 500ml,2400,0,458,0,0,False
M01,2026-12-19 08:51:11,2026-12-19 09:33:03,Running,,A,Arancia Rossa 500ml,2400,1878,2512,1310,7,False
M01,2026-12-19 09:33:03,2026-12-19 10:25:34,Running,,A,Arancia Rossa 500ml,2400,1920,3151,1681,7,False
M01,2026-12-19 10:25:34,2026-12-19 10:46:08,Running,,A,Arancia Rossa 500ml,2400,1916,1234,657,3,False
M01,2026-12-19 10:46:08,2026-12-19 11:12:58,Running,,A,Arancia Rossa 500ml,2400,1888,1610,844,4,False
M01,2026-12-19 11:12:58,2026-12-19 11:18:43,Stopped,Fault,A,Arancia Rossa 500ml,2400,0,345,0,0,False
M01,2026-12-19 11:18:43,2026-12-19 12:15:54,Running,,A,Arancia Rossa 500ml,2400,1936,3431,1845,9,False
M01,2026-12-19 12:15:54,2026-12-19 12:30:35,Stopped,Operator,A,Arancia Rossa 500ml,2400,0,881,0,0,False
M01,2026-12-19 12:30:35,2026-12-19 12:47:58,Stopped,Buildup,A,Arancia Rossa 500ml,2400,0,1043,0,0,False
M01,2026-12-19 12:47:58,2026-12-19 13:34:24,Running,,A,Arancia Rossa 500ml,2400,1934,2786,1497,6,False
M01,2026-12-19 13:34:24,2026-12-19 13:55:18,Running,,A,Arancia Rossa 500ml,2400,1887,1254,657,3,False
M01,2026-12-19 13:55:18,2026-12-19 14:00:00,Idle,,A,Arancia Rossa 500ml,2400,0,282,0,0,False
M01,2026-12-19 14:00:00,2026-12-19 14:27:07,Stopped,Changeover,B,Lampone Zero 560ml,2200,0,1627,0,0,True
M01,2026-12-19 14:27:07,2026-12-19 15:16:31,Running,,B,Lampone Zero 560ml,2200,1732,2964,1426,6,False
M01,2026-12-19 15:16:31,2026-12-19 16:13:20,Running,,B,Lampone Zero 560ml,2200,1773,3409,1679,7,False
M01,2026-12-19 16:13:20,2026-12-19 16:53:52,Running,,B,Lampone Zero 560ml,2200,1755,2432,1186,5,False
M01,2026-12-19 16:53:52,2026-12-19 17:30:56,Running,,B,Lampone Zero 560ml,2200,1739,2224,1074,5,False
M01,2026-12-19 17:30:56,2026-12-19 18:01:16,Running,,B,Lampone Zero 560ml,2200,1749,1820,884,5,False
M01,2026-12-19 18:01:16,2026-12-19 18:21:17,Running,,B,Lampone Zero 560ml,2200,1752,1201,584,3,False
M01,2026-12-19 18:21:17,2026-12-19 18:42:15,Running,,B,Lampone Zero 560ml,2200,1756,1258,614,3,False
M01,2026-12-19 18:42:15,2026-12-19 19:18:56,Running,,B,Lampone Zero 560ml,2200,1757,2201,1074,5,False
M01,2026-12-19 19:18:56,2026-12-19 20:07:59,Running,,B,Lampone Zero 560ml,2200,1708,2943,1396,6,False
M01,2026-12-19 20:07:59,2026-12-19 20:34:34,Running,,B,Lampone Zero 560ml,2200,1738,1595,770,3,False
M01,2026-12-19 20:34:34,2026-12-19 20:50:20,Idle,,B,Lampone Zero 560ml,2200,0,946,0,0,False
M01,2026-12-19 20:50:20,2026-12-19 21:30:45,Running,,B,Lampone Zero 560ml,2200,1765,2425,1189,6,False
M01,2026-12-19 21:30:45,2026-12-19 21:53:45,Running,,B,Lampone Zero 560ml,2200,1761,1380,675,3,False
M01,2026-12-19 21:53:45,2026-12-19 22:00:00,Running,,B,Lampone Zero 560ml,2200,1709,375,178,1,False
M01,2026-12-19 22:00:00,2026-12-19 22:59:32,Running,,C,Lampone Zero 560ml,2200,1757,3572,1743,8,False
M01,2026-12-19 22:59:32,2026-12-19 23:25:22,Running,,C,Lampone Zero 560ml,2200,1753,1550,755,3,False
M01,2026-12-19 23:25:22,2026-12-19 23:39:48,Idle,,C,Lampone Zero 560ml,2200,0,866,0,0,False
M01,2026-12-19 23:39:48,2026-12-19 23:51:16,Stopped,Starvation,C,Lampone Zero 560ml,2200,0,688,0,0,False
M01,2026-12-19 23:51:16,2026-12-20 00:00:00,Running,,C,Lampone Zero 560ml,2200,1775,524,258,1,False
